# Regenerate the byte-derived boundary oracles FIRST (they're gitignored/regenerable), so the
# audit checks CURRENT sigs and never crashes on an absent one — the resident audit (T10) needs
# the sig_image resident sig, and a fresh clone has neither it nor the overlay sigs.
make --no-print-directory sig-overlays
make --no-print-directory sig-resident
make --no-print-directory sig-modules
# main's independent oracle (P31 S77, contract §1.3). Regenerated here for the same reason as
# the others: it is derived and gitignored, and an oracle wired into nothing runs for nobody —
# neighbor_ref sat MANUAL from S68 to S77 while the playbook called it the biggest cost lever
# in the wave. Without this line sig_is_independent("main") silently reverts to False on a
# fresh clone and main's boundary blind spot comes back with the audit still green.
make --no-print-directory sig-main-oracle
# P33 A2: main's build-derived game-code sig — the one the fleet digest weighs main by. Regenerated
# here for the R51 reason: progress.py prefers it, so a stale copy would be a stale denominator.
make --no-print-directory sig-main
# P33 A3: the with/without-SDK dual (contract §1.2). Skipped, loudly, on a machine without the SDK
# objects — there every build already IS the without leg, and running it twice would prove nothing.
if [ -d ".run/obj40/libcd" ] && [ -d ".run/obj42/libpad421" ]; then
make --no-print-directory sdk-dual
else
echo "[skip] sdk-dual: no SDK objects on this machine — the default build IS the no-SDK leg"
fi
make --no-print-directory audit-corpus
make --no-print-directory audit-cdecl
make --no-print-directory audit-binaries
make --no-print-directory audit-text-sources
make --no-print-directory report BINARY=main
# AFTER report (which regenerates the digest), so this asserts the freshly-written digest agrees
# with the tree — and, on a tree whose digest was committed stale, says so instead of staying green.
make --no-print-directory audit-digest
# The cookbook index is DERIVED (R33) and self-asserts its coverage (R32). Stale = agents can't
# find documented idioms and re-derive them at full token cost (measured, P30 wave 1).
.venv/bin/python tools/cookbook_index.py --check
.venv/bin/python tools/gccmap_cites.py --check
# P33 B5: the Ghidra roster is DERIVED from config/ghidra/*.jsonl (R33); a stale roster misreports
# which programs' RE work is tracked as text. Pure text check, no Ghidra needed.
.venv/bin/python tools/ghidra_roster.py --check
# P33 D5 (+ P33.5 task 7): every relative link in the public-facing docs resolves (pending pages are listed, and must be
# gone by gate 2); nothing links into docs/sunset/; a wiki page links into docs/ only at a Reference-index/README target;
# every docs/ file is covered by one; a wiki page cites only TRACKED paths. The render selftest also asserts every page
# is reachable from the sidebar.
.venv/bin/python tools/doc_links.py
.venv/bin/python tools/wiki_render.py --selftest
# P33.5 task 7: the ROM-firewall page's ```gitignore fence IS the kit's template (one source, two copies). Skips loudly
# until the kit's template exists (task 11); exit 2 from the tool = "nothing to compare", never a pass (R43).
if [ -f decomp-architect/templates/gitignore.decomp ]; then
.venv/bin/python tools/gitignore_template_check.py
else
echo "[skip] gitignore-template: decomp-architect/templates/gitignore.decomp does not exist yet (Phase 33.5 task 11)"
fi
# P33.5 task 11: the day-one decomp kit stays free of this project's names/paths/addresses/rule numbers (fence-aware),
# honours its placeholder contract, and its scripts parse; the selftest is the R39 control (a planted leak MUST fail).
.venv/bin/python tools/kit_lint.py --selftest
.venv/bin/python tools/kit_lint.py
# P33.5 task 13.5: the tool census — the two enumerations agree (find == git ls-files), every tool has a dictionary row and
# every row a file, the need-keyed docs/tool-index.md and the kit's MANIFEST are fresh, the three verbatim corpora under
# decomp-architect/corpus/ are byte-equal to their sources (regenerate with `make kit-corpus`).
.venv/bin/python tools/tool_census.py --check
# P33.5 task 14.5 (Drew: "the whole of our experience?"): the kit's distillation cites or dispositions EVERY rule (R1..RN from
# the digest) and EVERY accelerator entry; an uncovered one fails here unless config/kit_coverage_map.tsv says where it went.
.venv/bin/python tools/kit_coverage.py
.venv/bin/python tools/xsig/tests/test_xsig.py 2>&1 | tail -1 | grep -q '^OK' && echo 'xsig tests: OK (8)' || { echo 'xsig tests: FAIL'; exit 1; }
# Behavioural guards (P31 S70): tools-health audits DATA integrity; these assert that a tool
# ACTUALLY DID the work it reports. A guard that is not running is not a guard (R54).
.venv/bin/python tools/work_evidence.py --selftest
# P31 S72: a code subseg owning raw jump tables in >1 non-adjacent span makes every switch
# function outside the one carveable span UNBANKABLE — `main` sat in that state from Phase 7 to
# Phase 31 and eleven functions were written off as "PROVEN gate-rejects" because of it. The
# evidence is derivable from the raw image on day one; nothing was comparing it. 3.7s fleet-wide.
.venv/bin/python tools/split_indicator.py --self-test
# P31 S74: A HARD GATE NOW, exactly as the informational form said it would become. The four
# violations it was waiting on (ov_SC01_084, ov_SC02_005, ov_SC02_011, ov_SC03_105 — 16 open
# fns / 3,613 ins) are split, so the fleet is 213/213 OK and any NEW subseg owning raw tables
# in >1 non-adjacent span is a regression that must fail here rather than be echoed past.
.venv/bin/python tools/split_indicator.py --quiet
echo "tools-health: OK — sigs fresh; corpus(+resident) + cdecl + binaries + report(lint+dedup) + cookbook-index all green."
# PARALLEL (P31 S70). 211 independent per-overlay invocations that each write ONLY their own
# .run/sig.<alias>.jsonl (sig_image has exactly one write path, verified) — embarrassingly
# parallel, and it was a serial `for` loop on a 32-core box while extract-all/check-all in this
# same file already fan out. MEASURED, correcting my first claim: this was only ~52s of
# tools-health, NOT the bulk — audit-cdecl's pure-Python collection pass (~787s) is the real cost.
# Still worth it (52s -> 3.9s, 141/141 outputs byte-identical) and it is Drew's standing bar:
# a slow gate is a BUG, nothing serial.
mkdir -p .run; : > .run/sig-overlays.txt
echo "ov_SC01_077:extracted/retail/SC01.CD.dir/FILE_077.dir/0.4.dec ov_SC01_005:extracted/retail/SC01.CD.dir/FILE_005.dir/0.4.dec ov_SC01_006:extracted/retail/SC01.CD.dir/FILE_006.dir/0.4.dec ov_SC03_001:extracted/retail/SC03.CD.dir/FILE_001.dir/0.4.dec ov_SC01_000:extracted/retail/SC01.CD.dir/FILE_000.dir/0.4.dec ov_SC01_001:extracted/retail/SC01.CD.dir/FILE_001.dir/0.4.dec ov_SC02_000:extracted/retail/SC02.CD.dir/FILE_000.dir/0.4.dec ov_SC02_003:extracted/retail/SC02.CD.dir/FILE_003.dir/0.4.dec ov_SC03_002:extracted/retail/SC03.CD.dir/FILE_002.dir/0.4.dec ov_SC03_006:extracted/retail/SC03.CD.dir/FILE_006.dir/0.4.dec ov_SC04_000:extracted/retail/SC04.CD.dir/FILE_000.dir/0.4.dec ov_SC04_018:extracted/retail/SC04.CD.dir/FILE_018.dir/0.4.dec ov_SC04_019:extracted/retail/SC04.CD.dir/FILE_019.dir/0.4.dec ov_SC05_000:extracted/retail/SC05.CD.dir/FILE_000.dir/0.4.dec ov_SC06_000:extracted/retail/SC06.CD.dir/FILE_000.dir/0.4.dec ov_SC07_000:extracted/retail/SC07.CD.dir/FILE_000.dir/0.4.dec ov_SC01_004:extracted/retail/SC01.CD.dir/FILE_004.dir/0.4.dec ov_SC01_008:extracted/retail/SC01.CD.dir/FILE_008.dir/0.4.dec ov_SC01_009:extracted/retail/SC01.CD.dir/FILE_009.dir/0.4.dec ov_SC01_074:extracted/retail/SC01.CD.dir/FILE_074.dir/0.4.dec ov_SC01_080:extracted/retail/SC01.CD.dir/FILE_080.dir/0.4.dec ov_SC01_084:extracted/retail/SC01.CD.dir/FILE_084.dir/0.4.dec ov_SC02_004:extracted/retail/SC02.CD.dir/FILE_004.dir/0.4.dec ov_SC02_005:extracted/retail/SC02.CD.dir/FILE_005.dir/0.4.dec ov_SC02_011:extracted/retail/SC02.CD.dir/FILE_011.dir/0.4.dec ov_SC02_015:extracted/retail/SC02.CD.dir/FILE_015.dir/0.4.dec ov_SC02_016:extracted/retail/SC02.CD.dir/FILE_016.dir/0.4.dec ov_SC02_017:extracted/retail/SC02.CD.dir/FILE_017.dir/0.4.dec ov_SC02_021:extracted/retail/SC02.CD.dir/FILE_021.dir/0.4.dec ov_SC02_026:extracted/retail/SC02.CD.dir/FILE_026.dir/0.4.dec ov_SC02_027:extracted/retail/SC02.CD.dir/FILE_027.dir/0.4.dec ov_SC02_028:extracted/retail/SC02.CD.dir/FILE_028.dir/0.4.dec ov_SC02_031:extracted/retail/SC02.CD.dir/FILE_031.dir/0.4.dec ov_SC02_035:extracted/retail/SC02.CD.dir/FILE_035.dir/0.4.dec ov_SC02_039:extracted/retail/SC02.CD.dir/FILE_039.dir/0.4.dec ov_SC02_041:extracted/retail/SC02.CD.dir/FILE_041.dir/0.4.dec ov_SC03_003:extracted/retail/SC03.CD.dir/FILE_003.dir/0.4.dec ov_SC03_007:extracted/retail/SC03.CD.dir/FILE_007.dir/0.4.dec ov_SC03_010:extracted/retail/SC03.CD.dir/FILE_010.dir/0.4.dec ov_SC03_011:extracted/retail/SC03.CD.dir/FILE_011.dir/0.4.dec ov_SC03_012:extracted/retail/SC03.CD.dir/FILE_012.dir/0.4.dec ov_SC03_013:extracted/retail/SC03.CD.dir/FILE_013.dir/0.4.dec ov_SC03_014:extracted/retail/SC03.CD.dir/FILE_014.dir/0.4.dec ov_SC03_015:extracted/retail/SC03.CD.dir/FILE_015.dir/0.4.dec ov_SC03_023:extracted/retail/SC03.CD.dir/FILE_023.dir/0.4.dec ov_SC03_024:extracted/retail/SC03.CD.dir/FILE_024.dir/0.4.dec ov_SC03_028:extracted/retail/SC03.CD.dir/FILE_028.dir/0.4.dec ov_SC03_029:extracted/retail/SC03.CD.dir/FILE_029.dir/0.4.dec ov_SC03_030:extracted/retail/SC03.CD.dir/FILE_030.dir/0.4.dec ov_SC03_031:extracted/retail/SC03.CD.dir/FILE_031.dir/0.4.dec ov_SC03_089:extracted/retail/SC03.CD.dir/FILE_089.dir/0.4.dec ov_SC03_090:extracted/retail/SC03.CD.dir/FILE_090.dir/0.4.dec ov_SC03_091:extracted/retail/SC03.CD.dir/FILE_091.dir/0.4.dec ov_SC03_092:extracted/retail/SC03.CD.dir/FILE_092.dir/0.4.dec ov_SC03_093:extracted/retail/SC03.CD.dir/FILE_093.dir/0.4.dec ov_SC03_094:extracted/retail/SC03.CD.dir/FILE_094.dir/0.4.dec ov_SC03_095:extracted/retail/SC03.CD.dir/FILE_095.dir/0.4.dec ov_SC03_096:extracted/retail/SC03.CD.dir/FILE_096.dir/0.4.dec ov_SC03_097:extracted/retail/SC03.CD.dir/FILE_097.dir/0.4.dec ov_SC03_098:extracted/retail/SC03.CD.dir/FILE_098.dir/0.4.dec ov_SC03_099:extracted/retail/SC03.CD.dir/FILE_099.dir/0.4.dec ov_SC03_100:extracted/retail/SC03.CD.dir/FILE_100.dir/0.4.dec ov_SC03_101:extracted/retail/SC03.CD.dir/FILE_101.dir/0.4.dec ov_SC03_102:extracted/retail/SC03.CD.dir/FILE_102.dir/0.4.dec ov_SC03_103:extracted/retail/SC03.CD.dir/FILE_103.dir/0.4.dec ov_SC03_104:extracted/retail/SC03.CD.dir/FILE_104.dir/0.4.dec ov_SC03_105:extracted/retail/SC03.CD.dir/FILE_105.dir/0.4.dec ov_SC03_108:extracted/retail/SC03.CD.dir/FILE_108.dir/0.4.dec ov_SC03_109:extracted/retail/SC03.CD.dir/FILE_109.dir/0.4.dec ov_SC03_110:extracted/retail/SC03.CD.dir/FILE_110.dir/0.4.dec ov_SC03_111:extracted/retail/SC03.CD.dir/FILE_111.dir/0.4.dec ov_SC03_112:extracted/retail/SC03.CD.dir/FILE_112.dir/0.4.dec ov_SC03_113:extracted/retail/SC03.CD.dir/FILE_113.dir/0.4.dec ov_SC03_114:extracted/retail/SC03.CD.dir/FILE_114.dir/0.4.dec ov_SC03_115:extracted/retail/SC03.CD.dir/FILE_115.dir/0.4.dec ov_SC03_116:extracted/retail/SC03.CD.dir/FILE_116.dir/0.4.dec ov_SC03_117:extracted/retail/SC03.CD.dir/FILE_117.dir/0.4.dec ov_SC03_118:extracted/retail/SC03.CD.dir/FILE_118.dir/0.4.dec ov_SC03_119:extracted/retail/SC03.CD.dir/FILE_119.dir/0.4.dec ov_SC03_121:extracted/retail/SC03.CD.dir/FILE_121.dir/0.4.dec ov_SC03_124:extracted/retail/SC03.CD.dir/FILE_124.dir/0.4.dec ov_SC03_125:extracted/retail/SC03.CD.dir/FILE_125.dir/0.4.dec ov_SC03_126:extracted/retail/SC03.CD.dir/FILE_126.dir/0.4.dec ov_SC04_002:extracted/retail/SC04.CD.dir/FILE_002.dir/0.4.dec ov_SC04_003:extracted/retail/SC04.CD.dir/FILE_003.dir/0.4.dec ov_SC04_004:extracted/retail/SC04.CD.dir/FILE_004.dir/0.4.dec ov_SC04_005:extracted/retail/SC04.CD.dir/FILE_005.dir/0.4.dec ov_SC04_006:extracted/retail/SC04.CD.dir/FILE_006.dir/0.4.dec ov_SC04_007:extracted/retail/SC04.CD.dir/FILE_007.dir/0.4.dec ov_SC04_008:extracted/retail/SC04.CD.dir/FILE_008.dir/0.4.dec ov_SC04_009:extracted/retail/SC04.CD.dir/FILE_009.dir/0.4.dec ov_SC04_010:extracted/retail/SC04.CD.dir/FILE_010.dir/0.4.dec ov_SC04_011:extracted/retail/SC04.CD.dir/FILE_011.dir/0.4.dec ov_SC04_012:extracted/retail/SC04.CD.dir/FILE_012.dir/0.4.dec ov_SC04_015:extracted/retail/SC04.CD.dir/FILE_015.dir/0.4.dec ov_SC04_016:extracted/retail/SC04.CD.dir/FILE_016.dir/0.4.dec ov_SC04_020:extracted/retail/SC04.CD.dir/FILE_020.dir/0.4.dec ov_SC04_021:extracted/retail/SC04.CD.dir/FILE_021.dir/0.4.dec ov_SC05_001:extracted/retail/SC05.CD.dir/FILE_001.dir/0.4.dec ov_SC05_002:extracted/retail/SC05.CD.dir/FILE_002.dir/0.4.dec ov_SC05_003:extracted/retail/SC05.CD.dir/FILE_003.dir/0.4.dec ov_SC05_004:extracted/retail/SC05.CD.dir/FILE_004.dir/0.4.dec ov_SC05_005:extracted/retail/SC05.CD.dir/FILE_005.dir/0.4.dec ov_SC05_006:extracted/retail/SC05.CD.dir/FILE_006.dir/0.4.dec ov_SC05_007:extracted/retail/SC05.CD.dir/FILE_007.dir/0.4.dec ov_SC05_008:extracted/retail/SC05.CD.dir/FILE_008.dir/0.4.dec ov_SC05_009:extracted/retail/SC05.CD.dir/FILE_009.dir/0.4.dec ov_SC05_010:extracted/retail/SC05.CD.dir/FILE_010.dir/0.4.dec ov_SC05_011:extracted/retail/SC05.CD.dir/FILE_011.dir/0.4.dec ov_SC05_017:extracted/retail/SC05.CD.dir/FILE_017.dir/0.4.dec ov_SC05_018:extracted/retail/SC05.CD.dir/FILE_018.dir/0.4.dec ov_SC05_019:extracted/retail/SC05.CD.dir/FILE_019.dir/0.4.dec ov_SC06_006:extracted/retail/SC06.CD.dir/FILE_006.dir/0.4.dec ov_SC06_008:extracted/retail/SC06.CD.dir/FILE_008.dir/0.4.dec ov_SC06_010:extracted/retail/SC06.CD.dir/FILE_010.dir/0.4.dec ov_SC06_011:extracted/retail/SC06.CD.dir/FILE_011.dir/0.4.dec ov_SC06_013:extracted/retail/SC06.CD.dir/FILE_013.dir/0.4.dec ov_SC06_014:extracted/retail/SC06.CD.dir/FILE_014.dir/0.4.dec ov_SC06_015:extracted/retail/SC06.CD.dir/FILE_015.dir/0.4.dec ov_SC06_016:extracted/retail/SC06.CD.dir/FILE_016.dir/0.4.dec ov_SC06_018:extracted/retail/SC06.CD.dir/FILE_018.dir/0.4.dec ov_SC06_020:extracted/retail/SC06.CD.dir/FILE_020.dir/0.4.dec ov_SC06_022:extracted/retail/SC06.CD.dir/FILE_022.dir/0.4.dec ov_SC06_024:extracted/retail/SC06.CD.dir/FILE_024.dir/0.4.dec ov_SC06_025:extracted/retail/SC06.CD.dir/FILE_025.dir/0.4.dec ov_SC06_027:extracted/retail/SC06.CD.dir/FILE_027.dir/0.4.dec ov_SC06_029:extracted/retail/SC06.CD.dir/FILE_029.dir/0.4.dec ov_SC06_030:extracted/retail/SC06.CD.dir/FILE_030.dir/0.4.dec ov_SC06_032:extracted/retail/SC06.CD.dir/FILE_032.dir/0.4.dec ov_SC06_033:extracted/retail/SC06.CD.dir/FILE_033.dir/0.4.dec ov_SC07_001:extracted/retail/SC07.CD.dir/FILE_001.dir/0.4.dec ov_SC07_002:extracted/retail/SC07.CD.dir/FILE_002.dir/0.4.dec ov_SC07_008:extracted/retail/SC07.CD.dir/FILE_008.dir/0.4.dec ov_SC07_009:extracted/retail/SC07.CD.dir/FILE_009.dir/0.4.dec ov_SC07_006:extracted/retail/SC07.CD.dir/FILE_006.dir/1.4.dec ov_SC07_007:extracted/retail/SC07.CD.dir/FILE_007.dir/1.4.dec ov_SC07_010:extracted/retail/SC07.CD.dir/FILE_010.dir/1.4.dec ov_SC07_011:extracted/retail/SC07.CD.dir/FILE_011.dir/1.4.dec ov_MAIN_012:extracted/retail/MAIN.CD.dir/FILE_012.dir/1.1 ov_SC02_037:extracted/retail/SC02.CD.dir/FILE_037.dir/0.1 ov_SC03_107:extracted/retail/SC03.CD.dir/FILE_107.dir/0.1" | tr ' ' '\n' | sed '/^$/d' | xargs -P16     -I{} sh -c '\
  job="{}"; alias=${job%%:*}; f=${job#*:}; \
  if [ ! -f "$f" ]; then echo "[WARN no payload] $alias ($f)"; \
  elif .venv/bin/python tools/sig_image.py --image "$f" --vram-base 0x80128158 --bootstrap --name "$alias" >/dev/null 2>&1; \
  then echo "[ OK ] $alias"; else echo "[SIG FAIL] $alias"; fi' | tee .run/sig-overlays.txt
n=$(grep -c "^\[ OK \]" .run/sig-overlays.txt || true)
bad=$(grep -c "^\[SIG FAIL\]" .run/sig-overlays.txt || true)
echo "sig-overlays: signed $n overlays -> .run/sig.ov_*.jsonl (of 141 onboarded)"
# The serial form had NO failure detection at all — a sig_image crash just vanished (R32).
if [ "$bad" -ne 0 ]; then echo "[FAIL] sig-overlays: $bad overlay(s) failed to sign"; exit 1; fi
[ OK ] ov_SC01_005
[ OK ] ov_SC01_000
[ OK ] ov_SC03_006
[ OK ] ov_SC04_000
[ OK ] ov_SC05_000
[ OK ] ov_SC03_001
[ OK ] ov_SC01_006
[ OK ] ov_SC01_001
[ OK ] ov_SC04_018
[ OK ] ov_SC02_003
[ OK ] ov_SC01_077
[ OK ] ov_SC06_000
[ OK ] ov_SC04_019
[ OK ] ov_SC07_000
[ OK ] ov_SC02_000
[ OK ] ov_SC03_002
[ OK ] ov_SC01_008
[ OK ] ov_SC01_004
[ OK ] ov_SC01_009
[ OK ] ov_SC01_074
[ OK ] ov_SC02_016
[ OK ] ov_SC01_084
[ OK ] ov_SC01_080
[ OK ] ov_SC02_015
[ OK ] ov_SC02_004
[ OK ] ov_SC02_021
[ OK ] ov_SC02_026
[ OK ] ov_SC02_017
[ OK ] ov_SC02_011
[ OK ] ov_SC02_005
[ OK ] ov_SC02_028
[ OK ] ov_SC02_027
[ OK ] ov_SC02_035
[ OK ] ov_SC02_039
[ OK ] ov_SC03_003
[ OK ] ov_SC03_012
[ OK ] ov_SC02_031
[ OK ] ov_SC03_010
[ OK ] ov_SC03_011
[ OK ] ov_SC03_007
[ OK ] ov_SC02_041
[ OK ] ov_SC03_024
[ OK ] ov_SC03_013
[ OK ] ov_SC03_015
[ OK ] ov_SC03_028
[ OK ] ov_SC03_029
[ OK ] ov_SC03_023
[ OK ] ov_SC03_014
[ OK ] ov_SC03_030
[ OK ] ov_SC03_031
[ OK ] ov_SC03_090
[ OK ] ov_SC03_091
[ OK ] ov_SC03_092
[ OK ] ov_SC03_096
[ OK ] ov_SC03_089
[ OK ] ov_SC03_093
[ OK ] ov_SC03_095
[ OK ] ov_SC03_100
[ OK ] ov_SC03_099
[ OK ] ov_SC03_094
[ OK ] ov_SC03_097
[ OK ] ov_SC03_101
[ OK ] ov_SC03_098
[ OK ] ov_SC03_102
[ OK ] ov_SC03_103
[ OK ] ov_SC03_109
[ OK ] ov_SC03_105
[ OK ] ov_SC03_108
[ OK ] ov_SC03_104
[ OK ] ov_SC03_110
[ OK ] ov_SC03_113
[ OK ] ov_SC03_111
[ OK ] ov_SC03_112
[ OK ] ov_SC03_115
[ OK ] ov_SC03_114
[ OK ] ov_SC03_118
[ OK ] ov_SC03_117
[ OK ] ov_SC03_116
[ OK ] ov_SC03_121
[ OK ] ov_SC03_119
[ OK ] ov_SC03_124
[ OK ] ov_SC03_125
[ OK ] ov_SC03_126
[ OK ] ov_SC04_006
[ OK ] ov_SC04_002
[ OK ] ov_SC04_004
[ OK ] ov_SC04_003
[ OK ] ov_SC04_005
[ OK ] ov_SC04_008
[ OK ] ov_SC04_010
[ OK ] ov_SC04_007
[ OK ] ov_SC04_009
[ OK ] ov_SC04_012
[ OK ] ov_SC04_016
[ OK ] ov_SC04_011
[ OK ] ov_SC04_015
[ OK ] ov_SC04_021
[ OK ] ov_SC04_020
[ OK ] ov_SC05_001
[ OK ] ov_SC05_002
[ OK ] ov_SC05_006
[ OK ] ov_SC05_005
[ OK ] ov_SC05_004
[ OK ] ov_SC05_007
[ OK ] ov_SC05_003
[ OK ] ov_SC05_008
[ OK ] ov_SC05_009
[ OK ] ov_SC05_011
[ OK ] ov_SC05_010
[ OK ] ov_SC05_019
[ OK ] ov_SC05_017
[ OK ] ov_SC05_018
[ OK ] ov_SC06_006
[ OK ] ov_SC06_008
[ OK ] ov_SC06_014
[ OK ] ov_SC06_013
[ OK ] ov_SC06_010
[ OK ] ov_SC06_020
[ OK ] ov_SC06_016
[ OK ] ov_SC06_011
[ OK ] ov_SC06_015
[ OK ] ov_SC06_018
[ OK ] ov_SC06_022
[ OK ] ov_SC06_024
[ OK ] ov_SC06_027
[ OK ] ov_SC06_025
[ OK ] ov_SC06_030
[ OK ] ov_SC06_029
[ OK ] ov_SC07_001
[ OK ] ov_SC06_032
[ OK ] ov_SC07_002
[ OK ] ov_SC06_033
[ OK ] ov_SC07_008
[ OK ] ov_SC07_010
[ OK ] ov_SC07_009
[ OK ] ov_SC07_007
[ OK ] ov_MAIN_012
[ OK ] ov_SC07_006
[ OK ] ov_SC07_011
[ OK ] ov_SC02_037
[ OK ] ov_SC03_107
sig-overlays: signed 141 overlays -> .run/sig.ov_*.jsonl (of 141 onboarded)
elf="build/resident/resident.elf"
if [ -f "$elf" ]; then
mipsel-linux-gnu-nm "$elf" | awk '
$2=="T" { a=strtonum("0x" $1); sym[$3]=a; if (a%4==0) addr[a]=1 }
END { lo=sym["resident_TEXT_START"]; hi=sym["resident_TEXT_END"];
for (a in addr) if (a>=lo && a<hi) printf "0x%08X\n", a }' \
	  | sort -u > .run/seeds.resident.txt
.venv/bin/python tools/sig_image.py --image extracted/retail/MAIN.CD.dir/FILE_010.dir/1.1 --vram-base 0x800CEDF8 \
	  --seeds .run/seeds.resident.txt --name resident
echo "sig-resident: signed the resident (ELF-seeded, $(wc -l < .run/seeds.resident.txt) fns) -> .run/sig.resident.jsonl"
else
.venv/bin/python tools/sig_image.py --image extracted/retail/MAIN.CD.dir/FILE_010.dir/1.1 --vram-base 0x800CEDF8 --bootstrap --name resident
echo "sig-resident: signed the resident (bootstrap fallback — re-run after a build for seeded boundaries)"
fi
sig_image: 145 functions [0x800cedf8..0x80128154) -> .run/sig.resident.jsonl
sig-resident: signed the resident (ELF-seeded, 145 fns) -> .run/sig.resident.jsonl
# PARALLEL (P31 S70) — same rationale as sig-overlays. Each job writes only its own
# .run/seeds.<alias>.txt and .run/sig.<alias>.jsonl, so the fan-out is safe.
mkdir -p .run; : > .run/sig-modules.txt
echo "md_MAIN_013:extracted/retail/MAIN.CD.dir/FILE_013.dir/1.1:0x800CAE08:0x800CAE0C md_MAIN_014:extracted/retail/MAIN.CD.dir/FILE_014.dir/1.1:0x800CAE08:0x800CAE0C md_MAIN_015:extracted/retail/MAIN.CD.dir/FILE_015.dir/1.1:0x800CAE08:0x800CAE0C md_MAIN_016:extracted/retail/MAIN.CD.dir/FILE_016.dir/1.1:0x800CAE08:0x800CAE0C md_MAIN_017:extracted/retail/MAIN.CD.dir/FILE_017.dir/1.1:0x800CAE08:0x800CAE0C md_MAIN_018:extracted/retail/MAIN.CD.dir/FILE_018.dir/1.1:0x800CAE08:0x800CAE0C md_MAIN_019:extracted/retail/MAIN.CD.dir/FILE_019.dir/1.1:0x800CAE08:0x800CAE0C md_MAIN_020:extracted/retail/MAIN.CD.dir/FILE_020.dir/1.1:0x800CAE08:0x800CAE0C md_MAIN_021:extracted/retail/MAIN.CD.dir/FILE_021.dir/1.1:0x800CAE08:0x800CAE0C md_MAIN_022:extracted/retail/MAIN.CD.dir/FILE_022.dir/1.1:0x800CAE08:0x800CAE0C md_MAIN_023:extracted/retail/MAIN.CD.dir/FILE_023.dir/0.1:0x800CAE08:0x800CAE0C md_MAIN_024:extracted/retail/MAIN.CD.dir/FILE_024.dir/0.1:0x800CAE08:0x800CAE0C md_MAIN_025:extracted/retail/MAIN.CD.dir/FILE_025.dir/1.1:0x800CAE08:0x800CAE14 md_MAIN_026:extracted/retail/MAIN.CD.dir/FILE_026.dir/1.1:0x800CAE08:0x800CAE0C md_MAIN_027:extracted/retail/MAIN.CD.dir/FILE_027.dir/1.1:0x800CAE08:0x800CAE0C md_MAIN_028:extracted/retail/MAIN.CD.dir/FILE_028.dir/1.1:0x800CAE08:0x800CAE0C md_MAIN_029:extracted/retail/MAIN.CD.dir/FILE_029.dir/1.1:0x800CAE08:0x800CAE0C md_MAIN_030:extracted/retail/MAIN.CD.dir/FILE_030.dir/1.1:0x800CAE08:0x800CAE0C md_MAIN_031:extracted/retail/MAIN.CD.dir/FILE_031.dir/1.1:0x800CAE08:0x800CAE0C md_MAIN_032:extracted/retail/MAIN.CD.dir/FILE_032.dir/1.1:0x800CAE08:0x800CAE0C md_MAIN_033:extracted/retail/MAIN.CD.dir/FILE_033.dir/1.1:0x800CAE08:0x800CAE0C md_MAIN_034:extracted/retail/MAIN.CD.dir/FILE_034.dir/1.1:0x800CAE08:0x800CAE88 md_MAIN_035:extracted/retail/MAIN.CD.dir/FILE_035.dir/1.1:0x800CAE08:0x800CAE0C md_MAIN_036:extracted/retail/MAIN.CD.dir/FILE_036.dir/1.1:0x800CAE08:0x800CAE0C md_MAIN_037:extracted/retail/MAIN.CD.dir/FILE_037.dir/1.1:0x800CAE08:0x800CAE0C md_MAIN_038:extracted/retail/MAIN.CD.dir/FILE_038.dir/1.1:0x800CAE08:0x800CAE0C md_MAIN_039:extracted/retail/MAIN.CD.dir/FILE_039.dir/1.1:0x800CAE08:0x800CAE14 md_MAIN_040:extracted/retail/MAIN.CD.dir/FILE_040.dir/1.1:0x800CAE08:0x800CAE0C md_MAIN_041:extracted/retail/MAIN.CD.dir/FILE_041.dir/1.1:0x800CAE08:0x800CAE0C md_MAIN_042:extracted/retail/MAIN.CD.dir/FILE_042.dir/0.1:0x800CCB1C:0x800CCB20 md_MAIN_043:extracted/retail/MAIN.CD.dir/FILE_043.dir/0.1:0x800CCB1C:0x800CCB20 md_MAIN_044:extracted/retail/MAIN.CD.dir/FILE_044.dir/0.1:0x800CCB1C:0x800CCB20 md_MAIN_045:extracted/retail/MAIN.CD.dir/FILE_045.dir/0.1:0x800CCB1C:0x800CCB20 md_MAIN_046:extracted/retail/MAIN.CD.dir/FILE_046.dir/0.1:0x800CCB1C:0x800CCB20 md_MAIN_047:extracted/retail/MAIN.CD.dir/FILE_047.dir/0.1:0x800CCB1C:0x800CCB20 md_MAIN_001:extracted/retail/MAIN.CD.dir/FILE_001.dir/1.1:0x800CEDF8:0x800CEDFC md_MAIN_008:extracted/retail/MAIN.CD.dir/FILE_008.dir/1.1:0x800CEDF8:0x800CEDFC md_MAIN_011:extracted/retail/MAIN.CD.dir/FILE_011.dir/1.1:0x800CEDF8:0x800CEE74 md_SC07_003:extracted/retail/SC07.CD.dir/FILE_003.dir/1.1:0x801A00D8:0x801A01D4 md_SC07_004:extracted/retail/SC07.CD.dir/FILE_004.dir/1.1:0x801A00D8:0x801A0230 md_MAIN_003:extracted/retail/MAIN.CD.dir/FILE_003.dir/1.1:0x800CEDF8:0x800CEED0 md_SC03_073:extracted/retail/SC03.CD.dir/FILE_073.dir/2.1:0x801EF468:0x801EF47C md_SC03_074:extracted/retail/SC03.CD.dir/FILE_074.dir/2.1:0x801EF468:0x801EF47C md_SC03_075:extracted/retail/SC03.CD.dir/FILE_075.dir/2.1:0x801EF468:0x801EF47C md_SC03_076:extracted/retail/SC03.CD.dir/FILE_076.dir/2.1:0x801EF468:0x801EF6E4 md_SC03_077:extracted/retail/SC03.CD.dir/FILE_077.dir/2.1:0x801EF468:0x801EF490 md_SC03_078:extracted/retail/SC03.CD.dir/FILE_078.dir/2.1:0x801EF468:0x801EF47C md_SC03_079:extracted/retail/SC03.CD.dir/FILE_079.dir/2.1:0x801EF468:0x801EF48C md_SC03_132:extracted/retail/SC03.CD.dir/FILE_132.dir/2.1:0x801E25E8:0x801E25F4 md_SC03_133:extracted/retail/SC03.CD.dir/FILE_133.dir/2.1:0x801E25E8:0x801E25FC md_SC03_134:extracted/retail/SC03.CD.dir/FILE_134.dir/2.1:0x801E25E8:0x801E25FC md_SC03_135:extracted/retail/SC03.CD.dir/FILE_135.dir/2.1:0x801E25E8:0x801E2864 md_SC03_136:extracted/retail/SC03.CD.dir/FILE_136.dir/2.1:0x801E25E8:0x801E2610 md_SC03_137:extracted/retail/SC03.CD.dir/FILE_137.dir/2.1:0x801E25E8:0x801E25FC md_SC03_138:extracted/retail/SC03.CD.dir/FILE_138.dir/2.1:0x801E25E8:0x801E25FC md_SC04_024:extracted/retail/SC04.CD.dir/FILE_024.dir/2.1:0x801E7B28:0x801E7B34 md_SC04_025:extracted/retail/SC04.CD.dir/FILE_025.dir/2.1:0x801E7B28:0x801E7B3C md_SC04_026:extracted/retail/SC04.CD.dir/FILE_026.dir/2.1:0x801E7B28:0x801E7B3C md_SC04_027:extracted/retail/SC04.CD.dir/FILE_027.dir/2.1:0x801E7B28:0x801E7DA4 md_SC04_028:extracted/retail/SC04.CD.dir/FILE_028.dir/2.1:0x801E7B28:0x801E7B50 md_SC04_029:extracted/retail/SC04.CD.dir/FILE_029.dir/2.1:0x801E7B28:0x801E7B3C md_SC04_030:extracted/retail/SC04.CD.dir/FILE_030.dir/2.1:0x801E7B28:0x801E7B3C md_SC05_023:extracted/retail/SC05.CD.dir/FILE_023.dir/2.1:0x801ED988:0x801ED99C md_SC05_024:extracted/retail/SC05.CD.dir/FILE_024.dir/2.1:0x801ED988:0x801ED99C md_SC05_025:extracted/retail/SC05.CD.dir/FILE_025.dir/2.1:0x801ED988:0x801ED99C md_SC05_026:extracted/retail/SC05.CD.dir/FILE_026.dir/2.1:0x801ED988:0x801EDC04 md_SC05_027:extracted/retail/SC05.CD.dir/FILE_027.dir/2.1:0x801ED988:0x801ED9B0 md_SC05_028:extracted/retail/SC05.CD.dir/FILE_028.dir/2.1:0x801ED988:0x801ED99C md_SC05_029:extracted/retail/SC05.CD.dir/FILE_029.dir/2.1:0x801ED988:0x801ED99C md_SC02_009:extracted/retail/SC02.CD.dir/FILE_009.dir/0.1:0x801E4C60:0x801E4C64 md_MAIN_007:extracted/retail/MAIN.CD.dir/FILE_007:0x800CEDF8:0x800CEE2C md_MAIN_009:extracted/retail/MAIN.CD.dir/FILE_009.dir/0.1:0x800CD348:0x800CD384 md_SC03_053:extracted/retail/SC03.CD.dir/FILE_053.dir/0.1:0x801EF468:0x801EF46C md_SC03_054:extracted/retail/SC03.CD.dir/FILE_054.dir/0.1:0x801EF468:0x801EF558 md_SC03_056:extracted/retail/SC03.CD.dir/FILE_056.dir/0.1:0x801CBB50:0x801CBB54" | tr ' ' '\n' | sed '/^$/d' | xargs -P16     -I{} sh -c '\
  job="{}"; alias=${job%%:*}; rest=${job#*:}; f=${rest%%:*}; rest=${rest#*:}; \
  vram=${rest%%:*}; tlo=${rest#*:}; \
  if [ ! -f "$f" ]; then echo "[WARN no payload] $alias ($f)"; exit 0; fi; \
  elf="build/$alias/$alias.elf"; \
  if [ -f "$elf" ]; then \
    mipsel-linux-gnu-nm "$elf" | awk -v lo=$(($tlo)) '"'"'$2=="T" && $3~"^func_" { a=strtonum("0x" $1); if (a>=lo && a%4==0) printf "0x%X\n", a }'"'"' | sort -u > ".run/seeds.$alias.txt"; \
    .venv/bin/python tools/sig_image.py --image "$f" --vram-base "$vram" --seeds ".run/seeds.$alias.txt" --name "$alias" ${tlo:+--text-lo "$tlo"} >/dev/null 2>&1 \
      && echo "[ OK ] $alias" || echo "[SIG FAIL] $alias"; \
  else \
    .venv/bin/python tools/sig_image.py --image "$f" --vram-base "$vram" --bootstrap --name "$alias" ${tlo:+--text-lo "$tlo"} >/dev/null 2>&1 \
      && echo "[ OK ] $alias" || echo "[SIG FAIL] $alias"; \
  fi' | tee .run/sig-modules.txt
n=$(grep -c "^\[ OK \]" .run/sig-modules.txt || true)
bad=$(grep -c "^\[SIG FAIL\]" .run/sig-modules.txt || true)
echo "sig-modules: signed $n modules (of 75 onboarded)"
if [ "$bad" -ne 0 ]; then echo "[FAIL] sig-modules: $bad module(s) failed to sign"; exit 1; fi
[ OK ] md_MAIN_013
[ OK ] md_MAIN_018
[ OK ] md_MAIN_015
[ OK ] md_MAIN_017
[ OK ] md_MAIN_019
[ OK ] md_MAIN_020
[ OK ] md_MAIN_021
[ OK ] md_MAIN_022
[ OK ] md_MAIN_016
[ OK ] md_MAIN_028
[ OK ] md_MAIN_026
[ OK ] md_MAIN_027
[ OK ] md_MAIN_014
[ OK ] md_MAIN_025
[ OK ] md_MAIN_023
[ OK ] md_MAIN_024
[ OK ] md_MAIN_032
[ OK ] md_MAIN_030
[ OK ] md_MAIN_031
[ OK ] md_MAIN_029
[ OK ] md_MAIN_033
[ OK ] md_MAIN_040
[ OK ] md_MAIN_034
[ OK ] md_MAIN_038
[ OK ] md_MAIN_042
[ OK ] md_MAIN_036
[ OK ] md_MAIN_037
[ OK ] md_MAIN_035
[ OK ] md_MAIN_043
[ OK ] md_MAIN_039
[ OK ] md_MAIN_041
[ OK ] md_MAIN_044
[ OK ] md_MAIN_001
[ OK ] md_MAIN_008
[ OK ] md_MAIN_045
[ OK ] md_MAIN_046
[ OK ] md_MAIN_047
[ OK ] md_SC03_073
[ OK ] md_MAIN_011
[ OK ] md_SC03_079
[ OK ] md_SC03_076
[ OK ] md_SC03_074
[ OK ] md_MAIN_003
[ OK ] md_SC03_077
[ OK ] md_SC03_075
[ OK ] md_SC03_078
[ OK ] md_SC07_003
[ OK ] md_SC07_004
[ OK ] md_SC03_132
[ OK ] md_SC03_134
[ OK ] md_SC03_133
[ OK ] md_SC03_136
[ OK ] md_SC03_138
[ OK ] md_SC03_135
[ OK ] md_SC03_137
[ OK ] md_SC04_026
[ OK ] md_SC04_025
[ OK ] md_SC04_027
[ OK ] md_SC04_028
[ OK ] md_SC05_023
[ OK ] md_SC04_029
[ OK ] md_SC04_030
[ OK ] md_SC04_024
[ OK ] md_SC05_024
[ OK ] md_SC05_025
[ OK ] md_SC05_027
[ OK ] md_MAIN_007
[ OK ] md_SC05_028
[ OK ] md_SC05_026
[ OK ] md_SC02_009
[ OK ] md_SC05_029
[ OK ] md_SC03_053
[ OK ] md_MAIN_009
[ OK ] md_SC03_054
[ OK ] md_SC03_056
sig-modules: signed 75 modules (of 75 onboarded)
sig_image: 10 code range(s), 798 functions
sig_image: 798 functions across 10 range(s) -> .run/sig.main.oracle.jsonl
sig-main-oracle: main is now INDEPENDENT — 0 in-domain stubs, 0 PHANTOM, 0 TRUNCATED, 0 PAD-TAIL
if [ -f "build/us/SLUS_007.26.map" ]; then
.venv/bin/python tools/main_seed_ends.py --map build/us/SLUS_007.26.map --out .run/seeds.main.txt
.venv/bin/python tools/sig_image.py --image extracted/retail/SLUS_007.26 --vram-base 0x8000F800 --seeds .run/seeds.main.txt --name main
echo "sig-main: signed $(wc -l < .run/seeds.main.txt) main game-code fns (build-true lengths, from the link map + objects) -> .run/sig.main.jsonl"
else
echo "sig-main: no main build (build/us/SLUS_007.26.map absent) — run 'make check BINARY=main' first; .run/sig.main.jsonl left as is"
fi
main_seed_ends: 809 functions / 45150 ins from 15 game-code objects (skipped 0 LINKED subseg objects + 268 build/psyq objects)
sig_image: 809 functions [0x8000f800..0x80074800) -> .run/sig.main.jsonl
sig-main: signed 809 main game-code fns (build-true lengths, from the link map + objects) -> .run/sig.main.jsonl
sdk-dual: leg 1 — WITH the PsyQ objects
splat 0.41.0 (powered by spimdisasm 1.41.0)
  0%|          | 0/1096 [00:00<?, ?it/s]Loading symbols (symbols.us):   0%|          | 0/1096 [00:00<?, ?it/s]Loading symbols (symbols.us): 100%|██████████| 1096/1096 [00:00<00:00, 237127.68it/s]
  0%|          | 0/47 [00:00<?, ?it/s]Loading symbols (symbols.us.ram):   0%|          | 0/47 [00:00<?, ?it/s]Loading symbols (symbols.us.ram): 100%|██████████| 47/47 [00:00<00:00, 661517.74it/s]
  0%|          | 0/2 [00:00<?, ?it/s]Scanning header:   0%|          | 0/2 [00:00<?, ?it/s]Scanning main:   0%|          | 0/2 [00:00<?, ?it/s]  
Rodata segment '800' may belong to the text segment '800'
    Based on the usage from the function LzssDecodeSector to the symbol jtbl_80072A38

The rodata segment '800' has jumptables that are not aligned properly file-wise, indicating one or more likely file split.
File split suggestions for this segment will follow in config yaml format:
      - [0x6324C, .rodata]
      - [0x63388, .rodata]
      - [0x633FC, .rodata]


Rodata segment '800_b' may belong to the text segment '800_b'
    Based on the usage from the function func_8002B0B4 to the symbol jtbl_80072E44

Rodata segment '800_b_2' may belong to the text segment '800_b_2'
    Based on the usage from the function func_8002DC68 to the symbol jtbl_80072F3C

The rodata segment '800_b_2' has jumptables that are not aligned properly file-wise, indicating one or more likely file split.
File split suggestions for this segment will follow in config yaml format:
      - [0x63920, .rodata]


Rodata segment '800_c' may belong to the text segment '800_c'
    Based on the usage from the function func_80035270 to the symbol jtbl_800732A0
Scanning main: 100%|██████████| 2/2 [00:01<00:00,  1.80it/s]Scanning main: 100%|██████████| 2/2 [00:01<00:00,  1.80it/s]
  0%|          | 0/2 [00:00<?, ?it/s]Splitting header:   0%|          | 0/2 [00:00<?, ?it/s]Splitting main:   0%|          | 0/2 [00:00<?, ?it/s]  Splitting main: 100%|██████████| 2/2 [00:00<00:00,  2.62it/s]Splitting main: 100%|██████████| 2/2 [00:00<00:00,  2.62it/s]
  0%|          | 0/2 [00:00<?, ?it/s]Linker script header:   0%|          | 0/2 [00:00<?, ?it/s]Linker script main:   0%|          | 0/2 [00:00<?, ?it/s]  Linker script main: 100%|██████████| 2/2 [00:00<00:00, 105.84it/s]
Split 340 KB (82.28%) in defined segments
              header:     2 KB (0.50%) 1 split, 0 cached
                   c:   338 KB (81.78%) 85 split, 0 cached
             unknown:      0 B (0.00%) from unknown bin files
ld_interleave --order: .main island = 8 pieces [53198.data.o, 800.o, 63470.data.o, 800_b.o, 800_b_2.o, 63940.data.o, 800_c.o, 63C4C.data.o]; pre=0 text=85 empties=166 bss=85
  AS      build/asm/header.o
  AS      build/asm/data/63C4C.data.o
  AS      build/asm/data/63470.data.o
  AS      build/asm/data/53198.data.o
  AS      build/asm/data/63940.data.o
  CC      build/src/libgte23.o
  CC      build/src/libgte21.o
  CC      build/src/libgte11.o
  CC      build/src/libgte17.o
  CC      build/src/800_c.o
src/800_c.c: In function `func_800387C0':
src/800_c.c:2776: warning: assignment makes integer from pointer without a cast
src/800_c.c:2778: warning: assignment makes integer from pointer without a cast
src/800_c.c:2780: warning: assignment makes integer from pointer without a cast
src/800_c.c:2785: warning: assignment makes integer from pointer without a cast
src/800_c.c: At top level:
src/800_c.c:2855: warning: type mismatch with previous external decl
src/800_c.c:2544: warning: previous external decl of `func_80038908'
src/800_c.c:2855: warning: type mismatch with previous implicit declaration
src/800_c.c:2544: warning: previous implicit declaration of `func_80038908'
src/800_c.c:2855: warning: `func_80038908' was previously implicitly declared to return `int'
src/800_c.c: In function `func_800391D4':
src/800_c.c:3394: warning: assignment makes pointer from integer without a cast
src/800_c.c:3413: warning: assignment makes pointer from integer without a cast
src/800_c.c: At top level:
src/800_c.c:3478: warning: type mismatch with previous external decl
src/800_c.c:3272: warning: previous external decl of `func_80039308'
src/800_c.c:3759: warning: type mismatch with previous external decl
src/800_c.c:3271: warning: previous external decl of `func_80039B20'
src/800_c.c:3793: warning: type mismatch with previous external decl
src/800_c.c:3273: warning: previous external decl of `func_80039C5C'
src/800_c.c:3924: warning: type mismatch with previous external decl
src/800_c.c:3274: warning: previous external decl of `func_80039F50'
src/800_c.c: In function `func_80039F50':
src/800_c.c:3941: warning: passing arg 1 of `func_80039C70' from incompatible pointer type
src/800_c.c: At top level:
src/800_c.c:3977: warning: type mismatch with previous external decl
src/800_c.c:3275: warning: previous external decl of `func_8003A098'
src/800_c.c:3985: warning: type mismatch with previous external decl
src/800_c.c:3276: warning: previous external decl of `func_8003A0D0'
src/800_c.c:4000: warning: type mismatch with previous external decl
src/800_c.c:3277: warning: previous external decl of `func_8003A0E4'
src/800_c.c:4056: warning: type mismatch with previous external decl
src/800_c.c:3278: warning: previous external decl of `func_8003A234'
jtbl_rodata_pads --derive main: 0t1,0t1,0,0,0,0,0,0
  CC      build/src/libgs6.o
  CC      build/src/snd8.o
  CC      build/src/800_b.o
jtbl_rodata_pads --derive main: 0,0,0,0,0
  CC      build/src/snd5.o
  CC      build/src/libc2_1.o
  CC      build/src/gap.o
  CC      build/src/libgte12.o
  CC      build/src/snd11.o
  CC      build/src/snd7.o
  CC      build/src/libgte10.o
  CC      build/src/libgpu2.o
  CC      build/src/libpad1.o
  CC      build/src/800b2.o
  CC      build/src/apicard5.o
  CC      build/src/boot.o
src/boot.c: In function `func_80010ED4':
src/boot.c:581: warning: passing arg 4 of `CdReadRequest' makes integer from pointer without a cast
{standard input}: Assembler messages:
{standard input}:24: Warning: used $at without ".set noat"
{standard input}:25: Warning: used $at without ".set noat"
{standard input}:44: Warning: used $at without ".set noat"
{standard input}:45: Warning: used $at without ".set noat"
{standard input}:47: Warning: used $at without ".set noat"
{standard input}:48: Warning: used $at without ".set noat"
{standard input}:49: Warning: used $at without ".set noat"
{standard input}:50: Warning: used $at without ".set noat"
{standard input}:78: Warning: used $at without ".set noat"
{standard input}:79: Warning: used $at without ".set noat"
  CC      build/src/snd4.o
  CC      build/src/sgap_6.o
  CC      build/src/libgte27.o
  CC      build/src/libmcrd1.o
  CC      build/src/libgs1.o
  CC      build/src/libcd1.o
  CC      build/src/libgte22.o
  CC      build/src/sgap.o
  CC      build/src/libgpu.o
  CC      build/src/libgte16.o
  CC      build/src/libgte29.o
  CC      build/src/libc2_2.o
  CC      build/src/libetc.o
  CC      build/src/800.o
src/800.c:630: warning: type mismatch with previous external decl
src/800.c:625: warning: previous external decl of `func_80012E0C'
src/800.c:630: warning: type mismatch with previous implicit declaration
src/800.c:625: warning: previous implicit declaration of `func_80012E0C'
src/800.c:686: warning: type mismatch with previous external decl
src/800.c:683: warning: previous external decl of `func_80013028'
src/800.c:686: warning: type mismatch with previous implicit declaration
src/800.c:683: warning: previous implicit declaration of `func_80013028'
src/800.c: In function `func_800134FC':
src/800.c:980: warning: passing arg 1 of `func_800484EC' makes integer from pointer without a cast
src/800.c: In function `func_8001382C':
src/800.c:1208: warning: passing arg 1 of `func_800484EC' makes integer from pointer without a cast
src/800.c:1208: warning: passing arg 2 of `func_800484EC' makes integer from pointer without a cast
src/800.c:1208: warning: passing arg 3 of `func_800484EC' makes integer from pointer without a cast
src/800.c: In function `func_80013B64':
src/800.c:1399: warning: passing arg 1 of `func_800484EC' makes integer from pointer without a cast
src/800.c: In function `func_800141AC':
src/800.c:1633: warning: passing arg 2 of `func_800484EC' makes integer from pointer without a cast
src/800.c:1633: warning: passing arg 3 of `func_800484EC' makes integer from pointer without a cast
src/800.c: At top level:
src/800.c:1739: warning: type mismatch with previous external decl
src/800.c:1659: warning: previous external decl of `func_800143AC'
src/800.c:1739: warning: type mismatch with previous implicit declaration
src/800.c:1659: warning: previous implicit declaration of `func_800143AC'
src/800.c:1739: warning: `func_800143AC' was previously implicitly declared to return `int'
src/800.c:1783: warning: type mismatch with previous external decl
src/800.c:1660: warning: previous external decl of `func_80014444'
src/800.c:1783: warning: type mismatch with previous implicit declaration
src/800.c:1660: warning: previous implicit declaration of `func_80014444'
src/800.c:1783: warning: `func_80014444' was previously implicitly declared to return `int'
src/800.c:1850: warning: type mismatch with previous external decl
src/800.c:1662: warning: previous external decl of `func_80014588'
src/800.c:1850: warning: type mismatch with previous implicit declaration
src/800.c:1662: warning: previous implicit declaration of `func_80014588'
src/800.c:1850: warning: `func_80014588' was previously implicitly declared to return `int'
src/800.c:2013: warning: type mismatch with previous external decl
src/800.c:1654: warning: previous external decl of `func_80014928'
src/800.c:2013: warning: type mismatch with previous implicit declaration
src/800.c:1654: warning: previous implicit declaration of `func_80014928'
src/800.c:2013: warning: `func_80014928' was previously implicitly declared to return `int'
src/800.c:2576: warning: type mismatch with previous external decl
src/800.c:1663: warning: previous external decl of `func_80015310'
src/800.c:2576: warning: type mismatch with previous implicit declaration
src/800.c:1663: warning: previous implicit declaration of `func_80015310'
src/800.c:2576: warning: `func_80015310' was previously implicitly declared to return `int'
src/800.c: In function `func_80015310':
src/800.c:2577: warning: type mismatch with previous external decl
src/800.c:1852: warning: previous external decl of `D_800B97D8'
src/800.c: At top level:
src/800.c:2601: warning: type mismatch with previous external decl
src/800.c:2597: warning: previous external decl of `func_800153A4'
src/800.c:2601: warning: type mismatch with previous implicit declaration
src/800.c:2597: warning: previous implicit declaration of `func_800153A4'
src/800.c:2601: warning: `func_800153A4' was previously implicitly declared to return `int'
src/800.c:2619: warning: type mismatch with previous external decl
src/800.c:2615: warning: previous external decl of `func_80015424'
src/800.c:2619: warning: type mismatch with previous implicit declaration
src/800.c:2615: warning: previous implicit declaration of `func_80015424'
src/800.c:2619: warning: `func_80015424' was previously implicitly declared to return `int'
src/800.c: In function `func_8001544C':
src/800.c:2632: warning: type mismatch with previous external decl
src/800.c:1852: warning: previous external decl of `D_800B97D8'
src/800.c: In function `func_80015B6C':
src/800.c:3110: warning: type mismatch with previous external decl
src/800.c:1740: warning: previous external decl of `D_800A651C'
src/800.c: In function `func_80015F04':
src/800.c:3447: warning: type mismatch with previous external decl
src/800.c:1740: warning: previous external decl of `D_800A651C'
src/800.c: In function `func_80016224':
src/800.c:3596: warning: type mismatch with previous external decl
src/800.c:1740: warning: previous external decl of `D_800A651C'
src/800.c: At top level:
src/800.c:3766: warning: type mismatch with previous external decl
src/800.c:3597: warning: previous external decl of `D_800AE7BC'
src/800.c:4141: warning: type mismatch with previous external decl
src/800.c:4104: warning: previous external decl of `func_80016A7C'
src/800.c:4141: warning: type mismatch with previous implicit declaration
src/800.c:4108: warning: previous implicit declaration of `func_80016A7C'
src/800.c:4141: warning: `func_80016A7C' was previously implicitly declared to return `int'
src/800.c:4572: warning: type mismatch with previous external decl
src/800.c:4460: warning: previous external decl of `func_80016F18'
src/800.c:4572: warning: type mismatch with previous implicit declaration
src/800.c:4470: warning: previous implicit declaration of `func_80016F18'
src/800.c:4572: warning: `func_80016F18' was previously implicitly declared to return `int'
src/800.c:4755: warning: type mismatch with previous external decl
src/800.c:4701: warning: previous external decl of `func_80017294'
src/800.c:4755: warning: type mismatch with previous implicit declaration
src/800.c:4706: warning: previous implicit declaration of `func_80017294'
src/800.c:4755: warning: `func_80017294' was previously implicitly declared to return `int'
src/800.c:4844: warning: type mismatch with previous external decl
src/800.c:4792: warning: previous external decl of `func_800173DC'
src/800.c:4844: warning: type mismatch with previous implicit declaration
src/800.c:4797: warning: previous implicit declaration of `func_800173DC'
src/800.c:4844: warning: `func_800173DC' was previously implicitly declared to return `int'
src/800.c:4900: warning: type mismatch with previous external decl
src/800.c:4877: warning: previous external decl of `func_8001751C'
src/800.c:4900: warning: type mismatch with previous implicit declaration
src/800.c:4882: warning: previous implicit declaration of `func_8001751C'
src/800.c:4900: warning: `func_8001751C' was previously implicitly declared to return `int'
src/800.c: In function `func_80017714':
src/800.c:4985: warning: type mismatch with previous external decl
src/800.c:4981: warning: previous external decl of `func_80017778'
src/800.c:4985: warning: type mismatch with previous implicit declaration
src/800.c:4981: warning: previous implicit declaration of `func_80017778'
src/800.c: At top level:
src/800.c:5049: warning: type mismatch with previous external decl
src/800.c:4981: warning: previous external decl of `func_80017778'
src/800.c:5049: warning: type mismatch with previous implicit declaration
src/800.c:4996: warning: previous implicit declaration of `func_80017778'
src/800.c:5049: warning: `func_80017778' was previously implicitly declared to return `int'
src/800.c:5201: warning: type mismatch with previous external decl
src/800.c:5087: warning: previous external decl of `func_80017930'
src/800.c:5201: warning: type mismatch with previous implicit declaration
src/800.c:5095: warning: previous implicit declaration of `func_80017930'
src/800.c:5201: warning: `func_80017930' was previously implicitly declared to return `int'
src/800.c: In function `func_80017F14':
src/800.c:5545: warning: type mismatch with previous external decl
src/800.c:1740: warning: previous external decl of `D_800A651C'
src/800.c: In function `func_80018194':
src/800.c:5615: warning: type mismatch with previous external decl
src/800.c:1740: warning: previous external decl of `D_800A651C'
src/800.c: At top level:
src/800.c:5756: warning: type mismatch with previous external decl
src/800.c:1852: warning: previous external decl of `D_800B97D8'
src/800.c: In function `func_80019064':
src/800.c:6342: warning: assignment makes integer from pointer without a cast
src/800.c: At top level:
src/800.c:7849: warning: prototype for `func_80018714' follows
src/800.c:5854: warning: non-prototype definition here
src/800.c: In function `CdReadSectorReadyCB':
src/800.c:7890: warning: passing arg 1 of `func_800599B8' from incompatible pointer type
src/800.c:7976: warning: passing arg 1 of `func_800599B8' from incompatible pointer type
src/800.c: At top level:
src/800.c:9379: warning: type mismatch with previous external decl
src/800.c:1661: warning: previous external decl of `func_8001C044'
src/800.c:9379: warning: type mismatch with previous implicit declaration
src/800.c:1661: warning: previous implicit declaration of `func_8001C044'
src/800.c:9379: warning: `func_8001C044' was previously implicitly declared to return `int'
src/800.c: In function `func_8001C5B8':
src/800.c:9638: warning: type mismatch with previous external decl
src/800.c:9473: warning: previous external decl of `GsMapModelingData'
src/800.c: At top level:
src/800.c:9748: warning: type mismatch with previous external decl
src/800.c:9473: warning: previous external decl of `GsMapModelingData'
src/800.c: In function `func_8001CB6C':
src/800.c:9923: warning: passing arg 1 of `func_8001CF48' makes integer from pointer without a cast
src/800.c: In function `func_8001D074_impl':
src/800.c:10147: warning: return makes integer from pointer without a cast
src/800.c:13779: warning: "gte_ldv0" redefined
13779 | #define gte_ldv0(r0)  __asm__ __volatile__( \
      | 
src/800.c:11203: note: this is the location of the previous definition
11203 | #define gte_ldv0(r0) __asm__ volatile (          \
      | 
src/800.c:13796: warning: "gte_stflg" redefined
13796 | #define gte_stflg(r0)  __asm__ __volatile__( \
      | 
src/800.c:11227: note: this is the location of the previous definition
11227 | #define gte_stflg(r0) __asm__ volatile (         \
      | 
src/800.c:13906: warning: "gte_ldv0" redefined
13906 | #define gte_ldv0(r0) __asm__ volatile (          \
      | 
src/800.c:13779: note: this is the location of the previous definition
13779 | #define gte_ldv0(r0)  __asm__ __volatile__( \
      | 
src/800.c:13946: warning: "gte_stflg" redefined
13946 | #define gte_stflg(r0) __asm__ volatile (         \
      | 
src/800.c:13796: note: this is the location of the previous definition
13796 | #define gte_stflg(r0)  __asm__ __volatile__( \
      | 
src/800.c: In function `func_8001F9F8':
src/800.c:12328: warning: passing arg 1 of `func_8001FB8C' from incompatible pointer type
src/800.c:12337: warning: passing arg 1 of `func_8001FB8C' from incompatible pointer type
src/800.c:12346: warning: passing arg 1 of `func_8001FB8C' from incompatible pointer type
src/800.c:12355: warning: passing arg 1 of `func_8001FB8C' from incompatible pointer type
src/800.c:12364: warning: passing arg 1 of `func_8001FB8C' from incompatible pointer type
src/800.c:12373: warning: passing arg 1 of `func_8001FB8C' from incompatible pointer type
src/800.c:12382: warning: passing arg 1 of `func_8001FB8C' from incompatible pointer type
src/800.c: At top level:
src/800.c:12807: warning: type mismatch with previous external decl
src/800.c:12591: warning: previous external decl of `D_80074818'
src/800.c:12808: warning: type mismatch with previous external decl
src/800.c:12592: warning: previous external decl of `D_80075018'
src/800.c:16823: warning: "gte_stflg" redefined
16823 | #define gte_stflg(r0) __asm__ volatile (        \
      | 
src/800.c:16702: note: this is the location of the previous definition
16702 | #define gte_stflg(r0) __asm__ volatile (         \
      | 
src/800.c:16957: warning: "gte_stflg" redefined
16957 | #define gte_stflg(r0) __asm__ volatile (         \
      | 
src/800.c:16823: note: this is the location of the previous definition
16823 | #define gte_stflg(r0) __asm__ volatile (        \
      | 
src/800.c:17149: warning: "gte_stsxy3_g3" redefined
17149 | #define gte_stsxy3_g3(r0) __asm__ volatile (     \
      | 
src/800.c:16849: note: this is the location of the previous definition
16849 | #define gte_stsxy3_g3(r0) __asm__ volatile (    \
      | 
src/800.c:17259: warning: "gte_ldv0" redefined
17259 | #define gte_ldv0(r0)  __asm__ volatile("lwc2 $0, 0(%0);lwc2 $1, 4(%0)" : : "r"(r0))
      | 
src/800.c:16930: note: this is the location of the previous definition
16930 | #define gte_ldv0(r0) __asm__ volatile (          \
      | 
src/800.c:17260: warning: "gte_ldv3" redefined
17260 | #define gte_ldv3(r0, r1, r2) __asm__ volatile(                              \
      | 
src/800.c:17101: note: this is the location of the previous definition
17101 | #define gte_ldv3(r0, r1, r2) __asm__ volatile (  \
      | 
src/800.c:17264: warning: "gte_ldrgb" redefined
17264 | #define gte_ldrgb(r0) __asm__ volatile("lwc2 $6, 0(%0)" : : "r"(r0))
      | 
src/800.c:17111: note: this is the location of the previous definition
17111 | #define gte_ldrgb(r0) __asm__ volatile (         \
      | 
src/800.c:17266: warning: "gte_rtpt" redefined
17266 | #define gte_rtpt()  __asm__ volatile("nop;nop;cop2 0x0280030")
      | 
src/800.c:17116: note: this is the location of the previous definition
17116 | #define gte_rtpt()  __asm__ volatile ("nop;nop;rtpt")
      | 
src/800.c:17267: warning: "gte_rtps" redefined
17267 | #define gte_rtps()  __asm__ volatile("nop;nop;cop2 0x0180001")
      | 
src/800.c:16951: note: this is the location of the previous definition
16951 | #define gte_rtps()  __asm__ volatile ("nop;nop;rtps")
      | 
src/800.c:17268: warning: "gte_nclip" redefined
17268 | #define gte_nclip() __asm__ volatile("nop;nop;cop2 0x1400006")
      | 
src/800.c:17117: note: this is the location of the previous definition
17117 | #define gte_nclip() __asm__ volatile ("nop;nop;nclip")
      | 
src/800.c:17269: warning: "gte_avsz4" redefined
17269 | #define gte_avsz4() __asm__ volatile("nop;nop;cop2 0x168002e")
      | 
src/800.c:16954: note: this is the location of the previous definition
16954 | #define gte_avsz4() __asm__ volatile ("nop;nop;avsz4")
      | 
src/800.c:17270: warning: "gte_ncct" redefined
17270 | #define gte_ncct()  __asm__ volatile("nop;nop;cop2 0x118043f")
      | 
src/800.c:17119: note: this is the location of the previous definition
17119 | #define gte_ncct()  __asm__ volatile ("nop;nop;ncct")
      | 
src/800.c:17271: warning: "gte_nccs" redefined
17271 | #define gte_nccs()  __asm__ volatile("nop;nop;cop2 0x108041b")
      | 
src/800.c:16955: note: this is the location of the previous definition
16955 | #define gte_nccs()  __asm__ volatile ("nop;nop;nccs")
      | 
src/800.c:17273: warning: "gte_stflg" redefined
17273 | #define gte_stflg(r0) __asm__ volatile("cfc2 $12, $31;nop;sw $12, 0(%0)" : : "r"(r0) : "$12", "memory")
      | 
src/800.c:17121: note: this is the location of the previous definition
17121 | #define gte_stflg(r0) __asm__ volatile (         \
      | 
src/800.c:17274: warning: "gte_stopz" redefined
17274 | #define gte_stopz(r0) __asm__ volatile("swc2 $24, 0(%0)" : : "r"(r0) : "memory")
      | 
src/800.c:17129: note: this is the location of the previous definition
17129 | #define gte_stopz(r0) __asm__ volatile (         \
      | 
src/800.c:17275: warning: "gte_stotz" redefined
17275 | #define gte_stotz(r0) __asm__ volatile("swc2 $7, 0(%0)" : : "r"(r0) : "memory")
      | 
src/800.c:17135: note: this is the location of the previous definition
17135 | #define gte_stotz(r0) __asm__ volatile (         \
      | 
src/800.c:17278: warning: "gte_stsxy3_g4" redefined
17278 | #define gte_stsxy3_g4(r0) __asm__ volatile(                                 \
      | 
src/800.c:16983: note: this is the location of the previous definition
16983 | #define gte_stsxy3_g4(r0) __asm__ volatile (     \
      | 
src/800.c:17408: warning: "gte_ldv0" redefined
17408 | #define gte_ldv0(r0) __asm__ volatile (                  \
      | 
src/800.c:17259: note: this is the location of the previous definition
17259 | #define gte_ldv0(r0)  __asm__ volatile("lwc2 $0, 0(%0);lwc2 $1, 4(%0)" : : "r"(r0))
      | 
src/800.c:17413: warning: "gte_ldv3" redefined
17413 | #define gte_ldv3(r0, r1, r2) __asm__ volatile (          \
      | 
src/800.c:17260: note: this is the location of the previous definition
17260 | #define gte_ldv3(r0, r1, r2) __asm__ volatile(                              \
      | 
src/800.c:17422: warning: "gte_ldrgb" redefined
17422 | #define gte_ldrgb(r0) __asm__ volatile (                 \
      | 
src/800.c:17264: note: this is the location of the previous definition
17264 | #define gte_ldrgb(r0) __asm__ volatile("lwc2 $6, 0(%0)" : : "r"(r0))
      | 
src/800.c:17426: warning: "gte_rtpt" redefined
17426 | #define gte_rtpt()  __asm__ volatile ("nop;nop;.word 0x4A280030")
      | 
src/800.c:17266: note: this is the location of the previous definition
17266 | #define gte_rtpt()  __asm__ volatile("nop;nop;cop2 0x0280030")
      | 
src/800.c:17427: warning: "gte_nclip" redefined
17427 | #define gte_nclip() __asm__ volatile ("nop;nop;.word 0x4B400006")
      | 
src/800.c:17268: note: this is the location of the previous definition
17268 | #define gte_nclip() __asm__ volatile("nop;nop;cop2 0x1400006")
      | 
src/800.c:17428: warning: "gte_avsz3" redefined
17428 | #define gte_avsz3() __asm__ volatile ("nop;nop;.word 0x4B58002D")
      | 
src/800.c:17118: note: this is the location of the previous definition
17118 | #define gte_avsz3() __asm__ volatile ("nop;nop;avsz3")
      | 
src/800.c:17429: warning: "gte_nccs" redefined
17429 | #define gte_nccs()  __asm__ volatile ("nop;nop;.word 0x4B08041B")
      | 
src/800.c:17271: note: this is the location of the previous definition
17271 | #define gte_nccs()  __asm__ volatile("nop;nop;cop2 0x108041b")
      | 
src/800.c:17430: warning: "gte_stflg" redefined
17430 | #define gte_stflg(r0) __asm__ volatile (                 \
      | 
src/800.c:17273: note: this is the location of the previous definition
17273 | #define gte_stflg(r0) __asm__ volatile("cfc2 $12, $31;nop;sw $12, 0(%0)" : : "r"(r0) : "$12", "memory")
      | 
src/800.c:17437: warning: "gte_stopz" redefined
17437 | #define gte_stopz(r0) __asm__ volatile (                 \
      | 
src/800.c:17274: note: this is the location of the previous definition
17274 | #define gte_stopz(r0) __asm__ volatile("swc2 $24, 0(%0)" : : "r"(r0) : "memory")
      | 
src/800.c:17442: warning: "gte_stotz" redefined
17442 | #define gte_stotz(r0) __asm__ volatile (                 \
      | 
src/800.c:17275: note: this is the location of the previous definition
17275 | #define gte_stotz(r0) __asm__ volatile("swc2 $7, 0(%0)" : : "r"(r0) : "memory")
      | 
src/800.c:17606: warning: "gte_rtps" redefined
17606 | #define gte_rtps()  __asm__ volatile ("nop;nop;rtps")
      | 
src/800.c:17267: note: this is the location of the previous definition
17267 | #define gte_rtps()  __asm__ volatile("nop;nop;cop2 0x0180001")
      | 
src/800.c:17607: warning: "gte_rtpt" redefined
17607 | #define gte_rtpt()  __asm__ volatile ("nop;nop;rtpt")
      | 
src/800.c:17426: note: this is the location of the previous definition
17426 | #define gte_rtpt()  __asm__ volatile ("nop;nop;.word 0x4A280030")
      | 
src/800.c:17608: warning: "gte_nclip" redefined
17608 | #define gte_nclip() __asm__ volatile ("nop;nop;nclip")
      | 
src/800.c:17427: note: this is the location of the previous definition
17427 | #define gte_nclip() __asm__ volatile ("nop;nop;.word 0x4B400006")
      | 
src/800.c:17609: warning: "gte_avsz4" redefined
17609 | #define gte_avsz4() __asm__ volatile ("nop;nop;avsz4")
      | 
src/800.c:17269: note: this is the location of the previous definition
17269 | #define gte_avsz4() __asm__ volatile("nop;nop;cop2 0x168002e")
      | 
src/800.c:17610: warning: "gte_nccs" redefined
17610 | #define gte_nccs()  __asm__ volatile ("nop;nop;nccs")
      | 
src/800.c:17429: note: this is the location of the previous definition
17429 | #define gte_nccs()  __asm__ volatile ("nop;nop;.word 0x4B08041B")
      | 
src/800.c:17644: warning: "gte_stsxy3_g4" redefined
17644 | #define gte_stsxy3_g4(r0) __asm__ volatile (     \
      | 
src/800.c:17278: note: this is the location of the previous definition
17278 | #define gte_stsxy3_g4(r0) __asm__ volatile(                                 \
      | 
src/800.c: In function `func_800221A8':
src/800.c:14885: warning: passing arg 1 of `func_800226C0' makes pointer from integer without a cast
src/800.c:14885: warning: passing arg 2 of `func_800226C0' makes pointer from integer without a cast
src/800.c:14885: warning: passing arg 3 of `func_800226C0' makes pointer from integer without a cast
src/800.c:14885: warning: passing arg 4 of `func_800226C0' makes pointer from integer without a cast
src/800.c:17979: warning: "gte_stsz4" redefined
17979 | #define gte_stsz4(r0, r1, r2, r3) __asm__ volatile ( \
      | 
src/800.c:17282: note: this is the location of the previous definition
17282 | #define gte_stsz4(r0, r1, r2, r3) __asm__ volatile(                         \
      | 
src/800.c:17987: warning: "gte_strgb2" redefined
17987 | #define gte_strgb2(r0) __asm__ volatile (         \
      | 
src/800.c:17277: note: this is the location of the previous definition
17277 | #define gte_strgb2(r0) __asm__ volatile("swc2 $22, 0(%0)" : : "r"(r0) : "memory")
      | 
src/800.c:18121: warning: "gte_avsz3" redefined
18121 | #define gte_avsz3() __asm__ volatile ("nop;nop;avsz3")
      | 
src/800.c:17428: note: this is the location of the previous definition
17428 | #define gte_avsz3() __asm__ volatile ("nop;nop;.word 0x4B58002D")
      | 
src/800.c:18122: warning: "gte_ncct" redefined
18122 | #define gte_ncct()  __asm__ volatile ("nop;nop;ncct")
      | 
src/800.c:17270: note: this is the location of the previous definition
17270 | #define gte_ncct()  __asm__ volatile("nop;nop;cop2 0x118043f")
      | 
src/800.c:18163:41: warning: "/*" within comment [-Wcomment]
18163 |  * NOTE: the target .s carries splat's "/* Handwritten function * /" marker (and marks
      |                                          
src/800.c:19349: warning: "gte_stflg" redefined
19349 | #define gte_stflg(r0) __asm__ volatile (        \
      | 
src/800.c:18248: note: this is the location of the previous definition
18248 | #define gte_stflg(r0) __asm__ volatile (          \
      | 
src/800.c:19369: warning: "gte_stsxy3_g3" redefined
19369 | #define gte_stsxy3_g3(r0) __asm__ volatile (    \
      | 
src/800.c:17452: note: this is the location of the previous definition
17452 | #define gte_stsxy3_g3(r0) __asm__ volatile (             \
      | 
src/800.c:19428: warning: "gte_ldv0" redefined
19428 | #define gte_ldv0(r0) __asm__ volatile (          \
      | 
src/800.c:18225: note: this is the location of the previous definition
18225 | #define gte_ldv0(r0) __asm__ volatile (           \
      | 
src/800.c:19433: warning: "gte_ldv3" redefined
19433 | #define gte_ldv3(r0, r1, r2) __asm__ volatile (  \
      | 
src/800.c:19335: note: this is the location of the previous definition
19335 | #define gte_ldv3(r0, r1, r2) __asm__ volatile ( \
      | 
src/800.c:19442: warning: "gte_rtps" redefined
19442 | #define gte_rtps()  __asm__ volatile ("nop;nop;.word 0x4a180001")
      | 
src/800.c:18241: note: this is the location of the previous definition
18241 | #define gte_rtps()  __asm__ volatile ("nop;nop;rtps")
      | 
src/800.c:19443: warning: "gte_rtpt" redefined
19443 | #define gte_rtpt()  __asm__ volatile ("nop;nop;.word 0x4a280030")
      | 
src/800.c:19345: note: this is the location of the previous definition
19345 | #define gte_rtpt()  __asm__ volatile ("nop;nop;rtpt")
      | 
src/800.c:19444: warning: "gte_nclip" redefined
19444 | #define gte_nclip() __asm__ volatile ("nop;nop;.word 0x4b400006")
      | 
src/800.c:19346: note: this is the location of the previous definition
19346 | #define gte_nclip() __asm__ volatile ("nop;nop;nclip")
      | 
src/800.c:19445: warning: "gte_avsz4" redefined
19445 | #define gte_avsz4() __asm__ volatile ("nop;nop;.word 0x4b68002e")
      | 
src/800.c:18244: note: this is the location of the previous definition
18244 | #define gte_avsz4() __asm__ volatile ("nop;nop;avsz4")
      | 
src/800.c:19447: warning: "gte_stflg" redefined
19447 | #define gte_stflg(r0) __asm__ volatile (         \
      | 
src/800.c:19349: note: this is the location of the previous definition
19349 | #define gte_stflg(r0) __asm__ volatile (        \
      | 
src/800.c:19453: warning: "gte_stsxy2" redefined
19453 | #define gte_stsxy2(r0) __asm__ volatile (        \
      | 
src/800.c:17276: note: this is the location of the previous definition
17276 | #define gte_stsxy2(r0) __asm__ volatile("swc2 $14, 0(%0)" : : "r"(r0) : "memory")
      | 
src/800.c:19457: warning: "gte_stsxy3_g4" redefined
19457 | #define gte_stsxy3_g4(r0) __asm__ volatile (     \
      | 
src/800.c:17644: note: this is the location of the previous definition
17644 | #define gte_stsxy3_g4(r0) __asm__ volatile (     \
      | 
src/800.c:19463: warning: "gte_stotz" redefined
19463 | #define gte_stotz(r0) __asm__ volatile (         \
      | 
src/800.c:19363: note: this is the location of the previous definition
19363 | #define gte_stotz(r0) __asm__ volatile (        \
      | 
src/800.c:19467: warning: "gte_stopz" redefined
19467 | #define gte_stopz(r0) __asm__ volatile (         \
      | 
src/800.c:19357: note: this is the location of the previous definition
19357 | #define gte_stopz(r0) __asm__ volatile (        \
      | 
src/800.c:19554: warning: "gte_ldv3" redefined
19554 | #define gte_ldv3(r0, r1, r2) __asm__ volatile (  \
      | 
src/800.c:19433: note: this is the location of the previous definition
19433 | #define gte_ldv3(r0, r1, r2) __asm__ volatile (  \
      | 
src/800.c:19564: warning: "gte_rtpt" redefined
19564 | #define gte_rtpt() __asm__ volatile ("nop;nop;rtpt")
      | 
src/800.c:19443: note: this is the location of the previous definition
19443 | #define gte_rtpt()  __asm__ volatile ("nop;nop;.word 0x4a280030")
      | 
src/800.c:19565: warning: "gte_nclip" redefined
19565 | #define gte_nclip() __asm__ volatile ("nop;nop;nclip")
      | 
src/800.c:19444: note: this is the location of the previous definition
19444 | #define gte_nclip() __asm__ volatile ("nop;nop;.word 0x4b400006")
      | 
src/800.c:19567: warning: "gte_stflg" redefined
19567 | #define gte_stflg(r0) __asm__ volatile (         \
      | 
src/800.c:19447: note: this is the location of the previous definition
19447 | #define gte_stflg(r0) __asm__ volatile (         \
      | 
src/800.c:19575: warning: "gte_stopz" redefined
19575 | #define gte_stopz(r0) __asm__ volatile (         \
      | 
src/800.c:19467: note: this is the location of the previous definition
19467 | #define gte_stopz(r0) __asm__ volatile (         \
      | 
src/800.c:19599: warning: "gte_stotz" redefined
19599 | #define gte_stotz(r0) __asm__ volatile (         \
      | 
src/800.c:19463: note: this is the location of the previous definition
19463 | #define gte_stotz(r0) __asm__ volatile (         \
      | 
src/800.c: At top level:
src/800.c:16744: warning: type mismatch with previous external decl
src/800.c:16398: warning: previous external decl of `func_80024BC0'
src/800.c:19722: warning: "gte_ldv3" redefined
19722 | #define gte_ldv3(r0, r1, r2) __asm__ __volatile__ ( \
      | 
src/800.c:19554: note: this is the location of the previous definition
19554 | #define gte_ldv3(r0, r1, r2) __asm__ volatile (  \
      | 
src/800.c:19732: warning: "gte_ldv0" redefined
19732 | #define gte_ldv0(r0) __asm__ __volatile__ ( \
      | 
src/800.c:19428: note: this is the location of the previous definition
19428 | #define gte_ldv0(r0) __asm__ volatile (          \
      | 
src/800.c:19738: warning: "gte_rtpt" redefined
19738 | #define gte_rtpt() __asm__ __volatile__ ("nop;nop;rtpt")
      | 
src/800.c:19564: note: this is the location of the previous definition
19564 | #define gte_rtpt() __asm__ volatile ("nop;nop;rtpt")
      | 
src/800.c:19739: warning: "gte_rtps" redefined
19739 | #define gte_rtps() __asm__ __volatile__ ("nop;nop;rtps")
      | 
src/800.c:19442: note: this is the location of the previous definition
19442 | #define gte_rtps()  __asm__ volatile ("nop;nop;.word 0x4a180001")
      | 
src/800.c:19740: warning: "gte_nclip" redefined
19740 | #define gte_nclip() __asm__ __volatile__ ("nop;nop;nclip")
      | 
src/800.c:19565: note: this is the location of the previous definition
19565 | #define gte_nclip() __asm__ volatile ("nop;nop;nclip")
      | 
src/800.c:19741: warning: "gte_avsz4" redefined
19741 | #define gte_avsz4() __asm__ __volatile__ ("nop;nop;avsz4")
      | 
src/800.c:19445: note: this is the location of the previous definition
19445 | #define gte_avsz4() __asm__ volatile ("nop;nop;.word 0x4b68002e")
      | 
src/800.c:19743: warning: "gte_stflg" redefined
19743 | #define gte_stflg(r0) __asm__ __volatile__ ( \
      | 
src/800.c:19567: note: this is the location of the previous definition
19567 | #define gte_stflg(r0) __asm__ volatile (         \
      | 
src/800.c:19751: warning: "gte_stopz" redefined
19751 | #define gte_stopz(r0) __asm__ __volatile__ ( \
      | 
src/800.c:19575: note: this is the location of the previous definition
19575 | #define gte_stopz(r0) __asm__ volatile (         \
      | 
src/800.c:19757: warning: "gte_stotz" redefined
19757 | #define gte_stotz(r0) __asm__ __volatile__ ( \
      | 
src/800.c:19599: note: this is the location of the previous definition
19599 | #define gte_stotz(r0) __asm__ volatile (         \
      | 
src/800.c:19763: warning: "gte_stsxy" redefined
19763 | #define gte_stsxy(r0) __asm__ __volatile__ ( \
      | 
src/800.c:18268: note: this is the location of the previous definition
18268 | #define gte_stsxy(r0) __asm__ volatile (          \
      | 
src/800.c:19769: warning: "gte_stsxy3_g4" redefined
19769 | #define gte_stsxy3_g4(r0) __asm__ __volatile__ ( \
      | 
src/800.c:19457: note: this is the location of the previous definition
19457 | #define gte_stsxy3_g4(r0) __asm__ volatile (     \
      | 
src/800.c:19777: warning: "gte_stsz4" redefined
19777 | #define gte_stsz4(r0, r1, r2, r3) __asm__ __volatile__ ( \
      | 
src/800.c:17979: note: this is the location of the previous definition
17979 | #define gte_stsz4(r0, r1, r2, r3) __asm__ volatile ( \
      | 
src/800.c:19951: warning: "gte_ldv3" redefined
19951 | #define gte_ldv3(r0, r1, r2) __asm__ volatile (  \
      | 
src/800.c:19722: note: this is the location of the previous definition
19722 | #define gte_ldv3(r0, r1, r2) __asm__ __volatile__ ( \
      | 
src/800.c:19966: warning: "gte_rtpt" redefined
19966 | #define gte_rtpt()  __asm__ volatile ("nop;nop;rtpt")
      | 
src/800.c:19738: note: this is the location of the previous definition
19738 | #define gte_rtpt() __asm__ __volatile__ ("nop;nop;rtpt")
      | 
src/800.c:19967: warning: "gte_nclip" redefined
19967 | #define gte_nclip() __asm__ volatile ("nop;nop;nclip")
      | 
src/800.c:19740: note: this is the location of the previous definition
19740 | #define gte_nclip() __asm__ __volatile__ ("nop;nop;nclip")
      | 
src/800.c:19970: warning: "gte_stflg" redefined
19970 | #define gte_stflg(r0) __asm__ volatile (         \
      | 
src/800.c:19743: note: this is the location of the previous definition
19743 | #define gte_stflg(r0) __asm__ __volatile__ ( \
      | 
src/800.c:19978: warning: "gte_stopz" redefined
19978 | #define gte_stopz(r0) __asm__ volatile (         \
      | 
src/800.c:19751: note: this is the location of the previous definition
19751 | #define gte_stopz(r0) __asm__ __volatile__ ( \
      | 
src/800.c:17032: warning: type mismatch with previous external decl
src/800.c:16399: warning: previous external decl of `func_80025000'
src/800.c:19992: warning: "gte_stsxy3_g3" redefined
19992 | #define gte_stsxy3_g3(r0) __asm__ volatile (     \
      | 
src/800.c:19369: note: this is the location of the previous definition
19369 | #define gte_stsxy3_g3(r0) __asm__ volatile (    \
      | 
src/800.c:20056: warning: "gte_ldv0" redefined
20056 | #define gte_ldv0(r0) __asm__ volatile (          \
      | 
src/800.c:19732: note: this is the location of the previous definition
19732 | #define gte_ldv0(r0) __asm__ __volatile__ ( \
      | 
src/800.c:20077: warning: "gte_rtps" redefined
20077 | #define gte_rtps()  __asm__ volatile ("nop;nop;rtps")
      | 
src/800.c:19739: note: this is the location of the previous definition
19739 | #define gte_rtps() __asm__ __volatile__ ("nop;nop;rtps")
      | 
src/800.c:20097: warning: "gte_stsxy" redefined
20097 | #define gte_stsxy(r0) __asm__ volatile (         \
      | 
src/800.c:19763: note: this is the location of the previous definition
19763 | #define gte_stsxy(r0) __asm__ __volatile__ ( \
      | 
src/800.c:20109: warning: "gte_stsz4" redefined
20109 | #define gte_stsz4(r0, r1, r2, r3) __asm__ volatile ( \
      | 
src/800.c:19777: note: this is the location of the previous definition
19777 | #define gte_stsz4(r0, r1, r2, r3) __asm__ __volatile__ ( \
      | 
src/800.c:20118: warning: "gte_stsxy3_g4" redefined
20118 | #define gte_stsxy3_g4(r0) __asm__ volatile (     \
      | 
src/800.c:19769: note: this is the location of the previous definition
19769 | #define gte_stsxy3_g4(r0) __asm__ __volatile__ ( \
      | 
src/800.c:20126: warning: "gte_strgb3_g4" redefined
20126 | #define gte_strgb3_g4(r0) __asm__ volatile (     \
      | 
src/800.c:17280: note: this is the location of the previous definition
17280 | #define gte_strgb3_g4(r0) __asm__ volatile(                                 \
      | 
src/800.c:17491: warning: type mismatch with previous external decl
src/800.c:16400: warning: previous external decl of `func_80025818'
src/800.c:18172: warning: type mismatch with previous external decl
src/800.c:16401: warning: previous external decl of `func_80026128'
src/800.c:18330: warning: type mismatch with previous external decl
src/800.c:16402: warning: previous external decl of `func_800262D8'
src/800.c:19911: warning: type mismatch with previous external decl
src/800.c:19896: warning: previous external decl of `func_80027C10'
src/800.c:19911: warning: type mismatch with previous implicit declaration
src/800.c:19896: warning: previous implicit declaration of `func_80027C10'
src/800.c:19911: warning: `func_80027C10' was previously implicitly declared to return `int'
src/800.c:20603: warning: type mismatch with previous external decl
src/800.c:1664: warning: previous external decl of `func_80028A48'
src/800.c:20603: warning: type mismatch with previous implicit declaration
src/800.c:1664: warning: previous implicit declaration of `func_80028A48'
src/800.c:20603: warning: `func_80028A48' was previously implicitly declared to return `int'
src/800.c:20673: warning: type mismatch with previous external decl
src/800.c:1665: warning: previous external decl of `func_80028C50'
src/800.c:20673: warning: type mismatch with previous implicit declaration
src/800.c:1665: warning: previous implicit declaration of `func_80028C50'
src/800.c:20673: warning: `func_80028C50' was previously implicitly declared to return `int'
src/800.c:21977: warning: type mismatch with previous external decl
src/800.c:21934: warning: previous external decl of `func_8002A960'
src/800.c:21977: warning: type mismatch with previous implicit declaration
src/800.c:21934: warning: previous implicit declaration of `func_8002A960'
src/800.c:21977: warning: `func_8002A960' was previously implicitly declared to return `int'
jtbl_rodata_pads --derive main: 0,0t1,0,0t1,0t1,0,0,0t1,0t1,0,0,0
{standard input}: Assembler messages:
{standard input}:26846: Warning: used $at without ".set noat"
{standard input}:26847: Warning: used $at without ".set noat"
{standard input}:26848: Warning: used $at without ".set noat"
{standard input}:26877: Warning: used $at without ".set noat"
{standard input}:26878: Warning: used $at without ".set noat"
{standard input}:26879: Warning: used $at without ".set noat"
{standard input}:27138: Warning: used $at without ".set noat"
{standard input}:27139: Warning: used $at without ".set noat"
{standard input}:27140: Warning: used $at without ".set noat"
{standard input}:27169: Warning: used $at without ".set noat"
{standard input}:27170: Warning: used $at without ".set noat"
{standard input}:27171: Warning: used $at without ".set noat"
  CC      build/src/snd9.o
  CC      build/src/libapi2.o
  CC      build/src/libgte4.o
  CC      build/src/libgte5.o
  CC      build/src/libgte15.o
  CC      build/src/libapi1.o
  CC      build/src/apicard4.o
  CC      build/src/sgap_3.o
  CC      build/src/libgs2.o
  CC      build/src/libpad2.o
  CC      build/src/libgte18.o
  CC      build/src/libgte7.o
  CC      build/src/libgte2.o
  CC      build/src/libgte20.o
  CC      build/src/snd1.o
  CC      build/src/libgte1.o
  CC      build/src/snd6.o
  CC      build/src/libgte19.o
  CC      build/src/libgte6.o
  CC      build/src/libmcrd2.o
  CC      build/src/apicard3.o
  CC      build/src/sgap_2.o
  CC      build/src/libgte8.o
  CC      build/src/libgte28.o
  CC      build/src/800_b_2.o
src/800_b_2.c: In function `func_8002D320':
src/800_b_2.c:662: warning: type mismatch with previous external decl
src/800_b_2.c:373: warning: previous external decl of `func_8003D3B4'
src/800_b_2.c:662: warning: type mismatch with previous implicit declaration
src/800_b_2.c:373: warning: previous implicit declaration of `func_8003D3B4'
src/800_b_2.c:663: warning: type mismatch with previous external decl
src/800_b_2.c:375: warning: previous external decl of `func_8003C23C'
src/800_b_2.c:663: warning: type mismatch with previous implicit declaration
src/800_b_2.c:375: warning: previous implicit declaration of `func_8003C23C'
src/800_b_2.c: In function `func_8002F5C8':
src/800_b_2.c:2440: warning: assignment from incompatible pointer type
src/800_b_2.c: At top level:
src/800_b_2.c:3286: warning: type mismatch with previous external decl
src/800_b_2.c:2855: warning: previous external decl of `D_800A46D2'
src/800_b_2.c:3693: warning: type mismatch with previous external decl
src/800_b_2.c:373: warning: previous external decl of `func_8003D3B4'
src/800_b_2.c:3693: warning: type mismatch with previous implicit declaration
src/800_b_2.c:373: warning: previous implicit declaration of `func_8003D3B4'
src/800_b_2.c:3693: warning: `func_8003D3B4' was previously implicitly declared to return `int'
src/800_b_2.c: In function `func_80031988':
src/800_b_2.c:4151: warning: cast to pointer from integer of different size
src/800_b_2.c:4156: warning: cast to pointer from integer of different size
src/800_b_2.c:4160: warning: cast to pointer from integer of different size
src/800_b_2.c:4165: warning: cast to pointer from integer of different size
src/800_b_2.c:4169: warning: cast to pointer from integer of different size
src/800_b_2.c:4174: warning: cast to pointer from integer of different size
src/800_b_2.c:4178: warning: cast to pointer from integer of different size
src/800_b_2.c:4183: warning: cast to pointer from integer of different size
src/800_b_2.c: In function `func_80032A74':
src/800_b_2.c:5529: warning: passing arg 1 of `func_800316F8' makes integer from pointer without a cast
src/800_b_2.c: In function `func_80034314':
src/800_b_2.c:6862: warning: passing arg 1 of `func_80034650' from incompatible pointer type
jtbl_rodata_pads --derive main: 0,0,0,0,0,0,0t1,0,0
  CC      build/src/apicard2.o
  CC      build/src/apicard6.o
  CC      build/src/libcd2.o
  CC      build/src/sgap_4.o
  CC      build/src/snd10.o
  CC      build/src/libgs7.o
  CC      build/src/libgte24.o
  CC      build/src/sgap_8.o
  CC      build/src/apicard1.o
  CC      build/src/libgte9.o
  CC      build/src/snd12.o
  CC      build/src/libgte13.o
  CC      build/src/libgs4.o
  CC      build/src/libgs3.o
  CC      build/src/snd2.o
  CC      build/src/libgs5.o
  CC      build/src/apicard7.o
  CC      build/src/sgap_5.o
  CC      build/src/libgte26.o
  CC      build/src/snd3.o
  CC      build/src/800_b_o0a.o
  CC      build/src/libgte14.o
  CC      build/src/libgte3.o
  CC      build/src/libgte25.o
  CC      build/src/libgs8.o
  CC      build/src/libgte30.o
integrate libcd: 18 objects in 2 block(s) -> stubs ['libcd1', 'libcd2']; 18 NOLOAD sections; 45 externals -> build/psyq/libcd_externals.ld
  .. GS_001.o: .bss split ×6: .bss [0x0000,0x0028) @0x80078810 · .bss2 [0x0028,0x0030) @0x800a4f3c (cut at `PSDBASEX`) · .bss3 [0x0030,0x0038) @0x800ae820 (cut at `CLIP2`) · .bss4 [0x0038,0x003c) @0x800a4f40 (cut at `PSDBASEY`) · .bss5 [0x003c,0x0048) @0x800a5e50 (cut at `POSITION`) · .bss6 [0x0048,0x00c2) @0x800a6438 (cut at `GsDRAWENV`) — scattered commons tiled at link-prepare
integrate libgs_used: 34 objects in 8 block(s) -> stubs ['libgs1', 'libgs2', 'libgs3', 'libgs4', 'libgs5', 'libgs6', 'libgs7', 'libgs8']; 18 NOLOAD sections; 179 externals -> build/psyq/libgs_externals.ld
integrate libetc: 5 objects in 1 block(s) -> stubs ['libetc']; 8 NOLOAD sections; 7 externals -> build/psyq/libetc_externals.ld
  .. SYS.o: .bss split ×2: .bss [0x0000,0x0144) @0x80078830 · .bss2 [0x0144,0x1944) @0x800c5510 (cut at `_que`) — scattered commons tiled at link-prepare
integrate libgpu: 3 objects in 2 block(s) -> stubs ['libgpu', 'libgpu2']; 5 NOLOAD sections; 23 externals -> build/psyq/libgpu_externals.ld
integrate libmcrd: 2 objects in 2 block(s) -> stubs ['libmcrd1', 'libmcrd2']; 6 NOLOAD sections; 37 externals -> build/psyq/libmcrd_externals.ld
integrate libc2: 17 objects in 2 block(s) -> stubs ['libc2_1', 'libc2_2']; 6 NOLOAD sections; 32 externals -> build/psyq/libc2_externals.ld
  .. SMP_06.o @0x80049600 (4 ins) is NESTED inside SMP_05.o — sub-pattern, not wired
integrate libgte: 70 objects in 30 block(s) -> stubs ['libgte1', 'libgte2', 'libgte3', 'libgte4', 'libgte5', 'libgte6', 'libgte7', 'libgte8', 'libgte9', 'libgte10', 'libgte11', 'libgte12', 'libgte13', 'libgte14', 'libgte15', 'libgte16', 'libgte17', 'libgte18', 'libgte19', 'libgte20', 'libgte21', 'libgte22', 'libgte23', 'libgte24', 'libgte25', 'libgte26', 'libgte27', 'libgte28', 'libgte29', 'libgte30']; 6 NOLOAD sections; 24 externals -> build/psyq/libgte_externals.ld
  .. VM_F.o: .bss split ×2: .bss [0x0000,0x0508) @0x80079580 · .bss2 [0x0508,0x06d8) @0x800b9b58 (cut at `_svm_sreg_buf`) — scattered commons tiled at link-prepare
integrate snd_used: 63 objects in 12 block(s) -> stubs ['snd1', 'snd2', 'snd3', 'snd4', 'snd5', 'snd6', 'snd7', 'snd8', 'snd9', 'snd10', 'snd11', 'snd12']; 13 NOLOAD sections; 106 externals -> build/psyq/snd_externals.ld
integrate apicard_used: 26 objects in 7 block(s) -> stubs ['apicard1', 'apicard2', 'apicard3', 'apicard4', 'apicard5', 'apicard6', 'apicard7']; 7 NOLOAD sections; 0 externals -> build/psyq/apicard_externals.ld
integrate libapi42: 23 objects in 2 block(s) -> stubs ['libapi1', 'libapi2']; 1 NOLOAD sections; 2 externals -> build/psyq/libapi42_externals.ld
integrate libpad421: 7 objects in 2 block(s) -> stubs ['libpad1', 'libpad2']; 7 NOLOAD sections; 7 externals -> build/psyq/libpad_externals.ld
  LD      build/us/SLUS_007.26.elf
  OBJCOPY build/us/SLUS_007.26
[ OK ] build/us/SLUS_007.26
       sha1 143dbb89f34491258bbc27810d0a12ec8b43a8dd == config/check.us.sha  (BYTE-IDENTICAL)
sdk-dual: leg 2 — WITHOUT (NO_SDK=1, build/psyq removed)
splat 0.41.0 (powered by spimdisasm 1.41.0)
  0%|          | 0/1096 [00:00<?, ?it/s]Loading symbols (symbols.us):   0%|          | 0/1096 [00:00<?, ?it/s]Loading symbols (symbols.us): 100%|██████████| 1096/1096 [00:00<00:00, 235475.73it/s]
  0%|          | 0/47 [00:00<?, ?it/s]Loading symbols (symbols.us.ram):   0%|          | 0/47 [00:00<?, ?it/s]Loading symbols (symbols.us.ram): 100%|██████████| 47/47 [00:00<00:00, 648461.47it/s]
  0%|          | 0/2 [00:00<?, ?it/s]Scanning header:   0%|          | 0/2 [00:00<?, ?it/s]Scanning main:   0%|          | 0/2 [00:00<?, ?it/s]  
Rodata segment '800' may belong to the text segment '800'
    Based on the usage from the function LzssDecodeSector to the symbol jtbl_80072A38

The rodata segment '800' has jumptables that are not aligned properly file-wise, indicating one or more likely file split.
File split suggestions for this segment will follow in config yaml format:
      - [0x6324C, .rodata]
      - [0x63388, .rodata]
      - [0x633FC, .rodata]


Rodata segment '800_b' may belong to the text segment '800_b'
    Based on the usage from the function func_8002B0B4 to the symbol jtbl_80072E44

Rodata segment '800_b_2' may belong to the text segment '800_b_2'
    Based on the usage from the function func_8002DC68 to the symbol jtbl_80072F3C

The rodata segment '800_b_2' has jumptables that are not aligned properly file-wise, indicating one or more likely file split.
File split suggestions for this segment will follow in config yaml format:
      - [0x63920, .rodata]


Rodata segment '800_c' may belong to the text segment '800_c'
    Based on the usage from the function func_80035270 to the symbol jtbl_800732A0
Scanning main: 100%|██████████| 2/2 [00:01<00:00,  1.75it/s]Scanning main: 100%|██████████| 2/2 [00:01<00:00,  1.75it/s]
  0%|          | 0/2 [00:00<?, ?it/s]Splitting header:   0%|          | 0/2 [00:00<?, ?it/s]Splitting main:   0%|          | 0/2 [00:00<?, ?it/s]  Splitting main: 100%|██████████| 2/2 [00:00<00:00,  2.84it/s]Splitting main: 100%|██████████| 2/2 [00:00<00:00,  2.84it/s]
  0%|          | 0/2 [00:00<?, ?it/s]Linker script header:   0%|          | 0/2 [00:00<?, ?it/s]Linker script main:   0%|          | 0/2 [00:00<?, ?it/s]  Linker script main: 100%|██████████| 2/2 [00:00<00:00, 111.57it/s]
Split 340 KB (82.28%) in defined segments
              header:     2 KB (0.50%) 1 split, 0 cached
                   c:   338 KB (81.78%) 85 split, 0 cached
             unknown:      0 B (0.00%) from unknown bin files
ld_interleave --order: .main island = 8 pieces [53198.data.o, 800.o, 63470.data.o, 800_b.o, 800_b_2.o, 63940.data.o, 800_c.o, 63C4C.data.o]; pre=0 text=85 empties=166 bss=85
  AS      build/asm/header.o
  AS      build/asm/data/63C4C.data.o
  AS      build/asm/data/63470.data.o
  AS      build/asm/data/53198.data.o
  AS      build/asm/data/63940.data.o
  CC      build/src/libgte23.o
  CC      build/src/libgte21.o
  CC      build/src/libgte11.o
  CC      build/src/libgte17.o
  CC      build/src/800_c.o
src/800_c.c: In function `func_800387C0':
src/800_c.c:2776: warning: assignment makes integer from pointer without a cast
src/800_c.c:2778: warning: assignment makes integer from pointer without a cast
src/800_c.c:2780: warning: assignment makes integer from pointer without a cast
src/800_c.c:2785: warning: assignment makes integer from pointer without a cast
src/800_c.c: At top level:
src/800_c.c:2855: warning: type mismatch with previous external decl
src/800_c.c:2544: warning: previous external decl of `func_80038908'
src/800_c.c:2855: warning: type mismatch with previous implicit declaration
src/800_c.c:2544: warning: previous implicit declaration of `func_80038908'
src/800_c.c:2855: warning: `func_80038908' was previously implicitly declared to return `int'
src/800_c.c: In function `func_800391D4':
src/800_c.c:3394: warning: assignment makes pointer from integer without a cast
src/800_c.c:3413: warning: assignment makes pointer from integer without a cast
src/800_c.c: At top level:
src/800_c.c:3478: warning: type mismatch with previous external decl
src/800_c.c:3272: warning: previous external decl of `func_80039308'
src/800_c.c:3759: warning: type mismatch with previous external decl
src/800_c.c:3271: warning: previous external decl of `func_80039B20'
src/800_c.c:3793: warning: type mismatch with previous external decl
src/800_c.c:3273: warning: previous external decl of `func_80039C5C'
src/800_c.c:3924: warning: type mismatch with previous external decl
src/800_c.c:3274: warning: previous external decl of `func_80039F50'
src/800_c.c: In function `func_80039F50':
src/800_c.c:3941: warning: passing arg 1 of `func_80039C70' from incompatible pointer type
src/800_c.c: At top level:
src/800_c.c:3977: warning: type mismatch with previous external decl
src/800_c.c:3275: warning: previous external decl of `func_8003A098'
src/800_c.c:3985: warning: type mismatch with previous external decl
src/800_c.c:3276: warning: previous external decl of `func_8003A0D0'
src/800_c.c:4000: warning: type mismatch with previous external decl
src/800_c.c:3277: warning: previous external decl of `func_8003A0E4'
src/800_c.c:4056: warning: type mismatch with previous external decl
src/800_c.c:3278: warning: previous external decl of `func_8003A234'
jtbl_rodata_pads --derive main: 0t1,0t1,0,0,0,0,0,0
  CC      build/src/libgs6.o
  CC      build/src/snd8.o
  CC      build/src/800_b.o
jtbl_rodata_pads --derive main: 0,0,0,0,0
  CC      build/src/snd5.o
  CC      build/src/libc2_1.o
  CC      build/src/gap.o
  CC      build/src/libgte12.o
  CC      build/src/snd11.o
  CC      build/src/snd7.o
  CC      build/src/libgte10.o
  CC      build/src/libgpu2.o
  CC      build/src/libpad1.o
  CC      build/src/800b2.o
  CC      build/src/apicard5.o
  CC      build/src/boot.o
src/boot.c: In function `func_80010ED4':
src/boot.c:581: warning: passing arg 4 of `CdReadRequest' makes integer from pointer without a cast
{standard input}: Assembler messages:
{standard input}:24: Warning: used $at without ".set noat"
{standard input}:25: Warning: used $at without ".set noat"
{standard input}:44: Warning: used $at without ".set noat"
{standard input}:45: Warning: used $at without ".set noat"
{standard input}:47: Warning: used $at without ".set noat"
{standard input}:48: Warning: used $at without ".set noat"
{standard input}:49: Warning: used $at without ".set noat"
{standard input}:50: Warning: used $at without ".set noat"
{standard input}:78: Warning: used $at without ".set noat"
{standard input}:79: Warning: used $at without ".set noat"
  CC      build/src/snd4.o
  CC      build/src/sgap_6.o
  CC      build/src/libgte27.o
  CC      build/src/libmcrd1.o
  CC      build/src/libgs1.o
  CC      build/src/libcd1.o
  CC      build/src/libgte22.o
  CC      build/src/sgap.o
  CC      build/src/libgpu.o
  CC      build/src/libgte16.o
  CC      build/src/libgte29.o
  CC      build/src/libc2_2.o
  CC      build/src/libetc.o
  CC      build/src/800.o
src/800.c:630: warning: type mismatch with previous external decl
src/800.c:625: warning: previous external decl of `func_80012E0C'
src/800.c:630: warning: type mismatch with previous implicit declaration
src/800.c:625: warning: previous implicit declaration of `func_80012E0C'
src/800.c:686: warning: type mismatch with previous external decl
src/800.c:683: warning: previous external decl of `func_80013028'
src/800.c:686: warning: type mismatch with previous implicit declaration
src/800.c:683: warning: previous implicit declaration of `func_80013028'
src/800.c: In function `func_800134FC':
src/800.c:980: warning: passing arg 1 of `func_800484EC' makes integer from pointer without a cast
src/800.c: In function `func_8001382C':
src/800.c:1208: warning: passing arg 1 of `func_800484EC' makes integer from pointer without a cast
src/800.c:1208: warning: passing arg 2 of `func_800484EC' makes integer from pointer without a cast
src/800.c:1208: warning: passing arg 3 of `func_800484EC' makes integer from pointer without a cast
src/800.c: In function `func_80013B64':
src/800.c:1399: warning: passing arg 1 of `func_800484EC' makes integer from pointer without a cast
src/800.c: In function `func_800141AC':
src/800.c:1633: warning: passing arg 2 of `func_800484EC' makes integer from pointer without a cast
src/800.c:1633: warning: passing arg 3 of `func_800484EC' makes integer from pointer without a cast
src/800.c: At top level:
src/800.c:1739: warning: type mismatch with previous external decl
src/800.c:1659: warning: previous external decl of `func_800143AC'
src/800.c:1739: warning: type mismatch with previous implicit declaration
src/800.c:1659: warning: previous implicit declaration of `func_800143AC'
src/800.c:1739: warning: `func_800143AC' was previously implicitly declared to return `int'
src/800.c:1783: warning: type mismatch with previous external decl
src/800.c:1660: warning: previous external decl of `func_80014444'
src/800.c:1783: warning: type mismatch with previous implicit declaration
src/800.c:1660: warning: previous implicit declaration of `func_80014444'
src/800.c:1783: warning: `func_80014444' was previously implicitly declared to return `int'
src/800.c:1850: warning: type mismatch with previous external decl
src/800.c:1662: warning: previous external decl of `func_80014588'
src/800.c:1850: warning: type mismatch with previous implicit declaration
src/800.c:1662: warning: previous implicit declaration of `func_80014588'
src/800.c:1850: warning: `func_80014588' was previously implicitly declared to return `int'
src/800.c:2013: warning: type mismatch with previous external decl
src/800.c:1654: warning: previous external decl of `func_80014928'
src/800.c:2013: warning: type mismatch with previous implicit declaration
src/800.c:1654: warning: previous implicit declaration of `func_80014928'
src/800.c:2013: warning: `func_80014928' was previously implicitly declared to return `int'
src/800.c:2576: warning: type mismatch with previous external decl
src/800.c:1663: warning: previous external decl of `func_80015310'
src/800.c:2576: warning: type mismatch with previous implicit declaration
src/800.c:1663: warning: previous implicit declaration of `func_80015310'
src/800.c:2576: warning: `func_80015310' was previously implicitly declared to return `int'
src/800.c: In function `func_80015310':
src/800.c:2577: warning: type mismatch with previous external decl
src/800.c:1852: warning: previous external decl of `D_800B97D8'
src/800.c: At top level:
src/800.c:2601: warning: type mismatch with previous external decl
src/800.c:2597: warning: previous external decl of `func_800153A4'
src/800.c:2601: warning: type mismatch with previous implicit declaration
src/800.c:2597: warning: previous implicit declaration of `func_800153A4'
src/800.c:2601: warning: `func_800153A4' was previously implicitly declared to return `int'
src/800.c:2619: warning: type mismatch with previous external decl
src/800.c:2615: warning: previous external decl of `func_80015424'
src/800.c:2619: warning: type mismatch with previous implicit declaration
src/800.c:2615: warning: previous implicit declaration of `func_80015424'
src/800.c:2619: warning: `func_80015424' was previously implicitly declared to return `int'
src/800.c: In function `func_8001544C':
src/800.c:2632: warning: type mismatch with previous external decl
src/800.c:1852: warning: previous external decl of `D_800B97D8'
src/800.c: In function `func_80015B6C':
src/800.c:3110: warning: type mismatch with previous external decl
src/800.c:1740: warning: previous external decl of `D_800A651C'
src/800.c: In function `func_80015F04':
src/800.c:3447: warning: type mismatch with previous external decl
src/800.c:1740: warning: previous external decl of `D_800A651C'
src/800.c: In function `func_80016224':
src/800.c:3596: warning: type mismatch with previous external decl
src/800.c:1740: warning: previous external decl of `D_800A651C'
src/800.c: At top level:
src/800.c:3766: warning: type mismatch with previous external decl
src/800.c:3597: warning: previous external decl of `D_800AE7BC'
src/800.c:4141: warning: type mismatch with previous external decl
src/800.c:4104: warning: previous external decl of `func_80016A7C'
src/800.c:4141: warning: type mismatch with previous implicit declaration
src/800.c:4108: warning: previous implicit declaration of `func_80016A7C'
src/800.c:4141: warning: `func_80016A7C' was previously implicitly declared to return `int'
src/800.c:4572: warning: type mismatch with previous external decl
src/800.c:4460: warning: previous external decl of `func_80016F18'
src/800.c:4572: warning: type mismatch with previous implicit declaration
src/800.c:4470: warning: previous implicit declaration of `func_80016F18'
src/800.c:4572: warning: `func_80016F18' was previously implicitly declared to return `int'
src/800.c:4755: warning: type mismatch with previous external decl
src/800.c:4701: warning: previous external decl of `func_80017294'
src/800.c:4755: warning: type mismatch with previous implicit declaration
src/800.c:4706: warning: previous implicit declaration of `func_80017294'
src/800.c:4755: warning: `func_80017294' was previously implicitly declared to return `int'
src/800.c:4844: warning: type mismatch with previous external decl
src/800.c:4792: warning: previous external decl of `func_800173DC'
src/800.c:4844: warning: type mismatch with previous implicit declaration
src/800.c:4797: warning: previous implicit declaration of `func_800173DC'
src/800.c:4844: warning: `func_800173DC' was previously implicitly declared to return `int'
src/800.c:4900: warning: type mismatch with previous external decl
src/800.c:4877: warning: previous external decl of `func_8001751C'
src/800.c:4900: warning: type mismatch with previous implicit declaration
src/800.c:4882: warning: previous implicit declaration of `func_8001751C'
src/800.c:4900: warning: `func_8001751C' was previously implicitly declared to return `int'
src/800.c: In function `func_80017714':
src/800.c:4985: warning: type mismatch with previous external decl
src/800.c:4981: warning: previous external decl of `func_80017778'
src/800.c:4985: warning: type mismatch with previous implicit declaration
src/800.c:4981: warning: previous implicit declaration of `func_80017778'
src/800.c: At top level:
src/800.c:5049: warning: type mismatch with previous external decl
src/800.c:4981: warning: previous external decl of `func_80017778'
src/800.c:5049: warning: type mismatch with previous implicit declaration
src/800.c:4996: warning: previous implicit declaration of `func_80017778'
src/800.c:5049: warning: `func_80017778' was previously implicitly declared to return `int'
src/800.c:5201: warning: type mismatch with previous external decl
src/800.c:5087: warning: previous external decl of `func_80017930'
src/800.c:5201: warning: type mismatch with previous implicit declaration
src/800.c:5095: warning: previous implicit declaration of `func_80017930'
src/800.c:5201: warning: `func_80017930' was previously implicitly declared to return `int'
src/800.c: In function `func_80017F14':
src/800.c:5545: warning: type mismatch with previous external decl
src/800.c:1740: warning: previous external decl of `D_800A651C'
src/800.c: In function `func_80018194':
src/800.c:5615: warning: type mismatch with previous external decl
src/800.c:1740: warning: previous external decl of `D_800A651C'
src/800.c: At top level:
src/800.c:5756: warning: type mismatch with previous external decl
src/800.c:1852: warning: previous external decl of `D_800B97D8'
src/800.c: In function `func_80019064':
src/800.c:6342: warning: assignment makes integer from pointer without a cast
src/800.c: At top level:
src/800.c:7849: warning: prototype for `func_80018714' follows
src/800.c:5854: warning: non-prototype definition here
src/800.c: In function `CdReadSectorReadyCB':
src/800.c:7890: warning: passing arg 1 of `func_800599B8' from incompatible pointer type
src/800.c:7976: warning: passing arg 1 of `func_800599B8' from incompatible pointer type
src/800.c: At top level:
src/800.c:9379: warning: type mismatch with previous external decl
src/800.c:1661: warning: previous external decl of `func_8001C044'
src/800.c:9379: warning: type mismatch with previous implicit declaration
src/800.c:1661: warning: previous implicit declaration of `func_8001C044'
src/800.c:9379: warning: `func_8001C044' was previously implicitly declared to return `int'
src/800.c: In function `func_8001C5B8':
src/800.c:9638: warning: type mismatch with previous external decl
src/800.c:9473: warning: previous external decl of `GsMapModelingData'
src/800.c: At top level:
src/800.c:9748: warning: type mismatch with previous external decl
src/800.c:9473: warning: previous external decl of `GsMapModelingData'
src/800.c: In function `func_8001CB6C':
src/800.c:9923: warning: passing arg 1 of `func_8001CF48' makes integer from pointer without a cast
src/800.c: In function `func_8001D074_impl':
src/800.c:10147: warning: return makes integer from pointer without a cast
src/800.c:13779: warning: "gte_ldv0" redefined
13779 | #define gte_ldv0(r0)  __asm__ __volatile__( \
      | 
src/800.c:11203: note: this is the location of the previous definition
11203 | #define gte_ldv0(r0) __asm__ volatile (          \
      | 
src/800.c:13796: warning: "gte_stflg" redefined
13796 | #define gte_stflg(r0)  __asm__ __volatile__( \
      | 
src/800.c:11227: note: this is the location of the previous definition
11227 | #define gte_stflg(r0) __asm__ volatile (         \
      | 
src/800.c:13906: warning: "gte_ldv0" redefined
13906 | #define gte_ldv0(r0) __asm__ volatile (          \
      | 
src/800.c:13779: note: this is the location of the previous definition
13779 | #define gte_ldv0(r0)  __asm__ __volatile__( \
      | 
src/800.c:13946: warning: "gte_stflg" redefined
13946 | #define gte_stflg(r0) __asm__ volatile (         \
      | 
src/800.c:13796: note: this is the location of the previous definition
13796 | #define gte_stflg(r0)  __asm__ __volatile__( \
      | 
src/800.c: In function `func_8001F9F8':
src/800.c:12328: warning: passing arg 1 of `func_8001FB8C' from incompatible pointer type
src/800.c:12337: warning: passing arg 1 of `func_8001FB8C' from incompatible pointer type
src/800.c:12346: warning: passing arg 1 of `func_8001FB8C' from incompatible pointer type
src/800.c:12355: warning: passing arg 1 of `func_8001FB8C' from incompatible pointer type
src/800.c:12364: warning: passing arg 1 of `func_8001FB8C' from incompatible pointer type
src/800.c:12373: warning: passing arg 1 of `func_8001FB8C' from incompatible pointer type
src/800.c:12382: warning: passing arg 1 of `func_8001FB8C' from incompatible pointer type
src/800.c: At top level:
src/800.c:12807: warning: type mismatch with previous external decl
src/800.c:12591: warning: previous external decl of `D_80074818'
src/800.c:12808: warning: type mismatch with previous external decl
src/800.c:12592: warning: previous external decl of `D_80075018'
src/800.c:16823: warning: "gte_stflg" redefined
16823 | #define gte_stflg(r0) __asm__ volatile (        \
      | 
src/800.c:16702: note: this is the location of the previous definition
16702 | #define gte_stflg(r0) __asm__ volatile (         \
      | 
src/800.c:16957: warning: "gte_stflg" redefined
16957 | #define gte_stflg(r0) __asm__ volatile (         \
      | 
src/800.c:16823: note: this is the location of the previous definition
16823 | #define gte_stflg(r0) __asm__ volatile (        \
      | 
src/800.c:17149: warning: "gte_stsxy3_g3" redefined
17149 | #define gte_stsxy3_g3(r0) __asm__ volatile (     \
      | 
src/800.c:16849: note: this is the location of the previous definition
16849 | #define gte_stsxy3_g3(r0) __asm__ volatile (    \
      | 
src/800.c:17259: warning: "gte_ldv0" redefined
17259 | #define gte_ldv0(r0)  __asm__ volatile("lwc2 $0, 0(%0);lwc2 $1, 4(%0)" : : "r"(r0))
      | 
src/800.c:16930: note: this is the location of the previous definition
16930 | #define gte_ldv0(r0) __asm__ volatile (          \
      | 
src/800.c:17260: warning: "gte_ldv3" redefined
17260 | #define gte_ldv3(r0, r1, r2) __asm__ volatile(                              \
      | 
src/800.c:17101: note: this is the location of the previous definition
17101 | #define gte_ldv3(r0, r1, r2) __asm__ volatile (  \
      | 
src/800.c:17264: warning: "gte_ldrgb" redefined
17264 | #define gte_ldrgb(r0) __asm__ volatile("lwc2 $6, 0(%0)" : : "r"(r0))
      | 
src/800.c:17111: note: this is the location of the previous definition
17111 | #define gte_ldrgb(r0) __asm__ volatile (         \
      | 
src/800.c:17266: warning: "gte_rtpt" redefined
17266 | #define gte_rtpt()  __asm__ volatile("nop;nop;cop2 0x0280030")
      | 
src/800.c:17116: note: this is the location of the previous definition
17116 | #define gte_rtpt()  __asm__ volatile ("nop;nop;rtpt")
      | 
src/800.c:17267: warning: "gte_rtps" redefined
17267 | #define gte_rtps()  __asm__ volatile("nop;nop;cop2 0x0180001")
      | 
src/800.c:16951: note: this is the location of the previous definition
16951 | #define gte_rtps()  __asm__ volatile ("nop;nop;rtps")
      | 
src/800.c:17268: warning: "gte_nclip" redefined
17268 | #define gte_nclip() __asm__ volatile("nop;nop;cop2 0x1400006")
      | 
src/800.c:17117: note: this is the location of the previous definition
17117 | #define gte_nclip() __asm__ volatile ("nop;nop;nclip")
      | 
src/800.c:17269: warning: "gte_avsz4" redefined
17269 | #define gte_avsz4() __asm__ volatile("nop;nop;cop2 0x168002e")
      | 
src/800.c:16954: note: this is the location of the previous definition
16954 | #define gte_avsz4() __asm__ volatile ("nop;nop;avsz4")
      | 
src/800.c:17270: warning: "gte_ncct" redefined
17270 | #define gte_ncct()  __asm__ volatile("nop;nop;cop2 0x118043f")
      | 
src/800.c:17119: note: this is the location of the previous definition
17119 | #define gte_ncct()  __asm__ volatile ("nop;nop;ncct")
      | 
src/800.c:17271: warning: "gte_nccs" redefined
17271 | #define gte_nccs()  __asm__ volatile("nop;nop;cop2 0x108041b")
      | 
src/800.c:16955: note: this is the location of the previous definition
16955 | #define gte_nccs()  __asm__ volatile ("nop;nop;nccs")
      | 
src/800.c:17273: warning: "gte_stflg" redefined
17273 | #define gte_stflg(r0) __asm__ volatile("cfc2 $12, $31;nop;sw $12, 0(%0)" : : "r"(r0) : "$12", "memory")
      | 
src/800.c:17121: note: this is the location of the previous definition
17121 | #define gte_stflg(r0) __asm__ volatile (         \
      | 
src/800.c:17274: warning: "gte_stopz" redefined
17274 | #define gte_stopz(r0) __asm__ volatile("swc2 $24, 0(%0)" : : "r"(r0) : "memory")
      | 
src/800.c:17129: note: this is the location of the previous definition
17129 | #define gte_stopz(r0) __asm__ volatile (         \
      | 
src/800.c:17275: warning: "gte_stotz" redefined
17275 | #define gte_stotz(r0) __asm__ volatile("swc2 $7, 0(%0)" : : "r"(r0) : "memory")
      | 
src/800.c:17135: note: this is the location of the previous definition
17135 | #define gte_stotz(r0) __asm__ volatile (         \
      | 
src/800.c:17278: warning: "gte_stsxy3_g4" redefined
17278 | #define gte_stsxy3_g4(r0) __asm__ volatile(                                 \
      | 
src/800.c:16983: note: this is the location of the previous definition
16983 | #define gte_stsxy3_g4(r0) __asm__ volatile (     \
      | 
src/800.c:17408: warning: "gte_ldv0" redefined
17408 | #define gte_ldv0(r0) __asm__ volatile (                  \
      | 
src/800.c:17259: note: this is the location of the previous definition
17259 | #define gte_ldv0(r0)  __asm__ volatile("lwc2 $0, 0(%0);lwc2 $1, 4(%0)" : : "r"(r0))
      | 
src/800.c:17413: warning: "gte_ldv3" redefined
17413 | #define gte_ldv3(r0, r1, r2) __asm__ volatile (          \
      | 
src/800.c:17260: note: this is the location of the previous definition
17260 | #define gte_ldv3(r0, r1, r2) __asm__ volatile(                              \
      | 
src/800.c:17422: warning: "gte_ldrgb" redefined
17422 | #define gte_ldrgb(r0) __asm__ volatile (                 \
      | 
src/800.c:17264: note: this is the location of the previous definition
17264 | #define gte_ldrgb(r0) __asm__ volatile("lwc2 $6, 0(%0)" : : "r"(r0))
      | 
src/800.c:17426: warning: "gte_rtpt" redefined
17426 | #define gte_rtpt()  __asm__ volatile ("nop;nop;.word 0x4A280030")
      | 
src/800.c:17266: note: this is the location of the previous definition
17266 | #define gte_rtpt()  __asm__ volatile("nop;nop;cop2 0x0280030")
      | 
src/800.c:17427: warning: "gte_nclip" redefined
17427 | #define gte_nclip() __asm__ volatile ("nop;nop;.word 0x4B400006")
      | 
src/800.c:17268: note: this is the location of the previous definition
17268 | #define gte_nclip() __asm__ volatile("nop;nop;cop2 0x1400006")
      | 
src/800.c:17428: warning: "gte_avsz3" redefined
17428 | #define gte_avsz3() __asm__ volatile ("nop;nop;.word 0x4B58002D")
      | 
src/800.c:17118: note: this is the location of the previous definition
17118 | #define gte_avsz3() __asm__ volatile ("nop;nop;avsz3")
      | 
src/800.c:17429: warning: "gte_nccs" redefined
17429 | #define gte_nccs()  __asm__ volatile ("nop;nop;.word 0x4B08041B")
      | 
src/800.c:17271: note: this is the location of the previous definition
17271 | #define gte_nccs()  __asm__ volatile("nop;nop;cop2 0x108041b")
      | 
src/800.c:17430: warning: "gte_stflg" redefined
17430 | #define gte_stflg(r0) __asm__ volatile (                 \
      | 
src/800.c:17273: note: this is the location of the previous definition
17273 | #define gte_stflg(r0) __asm__ volatile("cfc2 $12, $31;nop;sw $12, 0(%0)" : : "r"(r0) : "$12", "memory")
      | 
src/800.c:17437: warning: "gte_stopz" redefined
17437 | #define gte_stopz(r0) __asm__ volatile (                 \
      | 
src/800.c:17274: note: this is the location of the previous definition
17274 | #define gte_stopz(r0) __asm__ volatile("swc2 $24, 0(%0)" : : "r"(r0) : "memory")
      | 
src/800.c:17442: warning: "gte_stotz" redefined
17442 | #define gte_stotz(r0) __asm__ volatile (                 \
      | 
src/800.c:17275: note: this is the location of the previous definition
17275 | #define gte_stotz(r0) __asm__ volatile("swc2 $7, 0(%0)" : : "r"(r0) : "memory")
      | 
src/800.c:17606: warning: "gte_rtps" redefined
17606 | #define gte_rtps()  __asm__ volatile ("nop;nop;rtps")
      | 
src/800.c:17267: note: this is the location of the previous definition
17267 | #define gte_rtps()  __asm__ volatile("nop;nop;cop2 0x0180001")
      | 
src/800.c:17607: warning: "gte_rtpt" redefined
17607 | #define gte_rtpt()  __asm__ volatile ("nop;nop;rtpt")
      | 
src/800.c:17426: note: this is the location of the previous definition
17426 | #define gte_rtpt()  __asm__ volatile ("nop;nop;.word 0x4A280030")
      | 
src/800.c:17608: warning: "gte_nclip" redefined
17608 | #define gte_nclip() __asm__ volatile ("nop;nop;nclip")
      | 
src/800.c:17427: note: this is the location of the previous definition
17427 | #define gte_nclip() __asm__ volatile ("nop;nop;.word 0x4B400006")
      | 
src/800.c:17609: warning: "gte_avsz4" redefined
17609 | #define gte_avsz4() __asm__ volatile ("nop;nop;avsz4")
      | 
src/800.c:17269: note: this is the location of the previous definition
17269 | #define gte_avsz4() __asm__ volatile("nop;nop;cop2 0x168002e")
      | 
src/800.c: src/800.c:17610: warning: "gte_nccs" redefined
17610 | #define gte_nccs()  __asm__ volatile ("nop;nop;nccs")
      | 
In function `func_800221A8':
src/800.c:14885: warning: passing arg 1 of `func_800226C0' makes pointer from integer without a cast
src/800.c:14885: warning: passing arg 2 of `func_800226C0' makes pointer from integer without a cast
src/800.c:14885: warning: passing arg 3 of `func_800226C0' makes pointer from integer without a cast
src/800.c:14885: warning: passing arg 4 of `func_800226C0' makes pointer from integer without a cast
src/800.c:17429: note: this is the location of the previous definition
17429 | #define gte_nccs()  __asm__ volatile ("nop;nop;.word 0x4B08041B")
      | 
src/800.c:17644: warning: "gte_stsxy3_g4" redefined
17644 | #define gte_stsxy3_g4(r0) __asm__ volatile (     \
      | 
src/800.c:17278: note: this is the location of the previous definition
17278 | #define gte_stsxy3_g4(r0) __asm__ volatile(                                 \
      | 
src/800.c:17979: warning: "gte_stsz4" redefined
17979 | #define gte_stsz4(r0, r1, r2, r3) __asm__ volatile ( \
      | 
src/800.c:17282: note: this is the location of the previous definition
17282 | #define gte_stsz4(r0, r1, r2, r3) __asm__ volatile(                         \
      | 
src/800.c:17987: warning: "gte_strgb2" redefined
17987 | #define gte_strgb2(r0) __asm__ volatile (         \
      | 
src/800.c:17277: note: this is the location of the previous definition
17277 | #define gte_strgb2(r0) __asm__ volatile("swc2 $22, 0(%0)" : : "r"(r0) : "memory")
      | 
src/800.c:18121: warning: "gte_avsz3" redefined
18121 | #define gte_avsz3() __asm__ volatile ("nop;nop;avsz3")
      | 
src/800.c:17428: note: this is the location of the previous definition
17428 | #define gte_avsz3() __asm__ volatile ("nop;nop;.word 0x4B58002D")
      | 
src/800.c:18122: warning: "gte_ncct" redefined
18122 | #define gte_ncct()  __asm__ volatile ("nop;nop;ncct")
      | 
src/800.c:17270: note: this is the location of the previous definition
17270 | #define gte_ncct()  __asm__ volatile("nop;nop;cop2 0x118043f")
      | 
src/800.c:18163:41: warning: "/*" within comment [-Wcomment]
18163 |  * NOTE: the target .s carries splat's "/* Handwritten function * /" marker (and marks
      |                                          
src/800.c:19349: warning: "gte_stflg" redefined
19349 | #define gte_stflg(r0) __asm__ volatile (        \
      | 
src/800.c:18248: note: this is the location of the previous definition
18248 | #define gte_stflg(r0) __asm__ volatile (          \
      | 
src/800.c:19369: warning: "gte_stsxy3_g3" redefined
19369 | #define gte_stsxy3_g3(r0) __asm__ volatile (    \
      | 
src/800.c:17452: note: this is the location of the previous definition
17452 | #define gte_stsxy3_g3(r0) __asm__ volatile (             \
      | 
src/800.c:19428: warning: "gte_ldv0" redefined
19428 | #define gte_ldv0(r0) __asm__ volatile (          \
      | 
src/800.c:18225: note: this is the location of the previous definition
18225 | #define gte_ldv0(r0) __asm__ volatile (           \
      | 
src/800.c:19433: warning: "gte_ldv3" redefined
19433 | #define gte_ldv3(r0, r1, r2) __asm__ volatile (  \
      | 
src/800.c:19335: note: this is the location of the previous definition
19335 | #define gte_ldv3(r0, r1, r2) __asm__ volatile ( \
      | 
src/800.c:19442: warning: "gte_rtps" redefined
19442 | #define gte_rtps()  __asm__ volatile ("nop;nop;.word 0x4a180001")
      | 
src/800.c:18241: note: this is the location of the previous definition
18241 | #define gte_rtps()  __asm__ volatile ("nop;nop;rtps")
      | 
src/800.c:19443: warning: "gte_rtpt" redefined
19443 | #define gte_rtpt()  __asm__ volatile ("nop;nop;.word 0x4a280030")
      | 
src/800.c:19345: note: this is the location of the previous definition
19345 | #define gte_rtpt()  __asm__ volatile ("nop;nop;rtpt")
      | 
src/800.c:19444: warning: "gte_nclip" redefined
19444 | #define gte_nclip() __asm__ volatile ("nop;nop;.word 0x4b400006")
      | 
src/800.c:19346: note: this is the location of the previous definition
19346 | #define gte_nclip() __asm__ volatile ("nop;nop;nclip")
      | 
src/800.c:19445: warning: "gte_avsz4" redefined
19445 | #define gte_avsz4() __asm__ volatile ("nop;nop;.word 0x4b68002e")
      | 
src/800.c:18244: note: this is the location of the previous definition
18244 | #define gte_avsz4() __asm__ volatile ("nop;nop;avsz4")
      | 
src/800.c:19447: warning: "gte_stflg" redefined
19447 | #define gte_stflg(r0) __asm__ volatile (         \
      | 
src/800.c:19349: note: this is the location of the previous definition
19349 | #define gte_stflg(r0) __asm__ volatile (        \
      | 
src/800.c:19453: warning: "gte_stsxy2" redefined
19453 | #define gte_stsxy2(r0) __asm__ volatile (        \
      | 
src/800.c:17276: note: this is the location of the previous definition
17276 | #define gte_stsxy2(r0) __asm__ volatile("swc2 $14, 0(%0)" : : "r"(r0) : "memory")
      | 
src/800.c:19457: warning: "gte_stsxy3_g4" redefined
19457 | #define gte_stsxy3_g4(r0) __asm__ volatile (     \
      | 
src/800.c:17644: note: this is the location of the previous definition
17644 | #define gte_stsxy3_g4(r0) __asm__ volatile (     \
      | 
src/800.c:19463: warning: "gte_stotz" redefined
19463 | #define gte_stotz(r0) __asm__ volatile (         \
      | 
src/800.c:19363: note: this is the location of the previous definition
19363 | #define gte_stotz(r0) __asm__ volatile (        \
      | 
src/800.c:19467: warning: "gte_stopz" redefined
19467 | #define gte_stopz(r0) __asm__ volatile (         \
      | 
src/800.c:19357: note: this is the location of the previous definition
19357 | #define gte_stopz(r0) __asm__ volatile (        \
      | 
src/800.c:19554: warning: "gte_ldv3" redefined
19554 | #define gte_ldv3(r0, r1, r2) __asm__ volatile (  \
      | 
src/800.c:19433: note: this is the location of the previous definition
19433 | #define gte_ldv3(r0, r1, r2) __asm__ volatile (  \
      | 
src/800.c:19564: warning: "gte_rtpt" redefined
19564 | #define gte_rtpt() __asm__ volatile ("nop;nop;rtpt")
      | 
src/800.c:19443: note: this is the location of the previous definition
19443 | #define gte_rtpt()  __asm__ volatile ("nop;nop;.word 0x4a280030")
      | 
src/800.c:19565: warning: "gte_nclip" redefined
19565 | #define gte_nclip() __asm__ volatile ("nop;nop;nclip")
      | 
src/800.c:19444: note: this is the location of the previous definition
19444 | #define gte_nclip() __asm__ volatile ("nop;nop;.word 0x4b400006")
      | 
src/800.c:19567: warning: "gte_stflg" redefined
19567 | #define gte_stflg(r0) __asm__ volatile (         \
      | 
src/800.c:19447: note: this is the location of the previous definition
19447 | #define gte_stflg(r0) __asm__ volatile (         \
      | 
src/800.c:19575: warning: "gte_stopz" redefined
19575 | #define gte_stopz(r0) __asm__ volatile (         \
      | 
src/800.c:19467: note: this is the location of the previous definition
19467 | #define gte_stopz(r0) __asm__ volatile (         \
      | 
src/800.c:19599: warning: "gte_stotz" redefined
19599 | #define gte_stotz(r0) __asm__ volatile (         \
      | 
src/800.c:19463: note: this is the location of the previous definition
19463 | #define gte_stotz(r0) __asm__ volatile (         \
      | 
src/800.c: At top level:
src/800.c:16744: warning: type mismatch with previous external decl
src/800.c:16398: warning: previous external decl of `func_80024BC0'
src/800.c:19722: warning: "gte_ldv3" redefined
19722 | #define gte_ldv3(r0, r1, r2) __asm__ __volatile__ ( \
      | 
src/800.c:19554: note: this is the location of the previous definition
19554 | #define gte_ldv3(r0, r1, r2) __asm__ volatile (  \
      | 
src/800.c:19732: warning: "gte_ldv0" redefined
19732 | #define gte_ldv0(r0) __asm__ __volatile__ ( \
      | 
src/800.c:19428: note: this is the location of the previous definition
19428 | #define gte_ldv0(r0) __asm__ volatile (          \
      | 
src/800.c:19738: warning: "gte_rtpt" redefined
19738 | #define gte_rtpt() __asm__ __volatile__ ("nop;nop;rtpt")
      | 
src/800.c:19564: note: this is the location of the previous definition
19564 | #define gte_rtpt() __asm__ volatile ("nop;nop;rtpt")
      | 
src/800.c:19739: warning: "gte_rtps" redefined
19739 | #define gte_rtps() __asm__ __volatile__ ("nop;nop;rtps")
      | 
src/800.c:19442: note: this is the location of the previous definition
19442 | #define gte_rtps()  __asm__ volatile ("nop;nop;.word 0x4a180001")
      | 
src/800.c:19740: warning: "gte_nclip" redefined
19740 | #define gte_nclip() __asm__ __volatile__ ("nop;nop;nclip")
      | 
src/800.c:19565: note: this is the location of the previous definition
19565 | #define gte_nclip() __asm__ volatile ("nop;nop;nclip")
      | 
src/800.c:19741: warning: "gte_avsz4" redefined
19741 | #define gte_avsz4() __asm__ __volatile__ ("nop;nop;avsz4")
      | 
src/800.c:19445: note: this is the location of the previous definition
19445 | #define gte_avsz4() __asm__ volatile ("nop;nop;.word 0x4b68002e")
      | 
src/800.c:19743: warning: "gte_stflg" redefined
19743 | #define gte_stflg(r0) __asm__ __volatile__ ( \
      | 
src/800.c:19567: note: this is the location of the previous definition
19567 | #define gte_stflg(r0) __asm__ volatile (         \
      | 
src/800.c:19751: warning: "gte_stopz" redefined
19751 | #define gte_stopz(r0) __asm__ __volatile__ ( \
      | 
src/800.c:19575: note: this is the location of the previous definition
19575 | #define gte_stopz(r0) __asm__ volatile (         \
      | 
src/800.c:19757: warning: "gte_stotz" redefined
19757 | #define gte_stotz(r0) __asm__ __volatile__ ( \
      | 
src/800.c:19599: note: this is the location of the previous definition
19599 | #define gte_stotz(r0) __asm__ volatile (         \
      | 
src/800.c:19763: warning: "gte_stsxy" redefined
19763 | #define gte_stsxy(r0) __asm__ __volatile__ ( \
      | 
src/800.c:18268: note: this is the location of the previous definition
18268 | #define gte_stsxy(r0) __asm__ volatile (          \
      | 
src/800.c:19769: warning: "gte_stsxy3_g4" redefined
19769 | #define gte_stsxy3_g4(r0) __asm__ __volatile__ ( \
      | 
src/800.c:19457: note: this is the location of the previous definition
19457 | #define gte_stsxy3_g4(r0) __asm__ volatile (     \
      | 
src/800.c:19777: warning: "gte_stsz4" redefined
19777 | #define gte_stsz4(r0, r1, r2, r3) __asm__ __volatile__ ( \
      | 
src/800.c:17979: note: this is the location of the previous definition
17979 | #define gte_stsz4(r0, r1, r2, r3) __asm__ volatile ( \
      | 
src/800.c:19951: warning: "gte_ldv3" redefined
19951 | #define gte_ldv3(r0, r1, r2) __asm__ volatile (  \
      | 
src/800.c:19722: note: this is the location of the previous definition
19722 | #define gte_ldv3(r0, r1, r2) __asm__ __volatile__ ( \
      | 
src/800.c:19966: warning: "gte_rtpt" redefined
19966 | #define gte_rtpt()  __asm__ volatile ("nop;nop;rtpt")
      | 
src/800.c:19738: note: this is the location of the previous definition
19738 | #define gte_rtpt() __asm__ __volatile__ ("nop;nop;rtpt")
      | 
src/800.c:19967: warning: "gte_nclip" redefined
19967 | #define gte_nclip() __asm__ volatile ("nop;nop;nclip")
      | 
src/800.c:19740: note: this is the location of the previous definition
19740 | #define gte_nclip() __asm__ __volatile__ ("nop;nop;nclip")
      | 
src/800.c:19970: warning: "gte_stflg" redefined
19970 | #define gte_stflg(r0) __asm__ volatile (         \
      | 
src/800.c:19743: note: this is the location of the previous definition
19743 | #define gte_stflg(r0) __asm__ __volatile__ ( \
      | 
src/800.c:19978: warning: "gte_stopz" redefined
19978 | #define gte_stopz(r0) __asm__ volatile (         \
      | 
src/800.c:17032: warning: type mismatch with previous external decl
src/800.c:16399: warning: previous external decl of `func_80025000'
src/800.c:19751: note: this is the location of the previous definition
19751 | #define gte_stopz(r0) __asm__ __volatile__ ( \
      | 
src/800.c:19992: warning: "gte_stsxy3_g3" redefined
19992 | #define gte_stsxy3_g3(r0) __asm__ volatile (     \
      | 
src/800.c:19369: note: this is the location of the previous definition
19369 | #define gte_stsxy3_g3(r0) __asm__ volatile (    \
      | 
src/800.c:20056: warning: "gte_ldv0" redefined
20056 | #define gte_ldv0(r0) __asm__ volatile (          \
      | 
src/800.c:19732: note: this is the location of the previous definition
19732 | #define gte_ldv0(r0) __asm__ __volatile__ ( \
      | 
src/800.c:20077: warning: "gte_rtps" redefined
20077 | #define gte_rtps()  __asm__ volatile ("nop;nop;rtps")
      | 
src/800.c:19739: note: this is the location of the previous definition
19739 | #define gte_rtps() __asm__ __volatile__ ("nop;nop;rtps")
      | 
src/800.c:20097: warning: "gte_stsxy" redefined
20097 | #define gte_stsxy(r0) __asm__ volatile (         \
      | 
src/800.c:19763: note: this is the location of the previous definition
19763 | #define gte_stsxy(r0) __asm__ __volatile__ ( \
      | 
src/800.c:20109: warning: "gte_stsz4" redefined
20109 | #define gte_stsz4(r0, r1, r2, r3) __asm__ volatile ( \
      | 
src/800.c:19777: note: this is the location of the previous definition
19777 | #define gte_stsz4(r0, r1, r2, r3) __asm__ __volatile__ ( \
      | 
src/800.c:20118: warning: "gte_stsxy3_g4" redefined
20118 | #define gte_stsxy3_g4(r0) __asm__ volatile (     \
      | 
src/800.c:19769: note: this is the location of the previous definition
19769 | #define gte_stsxy3_g4(r0) __asm__ __volatile__ ( \
      | 
src/800.c:20126: warning: "gte_strgb3_g4" redefined
20126 | #define gte_strgb3_g4(r0) __asm__ volatile (     \
      | 
src/800.c:17280: note: this is the location of the previous definition
17280 | #define gte_strgb3_g4(r0) __asm__ volatile(                                 \
      | 
src/800.c:17491: warning: type mismatch with previous external decl
src/800.c:16400: warning: previous external decl of `func_80025818'
src/800.c:18172: warning: type mismatch with previous external decl
src/800.c:16401: warning: previous external decl of `func_80026128'
src/800.c:18330: warning: type mismatch with previous external decl
src/800.c:16402: warning: previous external decl of `func_800262D8'
src/800.c:19911: warning: type mismatch with previous external decl
src/800.c:19896: warning: previous external decl of `func_80027C10'
src/800.c:19911: warning: type mismatch with previous implicit declaration
src/800.c:19896: warning: previous implicit declaration of `func_80027C10'
src/800.c:19911: warning: `func_80027C10' was previously implicitly declared to return `int'
src/800.c:20603: warning: type mismatch with previous external decl
src/800.c:1664: warning: previous external decl of `func_80028A48'
src/800.c:20603: warning: type mismatch with previous implicit declaration
src/800.c:1664: warning: previous implicit declaration of `func_80028A48'
src/800.c:20603: warning: `func_80028A48' was previously implicitly declared to return `int'
src/800.c:20673: warning: type mismatch with previous external decl
src/800.c:1665: warning: previous external decl of `func_80028C50'
src/800.c:20673: warning: type mismatch with previous implicit declaration
src/800.c:1665: warning: previous implicit declaration of `func_80028C50'
src/800.c:20673: warning: `func_80028C50' was previously implicitly declared to return `int'
src/800.c:21977: warning: type mismatch with previous external decl
src/800.c:21934: warning: previous external decl of `func_8002A960'
src/800.c:21977: warning: type mismatch with previous implicit declaration
src/800.c:21934: warning: previous implicit declaration of `func_8002A960'
src/800.c:21977: warning: `func_8002A960' was previously implicitly declared to return `int'
jtbl_rodata_pads --derive main: 0,0t1,0,0t1,0t1,0,0,0t1,0t1,0,0,0
{standard input}: Assembler messages:
{standard input}:26846: Warning: used $at without ".set noat"
{standard input}:26847: Warning: used $at without ".set noat"
{standard input}:26848: Warning: used $at without ".set noat"
{standard input}:26877: Warning: used $at without ".set noat"
{standard input}:26878: Warning: used $at without ".set noat"
{standard input}:26879: Warning: used $at without ".set noat"
{standard input}:27138: Warning: used $at without ".set noat"
{standard input}:27139: Warning: used $at without ".set noat"
{standard input}:27140: Warning: used $at without ".set noat"
{standard input}:27169: Warning: used $at without ".set noat"
{standard input}:27170: Warning: used $at without ".set noat"
{standard input}:27171: Warning: used $at without ".set noat"
  CC      build/src/snd9.o
  CC      build/src/libapi2.o
  CC      build/src/libgte4.o
  CC      build/src/libgte5.o
  CC      build/src/libgte15.o
  CC      build/src/libapi1.o
  CC      build/src/apicard4.o
  CC      build/src/sgap_3.o
  CC      build/src/libgs2.o
  CC      build/src/libpad2.o
  CC      build/src/libgte18.o
  CC      build/src/libgte7.o
  CC      build/src/libgte2.o
  CC      build/src/libgte20.o
  CC      build/src/snd1.o
  CC      build/src/libgte1.o
  CC      build/src/snd6.o
  CC      build/src/libgte19.o
  CC      build/src/libgte6.o
  CC      build/src/libmcrd2.o
  CC      build/src/apicard3.o
  CC      build/src/sgap_2.o
  CC      build/src/libgte8.o
  CC      build/src/libgte28.o
  CC      build/src/800_b_2.o
src/800_b_2.c: In function `func_8002D320':
src/800_b_2.c:662: warning: type mismatch with previous external decl
src/800_b_2.c:373: warning: previous external decl of `func_8003D3B4'
src/800_b_2.c:662: warning: type mismatch with previous implicit declaration
src/800_b_2.c:373: warning: previous implicit declaration of `func_8003D3B4'
src/800_b_2.c:663: warning: type mismatch with previous external decl
src/800_b_2.c:375: warning: previous external decl of `func_8003C23C'
src/800_b_2.c:663: warning: type mismatch with previous implicit declaration
src/800_b_2.c:375: warning: previous implicit declaration of `func_8003C23C'
src/800_b_2.c: In function `func_8002F5C8':
src/800_b_2.c:2440: warning: assignment from incompatible pointer type
src/800_b_2.c: At top level:
src/800_b_2.c:3286: warning: type mismatch with previous external decl
src/800_b_2.c:2855: warning: previous external decl of `D_800A46D2'
src/800_b_2.c:3693: warning: type mismatch with previous external decl
src/800_b_2.c:373: warning: previous external decl of `func_8003D3B4'
src/800_b_2.c:3693: warning: type mismatch with previous implicit declaration
src/800_b_2.c:373: warning: previous implicit declaration of `func_8003D3B4'
src/800_b_2.c:3693: warning: `func_8003D3B4' was previously implicitly declared to return `int'
src/800_b_2.c: In function `func_80031988':
src/800_b_2.c:4151: warning: cast to pointer from integer of different size
src/800_b_2.c:4156: warning: cast to pointer from integer of different size
src/800_b_2.c:4160: warning: cast to pointer from integer of different size
src/800_b_2.c:4165: warning: cast to pointer from integer of different size
src/800_b_2.c:4169: warning: cast to pointer from integer of different size
src/800_b_2.c:4174: warning: cast to pointer from integer of different size
src/800_b_2.c:4178: warning: cast to pointer from integer of different size
src/800_b_2.c:4183: warning: cast to pointer from integer of different size
src/800_b_2.c: In function `func_80032A74':
src/800_b_2.c:5529: warning: passing arg 1 of `func_800316F8' makes integer from pointer without a cast
src/800_b_2.c: In function `func_80034314':
src/800_b_2.c:6862: warning: passing arg 1 of `func_80034650' from incompatible pointer type
jtbl_rodata_pads --derive main: 0,0,0,0,0,0,0t1,0,0
  CC      build/src/apicard2.o
  CC      build/src/apicard6.o
  CC      build/src/libcd2.o
  CC      build/src/sgap_4.o
  CC      build/src/snd10.o
  CC      build/src/libgs7.o
  CC      build/src/libgte24.o
  CC      build/src/sgap_8.o
  CC      build/src/apicard1.o
  CC      build/src/libgte9.o
  CC      build/src/snd12.o
  CC      build/src/libgte13.o
  CC      build/src/libgs4.o
  CC      build/src/libgs3.o
  CC      build/src/snd2.o
  CC      build/src/libgs5.o
  CC      build/src/apicard7.o
  CC      build/src/sgap_5.o
  CC      build/src/libgte26.o
  CC      build/src/snd3.o
  CC      build/src/800_b_o0a.o
  CC      build/src/libgte14.o
  CC      build/src/libgte3.o
  CC      build/src/libgte25.o
  CC      build/src/libgs8.o
  CC      build/src/libgte30.o
  NO_SDK=1: the PsyQ object integrations are SKIPPED — main links its INCLUDE_ASM stub tiles (the fresh-clone leg)
  LD      build/us/SLUS_007.26.elf
  OBJCOPY build/us/SLUS_007.26
[ OK ] build/us/SLUS_007.26
       sha1 143dbb89f34491258bbc27810d0a12ec8b43a8dd == config/check.us.sha  (BYTE-IDENTICAL)
sdk-dual: leg 3 — restoring the default (WITH) state
splat 0.41.0 (powered by spimdisasm 1.41.0)
  0%|          | 0/1096 [00:00<?, ?it/s]Loading symbols (symbols.us):   0%|          | 0/1096 [00:00<?, ?it/s]Loading symbols (symbols.us): 100%|██████████| 1096/1096 [00:00<00:00, 233941.84it/s]
  0%|          | 0/47 [00:00<?, ?it/s]Loading symbols (symbols.us.ram):   0%|          | 0/47 [00:00<?, ?it/s]Loading symbols (symbols.us.ram): 100%|██████████| 47/47 [00:00<00:00, 665987.46it/s]
  0%|          | 0/2 [00:00<?, ?it/s]Scanning header:   0%|          | 0/2 [00:00<?, ?it/s]Scanning main:   0%|          | 0/2 [00:00<?, ?it/s]  
Rodata segment '800' may belong to the text segment '800'
    Based on the usage from the function LzssDecodeSector to the symbol jtbl_80072A38

The rodata segment '800' has jumptables that are not aligned properly file-wise, indicating one or more likely file split.
File split suggestions for this segment will follow in config yaml format:
      - [0x6324C, .rodata]
      - [0x63388, .rodata]
      - [0x633FC, .rodata]


Rodata segment '800_b' may belong to the text segment '800_b'
    Based on the usage from the function func_8002B0B4 to the symbol jtbl_80072E44

Rodata segment '800_b_2' may belong to the text segment '800_b_2'
    Based on the usage from the function func_8002DC68 to the symbol jtbl_80072F3C

The rodata segment '800_b_2' has jumptables that are not aligned properly file-wise, indicating one or more likely file split.
File split suggestions for this segment will follow in config yaml format:
      - [0x63920, .rodata]


Rodata segment '800_c' may belong to the text segment '800_c'
    Based on the usage from the function func_80035270 to the symbol jtbl_800732A0
Scanning main: 100%|██████████| 2/2 [00:01<00:00,  1.78it/s]Scanning main: 100%|██████████| 2/2 [00:01<00:00,  1.78it/s]
  0%|          | 0/2 [00:00<?, ?it/s]Splitting header:   0%|          | 0/2 [00:00<?, ?it/s]Splitting main:   0%|          | 0/2 [00:00<?, ?it/s]  Splitting main: 100%|██████████| 2/2 [00:00<00:00,  2.87it/s]Splitting main: 100%|██████████| 2/2 [00:00<00:00,  2.87it/s]
  0%|          | 0/2 [00:00<?, ?it/s]Linker script header:   0%|          | 0/2 [00:00<?, ?it/s]Linker script main:   0%|          | 0/2 [00:00<?, ?it/s]  Linker script main: 100%|██████████| 2/2 [00:00<00:00, 109.21it/s]
Split 340 KB (82.28%) in defined segments
              header:     2 KB (0.50%) 1 split, 0 cached
                   c:   338 KB (81.78%) 85 split, 0 cached
             unknown:      0 B (0.00%) from unknown bin files
ld_interleave --order: .main island = 8 pieces [53198.data.o, 800.o, 63470.data.o, 800_b.o, 800_b_2.o, 63940.data.o, 800_c.o, 63C4C.data.o]; pre=0 text=85 empties=166 bss=85
  AS      build/asm/header.o
  AS      build/asm/data/63C4C.data.o
  AS      build/asm/data/63470.data.o
  AS      build/asm/data/53198.data.o
  AS      build/asm/data/63940.data.o
  CC      build/src/libgte23.o
  CC      build/src/libgte21.o
  CC      build/src/libgte11.o
  CC      build/src/libgte17.o
  CC      build/src/800_c.o
src/800_c.c: In function `func_800387C0':
src/800_c.c:2776: warning: assignment makes integer from pointer without a cast
src/800_c.c:2778: warning: assignment makes integer from pointer without a cast
src/800_c.c:2780: warning: assignment makes integer from pointer without a cast
src/800_c.c:2785: warning: assignment makes integer from pointer without a cast
src/800_c.c: At top level:
src/800_c.c:2855: warning: type mismatch with previous external decl
src/800_c.c:2544: warning: previous external decl of `func_80038908'
src/800_c.c:2855: warning: type mismatch with previous implicit declaration
src/800_c.c:2544: warning: previous implicit declaration of `func_80038908'
src/800_c.c:2855: warning: `func_80038908' was previously implicitly declared to return `int'
src/800_c.c: In function `func_800391D4':
src/800_c.c:3394: warning: assignment makes pointer from integer without a cast
src/800_c.c:3413: warning: assignment makes pointer from integer without a cast
src/800_c.c: At top level:
src/800_c.c:3478: warning: type mismatch with previous external decl
src/800_c.c:3272: warning: previous external decl of `func_80039308'
src/800_c.c:3759: warning: type mismatch with previous external decl
src/800_c.c:3271: warning: previous external decl of `func_80039B20'
src/800_c.c:3793: warning: type mismatch with previous external decl
src/800_c.c:3273: warning: previous external decl of `func_80039C5C'
src/800_c.c:3924: warning: type mismatch with previous external decl
src/800_c.c:3274: warning: previous external decl of `func_80039F50'
src/800_c.c: In function `func_80039F50':
src/800_c.c:3941: warning: passing arg 1 of `func_80039C70' from incompatible pointer type
src/800_c.c: At top level:
src/800_c.c:3977: warning: type mismatch with previous external decl
src/800_c.c:3275: warning: previous external decl of `func_8003A098'
src/800_c.c:3985: warning: type mismatch with previous external decl
src/800_c.c:3276: warning: previous external decl of `func_8003A0D0'
src/800_c.c:4000: warning: type mismatch with previous external decl
src/800_c.c:3277: warning: previous external decl of `func_8003A0E4'
src/800_c.c:4056: warning: type mismatch with previous external decl
src/800_c.c:3278: warning: previous external decl of `func_8003A234'
jtbl_rodata_pads --derive main: 0t1,0t1,0,0,0,0,0,0
  CC      build/src/libgs6.o
  CC      build/src/snd8.o
  CC      build/src/800_b.o
jtbl_rodata_pads --derive main: 0,0,0,0,0
  CC      build/src/snd5.o
  CC      build/src/libc2_1.o
  CC      build/src/gap.o
  CC      build/src/libgte12.o
  CC      build/src/snd11.o
  CC      build/src/snd7.o
  CC      build/src/libgte10.o
  CC      build/src/libgpu2.o
  CC      build/src/libpad1.o
  CC      build/src/800b2.o
  CC      build/src/apicard5.o
  CC      build/src/boot.o
src/boot.c: In function `func_80010ED4':
src/boot.c:581: warning: passing arg 4 of `CdReadRequest' makes integer from pointer without a cast
{standard input}: Assembler messages:
{standard input}:24: Warning: used $at without ".set noat"
{standard input}:25: Warning: used $at without ".set noat"
{standard input}:44: Warning: used $at without ".set noat"
{standard input}:45: Warning: used $at without ".set noat"
{standard input}:47: Warning: used $at without ".set noat"
{standard input}:48: Warning: used $at without ".set noat"
{standard input}:49: Warning: used $at without ".set noat"
{standard input}:50: Warning: used $at without ".set noat"
{standard input}:78: Warning: used $at without ".set noat"
{standard input}:79: Warning: used $at without ".set noat"
  CC      build/src/snd4.o
  CC      build/src/sgap_6.o
  CC      build/src/libgte27.o
  CC      build/src/libmcrd1.o
  CC      build/src/libgs1.o
  CC      build/src/libcd1.o
  CC      build/src/libgte22.o
  CC      build/src/sgap.o
  CC      build/src/libgpu.o
  CC      build/src/libgte16.o
  CC      build/src/libgte29.o
  CC      build/src/libc2_2.o
  CC      build/src/libetc.o
  CC      build/src/800.o
src/800.c:630: warning: type mismatch with previous external decl
src/800.c:625: warning: previous external decl of `func_80012E0C'
src/800.c:630: warning: type mismatch with previous implicit declaration
src/800.c:625: warning: previous implicit declaration of `func_80012E0C'
src/800.c:686: warning: type mismatch with previous external decl
src/800.c:683: warning: previous external decl of `func_80013028'
src/800.c:686: warning: type mismatch with previous implicit declaration
src/800.c:683: warning: previous implicit declaration of `func_80013028'
src/800.c: In function `func_800134FC':
src/800.c:980: warning: passing arg 1 of `func_800484EC' makes integer from pointer without a cast
src/800.c: In function `func_8001382C':
src/800.c:1208: warning: passing arg 1 of `func_800484EC' makes integer from pointer without a cast
src/800.c:1208: warning: passing arg 2 of `func_800484EC' makes integer from pointer without a cast
src/800.c:1208: warning: passing arg 3 of `func_800484EC' makes integer from pointer without a cast
src/800.c: In function `func_80013B64':
src/800.c:1399: warning: passing arg 1 of `func_800484EC' makes integer from pointer without a cast
src/800.c: In function `func_800141AC':
src/800.c:1633: warning: passing arg 2 of `func_800484EC' makes integer from pointer without a cast
src/800.c:1633: warning: passing arg 3 of `func_800484EC' makes integer from pointer without a cast
src/800.c: At top level:
src/800.c:1739: warning: type mismatch with previous external decl
src/800.c:1659: warning: previous external decl of `func_800143AC'
src/800.c:1739: warning: type mismatch with previous implicit declaration
src/800.c:1659: warning: previous implicit declaration of `func_800143AC'
src/800.c:1739: warning: `func_800143AC' was previously implicitly declared to return `int'
src/800.c:1783: warning: type mismatch with previous external decl
src/800.c:1660: warning: previous external decl of `func_80014444'
src/800.c:1783: warning: type mismatch with previous implicit declaration
src/800.c:1660: warning: previous implicit declaration of `func_80014444'
src/800.c:1783: warning: `func_80014444' was previously implicitly declared to return `int'
src/800.c:1850: warning: type mismatch with previous external decl
src/800.c:1662: warning: previous external decl of `func_80014588'
src/800.c:1850: warning: type mismatch with previous implicit declaration
src/800.c:1662: warning: previous implicit declaration of `func_80014588'
src/800.c:1850: warning: `func_80014588' was previously implicitly declared to return `int'
src/800.c:2013: warning: type mismatch with previous external decl
src/800.c:1654: warning: previous external decl of `func_80014928'
src/800.c:2013: warning: type mismatch with previous implicit declaration
src/800.c:1654: warning: previous implicit declaration of `func_80014928'
src/800.c:2013: warning: `func_80014928' was previously implicitly declared to return `int'
src/800.c:2576: warning: type mismatch with previous external decl
src/800.c:1663: warning: previous external decl of `func_80015310'
src/800.c:2576: warning: type mismatch with previous implicit declaration
src/800.c:1663: warning: previous implicit declaration of `func_80015310'
src/800.c:2576: warning: `func_80015310' was previously implicitly declared to return `int'
src/800.c: In function `func_80015310':
src/800.c:2577: warning: type mismatch with previous external decl
src/800.c:1852: warning: previous external decl of `D_800B97D8'
src/800.c: At top level:
src/800.c:2601: warning: type mismatch with previous external decl
src/800.c:2597: warning: previous external decl of `func_800153A4'
src/800.c:2601: warning: type mismatch with previous implicit declaration
src/800.c:2597: warning: previous implicit declaration of `func_800153A4'
src/800.c:2601: warning: `func_800153A4' was previously implicitly declared to return `int'
src/800.c:2619: warning: type mismatch with previous external decl
src/800.c:2615: warning: previous external decl of `func_80015424'
src/800.c:2619: warning: type mismatch with previous implicit declaration
src/800.c:2615: warning: previous implicit declaration of `func_80015424'
src/800.c:2619: warning: `func_80015424' was previously implicitly declared to return `int'
src/800.c: In function `func_8001544C':
src/800.c:2632: warning: type mismatch with previous external decl
src/800.c:1852: warning: previous external decl of `D_800B97D8'
src/800.c: In function `func_80015B6C':
src/800.c:3110: warning: type mismatch with previous external decl
src/800.c:1740: warning: previous external decl of `D_800A651C'
src/800.c: In function `func_80015F04':
src/800.c:3447: warning: type mismatch with previous external decl
src/800.c:1740: warning: previous external decl of `D_800A651C'
src/800.c: In function `func_80016224':
src/800.c:3596: warning: type mismatch with previous external decl
src/800.c:1740: warning: previous external decl of `D_800A651C'
src/800.c: At top level:
src/800.c:3766: warning: type mismatch with previous external decl
src/800.c:3597: warning: previous external decl of `D_800AE7BC'
src/800.c:4141: warning: type mismatch with previous external decl
src/800.c:4104: warning: previous external decl of `func_80016A7C'
src/800.c:4141: warning: type mismatch with previous implicit declaration
src/800.c:4108: warning: previous implicit declaration of `func_80016A7C'
src/800.c:4141: warning: `func_80016A7C' was previously implicitly declared to return `int'
src/800.c:4572: warning: type mismatch with previous external decl
src/800.c:4460: warning: previous external decl of `func_80016F18'
src/800.c:4572: warning: type mismatch with previous implicit declaration
src/800.c:4470: warning: previous implicit declaration of `func_80016F18'
src/800.c:4572: warning: `func_80016F18' was previously implicitly declared to return `int'
src/800.c:4755: warning: type mismatch with previous external decl
src/800.c:4701: warning: previous external decl of `func_80017294'
src/800.c:4755: warning: type mismatch with previous implicit declaration
src/800.c:4706: warning: previous implicit declaration of `func_80017294'
src/800.c:4755: warning: `func_80017294' was previously implicitly declared to return `int'
src/800.c:4844: warning: type mismatch with previous external decl
src/800.c:4792: warning: previous external decl of `func_800173DC'
src/800.c:4844: warning: type mismatch with previous implicit declaration
src/800.c:4797: warning: previous implicit declaration of `func_800173DC'
src/800.c:4844: warning: `func_800173DC' was previously implicitly declared to return `int'
src/800.c:4900: warning: type mismatch with previous external decl
src/800.c:4877: warning: previous external decl of `func_8001751C'
src/800.c:4900: warning: type mismatch with previous implicit declaration
src/800.c:4882: warning: previous implicit declaration of `func_8001751C'
src/800.c:4900: warning: `func_8001751C' was previously implicitly declared to return `int'
src/800.c: In function `func_80017714':
src/800.c:4985: warning: type mismatch with previous external decl
src/800.c:4981: warning: previous external decl of `func_80017778'
src/800.c:4985: warning: type mismatch with previous implicit declaration
src/800.c:4981: warning: previous implicit declaration of `func_80017778'
src/800.c: At top level:
src/800.c:5049: warning: type mismatch with previous external decl
src/800.c:4981: warning: previous external decl of `func_80017778'
src/800.c:5049: warning: type mismatch with previous implicit declaration
src/800.c:4996: warning: previous implicit declaration of `func_80017778'
src/800.c:5049: warning: `func_80017778' was previously implicitly declared to return `int'
src/800.c:5201: warning: type mismatch with previous external decl
src/800.c:5087: warning: previous external decl of `func_80017930'
src/800.c:5201: warning: type mismatch with previous implicit declaration
src/800.c:5095: warning: previous implicit declaration of `func_80017930'
src/800.c:5201: warning: `func_80017930' was previously implicitly declared to return `int'
src/800.c: In function `func_80017F14':
src/800.c:5545: warning: type mismatch with previous external decl
src/800.c:1740: warning: previous external decl of `D_800A651C'
src/800.c: In function `func_80018194':
src/800.c:5615: warning: type mismatch with previous external decl
src/800.c:1740: warning: previous external decl of `D_800A651C'
src/800.c: At top level:
src/800.c:5756: warning: type mismatch with previous external decl
src/800.c:1852: warning: previous external decl of `D_800B97D8'
src/800.c: In function `func_80019064':
src/800.c:6342: warning: assignment makes integer from pointer without a cast
src/800.c: At top level:
src/800.c:7849: warning: prototype for `func_80018714' follows
src/800.c:5854: warning: non-prototype definition here
src/800.c: In function `CdReadSectorReadyCB':
src/800.c:7890: warning: passing arg 1 of `func_800599B8' from incompatible pointer type
src/800.c:7976: warning: passing arg 1 of `func_800599B8' from incompatible pointer type
src/800.c: At top level:
src/800.c:9379: warning: type mismatch with previous external decl
src/800.c:1661: warning: previous external decl of `func_8001C044'
src/800.c:9379: warning: type mismatch with previous implicit declaration
src/800.c:1661: warning: previous implicit declaration of `func_8001C044'
src/800.c:9379: warning: `func_8001C044' was previously implicitly declared to return `int'
src/800.c: In function `func_8001C5B8':
src/800.c:9638: warning: type mismatch with previous external decl
src/800.c:9473: warning: previous external decl of `GsMapModelingData'
src/800.c: At top level:
src/800.c:9748: warning: type mismatch with previous external decl
src/800.c:9473: warning: previous external decl of `GsMapModelingData'
src/800.c: In function `func_8001CB6C':
src/800.c:9923: warning: passing arg 1 of `func_8001CF48' makes integer from pointer without a cast
src/800.c: In function `func_8001D074_impl':
src/800.c:10147: warning: return makes integer from pointer without a cast
src/800.c:13779: warning: "gte_ldv0" redefined
13779 | #define gte_ldv0(r0)  __asm__ __volatile__( \
      | 
src/800.c:11203: note: this is the location of the previous definition
11203 | #define gte_ldv0(r0) __asm__ volatile (          \
      | 
src/800.c:13796: warning: "gte_stflg" redefined
13796 | #define gte_stflg(r0)  __asm__ __volatile__( \
      | 
src/800.c:11227: note: this is the location of the previous definition
11227 | #define gte_stflg(r0) __asm__ volatile (         \
      | 
src/800.c:13906: warning: "gte_ldv0" redefined
13906 | #define gte_ldv0(r0) __asm__ volatile (          \
      | 
src/800.c:13779: note: this is the location of the previous definition
13779 | #define gte_ldv0(r0)  __asm__ __volatile__( \
      | 
src/800.c:13946: warning: "gte_stflg" redefined
13946 | #define gte_stflg(r0) __asm__ volatile (         \
      | 
src/800.c:13796: note: this is the location of the previous definition
13796 | #define gte_stflg(r0)  __asm__ __volatile__( \
      | 
src/800.c: In function `func_8001F9F8':
src/800.c:12328: warning: passing arg 1 of `func_8001FB8C' from incompatible pointer type
src/800.c:12337: warning: passing arg 1 of `func_8001FB8C' from incompatible pointer type
src/800.c:12346: warning: passing arg 1 of `func_8001FB8C' from incompatible pointer type
src/800.c:12355: warning: passing arg 1 of `func_8001FB8C' from incompatible pointer type
src/800.c:12364: warning: passing arg 1 of `func_8001FB8C' from incompatible pointer type
src/800.c:12373: warning: passing arg 1 of `func_8001FB8C' from incompatible pointer type
src/800.c:12382: warning: passing arg 1 of `func_8001FB8C' from incompatible pointer type
src/800.c: At top level:
src/800.c:12807: warning: type mismatch with previous external decl
src/800.c:12591: warning: previous external decl of `D_80074818'
src/800.c:12808: warning: type mismatch with previous external decl
src/800.c:12592: warning: previous external decl of `D_80075018'
src/800.c:16823: warning: "gte_stflg" redefined
16823 | #define gte_stflg(r0) __asm__ volatile (        \
      | 
src/800.c:16702: note: this is the location of the previous definition
16702 | #define gte_stflg(r0) __asm__ volatile (         \
      | 
src/800.c:16957: warning: "gte_stflg" redefined
16957 | #define gte_stflg(r0) __asm__ volatile (         \
      | 
src/800.c:16823: note: this is the location of the previous definition
16823 | #define gte_stflg(r0) __asm__ volatile (        \
      | 
src/800.c:17149: warning: "gte_stsxy3_g3" redefined
17149 | #define gte_stsxy3_g3(r0) __asm__ volatile (     \
      | 
src/800.c:16849: note: this is the location of the previous definition
16849 | #define gte_stsxy3_g3(r0) __asm__ volatile (    \
      | 
src/800.c:17259: warning: "gte_ldv0" redefined
17259 | #define gte_ldv0(r0)  __asm__ volatile("lwc2 $0, 0(%0);lwc2 $1, 4(%0)" : : "r"(r0))
      | 
src/800.c:16930: note: this is the location of the previous definition
16930 | #define gte_ldv0(r0) __asm__ volatile (          \
      | 
src/800.c:17260: warning: "gte_ldv3" redefined
17260 | #define gte_ldv3(r0, r1, r2) __asm__ volatile(                              \
      | 
src/800.c:17101: note: this is the location of the previous definition
17101 | #define gte_ldv3(r0, r1, r2) __asm__ volatile (  \
      | 
src/800.c:17264: warning: "gte_ldrgb" redefined
17264 | #define gte_ldrgb(r0) __asm__ volatile("lwc2 $6, 0(%0)" : : "r"(r0))
      | 
src/800.c:17111: note: this is the location of the previous definition
17111 | #define gte_ldrgb(r0) __asm__ volatile (         \
      | 
src/800.c:17266: warning: "gte_rtpt" redefined
17266 | #define gte_rtpt()  __asm__ volatile("nop;nop;cop2 0x0280030")
      | 
src/800.c:17116: note: this is the location of the previous definition
17116 | #define gte_rtpt()  __asm__ volatile ("nop;nop;rtpt")
      | 
src/800.c:17267: warning: "gte_rtps" redefined
17267 | #define gte_rtps()  __asm__ volatile("nop;nop;cop2 0x0180001")
      | 
src/800.c:16951: note: this is the location of the previous definition
16951 | #define gte_rtps()  __asm__ volatile ("nop;nop;rtps")
      | 
src/800.c:17268: warning: "gte_nclip" redefined
17268 | #define gte_nclip() __asm__ volatile("nop;nop;cop2 0x1400006")
      | 
src/800.c:17117: note: this is the location of the previous definition
17117 | #define gte_nclip() __asm__ volatile ("nop;nop;nclip")
      | 
src/800.c:17269: warning: "gte_avsz4" redefined
17269 | #define gte_avsz4() __asm__ volatile("nop;nop;cop2 0x168002e")
      | 
src/800.c:16954: note: this is the location of the previous definition
16954 | #define gte_avsz4() __asm__ volatile ("nop;nop;avsz4")
      | 
src/800.c:17270: warning: "gte_ncct" redefined
17270 | #define gte_ncct()  __asm__ volatile("nop;nop;cop2 0x118043f")
      | 
src/800.c:17119: note: this is the location of the previous definition
17119 | #define gte_ncct()  __asm__ volatile ("nop;nop;ncct")
      | 
src/800.c:17271: warning: "gte_nccs" redefined
17271 | #define gte_nccs()  __asm__ volatile("nop;nop;cop2 0x108041b")
      | 
src/800.c:16955: note: this is the location of the previous definition
16955 | #define gte_nccs()  __asm__ volatile ("nop;nop;nccs")
      | 
src/800.c:17273: warning: "gte_stflg" redefined
17273 | #define gte_stflg(r0) __asm__ volatile("cfc2 $12, $31;nop;sw $12, 0(%0)" : : "r"(r0) : "$12", "memory")
      | 
src/800.c:17121: note: this is the location of the previous definition
17121 | #define gte_stflg(r0) __asm__ volatile (         \
      | 
src/800.c:17274: warning: "gte_stopz" redefined
17274 | #define gte_stopz(r0) __asm__ volatile("swc2 $24, 0(%0)" : : "r"(r0) : "memory")
      | 
src/800.c:17129: note: this is the location of the previous definition
17129 | #define gte_stopz(r0) __asm__ volatile (         \
      | 
src/800.c:17275: warning: "gte_stotz" redefined
17275 | #define gte_stotz(r0) __asm__ volatile("swc2 $7, 0(%0)" : : "r"(r0) : "memory")
      | 
src/800.c:17135: note: this is the location of the previous definition
17135 | #define gte_stotz(r0) __asm__ volatile (         \
      | 
src/800.c:17278: warning: "gte_stsxy3_g4" redefined
17278 | #define gte_stsxy3_g4(r0) __asm__ volatile(                                 \
      | 
src/800.c:16983: note: this is the location of the previous definition
16983 | #define gte_stsxy3_g4(r0) __asm__ volatile (     \
      | 
src/800.c:17408: warning: "gte_ldv0" redefined
17408 | #define gte_ldv0(r0) __asm__ volatile (                  \
      | 
src/800.c:17259: note: this is the location of the previous definition
17259 | #define gte_ldv0(r0)  __asm__ volatile("lwc2 $0, 0(%0);lwc2 $1, 4(%0)" : : "r"(r0))
      | 
src/800.c:17413: warning: "gte_ldv3" redefined
17413 | #define gte_ldv3(r0, r1, r2) __asm__ volatile (          \
      | 
src/800.c:17260: note: this is the location of the previous definition
17260 | #define gte_ldv3(r0, r1, r2) __asm__ volatile(                              \
      | 
src/800.c:17422: warning: "gte_ldrgb" redefined
17422 | #define gte_ldrgb(r0) __asm__ volatile (                 \
      | 
src/800.c:17264: note: this is the location of the previous definition
17264 | #define gte_ldrgb(r0) __asm__ volatile("lwc2 $6, 0(%0)" : : "r"(r0))
      | 
src/800.c:17426: warning: "gte_rtpt" redefined
17426 | #define gte_rtpt()  __asm__ volatile ("nop;nop;.word 0x4A280030")
      | 
src/800.c:17266: note: this is the location of the previous definition
17266 | #define gte_rtpt()  __asm__ volatile("nop;nop;cop2 0x0280030")
      | 
src/800.c:17427: warning: "gte_nclip" redefined
17427 | #define gte_nclip() __asm__ volatile ("nop;nop;.word 0x4B400006")
      | 
src/800.c:17268: note: this is the location of the previous definition
17268 | #define gte_nclip() __asm__ volatile("nop;nop;cop2 0x1400006")
      | 
src/800.c:17428: warning: "gte_avsz3" redefined
17428 | #define gte_avsz3() __asm__ volatile ("nop;nop;.word 0x4B58002D")
      | 
src/800.c:17118: note: this is the location of the previous definition
17118 | #define gte_avsz3() __asm__ volatile ("nop;nop;avsz3")
      | 
src/800.c:17429: warning: "gte_nccs" redefined
17429 | #define gte_nccs()  __asm__ volatile ("nop;nop;.word 0x4B08041B")
      | 
src/800.c:17271: note: this is the location of the previous definition
17271 | #define gte_nccs()  __asm__ volatile("nop;nop;cop2 0x108041b")
      | 
src/800.c:17430: warning: "gte_stflg" redefined
17430 | #define gte_stflg(r0) __asm__ volatile (                 \
      | 
src/800.c:17273: note: this is the location of the previous definition
17273 | #define gte_stflg(r0) __asm__ volatile("cfc2 $12, $31;nop;sw $12, 0(%0)" : : "r"(r0) : "$12", "memory")
      | 
src/800.c:17437: warning: "gte_stopz" redefined
17437 | #define gte_stopz(r0) __asm__ volatile (                 \
      | 
src/800.c:17274: note: this is the location of the previous definition
17274 | #define gte_stopz(r0) __asm__ volatile("swc2 $24, 0(%0)" : : "r"(r0) : "memory")
      | 
src/800.c:17442: warning: "gte_stotz" redefined
17442 | #define gte_stotz(r0) __asm__ volatile (                 \
      | 
src/800.c:17275: note: this is the location of the previous definition
17275 | #define gte_stotz(r0) __asm__ volatile("swc2 $7, 0(%0)" : : "r"(r0) : "memory")
      | 
src/800.c:17606: warning: "gte_rtps" redefined
17606 | #define gte_rtps()  __asm__ volatile ("nop;nop;rtps")
      | 
src/800.c:17267: note: this is the location of the previous definition
17267 | #define gte_rtps()  __asm__ volatile("nop;nop;cop2 0x0180001")
      | 
src/800.c:17607: warning: "gte_rtpt" redefined
17607 | #define gte_rtpt()  __asm__ volatile ("nop;nop;rtpt")
      | 
src/800.c:17426: note: this is the location of the previous definition
17426 | #define gte_rtpt()  __asm__ volatile ("nop;nop;.word 0x4A280030")
      | 
src/800.c:17608: warning: "gte_nclip" redefined
17608 | #define gte_nclip() __asm__ volatile ("nop;nop;nclip")
      | 
src/800.c:17427: note: this is the location of the previous definition
17427 | #define gte_nclip() __asm__ volatile ("nop;nop;.word 0x4B400006")
      | 
src/800.c:17609: warning: "gte_avsz4" redefined
17609 | #define gte_avsz4() __asm__ volatile ("nop;nop;avsz4")
      | 
src/800.c:17269: note: this is the location of the previous definition
17269 | #define gte_avsz4() __asm__ volatile("nop;nop;cop2 0x168002e")
      | 
src/800.c:17610: warning: "gte_nccs" redefined
17610 | #define gte_nccs()  __asm__ volatile ("nop;nop;nccs")
      | 
src/800.c:17429: note: this is the location of the previous definition
17429 | #define gte_nccs()  __asm__ volatile ("nop;nop;.word 0x4B08041B")
      | 
src/800.c:17644: warning: "gte_stsxy3_g4" redefined
17644 | #define gte_stsxy3_g4(r0) __asm__ volatile (     \
      | 
src/800.c:17278: note: this is the location of the previous definition
17278 | #define gte_stsxy3_g4(r0) __asm__ volatile(                                 \
      | 
src/800.c: In function `func_800221A8':
src/800.c:14885: warning: passing arg 1 of `func_800226C0' makes pointer from integer without a cast
src/800.c:14885: warning: passing arg 2 of `func_800226C0' makes pointer from integer without a cast
src/800.c:14885: warning: passing arg 3 of `func_800226C0' makes pointer from integer without a cast
src/800.c:14885: warning: passing arg 4 of `func_800226C0' makes pointer from integer without a cast
src/800.c:17979: warning: "gte_stsz4" redefined
17979 | #define gte_stsz4(r0, r1, r2, r3) __asm__ volatile ( \
      | 
src/800.c:17282: note: this is the location of the previous definition
17282 | #define gte_stsz4(r0, r1, r2, r3) __asm__ volatile(                         \
      | 
src/800.c:17987: warning: "gte_strgb2" redefined
17987 | #define gte_strgb2(r0) __asm__ volatile (         \
      | 
src/800.c:17277: note: this is the location of the previous definition
17277 | #define gte_strgb2(r0) __asm__ volatile("swc2 $22, 0(%0)" : : "r"(r0) : "memory")
      | 
src/800.c:18121: warning: "gte_avsz3" redefined
18121 | #define gte_avsz3() __asm__ volatile ("nop;nop;avsz3")
      | 
src/800.c:17428: note: this is the location of the previous definition
17428 | #define gte_avsz3() __asm__ volatile ("nop;nop;.word 0x4B58002D")
      | 
src/800.c:18122: warning: "gte_ncct" redefined
18122 | #define gte_ncct()  __asm__ volatile ("nop;nop;ncct")
      | 
src/800.c:17270: note: this is the location of the previous definition
17270 | #define gte_ncct()  __asm__ volatile("nop;nop;cop2 0x118043f")
      | 
src/800.c:18163:41: warning: "/*" within comment [-Wcomment]
18163 |  * NOTE: the target .s carries splat's "/* Handwritten function * /" marker (and marks
      |                                          
src/800.c:19349: warning: "gte_stflg" redefined
19349 | #define gte_stflg(r0) __asm__ volatile (        \
      | 
src/800.c:18248: note: this is the location of the previous definition
18248 | #define gte_stflg(r0) __asm__ volatile (          \
      | 
src/800.c:19369: warning: "gte_stsxy3_g3" redefined
19369 | #define gte_stsxy3_g3(r0) __asm__ volatile (    \
      | 
src/800.c:17452: note: this is the location of the previous definition
17452 | #define gte_stsxy3_g3(r0) __asm__ volatile (             \
      | 
src/800.c:19428: warning: "gte_ldv0" redefined
19428 | #define gte_ldv0(r0) __asm__ volatile (          \
      | 
src/800.c:18225: note: this is the location of the previous definition
18225 | #define gte_ldv0(r0) __asm__ volatile (           \
      | 
src/800.c:19433: warning: "gte_ldv3" redefined
19433 | #define gte_ldv3(r0, r1, r2) __asm__ volatile (  \
      | 
src/800.c:19335: note: this is the location of the previous definition
19335 | #define gte_ldv3(r0, r1, r2) __asm__ volatile ( \
      | 
src/800.c:19442: warning: "gte_rtps" redefined
19442 | #define gte_rtps()  __asm__ volatile ("nop;nop;.word 0x4a180001")
      | 
src/800.c:18241: note: this is the location of the previous definition
18241 | #define gte_rtps()  __asm__ volatile ("nop;nop;rtps")
      | 
src/800.c:19443: warning: "gte_rtpt" redefined
19443 | #define gte_rtpt()  __asm__ volatile ("nop;nop;.word 0x4a280030")
      | 
src/800.c:19345: note: this is the location of the previous definition
19345 | #define gte_rtpt()  __asm__ volatile ("nop;nop;rtpt")
      | 
src/800.c:19444: warning: "gte_nclip" redefined
19444 | #define gte_nclip() __asm__ volatile ("nop;nop;.word 0x4b400006")
      | 
src/800.c:19346: note: this is the location of the previous definition
19346 | #define gte_nclip() __asm__ volatile ("nop;nop;nclip")
      | 
src/800.c:19445: warning: "gte_avsz4" redefined
19445 | #define gte_avsz4() __asm__ volatile ("nop;nop;.word 0x4b68002e")
      | 
src/800.c:18244: note: this is the location of the previous definition
18244 | #define gte_avsz4() __asm__ volatile ("nop;nop;avsz4")
      | 
src/800.c:19447: warning: "gte_stflg" redefined
19447 | #define gte_stflg(r0) __asm__ volatile (         \
      | 
src/800.c:19349: note: this is the location of the previous definition
19349 | #define gte_stflg(r0) __asm__ volatile (        \
      | 
src/800.c:19453: warning: "gte_stsxy2" redefined
19453 | #define gte_stsxy2(r0) __asm__ volatile (        \
      | 
src/800.c:17276: note: this is the location of the previous definition
17276 | #define gte_stsxy2(r0) __asm__ volatile("swc2 $14, 0(%0)" : : "r"(r0) : "memory")
      | 
src/800.c:19457: warning: "gte_stsxy3_g4" redefined
19457 | #define gte_stsxy3_g4(r0) __asm__ volatile (     \
      | 
src/800.c:17644: note: this is the location of the previous definition
17644 | #define gte_stsxy3_g4(r0) __asm__ volatile (     \
      | 
src/800.c:19463: warning: "gte_stotz" redefined
19463 | #define gte_stotz(r0) __asm__ volatile (         \
      | 
src/800.c:19363: note: this is the location of the previous definition
19363 | #define gte_stotz(r0) __asm__ volatile (        \
      | 
src/800.c:19467: warning: "gte_stopz" redefined
19467 | #define gte_stopz(r0) __asm__ volatile (         \
      | 
src/800.c:19357: note: this is the location of the previous definition
19357 | #define gte_stopz(r0) __asm__ volatile (        \
      | 
src/800.c:19554: warning: "gte_ldv3" redefined
19554 | #define gte_ldv3(r0, r1, r2) __asm__ volatile (  \
      | 
src/800.c:19433: note: this is the location of the previous definition
19433 | #define gte_ldv3(r0, r1, r2) __asm__ volatile (  \
      | 
src/800.c:19564: warning: "gte_rtpt" redefined
19564 | #define gte_rtpt() __asm__ volatile ("nop;nop;rtpt")
      | 
src/800.c:19443: note: this is the location of the previous definition
19443 | #define gte_rtpt()  __asm__ volatile ("nop;nop;.word 0x4a280030")
      | 
src/800.c:19565: warning: "gte_nclip" redefined
19565 | #define gte_nclip() __asm__ volatile ("nop;nop;nclip")
      | 
src/800.c:19444: note: this is the location of the previous definition
19444 | #define gte_nclip() __asm__ volatile ("nop;nop;.word 0x4b400006")
      | 
src/800.c:19567: warning: "gte_stflg" redefined
19567 | #define gte_stflg(r0) __asm__ volatile (         \
      | 
src/800.c:19447: note: this is the location of the previous definition
19447 | #define gte_stflg(r0) __asm__ volatile (         \
      | 
src/800.c:19575: warning: "gte_stopz" redefined
19575 | #define gte_stopz(r0) __asm__ volatile (         \
      | 
src/800.c:19467: note: this is the location of the previous definition
19467 | #define gte_stopz(r0) __asm__ volatile (         \
      | 
src/800.c:19599: warning: "gte_stotz" redefined
19599 | #define gte_stotz(r0) __asm__ volatile (         \
      | 
src/800.c:19463: note: this is the location of the previous definition
19463 | #define gte_stotz(r0) __asm__ volatile (         \
      | 
src/800.c: At top level:
src/800.c:16744: warning: type mismatch with previous external decl
src/800.c:16398: warning: previous external decl of `func_80024BC0'
src/800.c:19722: warning: "gte_ldv3" redefined
19722 | #define gte_ldv3(r0, r1, r2) __asm__ __volatile__ ( \
      | 
src/800.c:19554: note: this is the location of the previous definition
19554 | #define gte_ldv3(r0, r1, r2) __asm__ volatile (  \
      | 
src/800.c:19732: warning: "gte_ldv0" redefined
19732 | #define gte_ldv0(r0) __asm__ __volatile__ ( \
      | 
src/800.c:19428: note: this is the location of the previous definition
19428 | #define gte_ldv0(r0) __asm__ volatile (          \
      | 
src/800.c:19738: warning: "gte_rtpt" redefined
19738 | #define gte_rtpt() __asm__ __volatile__ ("nop;nop;rtpt")
      | 
src/800.c:19564: note: this is the location of the previous definition
19564 | #define gte_rtpt() __asm__ volatile ("nop;nop;rtpt")
      | 
src/800.c:19739: warning: "gte_rtps" redefined
19739 | #define gte_rtps() __asm__ __volatile__ ("nop;nop;rtps")
      | 
src/800.c:19442: note: this is the location of the previous definition
19442 | #define gte_rtps()  __asm__ volatile ("nop;nop;.word 0x4a180001")
      | 
src/800.c:19740: warning: "gte_nclip" redefined
19740 | #define gte_nclip() __asm__ __volatile__ ("nop;nop;nclip")
      | 
src/800.c:19565: note: this is the location of the previous definition
19565 | #define gte_nclip() __asm__ volatile ("nop;nop;nclip")
      | 
src/800.c:19741: warning: "gte_avsz4" redefined
19741 | #define gte_avsz4() __asm__ __volatile__ ("nop;nop;avsz4")
      | 
src/800.c:19445: note: this is the location of the previous definition
19445 | #define gte_avsz4() __asm__ volatile ("nop;nop;.word 0x4b68002e")
      | 
src/800.c:19743: warning: "gte_stflg" redefined
19743 | #define gte_stflg(r0) __asm__ __volatile__ ( \
      | 
src/800.c:19567: note: this is the location of the previous definition
19567 | #define gte_stflg(r0) __asm__ volatile (         \
      | 
src/800.c:19751: warning: "gte_stopz" redefined
19751 | #define gte_stopz(r0) __asm__ __volatile__ ( \
      | 
src/800.c:19575: note: this is the location of the previous definition
19575 | #define gte_stopz(r0) __asm__ volatile (         \
      | 
src/800.c:19757: warning: "gte_stotz" redefined
19757 | #define gte_stotz(r0) __asm__ __volatile__ ( \
      | 
src/800.c:19599: note: this is the location of the previous definition
19599 | #define gte_stotz(r0) __asm__ volatile (         \
      | 
src/800.c:19763: warning: "gte_stsxy" redefined
19763 | #define gte_stsxy(r0) __asm__ __volatile__ ( \
      | 
src/800.c:18268: note: this is the location of the previous definition
18268 | #define gte_stsxy(r0) __asm__ volatile (          \
      | 
src/800.c:19769: warning: "gte_stsxy3_g4" redefined
19769 | #define gte_stsxy3_g4(r0) __asm__ __volatile__ ( \
      | 
src/800.c:19457: note: this is the location of the previous definition
19457 | #define gte_stsxy3_g4(r0) __asm__ volatile (     \
      | 
src/800.c:19777: warning: "gte_stsz4" redefined
19777 | #define gte_stsz4(r0, r1, r2, r3) __asm__ __volatile__ ( \
      | 
src/800.c:17979: note: this is the location of the previous definition
17979 | #define gte_stsz4(r0, r1, r2, r3) __asm__ volatile ( \
      | 
src/800.c:19951: warning: "gte_ldv3" redefined
19951 | #define gte_ldv3(r0, r1, r2) __asm__ volatile (  \
      | 
src/800.c:19722: note: this is the location of the previous definition
19722 | #define gte_ldv3(r0, r1, r2) __asm__ __volatile__ ( \
      | 
src/800.c:19966: warning: "gte_rtpt" redefined
19966 | #define gte_rtpt()  __asm__ volatile ("nop;nop;rtpt")
      | 
src/800.c:19738: note: this is the location of the previous definition
19738 | #define gte_rtpt() __asm__ __volatile__ ("nop;nop;rtpt")
      | 
src/800.c:19967: warning: "gte_nclip" redefined
19967 | #define gte_nclip() __asm__ volatile ("nop;nop;nclip")
      | 
src/800.c:19740: note: this is the location of the previous definition
19740 | #define gte_nclip() __asm__ __volatile__ ("nop;nop;nclip")
      | 
src/800.c:19970: warning: "gte_stflg" redefined
19970 | #define gte_stflg(r0) __asm__ volatile (         \
      | 
src/800.c:19743: note: this is the location of the previous definition
19743 | #define gte_stflg(r0) __asm__ __volatile__ ( \
      | 
src/800.c:17032: src/800.c:19978: warning: "gte_stopz" redefined
19978 | #define gte_stopz(r0) __asm__ volatile (         \
      | 
warning: type mismatch with previous external decl
src/800.c:16399: warning: previous external decl of `func_80025000'
src/800.c:19751: note: this is the location of the previous definition
19751 | #define gte_stopz(r0) __asm__ __volatile__ ( \
      | 
src/800.c:19992: warning: "gte_stsxy3_g3" redefined
19992 | #define gte_stsxy3_g3(r0) __asm__ volatile (     \
      | 
src/800.c:19369: note: this is the location of the previous definition
19369 | #define gte_stsxy3_g3(r0) __asm__ volatile (    \
      | 
src/800.c:20056: warning: "gte_ldv0" redefined
20056 | #define gte_ldv0(r0) __asm__ volatile (          \
      | 
src/800.c:19732: note: this is the location of the previous definition
19732 | #define gte_ldv0(r0) __asm__ __volatile__ ( \
      | 
src/800.c:20077: warning: "gte_rtps" redefined
20077 | #define gte_rtps()  __asm__ volatile ("nop;nop;rtps")
      | 
src/800.c:19739: note: this is the location of the previous definition
19739 | #define gte_rtps() __asm__ __volatile__ ("nop;nop;rtps")
      | 
src/800.c:20097: warning: "gte_stsxy" redefined
20097 | #define gte_stsxy(r0) __asm__ volatile (         \
      | 
src/800.c:19763: note: this is the location of the previous definition
19763 | #define gte_stsxy(r0) __asm__ __volatile__ ( \
      | 
src/800.c:20109: warning: "gte_stsz4" redefined
20109 | #define gte_stsz4(r0, r1, r2, r3) __asm__ volatile ( \
      | 
src/800.c:19777: note: this is the location of the previous definition
19777 | #define gte_stsz4(r0, r1, r2, r3) __asm__ __volatile__ ( \
      | 
src/800.c:20118: warning: "gte_stsxy3_g4" redefined
20118 | #define gte_stsxy3_g4(r0) __asm__ volatile (     \
      | 
src/800.c:19769: note: this is the location of the previous definition
19769 | #define gte_stsxy3_g4(r0) __asm__ __volatile__ ( \
      | 
src/800.c:20126: warning: "gte_strgb3_g4" redefined
20126 | #define gte_strgb3_g4(r0) __asm__ volatile (     \
      | 
src/800.c:17280: note: this is the location of the previous definition
17280 | #define gte_strgb3_g4(r0) __asm__ volatile(                                 \
      | 
src/800.c:17491: warning: type mismatch with previous external decl
src/800.c:16400: warning: previous external decl of `func_80025818'
src/800.c:18172: warning: type mismatch with previous external decl
src/800.c:16401: warning: previous external decl of `func_80026128'
src/800.c:18330: warning: type mismatch with previous external decl
src/800.c:16402: warning: previous external decl of `func_800262D8'
src/800.c:19911: warning: type mismatch with previous external decl
src/800.c:19896: warning: previous external decl of `func_80027C10'
src/800.c:19911: warning: type mismatch with previous implicit declaration
src/800.c:19896: warning: previous implicit declaration of `func_80027C10'
src/800.c:19911: warning: `func_80027C10' was previously implicitly declared to return `int'
src/800.c:20603: warning: type mismatch with previous external decl
src/800.c:1664: warning: previous external decl of `func_80028A48'
src/800.c:20603: warning: type mismatch with previous implicit declaration
src/800.c:1664: warning: previous implicit declaration of `func_80028A48'
src/800.c:20603: warning: `func_80028A48' was previously implicitly declared to return `int'
src/800.c:20673: warning: type mismatch with previous external decl
src/800.c:1665: warning: previous external decl of `func_80028C50'
src/800.c:20673: warning: type mismatch with previous implicit declaration
src/800.c:1665: warning: previous implicit declaration of `func_80028C50'
src/800.c:20673: warning: `func_80028C50' was previously implicitly declared to return `int'
src/800.c:21977: warning: type mismatch with previous external decl
src/800.c:21934: warning: previous external decl of `func_8002A960'
src/800.c:21977: warning: type mismatch with previous implicit declaration
src/800.c:21934: warning: previous implicit declaration of `func_8002A960'
src/800.c:21977: warning: `func_8002A960' was previously implicitly declared to return `int'
jtbl_rodata_pads --derive main: 0,0t1,0,0t1,0t1,0,0,0t1,0t1,0,0,0
{standard input}: Assembler messages:
{standard input}:26846: Warning: used $at without ".set noat"
{standard input}:26847: Warning: used $at without ".set noat"
{standard input}:26848: Warning: used $at without ".set noat"
{standard input}:26877: Warning: used $at without ".set noat"
{standard input}:26878: Warning: used $at without ".set noat"
{standard input}:26879: Warning: used $at without ".set noat"
{standard input}:27138: Warning: used $at without ".set noat"
{standard input}:27139: Warning: used $at without ".set noat"
{standard input}:27140: Warning: used $at without ".set noat"
{standard input}:27169: Warning: used $at without ".set noat"
{standard input}:27170: Warning: used $at without ".set noat"
{standard input}:27171: Warning: used $at without ".set noat"
  CC      build/src/snd9.o
  CC      build/src/libapi2.o
  CC      build/src/libgte4.o
  CC      build/src/libgte5.o
  CC      build/src/libgte15.o
  CC      build/src/libapi1.o
  CC      build/src/apicard4.o
  CC      build/src/sgap_3.o
  CC      build/src/libgs2.o
  CC      build/src/libpad2.o
  CC      build/src/libgte18.o
  CC      build/src/libgte7.o
  CC      build/src/libgte2.o
  CC      build/src/libgte20.o
  CC      build/src/snd1.o
  CC      build/src/libgte1.o
  CC      build/src/snd6.o
  CC      build/src/libgte19.o
  CC      build/src/libgte6.o
  CC      build/src/libmcrd2.o
  CC      build/src/apicard3.o
  CC      build/src/sgap_2.o
  CC      build/src/libgte8.o
  CC      build/src/libgte28.o
  CC      build/src/800_b_2.o
src/800_b_2.c: In function `func_8002D320':
src/800_b_2.c:662: warning: type mismatch with previous external decl
src/800_b_2.c:373: warning: previous external decl of `func_8003D3B4'
src/800_b_2.c:662: warning: type mismatch with previous implicit declaration
src/800_b_2.c:373: warning: previous implicit declaration of `func_8003D3B4'
src/800_b_2.c:663: warning: type mismatch with previous external decl
src/800_b_2.c:375: warning: previous external decl of `func_8003C23C'
src/800_b_2.c:663: warning: type mismatch with previous implicit declaration
src/800_b_2.c:375: warning: previous implicit declaration of `func_8003C23C'
src/800_b_2.c: In function `func_8002F5C8':
src/800_b_2.c:2440: warning: assignment from incompatible pointer type
src/800_b_2.c: At top level:
src/800_b_2.c:3286: warning: type mismatch with previous external decl
src/800_b_2.c:2855: warning: previous external decl of `D_800A46D2'
src/800_b_2.c:3693: warning: type mismatch with previous external decl
src/800_b_2.c:373: warning: previous external decl of `func_8003D3B4'
src/800_b_2.c:3693: warning: type mismatch with previous implicit declaration
src/800_b_2.c:373: warning: previous implicit declaration of `func_8003D3B4'
src/800_b_2.c:3693: warning: `func_8003D3B4' was previously implicitly declared to return `int'
src/800_b_2.c: In function `func_80031988':
src/800_b_2.c:4151: warning: cast to pointer from integer of different size
src/800_b_2.c:4156: warning: cast to pointer from integer of different size
src/800_b_2.c:4160: warning: cast to pointer from integer of different size
src/800_b_2.c:4165: warning: cast to pointer from integer of different size
src/800_b_2.c:4169: warning: cast to pointer from integer of different size
src/800_b_2.c:4174: warning: cast to pointer from integer of different size
src/800_b_2.c:4178: warning: cast to pointer from integer of different size
src/800_b_2.c:4183: warning: cast to pointer from integer of different size
src/800_b_2.c: In function `func_80032A74':
src/800_b_2.c:5529: warning: passing arg 1 of `func_800316F8' makes integer from pointer without a cast
src/800_b_2.c: In function `func_80034314':
src/800_b_2.c:6862: warning: passing arg 1 of `func_80034650' from incompatible pointer type
jtbl_rodata_pads --derive main: 0,0,0,0,0,0,0t1,0,0
  CC      build/src/apicard2.o
  CC      build/src/apicard6.o
  CC      build/src/libcd2.o
  CC      build/src/sgap_4.o
  CC      build/src/snd10.o
  CC      build/src/libgs7.o
  CC      build/src/libgte24.o
  CC      build/src/sgap_8.o
  CC      build/src/apicard1.o
  CC      build/src/libgte9.o
  CC      build/src/snd12.o
  CC      build/src/libgte13.o
  CC      build/src/libgs4.o
  CC      build/src/libgs3.o
  CC      build/src/snd2.o
  CC      build/src/libgs5.o
  CC      build/src/apicard7.o
  CC      build/src/sgap_5.o
  CC      build/src/libgte26.o
  CC      build/src/snd3.o
  CC      build/src/800_b_o0a.o
  CC      build/src/libgte14.o
  CC      build/src/libgte3.o
  CC      build/src/libgte25.o
  CC      build/src/libgs8.o
  CC      build/src/libgte30.o
integrate libcd: 18 objects in 2 block(s) -> stubs ['libcd1', 'libcd2']; 18 NOLOAD sections; 45 externals -> build/psyq/libcd_externals.ld
  .. GS_001.o: .bss split ×6: .bss [0x0000,0x0028) @0x80078810 · .bss2 [0x0028,0x0030) @0x800a4f3c (cut at `PSDBASEX`) · .bss3 [0x0030,0x0038) @0x800ae820 (cut at `CLIP2`) · .bss4 [0x0038,0x003c) @0x800a4f40 (cut at `PSDBASEY`) · .bss5 [0x003c,0x0048) @0x800a5e50 (cut at `POSITION`) · .bss6 [0x0048,0x00c2) @0x800a6438 (cut at `GsDRAWENV`) — scattered commons tiled at link-prepare
integrate libgs_used: 34 objects in 8 block(s) -> stubs ['libgs1', 'libgs2', 'libgs3', 'libgs4', 'libgs5', 'libgs6', 'libgs7', 'libgs8']; 18 NOLOAD sections; 179 externals -> build/psyq/libgs_externals.ld
integrate libetc: 5 objects in 1 block(s) -> stubs ['libetc']; 8 NOLOAD sections; 7 externals -> build/psyq/libetc_externals.ld
  .. SYS.o: .bss split ×2: .bss [0x0000,0x0144) @0x80078830 · .bss2 [0x0144,0x1944) @0x800c5510 (cut at `_que`) — scattered commons tiled at link-prepare
integrate libgpu: 3 objects in 2 block(s) -> stubs ['libgpu', 'libgpu2']; 5 NOLOAD sections; 23 externals -> build/psyq/libgpu_externals.ld
integrate libmcrd: 2 objects in 2 block(s) -> stubs ['libmcrd1', 'libmcrd2']; 6 NOLOAD sections; 37 externals -> build/psyq/libmcrd_externals.ld
integrate libc2: 17 objects in 2 block(s) -> stubs ['libc2_1', 'libc2_2']; 6 NOLOAD sections; 32 externals -> build/psyq/libc2_externals.ld
  .. SMP_06.o @0x80049600 (4 ins) is NESTED inside SMP_05.o — sub-pattern, not wired
integrate libgte: 70 objects in 30 block(s) -> stubs ['libgte1', 'libgte2', 'libgte3', 'libgte4', 'libgte5', 'libgte6', 'libgte7', 'libgte8', 'libgte9', 'libgte10', 'libgte11', 'libgte12', 'libgte13', 'libgte14', 'libgte15', 'libgte16', 'libgte17', 'libgte18', 'libgte19', 'libgte20', 'libgte21', 'libgte22', 'libgte23', 'libgte24', 'libgte25', 'libgte26', 'libgte27', 'libgte28', 'libgte29', 'libgte30']; 6 NOLOAD sections; 24 externals -> build/psyq/libgte_externals.ld
  .. VM_F.o: .bss split ×2: .bss [0x0000,0x0508) @0x80079580 · .bss2 [0x0508,0x06d8) @0x800b9b58 (cut at `_svm_sreg_buf`) — scattered commons tiled at link-prepare
integrate snd_used: 63 objects in 12 block(s) -> stubs ['snd1', 'snd2', 'snd3', 'snd4', 'snd5', 'snd6', 'snd7', 'snd8', 'snd9', 'snd10', 'snd11', 'snd12']; 13 NOLOAD sections; 106 externals -> build/psyq/snd_externals.ld
integrate apicard_used: 26 objects in 7 block(s) -> stubs ['apicard1', 'apicard2', 'apicard3', 'apicard4', 'apicard5', 'apicard6', 'apicard7']; 7 NOLOAD sections; 0 externals -> build/psyq/apicard_externals.ld
integrate libapi42: 23 objects in 2 block(s) -> stubs ['libapi1', 'libapi2']; 1 NOLOAD sections; 2 externals -> build/psyq/libapi42_externals.ld
integrate libpad421: 7 objects in 2 block(s) -> stubs ['libpad1', 'libpad2']; 7 NOLOAD sections; 7 externals -> build/psyq/libpad_externals.ld
  LD      build/us/SLUS_007.26.elf
  OBJCOPY build/us/SLUS_007.26
[ OK ] build/us/SLUS_007.26
       sha1 143dbb89f34491258bbc27810d0a12ec8b43a8dd == config/check.us.sha  (BYTE-IDENTICAL)
sdk-dual: OK — main 143dbb89f34491258bbc27810d0a12ec8b43a8dd byte-identical WITH and WITHOUT the PsyQ objects (maps: .run/P33/verify/main_with_sdk.map, main_no_sdk.map)
.venv/bin/python tools/corpus.py --all --audit
main             files=85  stubs= 1258  matched=  809
md_MAIN_001      files= 1  stubs=    0  matched=   11
md_MAIN_003      files= 5  stubs=    0  matched=   60
md_MAIN_007      files= 1  stubs=    0  matched=   19
md_MAIN_008      files= 1  stubs=    0  matched=    6
md_MAIN_009      files= 1  stubs=    0  matched=   12
md_MAIN_011      files= 1  stubs=    0  matched=   21
md_MAIN_013      files= 1  stubs=    0  matched=   16
md_MAIN_014      files= 1  stubs=    0  matched=   13
md_MAIN_015      files= 1  stubs=    0  matched=   20
md_MAIN_016      files= 1  stubs=    0  matched=   13
md_MAIN_017      files= 1  stubs=    0  matched=   10
md_MAIN_018      files= 1  stubs=    0  matched=   11
md_MAIN_019      files= 1  stubs=    0  matched=   22
md_MAIN_020      files= 1  stubs=    0  matched=   14
md_MAIN_021      files= 1  stubs=    0  matched=   11
md_MAIN_022      files= 1  stubs=    0  matched=   33
md_MAIN_023      files= 1  stubs=    0  matched=    6
md_MAIN_024      files= 1  stubs=    0  matched=    6
md_MAIN_025      files= 1  stubs=    0  matched=   30
md_MAIN_026      files= 1  stubs=    0  matched=   24
md_MAIN_027      files= 1  stubs=    0  matched=   29
md_MAIN_028      files= 1  stubs=    0  matched=   22
md_MAIN_029      files= 1  stubs=    0  matched=   11
md_MAIN_030      files= 1  stubs=    0  matched=   10
md_MAIN_031      files= 1  stubs=    0  matched=   18
md_MAIN_032      files= 1  stubs=    0  matched=   10
md_MAIN_033      files= 1  stubs=    0  matched=   19
md_MAIN_034      files= 1  stubs=    0  matched=   28
md_MAIN_035      files= 1  stubs=    0  matched=   16
md_MAIN_036      files= 1  stubs=    0  matched=   28
md_MAIN_037      files= 1  stubs=    0  matched=   17
md_MAIN_038      files= 1  stubs=    0  matched=   20
md_MAIN_039      files= 1  stubs=    0  matched=   26
md_MAIN_040      files= 1  stubs=    0  matched=   19
md_MAIN_041      files= 1  stubs=    0  matched=   15
md_MAIN_042      files= 1  stubs=    0  matched=    4
md_MAIN_043      files= 1  stubs=    0  matched=   23
md_MAIN_044      files= 1  stubs=    0  matched=   44
md_MAIN_045      files= 1  stubs=    0  matched=   21
md_MAIN_046      files= 1  stubs=    0  matched=   39
md_MAIN_047      files= 1  stubs=    0  matched=   12
md_SC02_009      files= 1  stubs=    0  matched=   40
md_SC03_053      files= 1  stubs=    0  matched=   15
md_SC03_054      files= 1  stubs=    0  matched=    7
md_SC03_056      files= 1  stubs=    0  matched=    4
md_SC03_073      files= 1  stubs=    0  matched=   28
md_SC03_074      files= 1  stubs=    0  matched=   29
md_SC03_075      files= 1  stubs=    0  matched=   41
md_SC03_076      files= 2  stubs=    0  matched=   66
md_SC03_077      files= 2  stubs=    0  matched=   35
md_SC03_078      files= 1  stubs=    0  matched=   27
md_SC03_079      files= 1  stubs=    0  matched=   29
md_SC03_132      files= 1  stubs=    0  matched=   28
md_SC03_133      files= 1  stubs=    0  matched=   29
md_SC03_134      files= 1  stubs=    0  matched=   41
md_SC03_135      files= 2  stubs=    0  matched=   66
md_SC03_136      files= 2  stubs=    0  matched=   35
md_SC03_137      files= 1  stubs=    0  matched=   27
md_SC03_138      files= 1  stubs=    0  matched=   37
md_SC04_024      files= 1  stubs=    0  matched=   28
md_SC04_025      files= 1  stubs=    0  matched=   29
md_SC04_026      files= 1  stubs=    0  matched=   41
md_SC04_027      files= 2  stubs=    0  matched=   66
md_SC04_028      files= 2  stubs=    0  matched=   35
md_SC04_029      files= 1  stubs=    0  matched=   27
md_SC04_030      files= 1  stubs=    0  matched=   31
md_SC05_023      files= 1  stubs=    0  matched=   28
md_SC05_024      files= 1  stubs=    0  matched=   29
md_SC05_025      files= 1  stubs=    0  matched=   41
md_SC05_026      files= 2  stubs=    0  matched=   66
md_SC05_027      files= 2  stubs=    0  matched=   35
md_SC05_028      files= 1  stubs=    0  matched=   27
md_SC05_029      files= 1  stubs=    0  matched=   31
md_SC07_003      files= 1  stubs=    0  matched=  100
md_SC07_004      files= 1  stubs=    0  matched=  315
ov_MAIN_012      files=23  stubs=    0  matched= 2403
ov_SC01_000      files=28  stubs=    0  matched= 2403
ov_SC01_001      files=29  stubs=    0  matched= 2466
ov_SC01_004      files=30  stubs=    0  matched= 2416
ov_SC01_005      files=30  stubs=    0  matched= 2503
ov_SC01_006      files=30  stubs=    0  matched= 2503
ov_SC01_008      files=30  stubs=    0  matched= 2428
ov_SC01_009      files=31  stubs=    0  matched= 2509
ov_SC01_074      files=28  stubs=    0  matched= 2427
ov_SC01_077      files=35  stubs=    0  matched= 2585
ov_SC01_080      files=27  stubs=    0  matched= 2514
ov_SC01_084      files=30  stubs=    0  matched= 2581
ov_SC02_000      files=37  stubs=    0  matched= 2683
ov_SC02_003      files=37  stubs=    0  matched= 2683
ov_SC02_004      files=27  stubs=    0  matched= 2403
ov_SC02_005      files=33  stubs=    0  matched= 2929
ov_SC02_011      files=29  stubs=    0  matched= 2895
ov_SC02_015      files=27  stubs=    0  matched= 2416
ov_SC02_016      files=29  stubs=    0  matched= 2547
ov_SC02_017      files=29  stubs=    0  matched= 2734
ov_SC02_021      files=30  stubs=    0  matched= 2439
ov_SC02_026      files=29  stubs=    0  matched= 2574
ov_SC02_027      files=29  stubs=    0  matched= 2694
ov_SC02_028      files=30  stubs=    0  matched= 2703
ov_SC02_031      files=27  stubs=    0  matched= 2564
ov_SC02_035      files=29  stubs=    0  matched= 2522
ov_SC02_037      files=21  stubs=    0  matched= 2516
ov_SC02_039      files=28  stubs=    0  matched= 2418
ov_SC02_041      files=28  stubs=    0  matched= 2563
ov_SC03_001      files=35  stubs=    0  matched= 2869
ov_SC03_002      files=32  stubs=    0  matched= 2631
ov_SC03_003      files=28  stubs=    0  matched= 2425
ov_SC03_006      files=27  stubs=    0  matched= 2767
ov_SC03_007      files=29  stubs=    0  matched= 2625
ov_SC03_010      files=29  stubs=    0  matched= 2472
ov_SC03_011      files=29  stubs=    0  matched= 2529
ov_SC03_012      files=27  stubs=    0  matched= 2408
ov_SC03_013      files=30  stubs=    0  matched= 2494
ov_SC03_014      files=32  stubs=    0  matched= 2687
ov_SC03_015      files=34  stubs=    0  matched= 2687
ov_SC03_023      files=27  stubs=    0  matched= 2437
ov_SC03_024      files=30  stubs=    0  matched= 2643
ov_SC03_028      files=34  stubs=    0  matched= 2666
ov_SC03_029      files=30  stubs=    0  matched= 2646
ov_SC03_030      files=27  stubs=    0  matched= 2497
ov_SC03_031      files=28  stubs=    0  matched= 2516
ov_SC03_089      files=30  stubs=    0  matched= 2583
ov_SC03_090      files=30  stubs=    0  matched= 2627
ov_SC03_091      files=32  stubs=    0  matched= 2642
ov_SC03_092      files=29  stubs=    0  matched= 2589
ov_SC03_093      files=30  stubs=    0  matched= 2565
ov_SC03_094      files=30  stubs=    0  matched= 2579
ov_SC03_095      files=29  stubs=    0  matched= 2476
ov_SC03_096      files=29  stubs=    0  matched= 2467
ov_SC03_097      files=30  stubs=    0  matched= 2605
ov_SC03_098      files=29  stubs=    0  matched= 2543
ov_SC03_099      files=29  stubs=    0  matched= 2506
ov_SC03_100      files=29  stubs=    0  matched= 2541
ov_SC03_101      files=29  stubs=    0  matched= 2530
ov_SC03_102      files=29  stubs=    0  matched= 2494
ov_SC03_103      files=29  stubs=    0  matched= 2512
ov_SC03_104      files=31  stubs=    0  matched= 2618
ov_SC03_105      files=34  stubs=    0  matched= 2599
ov_SC03_107      files=20  stubs=    0  matched= 2497
ov_SC03_108      files=29  stubs=    0  matched= 2445
ov_SC03_109      files=28  stubs=    0  matched= 2426
ov_SC03_110      files=29  stubs=    0  matched= 2470
ov_SC03_111      files=28  stubs=    0  matched= 2512
ov_SC03_112      files=32  stubs=    0  matched= 2528
ov_SC03_113      files=28  stubs=    0  matched= 2470
ov_SC03_114      files=28  stubs=    0  matched= 2417
ov_SC03_115      files=28  stubs=    0  matched= 2474
ov_SC03_116      files=27  stubs=    0  matched= 2440
ov_SC03_117      files=30  stubs=    0  matched= 2559
ov_SC03_118      files=31  stubs=    0  matched= 2687
ov_SC03_119      files=31  stubs=    0  matched= 2687
ov_SC03_121      files=30  stubs=    0  matched= 2461
ov_SC03_124      files=32  stubs=    0  matched= 2743
ov_SC03_125      files=29  stubs=    0  matched= 2590
ov_SC03_126      files=28  stubs=    0  matched= 2425
ov_SC04_000      files=29  stubs=    0  matched= 2546
ov_SC04_002      files=28  stubs=    0  matched= 2638
ov_SC04_003      files=28  stubs=    0  matched= 2504
ov_SC04_004      files=27  stubs=    0  matched= 2560
ov_SC04_005      files=28  stubs=    0  matched= 2614
ov_SC04_006      files=28  stubs=    0  matched= 2456
ov_SC04_007      files=28  stubs=    0  matched= 2571
ov_SC04_008      files=26  stubs=    0  matched= 2417
ov_SC04_009      files=28  stubs=    0  matched= 2443
ov_SC04_010      files=28  stubs=    0  matched= 2421
ov_SC04_011      files=28  stubs=    0  matched= 2805
ov_SC04_012      files=27  stubs=    0  matched= 2422
ov_SC04_015      files=28  stubs=    0  matched= 2613
ov_SC04_016      files=29  stubs=    0  matched= 2442
ov_SC04_018      files=33  stubs=    0  matched= 2857
ov_SC04_019      files=34  stubs=    0  matched= 2857
ov_SC04_020      files=29  stubs=    0  matched= 2569
ov_SC04_021      files=28  stubs=    0  matched= 2425
ov_SC05_000      files=28  stubs=    0  matched= 2422
ov_SC05_001      files=29  stubs=    0  matched= 2576
ov_SC05_002      files=28  stubs=    0  matched= 2444
ov_SC05_003      files=28  stubs=    0  matched= 2483
ov_SC05_004      files=29  stubs=    0  matched= 2466
ov_SC05_005      files=28  stubs=    0  matched= 2493
ov_SC05_006      files=28  stubs=    0  matched= 2432
ov_SC05_007      files=28  stubs=    0  matched= 2484
ov_SC05_008      files=27  stubs=    0  matched= 2545
ov_SC05_009      files=27  stubs=    0  matched= 2440
ov_SC05_010      files=31  stubs=    0  matched= 2590
ov_SC05_011      files=28  stubs=    0  matched= 2411
ov_SC05_017      files=35  stubs=    0  matched= 2844
ov_SC05_018      files=29  stubs=    0  matched= 2675
ov_SC05_019      files=28  stubs=    0  matched= 2425
ov_SC06_000      files=27  stubs=    0  matched= 2691
ov_SC06_006      files=29  stubs=    0  matched= 2513
ov_SC06_008      files=28  stubs=    0  matched= 2544
ov_SC06_010      files=26  stubs=    0  matched= 2519
ov_SC06_011      files=29  stubs=    0  matched= 2470
ov_SC06_013      files=28  stubs=    0  matched= 2427
ov_SC06_014      files=28  stubs=    0  matched= 2455
ov_SC06_015      files=28  stubs=    0  matched= 2423
ov_SC06_016      files=30  stubs=    0  matched= 2551
ov_SC06_018      files=33  stubs=    0  matched= 2667
ov_SC06_020      files=30  stubs=    0  matched= 2520
ov_SC06_022      files=32  stubs=    0  matched= 2644
ov_SC06_024      files=33  stubs=    0  matched= 2669
ov_SC06_025      files=29  stubs=    0  matched= 2574
ov_SC06_027      files=28  stubs=    0  matched= 2410
ov_SC06_029      files=30  stubs=    0  matched= 2664
ov_SC06_030      files=29  stubs=    0  matched= 2458
ov_SC06_032      files=33  stubs=    0  matched= 2660
ov_SC06_033      files=34  stubs=    0  matched= 2633
ov_SC07_000      files=30  stubs=    0  matched= 2521
ov_SC07_001      files=28  stubs=    0  matched= 2456
ov_SC07_002      files=28  stubs=    0  matched= 2581
ov_SC07_006      files=28  stubs=    0  matched= 2456
ov_SC07_007      files=27  stubs=    0  matched= 2614
ov_SC07_008      files=28  stubs=    0  matched= 2388
ov_SC07_009      files=27  stubs=    0  matched= 2432
ov_SC07_010      files=26  stubs=    0  matched= 2526
ov_SC07_011      files=27  stubs=    0  matched= 2450
resident         files= 3  stubs=    0  matched=  145

corpus audit: 0 PHANTOM + 0 TRUNCATED = 0 unmatchable slices
.venv/bin/python tools/cdecl.py --audit --gcc --limit 60
[coverage] 60 TUs (cpp-derived) + 600 drafts (raw)
[coverage] depth-0 statements: 175222   declarators parsed: 166814
[coverage] unparsed: 4  ->  PARSER DEFECTS (gcc accepts, cdecl does not): 0   NOT-C (gcc rejects it too — corrupt input): 4
    NOT-C in 1 dir(s) (all scratch, none in src/): ['.run/drafts-T6-recanon']
      e.g. 'extern if ((func_80029178(0x119) & 0xFF) != 0);' -> expected ')', got '!=' in 'extern if ((func_800

[differential] expanded 5147 DEFINE_ macros through cpp -> 7430 names
[differential] engine_core.h — D_ symbols (raw-text scan vs cpp-expanded file scope)
    incumbent                             theirs   cdecl  cdecl-only  MY DEFECT  their block-scope error
    gen_harvest_targets.DATA_DECL_RE        2238    2319         601          0                      520
        they count BLOCK-scope externs as file-scope canonicals: ['D_800636C8', 'D_80078EAF', 'D_800A5E8C', 'D_800A5E90']
    sig_unify.DATA_DECL_RE                  2238    2319         601          0                      520
        they count BLOCK-scope externs as file-scope canonicals: ['D_800636C8', 'D_80078EAF', 'D_800A5E8C', 'D_800A5E90']
    the audit's named blind symbols (engine_core.h), now resolved WITH THEIR KIND:
      D_80127530     kind=array        (expected array)  [ok]  s32 [4]
      D_80127088     kind=fnptr        (expected fnptr)  [ok]  void (*)(void)
      D_8011DB28     kind=fnptr        (expected fnptr)  [ok]  void (*)(s32)
      D_801274D0     kind=fnptr        (expected fnptr)  [ok]  s32 (*)(s32)
      D_8018E858     kind=fnptr_array  (expected fnptr_array)  [ok]  void (*[])(void)

[gcc] 4777 distinct declarations -> the real cross-compiler
[gcc] adjudicated: 4777   env-skipped (gcc cannot compile the original out of its TU): 0
[gcc] accepted: 4777   REJECTED (my reconstruction is a DIFFERENT TYPE): 0

cdecl: ALL ORACLES GREEN
.venv/bin/python tools/audit_binaries.py
audit-binaries: 218 onboarded (main + resident + 141 overlays + 75 modules)
audit-binaries: OK — every onboarded binary is a full citizen of every enumerating consumer.
.venv/bin/python tools/audit_text_sources.py
audit-text-sources: scanned 4299 tracked .c/.h file(s) under src/include
audit-text-sources: OK — every source is TEXT (grep can see all of them) and every #include is PORTABLE (resolves inside the repo).
.venv/bin/python tools/progress.py --binary main --audit
.venv/bin/python tools/difficulty.py --binary main
.venv/bin/python tools/dup_report.py --binary main
# P33 A2: refresh main's build-derived sig before anything weighs main by it (a no-op message when
# main is not built; progress.py then falls back to the legacy Ghidra sig or fails loudly — R32).
make --no-print-directory sig-main
.venv/bin/python tools/dup_report.py --cross
# Fleet roll-up (Phase 15): deterministic per-binary table + fleet totals -> docs/progress.fleet.md.
.venv/bin/python tools/progress.py --fleet
# P33 D1/D3: the same numbers as DATA — docs/progress.json + the README block (never typed by hand)
.venv/bin/python tools/progress.py --json --readme
# P33.5 task 7: the dated timeline is generated from the committed digests (R75) — regenerated here, after
# progress.json, so its self-check against the last row sees the fresh data; audit-digest asserts it is fresh
.venv/bin/python tools/timeline.py
# Backlog compaction (Phase 29): the near-miss log is append-only, so it fills with already-banked
# noise (measured 6,867 rows, 98% banked). prune rewrites .run/backlog.jsonl to the open near-misses
# (drop-now-matched P9 + best-per-addr) so the ledger tracks reality instead of drifting stale.
.venv/bin/python tools/backlog.py prune
# Rename-drift gate (Phase 26-A): fail-closed if a symbols.us.txt rename left a func_<ADDR>
# ref dangling in committed src/ or src/shared/*.h — the R22 failure mode an incremental build
# masks (stale .o) but a genuinely-clean rebuild fails on. The ONLY detector for it.
.venv/bin/python tools/lint_symbol_refs.py
# Byte-honesty gate (Phase 11): fail-closed if any registered code-share drifted from its
# recorded signature hash. Last in the recipe, so a stale share fails `make report` (P9).
.venv/bin/python tools/dedup_integrate.py --check
# BFM matching progress  (generated by tools/progress.py — authoritative)

REAL substantive matches :   789   <- the Gen1-exit >=25 bar counts THIS
  (of which dedup-shared :     2   one body -> N sites, config/dedup.us.yaml)
LINKED real PsyQ objects :  1256   <- byte-identical via linked SDK objects
VERBATIM __asm__ bodies  :     3   <- §265: BYTES, NOT A DECOMPILE (byte-identical by construction, unexplained; NOT counted in REAL)
NON_MATCHING (near-miss) :     0
splat-auto empty no-ops  :    43
INCLUDE_ASM stubs        :     0
data blobs (excluded)    :     2
----------------------------------------
matchable functions      :  2091
REAL / matchable         : 789 / 2091 = 37.73%
byte-identical/ matchable: 2091 / 2091 = 100.00%   (REAL+LINKED+empties+VERBATIM)

LINKED subsegs: apicard1 apicard2 apicard3 apicard4 apicard5 apicard6 apicard7 libapi1 libapi2 libc2_1 libc2_2 libcd1 libcd2 libetc libgpu libgpu2 libgs1 libgs2 libgs3 libgs4 libgs5 libgs6 libgs7 libgs8 libgte1 libgte10 libgte11 libgte12 libgte13 libgte14 libgte15 libgte16 libgte17 libgte18 libgte19 libgte2 libgte20 libgte21 libgte22 libgte23 libgte24 libgte25 libgte26 libgte27 libgte28 libgte29 libgte3 libgte30 libgte4 libgte5 libgte6 libgte7 libgte8 libgte9 libmcrd1 libmcrd2 libpad1 libpad2 snd1 snd10 snd11 snd12 snd2 snd3 snd4 snd5 snd6 snd7 snd8 snd9  (1256 fns)
REAL matches: CdQueueBusy CdReadRequest CdReadSectorReadyCB CdReadStateMachine DebugMenuHandler DsDataCallback DsReadyCallback DsSyncCallback GameModeDispatch GsTMDfastF3GL GsTMDfastF3GNL GsTMDfastF4GL GsTMDfastF4GNL GsTMDfastG3GL GsTMDfastG3GNL GsTMDfastG4GL GsTMDfastG4GNL LoaderInitFileTable LoaderResetReadState LzssDecodeSector ResourceGetCdLoc ResourceLoadStateMachine SpuWrite SsGetMute SsUtReverbOff StreamLoadStateMachine _SsSndPlay aF800301A4 func_8001096C func_8001099C func_80010A08 func_80010A98 func_80010AE0 func_80010B10 func_80010BB4 func_80010C7C func_80010CEC func_80010D60 func_80010DA0 func_80010DE0 func_80010E14 func_80010E48 func_80010E7C func_80010ED4 func_80010F80 func_800110CC func_800111BC func_80011220 func_8001125C func_800112C8 func_80011320 func_80011350 func_80011380 func_80011680 func_800116E0 func_80011778 func_80011818 func_800118AC func_80011928 func_80011998 func_800119F0 func_80011A3C func_80011ADC func_80011B7C func_80011C10 func_80011C8C func_80011CFC func_80011D54 func_80011DA0 func_80011DCC func_80011DF4 func_80011E24 func_80011E84 func_80011EB4 func_800120DC func_8001212C func_800123F0 func_80012558 func_800126C4 func_8001282C func_800128B4 func_800128EC func_800129CC func_80012A60 func_80012AB0 func_80012ABC func_80012B04 func_80012B58 func_80012C6C func_80012CB8 func_80012D0C func_80012DBC func_80012E0C func_80012E6C func_80012F74 func_80012FC8 func_80013028 func_800130D0 func_8001311C func_80013154 func_80013200 func_80013228 func_80013294 func_800132BC func_80013328 func_80013350 func_800133BC func_800133E4 func_80013450 func_80013478 func_800134FC func_80013694 func_8001382C func_800139C8 func_80013B64 func_80013CFC func_80013E94 func_80013ED0 func_80013F3C func_80013F68 func_80013F98 func_80013FBC func_80013FE0 func_80014004 func_80014028 func_8001404C func_80014070 func_80014094 func_800140B8 func_80014128 func_80014148 func_80014168 func_800141AC func_800141F0 func_80014238 func_800142C8 func_80014338 func_80014390 func_800143AC func_80014444 func_800144D4 func_80014564 func_80014588 func_800145EC func_800146B0 func_80014774 func_800147B8 func_80014928 func_80014960 func_80014998 func_800149E0 func_80014B10 func_80014BFC func_80014C28 func_80014C54 func_80014CAC func_80014CF8 func_80014D30 func_80014D68 func_80014D94 func_80014DC0 func_80014DEC func_80014E24 func_80014E80 func_80014ED4 func_80015018 func_80015118 func_80015144 func_80015208 func_800152F4 func_80015310 func_8001534C func_800153A4 func_800153CC func_80015424 func_8001544C func_80015498 func_80015608 func_80015760 func_80015908 func_80015954 func_80015978 func_8001599C func_800159C0 func_800159E4 func_80015A08 func_80015A2C func_80015A50 func_80015A74 func_80015AD0 func_80015B6C func_80015D4C func_80015F04 func_80016110 func_80016224 func_80016450 func_80016638 func_800166E8 func_80016714 func_800167B8 func_800167F0 func_800168B4 func_800168C4 func_80016940 func_80016978 func_80016A3C func_80016A5C func_80016A7C func_80016B60 func_80016C28 func_80016D78 func_80016EB0 func_80016ED4 func_80016EF8 func_80016F18 func_80017168 func_80017254 func_80017274 func_80017294 func_8001739C func_800173BC func_800173DC func_800174DC func_800174FC func_8001751C func_800176F0 func_80017714 func_80017738 func_80017758 func_80017778 func_800178C8 func_800178EC func_80017910 func_80017930 func_80017B98 func_80017D98 func_80017DC4 func_80017DF8 func_80017E30 func_80017E68 func_80017E8C func_80017F14 func_80018094 func_80018194 func_8001820C func_80018384 func_800183E0 func_80018450 func_800184F0 func_80018918 func_800189A8 func_80018A20 func_80018C64 func_80018CE8 func_80018E78 func_80018E9C func_80018F20 func_80018F88 func_80018FC8 func_80019018 func_80019028 func_8001903C func_80019064 func_800190AC func_80019198 func_800191A8 func_800191BC func_800191D4 func_8001923C func_8001931C func_80019378 func_80019388 func_80019398 func_800193A8 func_800193B8 func_80019930 func_80019A10 func_8001A0FC func_8001A114 func_8001A9D8 func_8001A9F8 func_8001AA78 func_8001AA88 func_8001AAA0 func_8001AAD0 func_8001ABBC func_8001ACF0 func_8001AE90 func_8001AF04 func_8001AF34 func_8001B0D4 func_8001B22C func_8001B23C func_8001B26C func_8001B324 func_8001B34C func_8001B374 func_8001B384 func_8001B394 func_8001B710 func_8001B7C4 func_8001B85C func_8001B86C func_8001BA84 func_8001BADC func_8001BB60 func_8001BBBC func_8001BC6C func_8001BDA0 func_8001BE20 func_8001BE30 func_8001BFA0 func_8001BFB0 func_8001BFD0 func_8001BFE8 func_8001BFF8 func_8001C00C func_8001C044 func_8001C0C8 func_8001C14C func_8001C1E4 func_8001C214 func_8001C2C4 func_8001C320 func_8001C448 func_8001C4A4 func_8001C558 func_8001C5B8 func_8001C6E4 func_8001C744 func_8001C7B0 func_8001C810 func_8001C8C4 func_8001C924 func_8001C97C func_8001C9D0 func_8001CA1C func_8001CA88 func_8001CB00 func_8001CB6C func_8001CBDC func_8001CC3C func_8001CCA0 func_8001CD04 func_8001CD50 func_8001CD9C func_8001CDE8 func_8001CE28 func_8001CE68 func_8001CEC0 func_8001CF00 func_8001CF30 func_8001CF48 func_8001CFB8 func_8001CFDC_impl func_8001D050 func_8001D074_impl func_8001D0E8 func_8001D0F4 func_8001D130 func_8001D150 func_8001D16C func_8001D1C4 func_8001D388 func_8001D3FC func_8001D70C func_8001D8C4 func_8001DA34 func_8001E094 func_8001E378 func_8001E668 func_8001E7E0 func_8001EA14 func_8001EFE0 func_8001F730 func_8001F97C func_8001F9F8 func_8001FB8C func_8001FC08 func_80020248 func_80020598 func_80020A28 func_80020DA4 func_80020F34 func_80021008 func_80021050 func_8002109C func_80021120 func_80021174 func_80021284 func_800215F4 func_80021D38 func_800221A8 func_800226C0 func_80023138 func_800233CC func_800234E4 func_80023570 func_8002374C func_80023BF0 func_80024054 func_800241C0 func_800242D0 func_800243EC func_80024448 func_800249F0 func_80024BC0 func_80024DE8 func_80025000 func_8002528C func_80025504 func_80025818 func_80025A30 func_80025CBC func_80025EB8 func_80026128 func_800262D8 func_80026514 func_800268D0 func_80026D64 func_80027058 func_80027200 func_800273F4 func_800275BC func_800277DC func_800279AC func_80027BF0 func_80027C10 func_80027D20 func_80027F4C func_80028200 func_8002823C func_80028304 func_80028394 func_80028428 func_80028488 func_80028558 func_800285CC func_80028620 func_80028694 func_80028A48 func_80028C50 func_80028D58 func_80028D78 func_80028D9C func_80028DBC func_80028DE0 func_80028E00 func_80028E24 func_80028E44 func_80028E68 func_80028E88 func_80028EAC func_80028ECC func_80028EF0 func_80028F10 func_80028F34 func_80028F54 func_80028F78 func_80028F98 func_80028FBC func_80028FDC func_80029000 func_80029020 func_80029044 func_8002906C func_80029094 func_800290BC func_800290E0 func_80029104 func_80029124 func_80029178 func_800291A0 func_800291B4 func_800291C8 func_800291DC func_800291F0 func_80029204 func_80029218 func_80029240 func_80029254 func_80029264 func_80029274 func_8002931C func_80029344 func_8002941C func_80029444 func_80029504 func_80029514 func_80029524 func_8002953C func_8002954C func_8002955C func_8002957C func_8002958C func_8002959C func_800295D4 func_80029664 func_80029690 func_800296F8 func_80029774 func_800298BC func_8002992C func_80029A58 func_80029A94 func_80029AAC func_80029AF4 func_80029B4C func_80029BC8 func_80029C44 func_80029CD4 func_80029D3C func_80029DB4 func_80029E30 func_80029E94 func_80029EC0 func_80029ED4 func_80029FD4 func_80029FE4 func_8002A04C func_8002A088 func_8002A108 func_8002A1B4 func_8002A200 func_8002A234 func_8002A26C func_8002A27C func_8002A28C func_8002A2B0 func_8002A2D4 func_8002A354 func_8002A400 func_8002A44C func_8002A480 func_8002A4B8 func_8002A4C8 func_8002A4D8 func_8002A4FC func_8002A520 func_8002A544 func_8002A5C4 func_8002A670 func_8002A6BC func_8002A6F0 func_8002A728 func_8002A738 func_8002A748 func_8002A76C func_8002A790 func_8002A7B4 func_8002A834 func_8002A8E0 func_8002A92C func_8002A960 func_8002A998 func_8002A9A8 func_8002A9B8 func_8002A9DC func_8002AA00 func_8002AA3C func_8002AAB4 func_8002AB64 func_8002AC00 func_8002AC98 func_8002AE60 func_8002AED0 func_8002AEE4 func_8002AEF8 func_8002AF08 func_8002AF18 func_8002AF48 func_8002AF60 func_8002AF70 func_8002B00C func_8002B064 func_8002B08C func_8002B0B4 func_8002C320 func_8002C3B0 func_8002C410 func_8002C8BC func_8002C8F4 func_8002CC4C func_8002CCB4 func_8002CCD8 func_8002CDD8 func_8002CFE4 func_8002D034 func_8002D1F0 func_8002D240 func_8002D29C func_8002D320 func_8002D4B8 func_8002D4C8 func_8002D59C func_8002D678 func_8002D6D8 func_8002D7FC func_8002D80C func_8002D834 func_8002D844 func_8002D858 func_8002D8A8 func_8002D8D4 func_8002D904 func_8002DC68 func_8002DF80 func_8002E138 func_8002E5BC func_8002E5F8 func_8002E638 func_8002E700 func_8002E79C func_8002E818 func_8002E8DC func_8002E94C func_8002EA10 func_8002EAB0 func_8002EB10 func_8002EBAC func_8002EC10 func_8002ED90 func_8002EDE4 func_8002EE64 func_8002EE90 func_8002EEB8 func_8002EED8 func_8002EFD0 func_8002EFF8 func_8002F064 func_8002F0D0 func_8002F0F4 func_8002F12C func_8002F150 func_8002F1CC func_8002F248 func_8002F4E4 func_8002F5C8 func_8002F620 func_8002F648 func_8002F658 func_8002F67C func_8002F714 func_8002F80C func_8002FA3C func_8002FAE0 func_8002FB08 func_8002FC64 func_8002FD14 func_8002FDC8 func_8002FDE8 func_8002FF0C func_800301C8 func_80030470 func_800304C8 func_80030538 func_80030634 func_80030730 func_80030A14 func_80030CA4 func_80030D80 func_80030F80 func_800314DC func_800316F8 func_80031988 func_80031A98 func_80031B7C func_80031BE0 func_80031CC8 func_80031D70 func_80031DEC func_80031E94 func_80031F14 func_80031FC8 func_80032048 func_800322A8 func_800324A4 func_80032774 func_80032A74 func_8003310C func_800331D4 func_8003324C func_80033324 func_80033398 func_8003350C func_800335B8 func_800336A8 func_8003388C func_800342E8 func_80034314 func_80034650 func_800346D0 func_800347C8 func_80034844 func_800348A8 func_8003491C func_80034A54 func_80034A9C func_80034AE0 func_80034B0C func_80034B3C func_80034C24 func_80034CF0 func_80034DFC func_8003500C func_800351E8 func_80035210 func_80035270 func_800359B0 func_80035C4C func_8003602C func_80036130 func_800361CC func_8003621C func_80036260 func_80036AF8 func_80036D24 func_80036D58 func_80036EB4 func_80036EE8 func_80036F18 func_80036F98 func_80036FB0 func_80037004 func_80037028 func_80037144 func_80037334 func_80037358 func_80037368 func_800373D0 func_800374CC func_8003750C func_8003775C func_800377D8 func_80037CC8 func_80037CD8 func_80037D74 func_80037D98 func_80037EA0 func_80037F3C func_80037FC4 func_8003819C func_800381E4 func_80038210 func_80038308 func_8003834C func_8003836C func_800383A4 func_800384A8 func_800385C0 func_80038638 func_80038668 func_80038698 func_800387C0 func_80038838 func_800388E8 func_80038908 func_80038958 func_80038A00 func_80038A58 func_80038FC4 func_80038FFC func_8003916C func_800391D4 func_80039308 func_80039B20 func_80039C5C func_80039C70 func_80039DEC func_80039F14 func_80039F50 func_8003A098 func_8003A0D0 func_8003A0E4 func_8003A234 func_8003A3D8 func_8003A404 func_8003A424 func_8003D424 func_8003D630 func_8003DC90 func_8003DF8C func_8003FA54 func_80040DE8 func_80041354 func_800413B8 func_80041400 func_80041448 main
NON_MATCHING: 

build SHA1: 143dbb89f34491258bbc27810d0a12ec8b43a8dd  (byte-identical)

empties audit: 43/43 genuine jr;nop  (all clean)
# Unmatched difficulty inventory  (generated by tools/difficulty.py — harvest queue)

unmatched functions : 1256
trivial (<=5 ins)   : 267
non-jtbl leaves     : 834    (best harvest targets)
jump-table funcs    : 58    (deferred — need the rodata-island workflow, Task 2')

## Easiest 120 unmatched (score asc) — the work queue
| score | name | nins | br | calls | jtbl | leaf |
... full table -> docs/difficulty.md (top 120), CSV -> .run/difficulty.csv
# EXE-wide duplicate function groups  (generated by tools/dup_report.py)
# sig: .run/sig.main.jsonl  sha1=8bcb8eb2f6e3dc4562b39a6be9a0721bf0215fb3  (809 funcs, 718 with nins>=8)
# Match the representative once -> share the body to the duplicates (h_exact = guaranteed
# byte-match; h_norm = same source, re-point any single address constant).
## h_exact (byte-identical) — nins>=8: 8 groups, 8 redundant (collapsible)
## h_norm (structural) — nins>=8: 42 groups, 68 redundant (collapsible)
if [ -f "build/us/SLUS_007.26.map" ]; then
.venv/bin/python tools/main_seed_ends.py --map build/us/SLUS_007.26.map --out .run/seeds.main.txt
.venv/bin/python tools/sig_image.py --image extracted/retail/SLUS_007.26 --vram-base 0x8000F800 --seeds .run/seeds.main.txt --name main
echo "sig-main: signed $(wc -l < .run/seeds.main.txt) main game-code fns (build-true lengths, from the link map + objects) -> .run/sig.main.jsonl"
else
echo "sig-main: no main build (build/us/SLUS_007.26.map absent) — run 'make check BINARY=main' first; .run/sig.main.jsonl left as is"
fi
main_seed_ends: 809 functions / 45150 ins from 15 game-code objects (skipped 0 LINKED subseg objects + 268 build/psyq objects)
sig_image: 809 functions [0x8000f800..0x80074800) -> .run/sig.main.jsonl
sig-main: signed 809 main game-code fns (build-true lengths, from the link map + objects) -> .run/sig.main.jsonl
# Cross-binary duplicate function groups  (generated by tools/dup_report.py --cross)
# sources:
#   main       .run/sig.main.jsonl  sha1=8bcb8eb2f6e3dc4562b39a6be9a0721bf0215fb3
#   resident   .run/sig.resident.jsonl  sha1=76556f34476524f1c8160139f5993ad6d66d5f52
#   md_MAIN_013 .run/sig.md_MAIN_013.jsonl  sha1=7ef0aab887b13304929d00a324e50f883c30a903
#   md_MAIN_014 .run/sig.md_MAIN_014.jsonl  sha1=d67de8a37cbdb814e14360689965c68c8888ff97
#   md_MAIN_015 .run/sig.md_MAIN_015.jsonl  sha1=6630706504c43c403d20e71756d42f47004eb229
#   md_MAIN_016 .run/sig.md_MAIN_016.jsonl  sha1=0b94374d67397804d3086f8eb5e3b5ff8243c641
#   md_MAIN_017 .run/sig.md_MAIN_017.jsonl  sha1=4459498b5214040466bd80856d0fd4985cd37f52
#   md_MAIN_018 .run/sig.md_MAIN_018.jsonl  sha1=e898d3758ed5a3106fb9ec87521efe07d539d5ac
#   md_MAIN_019 .run/sig.md_MAIN_019.jsonl  sha1=ab97580aa15d72368f050fad2469231168b1f872
#   md_MAIN_020 .run/sig.md_MAIN_020.jsonl  sha1=c763c31db7d3616870d91c9cfedfadaebe2cbb0f
#   md_MAIN_021 .run/sig.md_MAIN_021.jsonl  sha1=f5148cf1822b7eddd1dcebaa295f35d6681d5154
#   md_MAIN_022 .run/sig.md_MAIN_022.jsonl  sha1=06553bc99d5f478d96f1be673df5cfabdffe1c57
#   md_MAIN_023 .run/sig.md_MAIN_023.jsonl  sha1=bbb6319e2a29c15f471964c2943380a6c6bf7202
#   md_MAIN_024 .run/sig.md_MAIN_024.jsonl  sha1=30e78b3a9bcd4b5a56f3c41d193a8869c997debf
#   md_MAIN_025 .run/sig.md_MAIN_025.jsonl  sha1=87bfd50e702289c99b0d139706510baa9b85b61c
#   md_MAIN_026 .run/sig.md_MAIN_026.jsonl  sha1=225a2fd20375ced7a83f17faa5de76c8ad291ab0
#   md_MAIN_027 .run/sig.md_MAIN_027.jsonl  sha1=cb4ae91b55d4aa4b4b07178c66fb60380281164a
#   md_MAIN_028 .run/sig.md_MAIN_028.jsonl  sha1=056dd72e871d1944b25cd0c74f1e376a43f1b6e8
#   md_MAIN_029 .run/sig.md_MAIN_029.jsonl  sha1=fe61c0e82a087c4ea79c2c63606ae471e9c52ca4
#   md_MAIN_030 .run/sig.md_MAIN_030.jsonl  sha1=ced3202a34dcf8bfe15b8dd6613eb6b975219f24
#   md_MAIN_031 .run/sig.md_MAIN_031.jsonl  sha1=01a4ea9a9f20a407f76b536394db5f00a791c2e1
#   md_MAIN_032 .run/sig.md_MAIN_032.jsonl  sha1=725e13cf872f740119ca3d673613dee278180887
#   md_MAIN_033 .run/sig.md_MAIN_033.jsonl  sha1=2fe65fcd8761b19612969a38043456f7dfd58c58
#   md_MAIN_034 .run/sig.md_MAIN_034.jsonl  sha1=06d2b217ffa58bce4c197edaa370f1b7e08ffde3
#   md_MAIN_035 .run/sig.md_MAIN_035.jsonl  sha1=abe999e11a37d2f866525b14855f768bc8232d53
#   md_MAIN_036 .run/sig.md_MAIN_036.jsonl  sha1=875193c8605f7ead21668e238df09fd640d28b28
#   md_MAIN_037 .run/sig.md_MAIN_037.jsonl  sha1=e149bac4d5d8049cc51f2fa664c298feac2e888b
#   md_MAIN_038 .run/sig.md_MAIN_038.jsonl  sha1=16c9ab7c00879c6005a190221df1abf8f9097b28
#   md_MAIN_039 .run/sig.md_MAIN_039.jsonl  sha1=97a562d238491f890250cf69589a7d7b6b8e0dd9
#   md_MAIN_040 .run/sig.md_MAIN_040.jsonl  sha1=395cc9b0ad96f7fc81bac808cd450980a9ca223a
#   md_MAIN_041 .run/sig.md_MAIN_041.jsonl  sha1=43cd6e6eee8a96c97f727293eca2db5da258dbbe
#   md_MAIN_042 .run/sig.md_MAIN_042.jsonl  sha1=2bb0f14bc0aee2e281322cc1793435248738c4ef
#   md_MAIN_043 .run/sig.md_MAIN_043.jsonl  sha1=90eb3ee32bc468db31c8c323c50e9ec77eb5186e
#   md_MAIN_044 .run/sig.md_MAIN_044.jsonl  sha1=ff79d95fc95d836ffe9fb432ee4f7b6805fce532
#   md_MAIN_045 .run/sig.md_MAIN_045.jsonl  sha1=97e499655a040ac0923488fe06240153c24790d7
#   md_MAIN_046 .run/sig.md_MAIN_046.jsonl  sha1=63b4821ee0960645ee402302bb9d1d553a7cb876
#   md_MAIN_047 .run/sig.md_MAIN_047.jsonl  sha1=63f8bfb5af126957574c0c3108a2885348989236
#   md_MAIN_001 .run/sig.md_MAIN_001.jsonl  sha1=3fcf391554345b10d22eed03f812bbcf3ede7dbd
#   md_MAIN_008 .run/sig.md_MAIN_008.jsonl  sha1=2a35ee2d5729265387e42abc7393999473f2c0a4
#   md_MAIN_011 .run/sig.md_MAIN_011.jsonl  sha1=5c7f07d04ecfb33a45070298018e2ca3b63eeb80
#   md_SC07_003 .run/sig.md_SC07_003.jsonl  sha1=8257c06af37b03c91c530b4a282483a13cd9a358
#   md_SC07_004 .run/sig.md_SC07_004.jsonl  sha1=52e4802e51f3d553b6fe66a1b8dbba81c87eb606
#   md_MAIN_003 .run/sig.md_MAIN_003.jsonl  sha1=ad8046e1c845a7083d07e5e1f7e0af03af2ed427
#   md_SC03_073 .run/sig.md_SC03_073.jsonl  sha1=aad07403b4a03004ba65d66960d47eb62821459a
#   md_SC03_074 .run/sig.md_SC03_074.jsonl  sha1=3c1972e1d6b2cf697009a17b36804793ed5be83c
#   md_SC03_075 .run/sig.md_SC03_075.jsonl  sha1=3c62c70ce633f253a6ed2b084dcca550d54ed8d9
#   md_SC03_076 .run/sig.md_SC03_076.jsonl  sha1=e742bd5654d8edd77013377a30487be1d43f2a4a
#   md_SC03_077 .run/sig.md_SC03_077.jsonl  sha1=c69bbe63121a108854f30e57fc7b668e5cc86ad0
#   md_SC03_078 .run/sig.md_SC03_078.jsonl  sha1=6de8ca98160b25b61f4fde45085b3f73e22ae365
#   md_SC03_079 .run/sig.md_SC03_079.jsonl  sha1=231a4686ee34c3ec7d0db9abddee71de1757a930
#   md_SC03_132 .run/sig.md_SC03_132.jsonl  sha1=b0cc41cb2c8c785de578ffa53b70e34d094b38d0
#   md_SC03_133 .run/sig.md_SC03_133.jsonl  sha1=93ca95b61ea0f5ab6a1e77e36df555a291cdd23e
#   md_SC03_134 .run/sig.md_SC03_134.jsonl  sha1=28e91f8c865a89e8da0289dd3a31135d05c83dde
#   md_SC03_135 .run/sig.md_SC03_135.jsonl  sha1=3cba00fe2706165faeaa71b496de5fbd73328e04
#   md_SC03_136 .run/sig.md_SC03_136.jsonl  sha1=17529813f89346c732f69a52a14d1a27591d7374
#   md_SC03_137 .run/sig.md_SC03_137.jsonl  sha1=7021ffbd1bd7fdeb08a3f567759d76ed77735d45
#   md_SC03_138 .run/sig.md_SC03_138.jsonl  sha1=9c0e7ac9e4eb3e3c30d493a52a0cd6ad419966ba
#   md_SC04_024 .run/sig.md_SC04_024.jsonl  sha1=3225fc7764cc164adaf31eb39ec6a12102278814
#   md_SC04_025 .run/sig.md_SC04_025.jsonl  sha1=e103dca8eeff608cde2bef8a54c67d6a64cb5108
#   md_SC04_026 .run/sig.md_SC04_026.jsonl  sha1=5b96c3f0f229ebbe1a25e858e914e0a4d1fb145e
#   md_SC04_027 .run/sig.md_SC04_027.jsonl  sha1=641fa59c5472f43af4bd5ae2e6e00cb6f1684a81
#   md_SC04_028 .run/sig.md_SC04_028.jsonl  sha1=da8059a0038c9434a6c1cf598a6fd8a2a8b8ffdd
#   md_SC04_029 .run/sig.md_SC04_029.jsonl  sha1=e13ba2db43e5209f743a8d6551fb039d643b63d2
#   md_SC04_030 .run/sig.md_SC04_030.jsonl  sha1=23ba483c07fd1963bb205ace84ea4146145debac
#   md_SC05_023 .run/sig.md_SC05_023.jsonl  sha1=b3d1437dd5dc54a6d64b50fb6256c5a2b1228dc5
#   md_SC05_024 .run/sig.md_SC05_024.jsonl  sha1=9d86259be19b54db8d1c3874dab5c7bff9716058
#   md_SC05_025 .run/sig.md_SC05_025.jsonl  sha1=c5fb5e5c6ad162602ccf785a18324774de8cee2f
#   md_SC05_026 .run/sig.md_SC05_026.jsonl  sha1=a85005e8663c338e76fad16d84294453188e2851
#   md_SC05_027 .run/sig.md_SC05_027.jsonl  sha1=d2fbd149b154b68e9d789ee648e8d4f22937d4a7
#   md_SC05_028 .run/sig.md_SC05_028.jsonl  sha1=76b99a3ffc7c9e3c942b65b1408b0a9081ed874c
#   md_SC05_029 .run/sig.md_SC05_029.jsonl  sha1=b0b01a503cb8e6ae34c7d8214b547011303024aa
#   md_SC02_009 .run/sig.md_SC02_009.jsonl  sha1=bcd1074efc742a78d2de5fda08887f9d91b719ea
#   md_MAIN_007 .run/sig.md_MAIN_007.jsonl  sha1=8b0afc8200b05fcf9b8c3e1000fe5fd0150ba439
#   md_MAIN_009 .run/sig.md_MAIN_009.jsonl  sha1=ebdd93ab0f5761b7538d6fa8ad534fc631074c8d
#   md_SC03_053 .run/sig.md_SC03_053.jsonl  sha1=2a1932d9d28dadf733a6198fbd490bf3bba66483
#   md_SC03_054 .run/sig.md_SC03_054.jsonl  sha1=fc092d8184734c34b5dfb1b0659fa26a13d81ec0
#   md_SC03_056 .run/sig.md_SC03_056.jsonl  sha1=7bb093a65a46b5c3b3e4287cef8817b38f9bdaf5
#   overlays   141x (named+sig_image, deduped, nins>=8)  set-sha1=17474a5aae730987d8cf2edd2816ddf598b6e4b8
# Collapsible bytes = (count-1)*nins*4 (bytes saved; one member stays the source).
# A cross-binary group (binaries>1) is the Phase-12/13 work queue; lead with h_exact
# (guaranteed byte-match), h_norm is candidate-only (byte-confirm via dedup_integrate).
# Overlay sigs are sig_image (Ghidra-free): h_exact is exact; h_norm is self-consistent.
# Each subsection lists the top 200 groups by collapsible bytes; totals are stated.
## h_exact (byte-identical)
### cross-binary  (binaries > 1) — 9658 groups, 30043444 collapsible bytes  (top 200 of 9658 shown)
### intra-binary — 181 groups, 28800 collapsible bytes
## h_norm (structural)
### cross-binary  (binaries > 1) — 9341 groups, 40286720 collapsible bytes  (top 200 of 9341 shown)
### intra-binary — 403 groups, 75116 collapsible bytes  (top 200 of 403 shown)
# BFM FLEET matching progress  (generated by tools/progress.py --fleet — authoritative)
# 218 binaries: main + resident + 216 location overlays. DETERMINISTIC,
# source-derived (committed src/*.c + config/dedup.us.yaml). Live byte gate: `make check-all`;
# cross-binary collapsible-byte leverage: docs/duplicates.cross.md.

# THREE progress metrics (all matter — see the labels):
FLEET fn-count byte-ident: 363214 / 363214 = 100.00%   (REAL+LINKED+empties; FUNCTION-count, ×134-inflated — one crack counts per overlay)
FLEET instr-weighted     : 13492113 / 13492113 = 100.0%   (shipped .text across main + resident + 216 overlays; the decomp.dev-DISPLAY number)
FLEET distinct-code(uniq): 5820205 / 5820205 = 100.0%   (90984/90984 unique fns; the DISTINCT-RE number)
MAIN game-code weighted  :   45150 / 45150 = 100.0%   (INCLUDED in the fleet numbers above since 2026-07-22 — roadmap §1 metrics contract; build-derived sig (make sig-main) dated 2026-09-08; boundaries INDEPENDENTLY VERIFIED since P31 S77 — `make sig-main-oracle` + `make audit-corpus`: 0 phantom, 0 truncated, 0 pad-tail)
  (fleet EXCLUDING main, for continuity with pre-2026-07-22 readings: 13446963 / 13446963 = 100.0%)

FLEET REAL substantive   : 360737   (of which dedup-shared 255632 via 2220 groups / 255708 instances)
FLEET LINKED PsyQ objs   :   1256
FLEET NON_MATCHING       :      0   (0 in any default build — G4)
FLEET INCLUDE_ASM stubs  :      0
FLEET matchable          : 363214
# BFM FLEET matching progress  (generated by tools/progress.py --fleet — authoritative)
# 218 binaries: main + resident + 216 location overlays. DETERMINISTIC,
# source-derived (committed src/*.c + config/dedup.us.yaml). Live byte gate: `make check-all`;
# cross-binary collapsible-byte leverage: docs/duplicates.cross.md.

# THREE progress metrics (all matter — see the labels):
FLEET fn-count byte-ident: 363214 / 363214 = 100.00%   (REAL+LINKED+empties; FUNCTION-count, ×134-inflated — one crack counts per overlay)
FLEET instr-weighted     : 13492113 / 13492113 = 100.0%   (shipped .text across main + resident + 216 overlays; the decomp.dev-DISPLAY number)
FLEET distinct-code(uniq): 5820205 / 5820205 = 100.0%   (90984/90984 unique fns; the DISTINCT-RE number)
MAIN game-code weighted  :   45150 / 45150 = 100.0%   (INCLUDED in the fleet numbers above since 2026-07-22 — roadmap §1 metrics contract; build-derived sig (make sig-main) dated 2026-09-08; boundaries INDEPENDENTLY VERIFIED since P31 S77 — `make sig-main-oracle` + `make audit-corpus`: 0 phantom, 0 truncated, 0 pad-tail)
  (fleet EXCLUDING main, for continuity with pre-2026-07-22 readings: 13446963 / 13446963 = 100.0%)

FLEET REAL substantive   : 360737   (of which dedup-shared 255632 via 2220 groups / 255708 instances)
FLEET LINKED PsyQ objs   :   1256
FLEET NON_MATCHING       :      0   (0 in any default build — G4)
FLEET INCLUDE_ASM stubs  :      0
FLEET matchable          : 363214
progress.py: docs/progress.json written; README block unchanged
timeline: 74 dated rows (2026-06-14 → 2026-09-08), self-check vs progress.json OK -> story-timeline.md, story-timeline.svg
backlog prune: 0 rows -> 0 open near-misses (dropped 0 banked/superseded)
[lint_symbol_refs] OK — no stale renamed func_<ADDR> refs in committed src/
[ OK ] I0_clearTbl40: 2 members [main] share h_exact a0744d60bfa1… (source src/shared/clearTbl40.h)
[ OK ] D1_ov_dup_8012AD64: 2 members [ov_SC01_005,ov_SC01_006] share h_exact 89004be30998… (source src/shared/ov_setters.h)
[ OK ] D2_ov_dup_8012BF4C: 2 members [ov_SC01_005,ov_SC01_006] share h_exact b039ed440779… (source src/shared/ov_setters.h)
[ OK ] D3_ov_dup_8012E27C: 2 members [ov_SC01_005,ov_SC01_006] share h_exact 98ab17e54d84… (source src/shared/ov_setters.h)
[ OK ] E_func_80128EA8: 16 members [16 binaries] share h_exact 2905b55f46d5… (source src/shared/engine_core.h)
[ OK ] E_func_8012A568: 16 members [16 binaries] share h_exact bdb48359cd3a… (source src/shared/engine_core.h)
[ OK ] E_func_80132EC4: 16 members [16 binaries] share h_exact 5d8b76ebf947… (source src/shared/engine_core.h)
[ OK ] E_func_80138C30: 16 members [16 binaries] share h_exact 9bda7673e95d… (source src/shared/engine_core.h)
[ OK ] E_func_8012D3AC: 134 members [134 binaries] share h_exact 767854057419… (source src/shared/engine_core.h)
[ OK ] E_func_8012D5DC: 134 members [134 binaries] share h_exact 767854057419… (source src/shared/engine_core.h)
[ OK ] E_func_8012DFCC: 134 members [134 binaries] share h_exact 767854057419… (source src/shared/engine_core.h)
[ OK ] E_func_8012E284: 134 members [134 binaries] share h_exact 767854057419… (source src/shared/engine_core.h)
[ OK ] E_func_80131EE4: 134 members [134 binaries] share h_exact 767854057419… (source src/shared/engine_core.h)
[ OK ] E_func_801320D0: 134 members [134 binaries] share h_exact 767854057419… (source src/shared/engine_core.h)
[ OK ] E_func_8013277C: 134 members [134 binaries] share h_exact 767854057419… (source src/shared/engine_core.h)
[ OK ] E_func_80136C3C: 134 members [134 binaries] share h_exact 767854057419… (source src/shared/engine_core.h)
[ OK ] E_func_80136C44: 134 members [134 binaries] share h_exact 767854057419… (source src/shared/engine_core.h)
[ OK ] E_func_80136C4C: 134 members [134 binaries] share h_exact 767854057419… (source src/shared/engine_core.h)
[ OK ] E_func_80136D00: 134 members [134 binaries] share h_exact 767854057419… (source src/shared/engine_core.h)
[ OK ] E_func_80136EC4: 134 members [134 binaries] share h_exact 767854057419… (source src/shared/engine_core.h)
[ OK ] E_func_80139DEC: 134 members [134 binaries] share h_exact 767854057419… (source src/shared/engine_core.h)
[ OK ] E_func_8013A378: 134 members [134 binaries] share h_exact 767854057419… (source src/shared/engine_core.h)
[ OK ] E_func_80141C04: 134 members [134 binaries] share h_exact 767854057419… (source src/shared/engine_core.h)
[ OK ] E_func_801427DC: 134 members [134 binaries] share h_exact 767854057419… (source src/shared/engine_core.h)
[ OK ] E_func_801427E4: 134 members [134 binaries] share h_exact 767854057419… (source src/shared/engine_core.h)
[ OK ] E_func_80142C7C: 134 members [134 binaries] share h_exact 767854057419… (source src/shared/engine_core.h)
[ OK ] E_func_80143EA4: 134 members [134 binaries] share h_exact 767854057419… (source src/shared/engine_core.h)
[ OK ] E_func_80143EAC: 134 members [134 binaries] share h_exact 767854057419… (source src/shared/engine_core.h)
[ OK ] E_func_80143EB4: 134 members [134 binaries] share h_exact 767854057419… (source src/shared/engine_core.h)
[ OK ] E_func_80144A90: 134 members [134 binaries] share h_exact 767854057419… (source src/shared/engine_core.h)
[ OK ] E_func_801458E0: 134 members [134 binaries] share h_exact 767854057419… (source src/shared/engine_core.h)
[ OK ] E_func_80146074: 134 members [134 binaries] share h_exact 767854057419… (source src/shared/engine_core.h)
[ OK ] E_func_80146C98: 141 members [141 binaries] share h_exact 1a41e4df5c2f… (source src/shared/engine_core.h)
[ OK ] E_func_80146E90: 141 members [141 binaries] share h_exact b039ed440779… (source src/shared/engine_core.h)
[ OK ] E_func_8014704C: 141 members [141 binaries] share h_exact fe3dbb5a17b3… (source src/shared/engine_core.h)
[ OK ] E_func_80147084: 141 members [141 binaries] share h_exact 2cd92c4be55f… (source src/shared/engine_core.h)
[ OK ] E_func_80147098: 141 members [141 binaries] share h_exact 7b4cc40b2280… (source src/shared/engine_core.h)
[ OK ] E_func_801470AC: 141 members [141 binaries] share h_exact 9891ddc26b42… (source src/shared/engine_core.h)
[ OK ] E_func_80148C18: 141 members [141 binaries] share h_exact af99c5b3dbef… (source src/shared/engine_core.h)
[ OK ] E_func_80148C7C: 141 members [141 binaries] share h_exact af99c5b3dbef… (source src/shared/engine_core.h)
[ OK ] E_func_80148CE4: 141 members [141 binaries] share h_exact af99c5b3dbef… (source src/shared/engine_core.h)
[ OK ] E_func_80148CEC: 141 members [141 binaries] share h_exact af99c5b3dbef… (source src/shared/engine_core.h)
[ OK ] E_func_80148D3C: 141 members [141 binaries] share h_exact af99c5b3dbef… (source src/shared/engine_core.h)
[ OK ] E_func_80148F60: 141 members [141 binaries] share h_exact 6ff945fc330f… (source src/shared/engine_core.h)
[ OK ] E_func_80148F98: 141 members [141 binaries] share h_exact 6ff945fc330f… (source src/shared/engine_core.h)
[ OK ] E_func_80148FD0: 141 members [141 binaries] share h_exact 6ff945fc330f… (source src/shared/engine_core.h)
[ OK ] E_func_80148FD8: 141 members [141 binaries] share h_exact 6ff945fc330f… (source src/shared/engine_core.h)
[ OK ] E_func_80149004: 141 members [141 binaries] share h_exact 6ff945fc330f… (source src/shared/engine_core.h)
[ OK ] E_func_801490E0: 141 members [141 binaries] share h_exact 302f4abe35aa… (source src/shared/engine_core.h)
[ OK ] E_func_801490E8: 141 members [141 binaries] share h_exact 763b5eadbd94… (source src/shared/engine_core.h)
[ OK ] E_func_801490F0: 141 members [141 binaries] share h_exact f881c47fd981… (source src/shared/engine_core.h)
[ OK ] E_func_80149FA8: 134 members [134 binaries] share h_exact 767854057419… (source src/shared/engine_core.h)
[ OK ] E_func_8014B5B0: 141 members [141 binaries] share h_exact 39147793e88b… (source src/shared/engine_core.h)
[ OK ] E_func_8014B5D0: 141 members [141 binaries] share h_exact 86830a0bdeb6… (source src/shared/engine_core.h)
[ OK ] E_func_8014BDE0: 134 members [134 binaries] share h_exact 767854057419… (source src/shared/engine_core.h)
[ OK ] E_func_80150B9C: 134 members [134 binaries] share h_exact 767854057419… (source src/shared/engine_core.h)
[ OK ] E_func_80150F78: 134 members [134 binaries] share h_exact 767854057419… (source src/shared/engine_core.h)
[ OK ] E_func_801510B8: 134 members [134 binaries] share h_exact 767854057419… (source src/shared/engine_core.h)
[ OK ] E_func_801510C0: 134 members [134 binaries] share h_exact 767854057419… (source src/shared/engine_core.h)
[ OK ] E_func_80151130: 134 members [134 binaries] share h_exact 767854057419… (source src/shared/engine_core.h)
[ OK ] E_func_8015115C: 141 members [141 binaries] share h_exact d73c2c63ec24… (source src/shared/engine_core.h)
[ OK ] E_func_80151878: 134 members [134 binaries] share h_exact 767854057419… (source src/shared/engine_core.h)
[ OK ] E_func_80155F58: 134 members [134 binaries] share h_exact 767854057419… (source src/shared/engine_core.h)
[ OK ] E_func_80156A14: 141 members [141 binaries] share h_exact 860d6c084208… (source src/shared/engine_core.h)
[ OK ] E_func_801585A4: 141 members [141 binaries] share h_exact 99d628f7b911… (source src/shared/engine_core.h)
[ OK ] E_func_80158794: 134 members [134 binaries] share h_exact 767854057419… (source src/shared/engine_core.h)
[ OK ] E_func_80159874: 141 members [141 binaries] share h_exact af99c5b3dbef… (source src/shared/engine_core.h)
[ OK ] E_func_80159A18: 134 members [134 binaries] share h_exact 767854057419… (source src/shared/engine_core.h)
[ OK ] E_func_8015C6A4: 134 members [134 binaries] share h_exact 767854057419… (source src/shared/engine_core.h)
[ OK ] E_func_8015CBCC: 134 members [134 binaries] share h_exact 767854057419… (source src/shared/engine_core.h)
[ OK ] E_func_8015CBD4: 134 members [134 binaries] share h_exact 767854057419… (source src/shared/engine_core.h)
[ OK ] E_func_8015CBDC: 134 members [134 binaries] share h_exact 767854057419… (source src/shared/engine_core.h)
[ OK ] E_func_8015CBE4: 134 members [134 binaries] share h_exact 767854057419… (source src/shared/engine_core.h)
[ OK ] E_func_8015CBEC: 134 members [134 binaries] share h_exact 767854057419… (source src/shared/engine_core.h)
[ OK ] E_func_8015CBF4: 134 members [134 binaries] share h_exact 767854057419… (source src/shared/engine_core.h)
[ OK ] E_func_8015CBFC: 134 members [134 binaries] share h_exact 767854057419… (source src/shared/engine_core.h)
[ OK ] E_func_8015CC04: 134 members [134 binaries] share h_exact 767854057419… (source src/shared/engine_core.h)
[ OK ] E_func_8015EF9C: 134 members [134 binaries] share h_exact 767854057419… (source src/shared/engine_core.h)
[ OK ] E_func_8016032C: 134 members [134 binaries] share h_exact 767854057419… (source src/shared/engine_core.h)
[ OK ] E_func_801610FC: 134 members [134 binaries] share h_exact 767854057419… (source src/shared/engine_core.h)
[ OK ] E_func_80162CC4: 134 members [134 binaries] share h_exact 767854057419… (source src/shared/engine_core.h)
[ OK ] E_func_80164410: 134 members [134 binaries] share h_exact 767854057419… (source src/shared/engine_core.h)
[ OK ] E_func_80165A18: 134 members [134 binaries] share h_exact 767854057419… (source src/shared/engine_core.h)
[ OK ] E_func_80165B08: 134 members [134 binaries] share h_exact 767854057419… (source src/shared/engine_core.h)
[ OK ] E_func_80165B10: 134 members [134 binaries] share h_exact 767854057419… (source src/shared/engine_core.h)
[ OK ] E_func_80165B18: 134 members [134 binaries] share h_exact 767854057419… (source src/shared/engine_core.h)
[ OK ] E_func_80165B20: 134 members [134 binaries] share h_exact 767854057419… (source src/shared/engine_core.h)
[ OK ] E_func_80167AD8: 134 members [134 binaries] share h_exact 767854057419… (source src/shared/engine_core.h)
[ OK ] E_func_8016F4F4: 134 members [134 binaries] share h_exact 767854057419… (source src/shared/engine_core.h)
[ OK ] E_func_80171A80: 141 members [141 binaries] share h_exact 1cf120fd352a… (source src/shared/engine_core.h)
[ OK ] E_func_80171B44: 141 members [141 binaries] share h_exact 703d398d81c2… (source src/shared/engine_core.h)
[ OK ] E_func_80172588: 141 members [141 binaries] share h_exact 72e19b909c0c… (source src/shared/engine_core.h)
[ OK ] E_func_8017288C: 134 members [134 binaries] share h_exact 767854057419… (source src/shared/engine_core.h)
[ OK ] E_func_801729A8: 134 members [134 binaries] share h_exact 767854057419… (source src/shared/engine_core.h)
[ OK ] E_func_80172B0C: 134 members [134 binaries] share h_exact 767854057419… (source src/shared/engine_core.h)
[ OK ] E_func_80172C48: 134 members [134 binaries] share h_exact 767854057419… (source src/shared/engine_core.h)
[ OK ] E_func_80172D60: 134 members [134 binaries] share h_exact 767854057419… (source src/shared/engine_core.h)
[ OK ] E_func_80172E8C: 134 members [134 binaries] share h_exact 767854057419… (source src/shared/engine_core.h)
[ OK ] E_func_8017316C: 134 members [134 binaries] share h_exact 767854057419… (source src/shared/engine_core.h)
[ OK ] E_func_80173294: 134 members [134 binaries] share h_exact 767854057419… (source src/shared/engine_core.h)
[ OK ] E_func_801736A8: 134 members [134 binaries] share h_exact 767854057419… (source src/shared/engine_core.h)
[ OK ] E_func_801737B0: 134 members [134 binaries] share h_exact 767854057419… (source src/shared/engine_core.h)
[ OK ] E_func_801738D4: 134 members [134 binaries] share h_exact 767854057419… (source src/shared/engine_core.h)
[ OK ] E_func_80173A20: 134 members [134 binaries] share h_exact 767854057419… (source src/shared/engine_core.h)
[ OK ] E_func_80174274: 134 members [134 binaries] share h_exact 767854057419… (source src/shared/engine_core.h)
[ OK ] E_func_80174354: 134 members [134 binaries] share h_exact 767854057419… (source src/shared/engine_core.h)
[ OK ] E_func_80174430: 134 members [134 binaries] share h_exact 767854057419… (source src/shared/engine_core.h)
[ OK ] E_func_80174524: 134 members [134 binaries] share h_exact 767854057419… (source src/shared/engine_core.h)
[ OK ] E_func_8017481C: 134 members [134 binaries] share h_exact 767854057419… (source src/shared/engine_core.h)
[ OK ] E_func_801748E4: 134 members [134 binaries] share h_exact 767854057419… (source src/shared/engine_core.h)
[ OK ] E_func_80175798: 134 members [134 binaries] share h_exact 767854057419… (source src/shared/engine_core.h)
[ OK ] E_func_8017BE9C: 122 members [122 binaries] share h_exact 767854057419… (source src/shared/engine_core.h)
[ OK ] E_func_8017BEA4: 122 members [122 binaries] share h_exact 767854057419… (source src/shared/engine_core.h)
[ OK ] E_func_8017BEAC: 122 members [122 binaries] share h_exact 767854057419… (source src/shared/engine_core.h)
[ OK ] E_func_8017BEB4: 122 members [122 binaries] share h_exact 767854057419… (source src/shared/engine_core.h)
[ OK ] E_func_8012AD44: 141 members [141 binaries] share h_exact 490c3fd9770f… (source src/shared/engine_core.h)
[ OK ] E_func_8013A8B0: 141 members [141 binaries] share h_exact e1d2542b8024… (source src/shared/engine_core.h)
[ OK ] E_func_80142DB8: 141 members [141 binaries] share h_exact 7a2ada9f2e98… (source src/shared/engine_core.h)
[ OK ] E_func_80147078: 141 members [141 binaries] share h_exact af92b5cb5633… (source src/shared/engine_core.h)
[ OK ] E_func_801487F4: 141 members [141 binaries] share h_exact 39a330fb5b7a… (source src/shared/engine_core.h)
[ OK ] E_func_80148800: 141 members [141 binaries] share h_exact fa593ea12231… (source src/shared/engine_core.h)
[ OK ] E_func_8014880C: 141 members [141 binaries] share h_exact 80595de0f3bd… (source src/shared/engine_core.h)
[ OK ] E_func_80148818: 141 members [141 binaries] share h_exact b244b3a37495… (source src/shared/engine_core.h)
[ OK ] E_func_80148F68: 141 members [141 binaries] share h_exact f94f10df9d72… (source src/shared/engine_core.h)
[ OK ] E_func_80148F74: 141 members [141 binaries] share h_exact 68f87554bbd9… (source src/shared/engine_core.h)
[ OK ] E_func_80148F80: 141 members [141 binaries] share h_exact f03ed3956d8b… (source src/shared/engine_core.h)
[ OK ] E_func_80148F8C: 141 members [141 binaries] share h_exact ca174befd504… (source src/shared/engine_core.h)
[ OK ] E_func_80148FA0: 141 members [141 binaries] share h_exact d40d6d4d5dba… (source src/shared/engine_core.h)
[ OK ] E_func_80148FAC: 141 members [141 binaries] share h_exact 68f87554bbd9… (source src/shared/engine_core.h)
[ OK ] E_func_80148FB8: 141 members [141 binaries] share h_exact 519baeec6671… (source src/shared/engine_core.h)
[ OK ] E_func_80148FC4: 141 members [141 binaries] share h_exact 74b6dce6de0f… (source src/shared/engine_core.h)
[ OK ] E_func_80148FE0: 141 members [141 binaries] share h_exact 657bacb081e7… (source src/shared/engine_core.h)
[ OK ] E_func_80148FEC: 141 members [141 binaries] share h_exact 519baeec6671… (source src/shared/engine_core.h)
[ OK ] E_func_80148FF8: 141 members [141 binaries] share h_exact e7778df9080b… (source src/shared/engine_core.h)
[ OK ] E_func_80149204: 141 members [141 binaries] share h_exact 5675deaccfbf… (source src/shared/engine_core.h)
[ OK ] E_func_80149284: 141 members [141 binaries] share h_exact 924defad806f… (source src/shared/engine_core.h)
[ OK ] E_func_8014A674: 141 members [141 binaries] share h_exact 423c7ab6705d… (source src/shared/engine_core.h)
[ OK ] E_func_8014A69C: 141 members [141 binaries] share h_exact 18ad19808cf2… (source src/shared/engine_core.h)
[ OK ] E_func_8014B154: 141 members [141 binaries] share h_exact abf423f14b3b… (source src/shared/engine_core.h)
[ OK ] E_func_8014B5B8: 141 members [141 binaries] share h_exact 34a80f743ef5… (source src/shared/engine_core.h)
[ OK ] E_func_8014B5C4: 141 members [141 binaries] share h_exact 1f045cb1bb67… (source src/shared/engine_core.h)
[ OK ] E_func_80162AC0: 141 members [141 binaries] share h_exact ce049185360b… (source src/shared/engine_core.h)
[ OK ] E_func_80171A04: 141 members [141 binaries] share h_exact 3143e16a6dcc… (source src/shared/engine_core.h)
[ OK ] E_func_80171A10: 141 members [141 binaries] share h_exact bf2df7961190… (source src/shared/engine_core.h)
[ OK ] E_func_80172304: 141 members [141 binaries] share h_exact a83a614ce137… (source src/shared/engine_core.h)
[ OK ] E_func_80172658: 141 members [141 binaries] share h_exact dd0c174ee530… (source src/shared/engine_core.h)
[ OK ] E_func_80172664: 141 members [141 binaries] share h_exact 71b1732c7e69… (source src/shared/engine_core.h)
[ OK ] E_func_80172670: 141 members [141 binaries] share h_exact c8d0a30e9bda… (source src/shared/engine_core.h)
[ OK ] E_func_8017267C: 141 members [141 binaries] share h_exact 31bf8dd2731a… (source src/shared/engine_core.h)
[ OK ] E_func_80172688: 141 members [141 binaries] share h_exact 51fea2db52ba… (source src/shared/engine_core.h)
[ OK ] E_func_80172694: 141 members [141 binaries] share h_exact 16a60b5109b8… (source src/shared/engine_core.h)
[ OK ] E_func_801726A0: 141 members [141 binaries] share h_exact dd86cbbe736a… (source src/shared/engine_core.h)
[ OK ] E_func_801726AC: 141 members [141 binaries] share h_exact ab77c3376839… (source src/shared/engine_core.h)
[ OK ] E_func_801726B8: 141 members [141 binaries] share h_exact a798d457befe… (source src/shared/engine_core.h)
[ OK ] E_func_801726C4: 141 members [141 binaries] share h_exact 0b9ee5ccb14c… (source src/shared/engine_core.h)
[ OK ] E_func_801285D4: 141 members [141 binaries] share h_exact 7778d75c03df… (source src/shared/engine_core.h)
[ OK ] E_func_80129248: 141 members [141 binaries] share h_exact 28e7a3b17a6a… (source src/shared/engine_core.h)
[ OK ] E_func_8012943C: 141 members [141 binaries] share h_exact 956c51c3f402… (source src/shared/engine_core.h)
[ OK ] E_func_8012A100: 141 members [141 binaries] share h_exact e5e559c2b80e… (source src/shared/engine_core.h)
[ OK ] E_func_8012A2F4: 141 members [141 binaries] share h_exact 1d6fedafe432… (source src/shared/engine_core.h)
[ OK ] E_func_801379EC: 141 members [141 binaries] share h_exact ddcb10116561… (source src/shared/engine_core.h)
[ OK ] E_func_80139A34: 141 members [141 binaries] share h_exact 5dfbbe6eb0ed… (source src/shared/engine_core.h)
[ OK ] E_func_80146D80: 141 members [141 binaries] share h_exact 668dd7c31034… (source src/shared/engine_core.h)
[ OK ] E_func_80146DE8: 141 members [141 binaries] share h_exact 4f76d722c817… (source src/shared/engine_core.h)
[ OK ] E_func_801472F0: 141 members [141 binaries] share h_exact eb3d235b56e6… (source src/shared/engine_core.h)
[ OK ] E_func_801473DC: 141 members [141 binaries] share h_exact 668dd7c31034… (source src/shared/engine_core.h)
[ OK ] E_func_8014B4C4: 141 members [141 binaries] share h_exact 0b05a90b69fc… (source src/shared/engine_core.h)
[ OK ] E_func_8014C6C0: 141 members [141 binaries] share h_exact 6cfb88389550… (source src/shared/engine_core.h)
[ OK ] E_func_8014C6D0: 141 members [141 binaries] share h_exact 6e600f09ee9a… (source src/shared/engine_core.h)
[ OK ] E_func_8014C968: 141 members [141 binaries] share h_exact 6a109b1a2670… (source src/shared/engine_core.h)
[ OK ] E_func_8014C98C: 141 members [141 binaries] share h_exact cfdb7a98d177… (source src/shared/engine_core.h)
[ OK ] E_func_8014CAFC: 141 members [141 binaries] share h_exact 020057947af0… (source src/shared/engine_core.h)
[ OK ] E_func_8014CB0C: 141 members [141 binaries] share h_exact 2a4b2de9af3e… (source src/shared/engine_core.h)
[ OK ] E_func_8014CB1C: 141 members [141 binaries] share h_exact 05c8a229a80b… (source src/shared/engine_core.h)
[ OK ] E_func_8014CB58: 141 members [141 binaries] share h_exact 03dbb517f46e… (source src/shared/engine_core.h)
[ OK ] E_func_8014CB7C: 141 members [141 binaries] share h_exact 4ebce5637d5a… (source src/shared/engine_core.h)
[ OK ] E_func_8014CB8C: 141 members [141 binaries] share h_exact b6e2882a9847… (source src/shared/engine_core.h)
[ OK ] E_func_8014CBD8: 141 members [141 binaries] share h_exact cdd78a4bccb1… (source src/shared/engine_core.h)
[ OK ] E_func_8014CBE8: 138 members [138 binaries] share h_exact 0f3f34484ff3… (source src/shared/engine_core.h)
[ OK ] E_func_80153C8C: 141 members [141 binaries] share h_exact 3d2f106f3c00… (source src/shared/engine_core.h)
[ OK ] E_func_80153CBC: 141 members [141 binaries] share h_exact 254656700f24… (source src/shared/engine_core.h)
[ OK ] E_func_801632E0: 141 members [141 binaries] share h_exact bcf70b53f4ab… (source src/shared/engine_core.h)
[ OK ] E_func_801658DC: 141 members [141 binaries] share h_exact 73dcbac04b44… (source src/shared/engine_core.h)
[ OK ] E_func_80165978: 141 members [141 binaries] share h_exact 4658edf5330e… (source src/shared/engine_core.h)
[ OK ] E_func_801659A8: 141 members [141 binaries] share h_exact f6158f6d8ee9… (source src/shared/engine_core.h)
[ OK ] E_func_801659CC: 141 members [141 binaries] share h_exact 9f0030212285… (source src/shared/engine_core.h)
[ OK ] E_func_8016F388: 141 members [141 binaries] share h_exact b5dfe4f9bf84… (source src/shared/engine_core.h)
[ OK ] E_func_8017196C: 141 members [141 binaries] share h_exact c24b066c3bff… (source src/shared/engine_core.h)
[ OK ] E_func_80171A34: 141 members [141 binaries] share h_exact c24b066c3bff… (source src/shared/engine_core.h)
[ OK ] E_func_80174674: 141 members [141 binaries] share h_exact c4884b44006a… (source src/shared/engine_core.h)
[ OK ] E_func_80174754: 141 members [141 binaries] share h_exact f841b883dd5f… (source src/shared/engine_core.h)
[ OK ] E_func_80174764: 141 members [141 binaries] share h_exact 899c75581e61… (source src/shared/engine_core.h)
[ OK ] E_func_80174774: 141 members [141 binaries] share h_exact d557c28b4b5c… (source src/shared/engine_core.h)
[ OK ] E_func_8012BF68: 141 members [141 binaries] share h_exact 46b4575f46cc… (source src/shared/engine_core.h)
[ OK ] E_func_801379D8: 141 members [141 binaries] share h_exact 0014bb5bf427… (source src/shared/engine_core.h)
[ OK ] E_func_80138948: 141 members [141 binaries] share h_exact 94220a2056bd… (source src/shared/engine_core.h)
[ OK ] E_func_80146CA0: 141 members [141 binaries] share h_exact 981b4c9251c5… (source src/shared/engine_core.h)
[ OK ] E_func_80146CB4: 141 members [141 binaries] share h_exact b271f493c237… (source src/shared/engine_core.h)
[ OK ] E_func_801472B4: 141 members [141 binaries] share h_exact 6f2acfa1dfe8… (source src/shared/engine_core.h)
[ OK ] E_func_801474D8: 141 members [141 binaries] share h_exact f0673b24fa3e… (source src/shared/engine_core.h)
[ OK ] E_func_80148634: 141 members [141 binaries] share h_exact 22f712095236… (source src/shared/engine_core.h)
[ OK ] E_func_80148C20: 141 members [141 binaries] share h_exact 2b1abb85c9fd… (source src/shared/engine_core.h)
[ OK ] E_func_8014900C: 141 members [141 binaries] share h_exact b57317730686… (source src/shared/engine_core.h)
[ OK ] E_func_80149020: 141 members [141 binaries] share h_exact 81fc34e630f0… (source src/shared/engine_core.h)
[ OK ] E_func_80149034: 141 members [141 binaries] share h_exact ecbc5fcd9341… (source src/shared/engine_core.h)
[ OK ] E_func_80149048: 141 members [141 binaries] share h_exact 10fb5f621707… (source src/shared/engine_core.h)
[ OK ] E_func_8014B33C: 141 members [141 binaries] share h_exact ce387a9cc7d4… (source src/shared/engine_core.h)
[ OK ] E_func_8014C6AC: 141 members [141 binaries] share h_exact 4f47e513df28… (source src/shared/engine_core.h)
[ OK ] E_func_8014C6E0: 141 members [141 binaries] share h_exact 7a00ff452fe6… (source src/shared/engine_core.h)
[ OK ] E_func_8014C978: 141 members [141 binaries] share h_exact b0c8cd4ec868… (source src/shared/engine_core.h)
[ OK ] E_func_8014CA00: 141 members [141 binaries] share h_exact 3657fbfec37e… (source src/shared/engine_core.h)
[ OK ] E_func_80171A58: 141 members [141 binaries] share h_exact 77923155c286… (source src/shared/engine_core.h)
[ OK ] E_func_80171A6C: 141 members [141 binaries] share h_exact e0263069dd30… (source src/shared/engine_core.h)
[ OK ] E_func_80172590: 141 members [141 binaries] share h_exact 7d4c601dcbb6… (source src/shared/engine_core.h)
[ OK ] E_func_801725A4: 141 members [141 binaries] share h_exact 82bba1924c04… (source src/shared/engine_core.h)
[ OK ] E_func_801725B8: 141 members [141 binaries] share h_exact cab451484693… (source src/shared/engine_core.h)
[ OK ] E_func_801725CC: 141 members [141 binaries] share h_exact 0a2f68874f5e… (source src/shared/engine_core.h)
[ OK ] E_func_801725E0: 141 members [141 binaries] share h_exact 1fe7da6edc63… (source src/shared/engine_core.h)
[ OK ] E_func_801725F4: 141 members [141 binaries] share h_exact 6aac8f1431ae… (source src/shared/engine_core.h)
[ OK ] E_func_80172608: 141 members [141 binaries] share h_exact 531e30b665e2… (source src/shared/engine_core.h)
[ OK ] E_func_8017261C: 141 members [141 binaries] share h_exact f6d541b6a5a4… (source src/shared/engine_core.h)
[ OK ] E_func_80172630: 141 members [141 binaries] share h_exact 35f865d2ac3a… (source src/shared/engine_core.h)
[ OK ] E_func_80172644: 141 members [141 binaries] share h_exact 9875e035f6ef… (source src/shared/engine_core.h)
[ OK ] E_func_80174808: 141 members [141 binaries] share h_exact 0e3d12a08721… (source src/shared/engine_core.h)
[ OK ] E_func_80175494: 141 members [141 binaries] share h_exact 3b0128cc5c81… (source src/shared/engine_core.h)
[ OK ] E_func_80142C84: 141 members [141 binaries] share h_exact 5f521ee5875f… (source src/shared/engine_core.h)
[ OK ] E_func_80147460: 141 members [141 binaries] share h_exact e3104997767a… (source src/shared/engine_core.h)
[ OK ] E_func_80148C34: 141 members [141 binaries] share h_exact f9b1883bf9f9… (source src/shared/engine_core.h)
[ OK ] E_func_80148C4C: 141 members [141 binaries] share h_exact d32b10fc92eb… (source src/shared/engine_core.h)
[ OK ] E_func_80148C64: 141 members [141 binaries] share h_exact b7381679e853… (source src/shared/engine_core.h)
[ OK ] E_func_80148C84: 141 members [141 binaries] share h_exact 645451d0dcd8… (source src/shared/engine_core.h)
[ OK ] E_func_80148CB4: 141 members [141 binaries] share h_exact d04fb7176ee0… (source src/shared/engine_core.h)
[ OK ] E_func_80148CCC: 141 members [141 binaries] share h_exact b3cef787ad45… (source src/shared/engine_core.h)
[ OK ] E_func_80148CF4: 141 members [141 binaries] share h_exact d4ff85f0c95f… (source src/shared/engine_core.h)
[ OK ] E_func_80148D0C: 141 members [141 binaries] share h_exact d04fb7176ee0… (source src/shared/engine_core.h)
[ OK ] E_func_80149210: 141 members [141 binaries] share h_exact 6eedcb4a8568… (source src/shared/engine_core.h)
[ OK ] E_func_8014B2F8: 141 members [141 binaries] share h_exact 7f1c8f6b9c74… (source src/shared/engine_core.h)
[ OK ] E_func_8014B598: 141 members [141 binaries] share h_exact 0a9344293fcc… (source src/shared/engine_core.h)
[ OK ] E_func_8014BB0C: 141 members [141 binaries] share h_exact ff436bc11b68… (source src/shared/engine_core.h)
[ OK ] E_func_8014BDC8: 141 members [141 binaries] share h_exact b56b71bc3422… (source src/shared/engine_core.h)
[ OK ] E_func_8014CA70: 141 members [141 binaries] share h_exact bbba14fb7a70… (source src/shared/engine_core.h)
[ OK ] E_func_8014CAE4: 141 members [141 binaries] share h_exact 6e0975b00005… (source src/shared/engine_core.h)
[ OK ] E_func_80153BD8: 141 members [141 binaries] share h_exact 2e0e3d6d9fbc… (source src/shared/engine_core.h)
[ OK ] E_func_80153C18: 141 members [141 binaries] share h_exact 528697be8429… (source src/shared/engine_core.h)
[ OK ] E_func_80153C74: 141 members [141 binaries] share h_exact 2a73b5092d15… (source src/shared/engine_core.h)
[ OK ] E_func_801553A8: 141 members [141 binaries] share h_exact a2861e75732c… (source src/shared/engine_core.h)
[ OK ] E_func_80155440: 141 members [141 binaries] share h_exact 21f5b614ff5c… (source src/shared/engine_core.h)
[ OK ] E_func_8016F094: 141 members [141 binaries] share h_exact 1497e056c72b… (source src/shared/engine_core.h)
[ OK ] E_func_8016F1AC: 141 members [141 binaries] share h_exact 2ea02c87bff7… (source src/shared/engine_core.h)
[ OK ] E_func_80171A1C: 141 members [141 binaries] share h_exact 4f8603167f23… (source src/shared/engine_core.h)
[ OK ] E_func_8012ADE4: 141 members [141 binaries] share h_exact 68cfdf88db77… (source src/shared/engine_core.h)
[ OK ] E_func_8012B200: 141 members [141 binaries] share h_exact ca33a38cca93… (source src/shared/engine_core.h)
[ OK ] E_func_8012E88C: 141 members [141 binaries] share h_exact 8d47a3a26107… (source src/shared/engine_core.h)
[ OK ] E_func_8012E8A8: 141 members [141 binaries] share h_exact e562f27d8759… (source src/shared/engine_core.h)
[ OK ] E_func_8012E8C4: 141 members [141 binaries] share h_exact 9ff619a4667e… (source src/shared/engine_core.h)
[ OK ] E_func_8014905C: 141 members [141 binaries] share h_exact 5ef548c208ed… (source src/shared/engine_core.h)
[ OK ] E_func_80149BEC: 141 members [141 binaries] share h_exact a55cd599433d… (source src/shared/engine_core.h)
[ OK ] E_func_8014A680: 141 members [141 binaries] share h_exact 8d816aaec0ed… (source src/shared/engine_core.h)
[ OK ] E_func_8014A6A8: 141 members [141 binaries] share h_exact c60ba3cfdd4a… (source src/shared/engine_core.h)
[ OK ] E_func_8014A71C: 141 members [141 binaries] share h_exact 2c9ffe88d5d7… (source src/shared/engine_core.h)
[ OK ] E_func_8014BFF4: 141 members [141 binaries] share h_exact c21a42454efe… (source src/shared/engine_core.h)
[ OK ] E_func_801511A8: 141 members [141 binaries] share h_exact 7262cd86a26e… (source src/shared/engine_core.h)
[ OK ] E_func_801511C4: 141 members [141 binaries] share h_exact 577575413c0d… (source src/shared/engine_core.h)
[ OK ] E_func_80154134: 141 members [141 binaries] share h_exact 81453cc82b68… (source src/shared/engine_core.h)
[ OK ] E_func_80154B7C: 141 members [141 binaries] share h_exact 7c5dbb5a7c9c… (source src/shared/engine_core.h)
[ OK ] E_func_80154BC8: 141 members [141 binaries] share h_exact 8e28b9488876… (source src/shared/engine_core.h)
[ OK ] E_func_801596D4: 141 members [141 binaries] share h_exact ec17110054f2… (source src/shared/engine_core.h)
[ OK ] E_func_80165124: 141 members [141 binaries] share h_exact c4e617b439ec… (source src/shared/engine_core.h)
[ OK ] E_func_8016BF34: 141 members [141 binaries] share h_exact e33c21ff04c3… (source src/shared/engine_core.h)
[ OK ] E_func_80174ED4: 141 members [141 binaries] share h_exact 2146c321436c… (source src/shared/engine_core.h)
[ OK ] E_func_80128158: 141 members [141 binaries] share h_exact 47e4d4313e9b… (source src/shared/engine_core.h)
[ OK ] E_func_80128178: 141 members [141 binaries] share h_exact 0c9df2635648… (source src/shared/engine_core.h)
[ OK ] E_func_80128198: 141 members [141 binaries] share h_exact 1b142c9160cc… (source src/shared/engine_core.h)
[ OK ] E_func_801281B8: 141 members [141 binaries] share h_exact 13ffbe357343… (source src/shared/engine_core.h)
[ OK ] E_func_801281D8: 141 members [141 binaries] share h_exact ecaceeaaf402… (source src/shared/engine_core.h)
[ OK ] E_func_801281F8: 141 members [141 binaries] share h_exact 23d6656e565c… (source src/shared/engine_core.h)
[ OK ] E_func_80128228: 141 members [141 binaries] share h_exact cd90315a422f… (source src/shared/engine_core.h)
[ OK ] E_func_80128248: 141 members [141 binaries] share h_exact b788d0546852… (source src/shared/engine_core.h)
[ OK ] E_func_80128268: 141 members [141 binaries] share h_exact 117e332ead16… (source src/shared/engine_core.h)
[ OK ] E_func_801282CC: 141 members [141 binaries] share h_exact 6e21264d43d2… (source src/shared/engine_core.h)
[ OK ] E_func_8012A8E8: 141 members [141 binaries] share h_exact 383ce6256d8d… (source src/shared/engine_core.h)
[ OK ] E_func_8012B21C: 141 members [141 binaries] share h_exact 4efd45a90c3c… (source src/shared/engine_core.h)
[ OK ] E_func_8012D38C: 141 members [141 binaries] share h_exact 92557c1afac8… (source src/shared/engine_core.h)
[ OK ] E_func_8012FCA4: 141 members [141 binaries] share h_exact 7de2fbf0977c… (source src/shared/engine_core.h)
[ OK ] E_func_80136C1C: 141 members [141 binaries] share h_exact 0ff6f3602676… (source src/shared/engine_core.h)
[ OK ] E_func_801376C8: 141 members [141 binaries] share h_exact 3d0b51275482… (source src/shared/engine_core.h)
[ OK ] E_func_80146534: 141 members [141 binaries] share h_exact 7c139ccfb90d… (source src/shared/engine_core.h)
[ OK ] E_func_80147788: 141 members [141 binaries] share h_exact f879764cbf05… (source src/shared/engine_core.h)
[ OK ] E_func_801477A8: 141 members [141 binaries] share h_exact 97ec9a0d3877… (source src/shared/engine_core.h)
[ OK ] E_func_801477C8: 141 members [141 binaries] share h_exact 89d8e94a3d36… (source src/shared/engine_core.h)
[ OK ] E_func_80147928: 141 members [141 binaries] share h_exact e0c03a400ed5… (source src/shared/engine_core.h)
[ OK ] E_func_8014799C: 141 members [141 binaries] share h_exact e76f97408d23… (source src/shared/engine_core.h)
[ OK ] E_func_80147A10: 141 members [141 binaries] share h_exact 3fd5c24442e8… (source src/shared/engine_core.h)
[ OK ] E_func_80149704: 141 members [141 binaries] share h_exact 4d663e3d51bf… (source src/shared/engine_core.h)
[ OK ] E_func_80149724: 141 members [141 binaries] share h_exact c19bb3501390… (source src/shared/engine_core.h)
[ OK ] E_func_80149788: 141 members [141 binaries] share h_exact a99691d401e9… (source src/shared/engine_core.h)
[ OK ] E_func_80149864: 141 members [141 binaries] share h_exact 2ee9e7f52bef… (source src/shared/engine_core.h)
[ OK ] E_func_801498C0: 141 members [141 binaries] share h_exact 775ac54de921… (source src/shared/engine_core.h)
[ OK ] E_func_80149C94: 141 members [141 binaries] share h_exact 7cb3bde69308… (source src/shared/engine_core.h)
[ OK ] E_func_80149CB4: 141 members [141 binaries] share h_exact e052c60c5330… (source src/shared/engine_core.h)
[ OK ] E_func_8014A218: 141 members [141 binaries] share h_exact 4c7364a4c687… (source src/shared/engine_core.h)
[ OK ] E_func_8014A4FC: 141 members [141 binaries] share h_exact 57ef6dd41e87… (source src/shared/engine_core.h)
[ OK ] E_func_8014A830: 141 members [141 binaries] share h_exact 930b03695dd7… (source src/shared/engine_core.h)
[ OK ] E_func_8014AB5C: 141 members [141 binaries] share h_exact 3983285f5d26… (source src/shared/engine_core.h)
[ OK ] E_func_8014ABF0: 141 members [141 binaries] share h_exact 6fc4bf56792a… (source src/shared/engine_core.h)
[ OK ] E_func_8014BEF8: 141 members [141 binaries] share h_exact 6d2f5ea6f554… (source src/shared/engine_core.h)
[ OK ] E_func_8014BF6C: 141 members [141 binaries] share h_exact e11d1282f13a… (source src/shared/engine_core.h)
[ OK ] E_func_8014BFD4: 141 members [141 binaries] share h_exact 83ef8ce77e59… (source src/shared/engine_core.h)
[ OK ] E_func_80150150: 141 members [141 binaries] share h_exact 371aec6e38e4… (source src/shared/engine_core.h)
[ OK ] E_func_80150460: 141 members [141 binaries] share h_exact 371aec6e38e4… (source src/shared/engine_core.h)
[ OK ] E_func_80150CC4: 141 members [141 binaries] share h_exact 09e0a49aa49e… (source src/shared/engine_core.h)
[ OK ] E_func_80150CE4: 141 members [141 binaries] share h_exact 962d2e3e327d… (source src/shared/engine_core.h)
[ OK ] E_func_80150D04: 141 members [141 binaries] share h_exact a0e8f210813d… (source src/shared/engine_core.h)
[ OK ] E_func_80150D24: 141 members [141 binaries] share h_exact cf8533886124… (source src/shared/engine_core.h)
[ OK ] E_func_80150D44: 141 members [141 binaries] share h_exact b0b57f0579eb… (source src/shared/engine_core.h)
[ OK ] E_func_80150D64: 141 members [141 binaries] share h_exact 2e878a362dca… (source src/shared/engine_core.h)
[ OK ] E_func_80150D84: 141 members [141 binaries] share h_exact a68c762f4672… (source src/shared/engine_core.h)
[ OK ] E_func_80150DA4: 141 members [141 binaries] share h_exact 66bdb7ebe555… (source src/shared/engine_core.h)
[ OK ] E_func_80150DC4: 141 members [141 binaries] share h_exact 401656e4174e… (source src/shared/engine_core.h)
[ OK ] E_func_80150DE4: 141 members [141 binaries] share h_exact 94672d399b76… (source src/shared/engine_core.h)
[ OK ] E_func_80150E04: 141 members [141 binaries] share h_exact c3f7edd6b417… (source src/shared/engine_core.h)
[ OK ] E_func_80150E24: 141 members [141 binaries] share h_exact 4fcf4446125d… (source src/shared/engine_core.h)
[ OK ] E_func_80150E44: 141 members [141 binaries] share h_exact 8bbe2219a3a3… (source src/shared/engine_core.h)
[ OK ] E_func_80150E64: 141 members [141 binaries] share h_exact 6e347f4b2f65… (source src/shared/engine_core.h)
[ OK ] E_func_80151110: 141 members [141 binaries] share h_exact 7ce79bc6b9d2… (source src/shared/engine_core.h)
[ OK ] E_func_80151164: 141 members [141 binaries] share h_exact c46d86bc16b3… (source src/shared/engine_core.h)
[ OK ] E_func_80151924: 141 members [141 binaries] share h_exact 9edcb30db947… (source src/shared/engine_core.h)
[ OK ] E_func_80153C9C: 141 members [141 binaries] share h_exact 19d197e4e8f7… (source src/shared/engine_core.h)
[ OK ] E_func_80155F60: 141 members [141 binaries] share h_exact 1c4e49d3ad8d… (source src/shared/engine_core.h)
[ OK ] E_func_8015771C: 141 members [141 binaries] share h_exact d11ce8dea831… (source src/shared/engine_core.h)
[ OK ] E_func_8015BE74: 141 members [141 binaries] share h_exact b5da19015b9a… (source src/shared/engine_core.h)
[ OK ] E_func_8015BEC4: 141 members [141 binaries] share h_exact 9829a6756ce3… (source src/shared/engine_core.h)
[ OK ] E_func_8015BEE4: 141 members [141 binaries] share h_exact acc9223b06bc… (source src/shared/engine_core.h)
[ OK ] E_func_8015CCB0: 141 members [141 binaries] share h_exact c176ee7304f6… (source src/shared/engine_core.h)
[ OK ] E_func_8015CFFC: 141 members [141 binaries] share h_exact 2a01c1276db3… (source src/shared/engine_core.h)
[ OK ] E_func_8015D524: 141 members [141 binaries] share h_exact a2d5f76b80ac… (source src/shared/engine_core.h)
[ OK ] E_func_8015F360: 141 members [141 binaries] share h_exact d5af50d03955… (source src/shared/engine_core.h)
[ OK ] E_func_8015FA24: 141 members [141 binaries] share h_exact a2d5f76b80ac… (source src/shared/engine_core.h)
[ OK ] E_func_80160EE0: 141 members [141 binaries] share h_exact b741723001cb… (source src/shared/engine_core.h)
[ OK ] E_func_80161104: 141 members [141 binaries] share h_exact 0f9e3fd65959… (source src/shared/engine_core.h)
[ OK ] E_func_80162F60: 141 members [141 binaries] share h_exact c32fb470ddfa… (source src/shared/engine_core.h)
[ OK ] E_func_80162F80: 141 members [141 binaries] share h_exact 52fc01fe4bb8… (source src/shared/engine_core.h)
[ OK ] E_func_80162FA0: 141 members [141 binaries] share h_exact c0b4eadce970… (source src/shared/engine_core.h)
[ OK ] E_func_80164DB0: 141 members [141 binaries] share h_exact 3baca933b06d… (source src/shared/engine_core.h)
[ OK ] E_func_80165938: 141 members [141 binaries] share h_exact 5f09890a0036… (source src/shared/engine_core.h)
[ OK ] E_func_80165958: 141 members [141 binaries] share h_exact e82de0d20374… (source src/shared/engine_core.h)
[ OK ] E_func_80165988: 141 members [141 binaries] share h_exact d228cf948bca… (source src/shared/engine_core.h)
[ OK ] E_func_80165C58: 141 members [141 binaries] share h_exact a2d5f76b80ac… (source src/shared/engine_core.h)
[ OK ] E_func_80168A88: 134 members [134 binaries] share h_exact e5d62a31b595… (source src/shared/engine_core.h)
[ OK ] E_func_8016B428: 141 members [141 binaries] share h_exact 5722d205310f… (source src/shared/engine_core.h)
[ OK ] E_func_8016BA48: 141 members [141 binaries] share h_exact 544301d19381… (source src/shared/engine_core.h)
[ OK ] E_func_8016ED6C: 134 members [134 binaries] share h_exact e5d62a31b595… (source src/shared/engine_core.h)
[ OK ] E_func_8016EFA8: 141 members [141 binaries] share h_exact b53995c3deb9… (source src/shared/engine_core.h)
[ OK ] E_func_8016F288: 141 members [141 binaries] share h_exact 387610d5514e… (source src/shared/engine_core.h)
[ OK ] E_func_8016F2A8: 141 members [141 binaries] share h_exact bc19d3268a1f… (source src/shared/engine_core.h)
[ OK ] E_func_8016F2EC: 141 members [141 binaries] share h_exact 1a1c66c4d34c… (source src/shared/engine_core.h)
[ OK ] E_func_8016F330: 141 members [141 binaries] share h_exact a172109ae603… (source src/shared/engine_core.h)
[ OK ] E_func_801724EC: 141 members [141 binaries] share h_exact 5ff94663e5ef… (source src/shared/engine_core.h)
[ OK ] E_func_80172760: 141 members [141 binaries] share h_exact 8532df7851b5… (source src/shared/engine_core.h)
[ OK ] E_func_80174188: 141 members [141 binaries] share h_exact 1ffc70772133… (source src/shared/engine_core.h)
[ OK ] E_func_80174630: 141 members [141 binaries] share h_exact e1efae8c2563… (source src/shared/engine_core.h)
[ OK ] E_func_801747AC: 141 members [141 binaries] share h_exact 2e1be8624a8c… (source src/shared/engine_core.h)
[ OK ] E_func_801748C4: 141 members [141 binaries] share h_exact b5fb89b63a3c… (source src/shared/engine_core.h)
[ OK ] E_func_801749A8: 141 members [141 binaries] share h_exact 2cf2bddd5cb2… (source src/shared/engine_core.h)
[ OK ] E_func_80174C60: 141 members [141 binaries] share h_exact 91389657de4a… (source src/shared/engine_core.h)
[ OK ] E_func_8017ADE8: 141 members [141 binaries] share h_exact a44051163943… (source src/shared/engine_core.h)
[ OK ] E_func_80129258: 141 members [141 binaries] share h_exact 29ec542f1bed… (source src/shared/engine_core.h)
[ OK ] E_func_80129350: 141 members [141 binaries] share h_exact 1d48089004fb… (source src/shared/engine_core.h)
[ OK ] E_func_80129374: 141 members [141 binaries] share h_exact 0fbf466af438… (source src/shared/engine_core.h)
[ OK ] E_func_80129FF4: 141 members [141 binaries] share h_exact 45a14cf91cba… (source src/shared/engine_core.h)
[ OK ] E_func_8012B23C: 141 members [141 binaries] share h_exact dbbaaf68e47b… (source src/shared/engine_core.h)
[ OK ] E_func_8012C194: 141 members [141 binaries] share h_exact fd2fa91b0081… (source src/shared/engine_core.h)
[ OK ] E_func_8012C1B8: 141 members [141 binaries] share h_exact 5d72630c0ef4… (source src/shared/engine_core.h)
[ OK ] E_func_8012CC1C: 141 members [141 binaries] share h_exact 7674b8c6b1c7… (source src/shared/engine_core.h)
[ OK ] E_func_8012CC40: 141 members [141 binaries] share h_exact d3ceaf30614f… (source src/shared/engine_core.h)
[ OK ] E_func_80139A44: 141 members [141 binaries] share h_exact c8ebab2c83e7… (source src/shared/engine_core.h)
[ OK ] E_func_80139A68: 141 members [141 binaries] share h_exact 0e18d7e58b49… (source src/shared/engine_core.h)
[ OK ] E_func_80139DC8: 141 members [141 binaries] share h_exact 4bf7cfca0323… (source src/shared/engine_core.h)
[ OK ] E_func_80143970: 141 members [141 binaries] share h_exact 810449024d5c… (source src/shared/engine_core.h)
[ OK ] E_func_80146554: 141 members [141 binaries] share h_exact f36b2e18ad30… (source src/shared/engine_core.h)
[ OK ] E_func_80146578: 141 members [141 binaries] share h_exact 1d1dcbaee00e… (source src/shared/engine_core.h)
[ OK ] E_func_8014659C: 141 members [141 binaries] share h_exact 87644ba86d86… (source src/shared/engine_core.h)
[ OK ] E_func_801465C0: 141 members [141 binaries] share h_exact d8a69d1c70e1… (source src/shared/engine_core.h)
[ OK ] E_func_801465E4: 141 members [141 binaries] share h_exact 06a9706ab2d7… (source src/shared/engine_core.h)
[ OK ] E_func_80147290: 141 members [141 binaries] share h_exact c6e04c31064a… (source src/shared/engine_core.h)
[ OK ] E_func_80147300: 141 members [141 binaries] share h_exact 6d5164d17dbe… (source src/shared/engine_core.h)
[ OK ] E_func_80149350: 137 members [137 binaries] share h_exact 5aa2bbd6bc98… (source src/shared/engine_core.h)
[ OK ] E_func_8014942C: 137 members [137 binaries] share h_exact c1c9baa64256… (source src/shared/engine_core.h)
[ OK ] E_func_8014AA04: 141 members [141 binaries] share h_exact c25c9d440f4b… (source src/shared/engine_core.h)
[ OK ] E_func_8014BE78: 141 members [141 binaries] share h_exact 1fd1c45ecca3… (source src/shared/engine_core.h)
[ OK ] E_func_8014BE9C: 141 members [141 binaries] share h_exact fc2571b4f663… (source src/shared/engine_core.h)
[ OK ] E_func_8014BF48: 141 members [141 binaries] share h_exact ae1e8032e767… (source src/shared/engine_core.h)
[ OK ] E_func_8014BF8C: 141 members [141 binaries] share h_exact e5636897292e… (source src/shared/engine_core.h)
[ OK ] E_func_8014BFB0: 141 members [141 binaries] share h_exact 31dd4fe6e808… (source src/shared/engine_core.h)
[ OK ] E_func_80150CA0: 141 members [141 binaries] share h_exact 9795ebf5b25f… (source src/shared/engine_core.h)
[ OK ] E_func_80150FB4: 141 members [141 binaries] share h_exact 0fe989c98159… (source src/shared/engine_core.h)
[ OK ] E_func_80151014: 141 members [141 binaries] share h_exact 3f7b1290bb46… (source src/shared/engine_core.h)
[ OK ] E_func_80151070: 141 members [141 binaries] share h_exact 121872ec546a… (source src/shared/engine_core.h)
[ OK ] E_func_80151094: 141 members [141 binaries] share h_exact 52f8170f0c73… (source src/shared/engine_core.h)
[ OK ] E_func_801510C8: 141 members [141 binaries] share h_exact b075d42114e4… (source src/shared/engine_core.h)
[ OK ] E_func_801510EC: 141 members [141 binaries] share h_exact 20fd96e6d05a… (source src/shared/engine_core.h)
[ OK ] E_func_80151138: 141 members [141 binaries] share h_exact ef14479570cb… (source src/shared/engine_core.h)
[ OK ] E_func_801511E0: 141 members [141 binaries] share h_exact de87dfe66f7d… (source src/shared/engine_core.h)
[ OK ] E_func_80155FB0: 141 members [141 binaries] share h_exact 90484de6d606… (source src/shared/engine_core.h)
[ OK ] E_func_80155FD4: 141 members [141 binaries] share h_exact 39364625208b… (source src/shared/engine_core.h)
[ OK ] E_func_801598BC: 141 members [141 binaries] share h_exact 25c5aa9bdbfa… (source src/shared/engine_core.h)
[ OK ] E_func_80162414: 141 members [141 binaries] share h_exact 25c5aa9bdbfa… (source src/shared/engine_core.h)
[ OK ] E_func_80168640: 141 members [141 binaries] share h_exact 8c0cd28d1158… (source src/shared/engine_core.h)
[ OK ] E_func_8016F264: 141 members [141 binaries] share h_exact ed655b5979c8… (source src/shared/engine_core.h)
[ OK ] E_func_8016F2C8: 141 members [141 binaries] share h_exact 6fb698f2be22… (source src/shared/engine_core.h)
[ OK ] E_func_8016F30C: 141 members [141 binaries] share h_exact 639c78b73726… (source src/shared/engine_core.h)
[ OK ] E_func_8016F350: 141 members [141 binaries] share h_exact 6418f9d66204… (source src/shared/engine_core.h)
[ OK ] E_func_8016F44C: 141 members [141 binaries] share h_exact 2589c989f4f4… (source src/shared/engine_core.h)
[ OK ] E_func_8016F470: 141 members [141 binaries] share h_exact 0f282fedf1b4… (source src/shared/engine_core.h)
[ OK ] E_func_80171904: 141 members [141 binaries] share h_exact 6b6e667f5719… (source src/shared/engine_core.h)
[ OK ] E_func_80179DF8: 141 members [141 binaries] share h_exact 97e458bcbe78… (source src/shared/engine_core.h)
[ OK ] E_func_8012853C: 141 members [141 binaries] share h_exact a7a35d1a32f6… (source src/shared/engine_core.h)
[ OK ] E_func_8012BD14: 141 members [141 binaries] share h_exact 864222512409… (source src/shared/engine_core.h)
[ OK ] E_func_801375EC: 141 members [141 binaries] share h_exact d6c9087ce680… (source src/shared/engine_core.h)
[ OK ] E_func_80138DB8: 141 members [141 binaries] share h_exact 8e37b1093e88… (source src/shared/engine_core.h)
[ OK ] E_func_80139788: 141 members [141 binaries] share h_exact b3ac47e20a5d… (source src/shared/engine_core.h)
[ OK ] E_func_8013E814: 141 members [141 binaries] share h_exact 9a815451f4cc… (source src/shared/engine_core.h)
[ OK ] E_func_80144A04: 141 members [141 binaries] share h_exact 1f4b49407d77… (source src/shared/engine_core.h)
[ OK ] E_func_80144AEC: 141 members [141 binaries] share h_exact 7eace388da94… (source src/shared/engine_core.h)
[ OK ] E_func_801474EC: 141 members [141 binaries] share h_exact c43c4e2019b1… (source src/shared/engine_core.h)
[ OK ] E_func_80147A84: 141 members [141 binaries] share h_exact 34c82f44d9d4… (source src/shared/engine_core.h)
[ OK ] E_func_80147AAC: 141 members [141 binaries] share h_exact 269546ebd034… (source src/shared/engine_core.h)
[ OK ] E_func_80147F50: 141 members [141 binaries] share h_exact 10d8764e7296… (source src/shared/engine_core.h)
[ OK ] E_func_8014ACC0: 141 members [141 binaries] share h_exact 018e2b51eee9… (source src/shared/engine_core.h)
[ OK ] E_func_8014B00C: 141 members [141 binaries] share h_exact b6a90a2a2241… (source src/shared/engine_core.h)
[ OK ] E_func_80153BF0: 141 members [141 binaries] share h_exact a6a390412fad… (source src/shared/engine_core.h)
[ OK ] E_func_8015410C: 141 members [141 binaries] share h_exact b48f8df7292b… (source src/shared/engine_core.h)
[ OK ] E_func_801627C0: 141 members [141 binaries] share h_exact ed0be3bb61da… (source src/shared/engine_core.h)
[ OK ] E_func_80162AF4: 141 members [141 binaries] share h_exact efe40a0b6ba1… (source src/shared/engine_core.h)
[ OK ] E_func_80163234: 141 members [141 binaries] share h_exact 5c416d2bb145… (source src/shared/engine_core.h)
[ OK ] E_func_80165C78: 141 members [141 binaries] share h_exact bb819224192f… (source src/shared/engine_core.h)
[ OK ] E_func_8016E8F0: 141 members [141 binaries] share h_exact 5c4673221344… (source src/shared/engine_core.h)
[ OK ] E_func_80171238: 141 members [141 binaries] share h_exact a7e1b065a685… (source src/shared/engine_core.h)
[ OK ] E_func_80171884: 141 members [141 binaries] share h_exact 28cdfba6d273… (source src/shared/engine_core.h)
[ OK ] E_func_80172710: 141 members [141 binaries] share h_exact 9420c0f25e01… (source src/shared/engine_core.h)
[ OK ] E_func_80172ED4: 141 members [141 binaries] share h_exact 3fbe9cc5c3d2… (source src/shared/engine_core.h)
[ OK ] E_func_80172EFC: 141 members [141 binaries] share h_exact 94894be6b322… (source src/shared/engine_core.h)
[ OK ] E_func_80172F24: 141 members [141 binaries] share h_exact 1594daa83b44… (source src/shared/engine_core.h)
[ OK ] E_func_8017329C: 141 members [141 binaries] share h_exact a867318eebcd… (source src/shared/engine_core.h)
[ OK ] E_func_801732F4: 141 members [141 binaries] share h_exact 9acf295ef002… (source src/shared/engine_core.h)
[ OK ] E_func_8017334C: 141 members [141 binaries] share h_exact 5771a2c7f26f… (source src/shared/engine_core.h)
[ OK ] E_func_801733A4: 141 members [141 binaries] share h_exact 9acf295ef002… (source src/shared/engine_core.h)
[ OK ] E_func_8017452C: 141 members [141 binaries] share h_exact 53892aa77e91… (source src/shared/engine_core.h)
[ OK ] E_func_80174584: 141 members [141 binaries] share h_exact c0579096e9f4… (source src/shared/engine_core.h)
[ OK ] E_func_801745DC: 141 members [141 binaries] share h_exact 1b0c6fd1eb4a… (source src/shared/engine_core.h)
[ OK ] E_func_80175668: 141 members [141 binaries] share h_exact 4b10323aae95… (source src/shared/engine_core.h)
[ OK ] E_func_80179F44: 141 members [141 binaries] share h_exact 111f193e78f9… (source src/shared/engine_core.h)
[ OK ] E_func_8017A0F4: 141 members [141 binaries] share h_exact fd2c95a7fb14… (source src/shared/engine_core.h)
[ OK ] E_func_8017A11C: 141 members [141 binaries] share h_exact 2c361a7df1e6… (source src/shared/engine_core.h)
[ OK ] E_func_8017A180: 141 members [141 binaries] share h_exact 0db61a93a257… (source src/shared/engine_core.h)
[ OK ] E_func_8017A1A8: 141 members [141 binaries] share h_exact f71fad6d8965… (source src/shared/engine_core.h)
[ OK ] E_func_8017A1D0: 141 members [141 binaries] share h_exact 386480537b1d… (source src/shared/engine_core.h)
[ OK ] E_func_8017A1F8: 141 members [141 binaries] share h_exact 54b1b712d241… (source src/shared/engine_core.h)
[ OK ] E_func_8017A298: 141 members [141 binaries] share h_exact 8ac54d834645… (source src/shared/engine_core.h)
[ OK ] E_func_8017A2C0: 141 members [141 binaries] share h_exact 50db47d992fb… (source src/shared/engine_core.h)
[ OK ] E_func_8017A2E8: 141 members [141 binaries] share h_exact c7a14a733f0b… (source src/shared/engine_core.h)
[ OK ] E_func_8017A310: 141 members [141 binaries] share h_exact a1ab0821c58c… (source src/shared/engine_core.h)
[ OK ] E_func_8017A338: 141 members [141 binaries] share h_exact 8bf3c1fcad29… (source src/shared/engine_core.h)
[ OK ] E_func_8017A360: 141 members [141 binaries] share h_exact 1df00b66d257… (source src/shared/engine_core.h)
[ OK ] E_func_8017A388: 141 members [141 binaries] share h_exact 7bb65e84b2fb… (source src/shared/engine_core.h)
[ OK ] E_func_8012B14C: 141 members [141 binaries] share h_exact 968eab0530e5… (source src/shared/engine_core.h)
[ OK ] E_func_8012BF7C: 141 members [141 binaries] share h_exact d196e56d3cef… (source src/shared/engine_core.h)
[ OK ] E_func_8012C724: 141 members [141 binaries] share h_exact 7207af3c2b91… (source src/shared/engine_core.h)
[ OK ] E_func_8013E298: 141 members [141 binaries] share h_exact 811a219ef224… (source src/shared/engine_core.h)
[ OK ] E_func_80143994: 141 members [141 binaries] share h_exact 640b5b602d21… (source src/shared/engine_core.h)
[ OK ] E_func_801477E8: 141 members [141 binaries] share h_exact d2f74e8f5bd6… (source src/shared/engine_core.h)
[ OK ] E_func_80149AA8: 141 members [141 binaries] share h_exact d0967f299f7b… (source src/shared/engine_core.h)
[ OK ] E_func_8014B310: 141 members [141 binaries] share h_exact 20998685b7e9… (source src/shared/engine_core.h)
[ OK ] E_func_8014C3A4: 141 members [141 binaries] share h_exact 1e2e52036bd3… (source src/shared/engine_core.h)
[ OK ] E_func_8014CB2C: 141 members [141 binaries] share h_exact 726804f0fe98… (source src/shared/engine_core.h)
[ OK ] E_func_80154AB4: 141 members [141 binaries] share h_exact 51f0c6667c8d… (source src/shared/engine_core.h)
[ OK ] E_func_80154B20: 141 members [141 binaries] share h_exact 4cdcd2cea498… (source src/shared/engine_core.h)
[ OK ] E_func_801607B8: 141 members [141 binaries] share h_exact d1da8e42306c… (source src/shared/engine_core.h)
[ OK ] E_func_801619A4: 141 members [141 binaries] share h_exact 97f3cab9ef4e… (source src/shared/engine_core.h)
[ OK ] E_func_8016DA04: 141 members [141 binaries] share h_exact fb86de0b580d… (source src/shared/engine_core.h)
[ OK ] E_func_8016FB50: 141 members [141 binaries] share h_exact c687a5539fab… (source src/shared/engine_core.h)
[ OK ] E_func_8016FC64: 141 members [141 binaries] share h_exact c687a5539fab… (source src/shared/engine_core.h)
[ OK ] E_func_8017051C: 141 members [141 binaries] share h_exact ff0f4659df3f… (source src/shared/engine_core.h)
[ OK ] E_func_80174604: 141 members [141 binaries] share h_exact a9de852d441f… (source src/shared/engine_core.h)
[ OK ] E_func_80179DCC: 141 members [141 binaries] share h_exact 45ab12df0c55… (source src/shared/engine_core.h)
[ OK ] E_func_80179E1C: 141 members [141 binaries] share h_exact 2a510fe5f4b6… (source src/shared/engine_core.h)
[ OK ] E_func_80179EE8: 141 members [141 binaries] share h_exact f1270556ac50… (source src/shared/engine_core.h)
[ OK ] E_func_80179F6C: 141 members [141 binaries] share h_exact 5a8cc6c5c7a1… (source src/shared/engine_core.h)
[ OK ] E_func_801391F0: 141 members [141 binaries] share h_exact a09742db3987… (source src/shared/engine_core.h)
[ OK ] E_func_8013E558: 141 members [141 binaries] share h_exact f384220561f1… (source src/shared/engine_core.h)
[ OK ] E_func_8013E67C: 141 members [141 binaries] share h_exact 42e20730b19f… (source src/shared/engine_core.h)
[ OK ] E_func_801496D4: 141 members [141 binaries] share h_exact a4d9cd338bab… (source src/shared/engine_core.h)
[ OK ] E_func_8014B4D4: 141 members [141 binaries] share h_exact 54bfb72ababa… (source src/shared/engine_core.h)
[ OK ] E_func_8014BD98: 141 members [141 binaries] share h_exact d0f543db4abb… (source src/shared/engine_core.h)
[ OK ] E_func_8014BF18: 141 members [141 binaries] share h_exact 59d7770cb15e… (source src/shared/engine_core.h)
[ OK ] E_func_8014CBF8: 141 members [141 binaries] share h_exact 0820809e3412… (source src/shared/engine_core.h)
[ OK ] E_func_80154274: 141 members [141 binaries] share h_exact dac93a94d806… (source src/shared/engine_core.h)
[ OK ] E_func_801542DC: 141 members [141 binaries] share h_exact cbcabba43bce… (source src/shared/engine_core.h)
[ OK ] E_func_80159404: 141 members [141 binaries] share h_exact b4164d406392… (source src/shared/engine_core.h)
[ OK ] E_func_80159434: 141 members [141 binaries] share h_exact e278b8df756e… (source src/shared/engine_core.h)
[ OK ] E_func_8016004C: 141 members [141 binaries] share h_exact a48dcd478d48… (source src/shared/engine_core.h)
[ OK ] E_func_801619D0: 141 members [141 binaries] share h_exact 67bb638fba36… (source src/shared/engine_core.h)
[ OK ] E_func_80161D58: 141 members [141 binaries] share h_exact 629a25e1ef87… (source src/shared/engine_core.h)
[ OK ] E_func_80165770: 141 members [141 binaries] share h_exact 8263f830aa43… (source src/shared/engine_core.h)
[ OK ] E_func_80165A20: 141 members [141 binaries] share h_exact bcfdfabe3dc1… (source src/shared/engine_core.h)
[ OK ] E_func_8016A05C: 141 members [141 binaries] share h_exact a1c05555a8af… (source src/shared/engine_core.h)
[ OK ] E_func_8016ED8C: 141 members [141 binaries] share h_exact 9e13bde86fa0… (source src/shared/engine_core.h)
[ OK ] E_func_8016EDBC: 141 members [141 binaries] share h_exact e2f2d4d6c721… (source src/shared/engine_core.h)
[ OK ] E_func_8016F494: 141 members [141 binaries] share h_exact d5cf508b418b… (source src/shared/engine_core.h)
[ OK ] E_func_8016F804: 141 members [141 binaries] share h_exact 230a3ff4443d… (source src/shared/engine_core.h)
[ OK ] E_func_8012A5F8: 141 members [141 binaries] share h_exact 06251e231034… (source src/shared/engine_core.h)
[ OK ] E_func_801392C8: 141 members [141 binaries] share h_exact 590b0edb0200… (source src/shared/engine_core.h)
[ OK ] E_func_801417C4: 141 members [141 binaries] share h_exact a2e16cc847b3… (source src/shared/engine_core.h)
[ OK ] E_func_8014C59C: 141 members [141 binaries] share h_exact 60e5e4e3e4cc… (source src/shared/engine_core.h)
[ OK ] E_func_80151238: 141 members [141 binaries] share h_exact 2530eaf22b21… (source src/shared/engine_core.h)
[ OK ] E_func_80154418: 141 members [141 binaries] share h_exact 8aa066fdbbd7… (source src/shared/engine_core.h)
[ OK ] E_func_8015DC84: 141 members [141 binaries] share h_exact 2289c15888b5… (source src/shared/engine_core.h)
[ OK ] E_func_8015DFE4: 141 members [141 binaries] share h_exact fba9368c3464… (source src/shared/engine_core.h)
[ OK ] E_func_8015ED6C: 141 members [141 binaries] share h_exact fd7de9879b4d… (source src/shared/engine_core.h)
[ OK ] E_func_80162FC0: 141 members [141 binaries] share h_exact 194bedddb279… (source src/shared/engine_core.h)
[ OK ] E_func_80165840: 141 members [141 binaries] share h_exact f2064f5eca4e… (source src/shared/engine_core.h)
[ OK ] E_func_80170B14: 141 members [141 binaries] share h_exact b401759fbd56… (source src/shared/engine_core.h)
[ OK ] E_func_80171B10: 141 members [141 binaries] share h_exact a47cc82d2908… (source src/shared/engine_core.h)
[ OK ] E_func_8012A79C: 141 members [141 binaries] share h_exact 5df841112087… (source src/shared/engine_core.h)
[ OK ] E_func_8012B6D4: 141 members [141 binaries] share h_exact b6a37830c0bc… (source src/shared/engine_core.h)
[ OK ] E_func_8012B70C: 141 members [141 binaries] share h_exact 8e7aeefdd86b… (source src/shared/engine_core.h)
[ OK ] E_func_8012B744: 141 members [141 binaries] share h_exact 6c580f8e57e5… (source src/shared/engine_core.h)
[ OK ] E_func_8012E32C: 141 members [141 binaries] share h_exact 969f63847ba3… (source src/shared/engine_core.h)
[ OK ] E_func_801484B0: 141 members [141 binaries] share h_exact 57e465cfb040… (source src/shared/engine_core.h)
[ OK ] E_func_80148534: 141 members [141 binaries] share h_exact 24fc6cda3415… (source src/shared/engine_core.h)
[ OK ] E_func_8014ADA8: 141 members [141 binaries] share h_exact ca0ea4bc9b55… (source src/shared/engine_core.h)
[ OK ] E_func_8014BEC0: 141 members [141 binaries] share h_exact 4b98faf0fd5e… (source src/shared/engine_core.h)
[ OK ] E_func_801599E0: 141 members [141 binaries] share h_exact 0db1103e0e8e… (source src/shared/engine_core.h)
[ OK ] E_func_80161240: 141 members [141 binaries] share h_exact 6f854b6f9351… (source src/shared/engine_core.h)
[ OK ] E_func_80161418: 141 members [141 binaries] share h_exact 36e7cd40ae70… (source src/shared/engine_core.h)
[ OK ] E_func_80161450: 141 members [141 binaries] share h_exact b032dbf8e793… (source src/shared/engine_core.h)
[ OK ] E_func_801614E4: 141 members [141 binaries] share h_exact afaa2ea1dcbf… (source src/shared/engine_core.h)
[ OK ] E_func_8016151C: 141 members [141 binaries] share h_exact 36d2ac01b677… (source src/shared/engine_core.h)
[ OK ] E_func_80161554: 141 members [141 binaries] share h_exact b094761eb752… (source src/shared/engine_core.h)
[ OK ] E_func_8016158C: 141 members [141 binaries] share h_exact 731ef47ebdb9… (source src/shared/engine_core.h)
[ OK ] E_func_801657A0: 141 members [141 binaries] share h_exact 3b9bc719d2be… (source src/shared/engine_core.h)
[ OK ] E_func_80173A28: 141 members [141 binaries] share h_exact a97199301200… (source src/shared/engine_core.h)
[ OK ] E_func_80174BBC: 141 members [141 binaries] share h_exact c6b2d4768c0c… (source src/shared/engine_core.h)
[ OK ] E_func_80177784: 141 members [141 binaries] share h_exact 32ad012de959… (source src/shared/engine_core.h)
[ OK ] E_func_801466B4: 141 members [141 binaries] share h_exact 273e9dc1bb8a… (source src/shared/engine_core.h)
[ OK ] E_func_8014A638: 141 members [141 binaries] share h_exact cd1be7e12dde… (source src/shared/engine_core.h)
[ OK ] E_func_8014B768: 141 members [141 binaries] share h_exact f4237e1d06f0… (source src/shared/engine_core.h)
[ OK ] E_func_8014BC44: 141 members [141 binaries] share h_exact 9c835fc8a43f… (source src/shared/engine_core.h)
[ OK ] E_func_8014C88C: 141 members [141 binaries] share h_exact 952bfe45f732… (source src/shared/engine_core.h)
[ OK ] E_func_80157A8C: 141 members [141 binaries] share h_exact fcbffb31a5b9… (source src/shared/engine_core.h)
[ OK ] E_func_80165694: 141 members [141 binaries] share h_exact af8899433fd0… (source src/shared/engine_core.h)
[ OK ] E_func_8012D624: 141 members [141 binaries] share h_exact 2b11831ee017… (source src/shared/engine_core.h)
[ OK ] E_func_8015369C: 141 members [141 binaries] share h_exact 692966359c10… (source src/shared/engine_core.h)
[ OK ] E_func_80154BE4: 141 members [141 binaries] share h_exact dbfcdbbd137b… (source src/shared/engine_core.h)
[ OK ] E_func_8015987C: 141 members [141 binaries] share h_exact 8f942500028f… (source src/shared/engine_core.h)
[ OK ] E_func_80178BB8: 141 members [141 binaries] share h_exact aa417877083f… (source src/shared/engine_core.h)
[ OK ] E_func_8012BE54: 141 members [141 binaries] share h_exact a922d429c7bd… (source src/shared/engine_core.h)
[ OK ] E_func_8013A9B4: 141 members [141 binaries] share h_exact 694d6dd607b2… (source src/shared/engine_core.h)
[ OK ] E_func_80175624: 141 members [141 binaries] share h_exact 6fa48c7e49cf… (source src/shared/engine_core.h)
[ OK ] E_func_8014168C: 141 members [141 binaries] share h_exact 784941269e13… (source src/shared/engine_core.h)
[ OK ] E_func_8012A048: 141 members [141 binaries] share h_exact dee370acbde7… (source src/shared/engine_core.h)
[ OK ] E_func_80150E84: 141 members [141 binaries] share h_exact 6581c9f60518… (source src/shared/engine_core.h)
[ OK ] E_func_80150EA4: 141 members [141 binaries] share h_exact fcb7757e4ded… (source src/shared/engine_core.h)
[ OK ] E_func_8012CC64: 141 members [141 binaries] share h_exact a092f7b49a96… (source src/shared/engine_core.h)
[ OK ] E_func_80143C74: 141 members [141 binaries] share h_exact 273da1455337… (source src/shared/engine_core.h)
[ OK ] E_func_8012BEE8: 141 members [141 binaries] share h_exact 2c8a6eccbcec… (source src/shared/engine_core.h)
[ OK ] E_func_80146E98: 141 members [141 binaries] share h_exact 1f7e636d51d9… (source src/shared/engine_core.h)
[ OK ] E_func_8016197C: 141 members [141 binaries] share h_exact 9c46b293e815… (source src/shared/engine_core.h)
[ OK ] E_func_80171A88: 141 members [141 binaries] share h_exact 157c01fe336a… (source src/shared/engine_core.h)
[ OK ] E_func_80130AC4: 141 members [141 binaries] share h_exact d4a500b30d31… (source src/shared/engine_core.h)
[ OK ] E_func_8013A9F8: 141 members [141 binaries] share h_exact 763dccb15912… (source src/shared/engine_core.h)
[ OK ] E_func_80131C78: 141 members [141 binaries] share h_exact ac0a5d19a385… (source src/shared/engine_core.h)
[ OK ] E_func_80161A00: 141 members [141 binaries] share h_exact ae78f4942d78… (source src/shared/engine_core.h)
[ OK ] E_func_80161A30: 141 members [141 binaries] share h_exact 8d71c657aed1… (source src/shared/engine_core.h)
[ OK ] E_func_80161A60: 141 members [141 binaries] share h_exact 00488e7ed537… (source src/shared/engine_core.h)
[ OK ] E_func_8015A1C8: 141 members [141 binaries] share h_exact cfeb47eb2a13… (source src/shared/engine_core.h)
[ OK ] E_func_8015AC90: 141 members [141 binaries] share h_exact cfeb47eb2a13… (source src/shared/engine_core.h)
[ OK ] E_func_8015CF24: 141 members [141 binaries] share h_exact cfeb47eb2a13… (source src/shared/engine_core.h)
[ OK ] E_func_801284B8: 141 members [141 binaries] share h_exact 84212171ca8f… (source src/shared/engine_core.h)
[ OK ] E_func_8012C31C: 141 members [141 binaries] share h_exact 7b266c494527… (source src/shared/engine_core.h)
[ OK ] E_func_8012E544: 141 members [141 binaries] share h_exact f280934ff2f5… (source src/shared/engine_core.h)
[ OK ] E_func_8013E410: 141 members [141 binaries] share h_exact 734fbf89a749… (source src/shared/engine_core.h)
[ OK ] E_func_8014BC0C: 141 members [141 binaries] share h_exact f11eeed5ca45… (source src/shared/engine_core.h)
[ OK ] E_func_8014C278: 141 members [141 binaries] share h_exact 0d433e70872f… (source src/shared/engine_core.h)
[ OK ] E_func_801632F0: 141 members [141 binaries] share h_exact 50f3905cffc9… (source src/shared/engine_core.h)
[ OK ] E_func_8012B178: 141 members [141 binaries] share h_exact c8e802f608a0… (source src/shared/engine_core.h)
[ OK ] E_func_8012BF10: 141 members [141 binaries] share h_exact e6f14df13dab… (source src/shared/engine_core.h)
[ OK ] E_func_8012C1DC: 141 members [141 binaries] share h_exact a7397612a44c… (source src/shared/engine_core.h)
[ OK ] E_func_8012E4C8: 141 members [141 binaries] share h_exact c42e890e035a… (source src/shared/engine_core.h)
[ OK ] E_func_8012EF34: 141 members [141 binaries] share h_exact 6fa7918e8e4c… (source src/shared/engine_core.h)
[ OK ] E_func_80149884: 141 members [141 binaries] share h_exact e871b50e40e8… (source src/shared/engine_core.h)
[ OK ] E_func_80149CD4: 141 members [141 binaries] share h_exact 2d82e9acc325… (source src/shared/engine_core.h)
[ OK ] E_func_80149D9C: 141 members [141 binaries] share h_exact 970fb761a6c0… (source src/shared/engine_core.h)
[ OK ] E_func_8016F410: 141 members [141 binaries] share h_exact 4cd92ed25387… (source src/shared/engine_core.h)
[ OK ] E_func_801282EC: 141 members [141 binaries] share h_exact 07fd38b43d38… (source src/shared/engine_core.h)
[ OK ] E_func_8012B864: 141 members [141 binaries] share h_exact e576eec49377… (source src/shared/engine_core.h)
[ OK ] E_func_8012D5E4: 141 members [141 binaries] share h_exact 45a2d18d3c18… (source src/shared/engine_core.h)
[ OK ] E_func_8012E504: 141 members [141 binaries] share h_exact 71744d84b205… (source src/shared/engine_core.h)
[ OK ] E_func_80130360: 141 members [141 binaries] share h_exact 24a27bf0d4ba… (source src/shared/engine_core.h)
[ OK ] E_func_80130858: 141 members [141 binaries] share h_exact 684dec78f1ba… (source src/shared/engine_core.h)
[ OK ] E_func_8013A8BC: 141 members [141 binaries] share h_exact ea637cd0535f… (source src/shared/engine_core.h)
[ OK ] E_func_80142414: 141 members [141 binaries] share h_exact 433656cc47a9… (source src/shared/engine_core.h)
[ OK ] E_func_80144988: 141 members [141 binaries] share h_exact 5a76fee4720a… (source src/shared/engine_core.h)
[ OK ] E_func_80149184: 141 members [141 binaries] share h_exact 5a1468d046e9… (source src/shared/engine_core.h)
[ OK ] E_func_801491C4: 141 members [141 binaries] share h_exact da28bc5eefc9… (source src/shared/engine_core.h)
[ OK ] E_func_801526D4: 141 members [141 binaries] share h_exact 83f74bb19de1… (source src/shared/engine_core.h)
[ OK ] E_func_801565C0: 141 members [141 binaries] share h_exact dbafe1e09068… (source src/shared/engine_core.h)
[ OK ] E_func_80175454: 141 members [141 binaries] share h_exact d8ffcad5ab78… (source src/shared/engine_core.h)
[ OK ] E_func_801757A0: 141 members [141 binaries] share h_exact 21115cd910c3… (source src/shared/engine_core.h)
[ OK ] E_func_801757E0: 141 members [141 binaries] share h_exact ca6741fea9e5… (source src/shared/engine_core.h)
[ OK ] E_func_801399F0: 141 members [141 binaries] share h_exact b8c9276b7a9c… (source src/shared/engine_core.h)
[ OK ] E_func_80134A28: 141 members [141 binaries] share h_exact ffd70f58a52c… (source src/shared/engine_core.h)
[ OK ] E_func_80134FB8: 141 members [141 binaries] share h_exact ffd70f58a52c… (source src/shared/engine_core.h)
[ OK ] E_func_80147814: 141 members [141 binaries] share h_exact 61479027026f… (source src/shared/engine_core.h)
[ OK ] E_func_801518D8: 141 members [141 binaries] share h_exact 9602576604f3… (source src/shared/engine_core.h)
[ OK ] E_func_80147948: 141 members [141 binaries] share h_exact 8ce3237d73b3… (source src/shared/engine_core.h)
[ OK ] E_func_801479BC: 141 members [141 binaries] share h_exact 3a20d067170e… (source src/shared/engine_core.h)
[ OK ] E_func_80147A30: 141 members [141 binaries] share h_exact ef47624fb136… (source src/shared/engine_core.h)
[ OK ] E_func_8012E470: 141 members [141 binaries] share h_exact 7d21c7fa6fb5… (source src/shared/engine_core.h)
[ OK ] E_func_80136BC4: 141 members [141 binaries] share h_exact 20e578d3311c… (source src/shared/engine_core.h)
[ OK ] E_func_80138B88: 141 members [141 binaries] share h_exact 93b82718e284… (source src/shared/engine_core.h)
[ OK ] E_func_801470C0: 141 members [141 binaries] share h_exact 2b1537f46b55… (source src/shared/engine_core.h)
[ OK ] E_func_80151880: 141 members [141 binaries] share h_exact c0e868eb8aae… (source src/shared/engine_core.h)
[ OK ] E_func_80148038: 141 members [141 binaries] share h_exact a1d2a451e632… (source src/shared/engine_core.h)
[ OK ] E_func_80149228: 141 members [141 binaries] share h_exact 7a1c7e788284… (source src/shared/engine_core.h)
[ OK ] E_func_801489E8: 141 members [141 binaries] share h_exact 67d61a9f673a… (source src/shared/engine_core.h)
[ OK ] E_func_8012AD80: 141 members [141 binaries] share h_exact ff4181498ed9… (source src/shared/engine_core.h)
[ OK ] E_func_8014891C: 141 members [141 binaries] share h_exact 855369c96685… (source src/shared/engine_core.h)
[ OK ] E_func_80148A48: 141 members [141 binaries] share h_exact 713f8ceffdf7… (source src/shared/engine_core.h)
[ OK ] E_func_8013435C: 141 members [141 binaries] share h_exact 3860aabf09f5… (source src/shared/engine_core.h)
[ OK ] E_func_80148980: 141 members [141 binaries] share h_exact 654c631ede9e… (source src/shared/engine_core.h)
[ OK ] E_func_801783D0: 141 members [141 binaries] share h_exact 7933fb568904… (source src/shared/engine_core.h)
[ OK ] E_func_8012B260: 141 members [141 binaries] share h_exact 6ec86c600d68… (source src/shared/engine_core.h)
[ OK ] E_func_801473EC: 141 members [141 binaries] share h_exact 90df300c8981… (source src/shared/engine_core.h)
[ OK ] E_func_801488A8: 141 members [141 binaries] share h_exact 0932c9ba261e… (source src/shared/engine_core.h)
[ OK ] E_func_8017509C: 141 members [141 binaries] share h_exact d229cf679613… (source src/shared/engine_core.h)
[ OK ] E_func_80139C7C: 141 members [141 binaries] share h_exact 5a48e553c01c… (source src/shared/engine_core.h)
[ OK ] E_func_80175014: 141 members [141 binaries] share h_exact 097427f41850… (source src/shared/engine_core.h)
[ OK ] E_func_80146DF8: 141 members [141 binaries] share h_exact 5d87d779c64f… (source src/shared/engine_core.h)
[ OK ] E_func_8012B608: 141 members [141 binaries] share h_exact 97bdbab60ebd… (source src/shared/engine_core.h)
[ OK ] E_func_8013361C: 141 members [141 binaries] share h_exact f523834fc5b7… (source src/shared/engine_core.h)
[ OK ] E_func_80137FD8: 141 members [141 binaries] share h_exact 0efd637369d9… (source src/shared/engine_core.h)
[ OK ] E_func_8016C374: 141 members [141 binaries] share h_exact c24c1e1903fb… (source src/shared/engine_core.h)
[ OK ] E_func_80147118: 141 members [141 binaries] share h_exact 7336e83ee7da… (source src/shared/engine_core.h)
[ OK ] E_func_80129220: 141 members [141 binaries] share h_exact a0d1679d5442… (source src/shared/engine_core.h)
[ OK ] E_func_8012CBA4: 141 members [141 binaries] share h_exact 6cedd518aa49… (source src/shared/engine_core.h)
[ OK ] E_func_8012CBCC: 141 members [141 binaries] share h_exact fb424e70b8a8… (source src/shared/engine_core.h)
[ OK ] E_func_80179E48: 141 members [141 binaries] share h_exact e2042cd15690… (source src/shared/engine_core.h)
[ OK ] E_func_80179E74: 141 members [141 binaries] share h_exact 8990fa5cb628… (source src/shared/engine_core.h)
[ OK ] E_func_80170718: 141 members [141 binaries] share h_exact 72467d2ae189… (source src/shared/engine_core.h)
[ OK ] E_func_80170C14: 141 members [141 binaries] share h_exact 78e1b7b89fbf… (source src/shared/engine_core.h)
[ OK ] E_func_8017115C: 141 members [141 binaries] share h_exact 395f4d61e716… (source src/shared/engine_core.h)
[ OK ] E_func_801717F4: 141 members [141 binaries] share h_exact a9bd1204d49d… (source src/shared/engine_core.h)
[ OK ] E_func_80171824: 141 members [141 binaries] share h_exact 2b98156ef6af… (source src/shared/engine_core.h)
[ OK ] E_func_80171854: 141 members [141 binaries] share h_exact 12d791885abe… (source src/shared/engine_core.h)
[ OK ] E_func_80172B14: 141 members [141 binaries] share h_exact a320d4fdb060… (source src/shared/engine_core.h)
[ OK ] E_func_801733CC: 141 members [141 binaries] share h_exact 43762e03e26d… (source src/shared/engine_core.h)
[ OK ] E_func_801737B8: 141 members [141 binaries] share h_exact 207a1e5ae0b6… (source src/shared/engine_core.h)
[ OK ] E_func_801738DC: 141 members [141 binaries] share h_exact 23ad27a93c2e… (source src/shared/engine_core.h)
[ OK ] E_func_80174158: 141 members [141 binaries] share h_exact 7747285b12c4… (source src/shared/engine_core.h)
[ OK ] E_func_801743C0: 141 members [141 binaries] share h_exact 648bba782488… (source src/shared/engine_core.h)
[ OK ] E_func_801744B0: 141 members [141 binaries] share h_exact 946e66236354… (source src/shared/engine_core.h)
[ OK ] E_func_80174C80: 141 members [141 binaries] share h_exact bb1095bd9e54… (source src/shared/engine_core.h)
[ OK ] E_func_80179F14: 141 members [141 binaries] share h_exact 37c9c892fba9… (source src/shared/engine_core.h)
[ OK ] E_func_8015F2F0: 141 members [141 binaries] share h_exact 54428b5de4e5… (source src/shared/engine_core.h)
[ OK ] E_func_8015F738: 141 members [141 binaries] share h_exact b7ddc14ea35b… (source src/shared/engine_core.h)
[ OK ] E_func_8015F76C: 141 members [141 binaries] share h_exact 565af8da5348… (source src/shared/engine_core.h)
[ OK ] E_func_8015FA44: 141 members [141 binaries] share h_exact 3ad8ff97c4dc… (source src/shared/engine_core.h)
[ OK ] E_func_8015FA78: 141 members [141 binaries] share h_exact 46194a3cc6cf… (source src/shared/engine_core.h)
[ OK ] E_func_801600D0: 141 members [141 binaries] share h_exact fec75d1506e6… (source src/shared/engine_core.h)
[ OK ] E_func_80160104: 141 members [141 binaries] share h_exact 4d3a2c42be8c… (source src/shared/engine_core.h)
[ OK ] E_func_80160334: 141 members [141 binaries] share h_exact e46ff3d8f17d… (source src/shared/engine_core.h)
[ OK ] E_func_80160368: 141 members [141 binaries] share h_exact 19301effeee9… (source src/shared/engine_core.h)
[ OK ] E_func_801607E4: 141 members [141 binaries] share h_exact d01c1e2112f6… (source src/shared/engine_core.h)
[ OK ] E_func_80160818: 141 members [141 binaries] share h_exact ab90081f03ac… (source src/shared/engine_core.h)
[ OK ] E_func_80160ACC: 141 members [141 binaries] share h_exact 50ebeabfbb18… (source src/shared/engine_core.h)
[ OK ] E_func_8012F75C: 141 members [141 binaries] share h_exact 25f2fd43e4b0… (source src/shared/engine_core.h)
[ OK ] E_func_80132E6C: 141 members [141 binaries] share h_exact 1a7a7a1cd88c… (source src/shared/engine_core.h)
[ OK ] E_func_80147860: 141 members [141 binaries] share h_exact 6e66afcda13a… (source src/shared/engine_core.h)
[ OK ] E_func_8014C2B0: 141 members [141 binaries] share h_exact e369b062180c… (source src/shared/engine_core.h)
[ OK ] E_func_80165BFC: 141 members [141 binaries] share h_exact a7c4f31c2521… (source src/shared/engine_core.h)
[ OK ] E_func_8016E688: 141 members [141 binaries] share h_exact d643470dfa66… (source src/shared/engine_core.h)
[ OK ] E_func_801735EC: 141 members [141 binaries] share h_exact 7a5663ab55af… (source src/shared/engine_core.h)
[ OK ] E_func_801290DC: 141 members [141 binaries] share h_exact abb6f1fef34f… (source src/shared/engine_core.h)
[ OK ] E_func_80142778: 141 members [141 binaries] share h_exact 9e5c3ca7517c… (source src/shared/engine_core.h)
[ OK ] E_func_8014C99C: 141 members [141 binaries] share h_exact 72a917edb804… (source src/shared/engine_core.h)
[ OK ] E_func_8017084C: 141 members [141 binaries] share h_exact 95e0f7a559ba… (source src/shared/engine_core.h)
[ OK ] E_func_8016F95C: 141 members [141 binaries] share h_exact 9d42bc94ea8a… (source src/shared/engine_core.h)
[ OK ] E_func_801722CC: 141 members [141 binaries] share h_exact a86bc9a15929… (source src/shared/engine_core.h)
[ OK ] E_func_8017280C: 141 members [141 binaries] share h_exact 9f3666a84fa3… (source src/shared/engine_core.h)
[ OK ] E_func_80172920: 141 members [141 binaries] share h_exact c52da237ca5e… (source src/shared/engine_core.h)
[ OK ] E_func_80172CDC: 141 members [141 binaries] share h_exact 883420114d40… (source src/shared/engine_core.h)
[ OK ] E_func_80172DE8: 141 members [141 binaries] share h_exact 9230bc070af8… (source src/shared/engine_core.h)
[ OK ] E_func_80173580: 141 members [141 binaries] share h_exact b62e100b9d16… (source src/shared/engine_core.h)
[ OK ] E_func_80173738: 141 members [141 binaries] share h_exact 8a706c86d377… (source src/shared/engine_core.h)
[ OK ] E_func_80173824: 141 members [141 binaries] share h_exact 3a630a4c69f7… (source src/shared/engine_core.h)
[ OK ] E_func_80173948: 141 members [141 binaries] share h_exact 082e363fa1fc… (source src/shared/engine_core.h)
[ OK ] E_func_80173B88: 141 members [141 binaries] share h_exact 0502812a57dc… (source src/shared/engine_core.h)
[ OK ] E_func_801742E0: 141 members [141 binaries] share h_exact 898f01e11914… (source src/shared/engine_core.h)
[ OK ] E_func_8012DFD4: 141 members [141 binaries] share h_exact ffa5782a0ee9… (source src/shared/engine_core.h)
[ OK ] E_func_80165374: 141 members [141 binaries] share h_exact 366f1d42d2e3… (source src/shared/engine_core.h)
[ OK ] E_func_8016E6E4: 141 members [141 binaries] share h_exact de77bc243eea… (source src/shared/engine_core.h)
[ OK ] E_func_8016FA00: 141 members [141 binaries] share h_exact 2bee74ef0da3… (source src/shared/engine_core.h)
[ OK ] E_func_801744E0: 141 members [141 binaries] share h_exact a3f9226ee0d1… (source src/shared/engine_core.h)
[ OK ] E_func_801284F0: 141 members [141 binaries] share h_exact 833f57edbb37… (source src/shared/engine_core.h)
[ OK ] E_func_8012B1B4: 141 members [141 binaries] share h_exact 0019c45c4059… (source src/shared/engine_core.h)
[ OK ] E_func_8012F87C: 141 members [141 binaries] share h_exact f577c35657fa… (source src/shared/engine_core.h)
[ OK ] E_func_8012F91C: 141 members [141 binaries] share h_exact fdb55867fb79… (source src/shared/engine_core.h)
[ OK ] E_func_8012FF00: 141 members [141 binaries] share h_exact 2a477a8982e5… (source src/shared/engine_core.h)
[ OK ] E_func_8012FF4C: 141 members [141 binaries] share h_exact 66f0ca142020… (source src/shared/engine_core.h)
[ OK ] E_func_80130314: 141 members [141 binaries] share h_exact ae2c8decc686… (source src/shared/engine_core.h)
[ OK ] E_func_80160DEC: 141 members [141 binaries] share h_exact 8215bf054484… (source src/shared/engine_core.h)
[ OK ] E_func_80172F4C: 141 members [141 binaries] share h_exact 0eedbeeca4ec… (source src/shared/engine_core.h)
[ OK ] E_func_80172F9C: 141 members [141 binaries] share h_exact aff7fdc6783b… (source src/shared/engine_core.h)
[ OK ] E_func_80172FEC: 141 members [141 binaries] share h_exact 8f22a7fcc30e… (source src/shared/engine_core.h)
[ OK ] E_func_80174B6C: 141 members [141 binaries] share h_exact d9bde68262f5… (source src/shared/engine_core.h)
[ OK ] E_func_80151E78: 141 members [141 binaries] share h_exact a12d87659b8b… (source src/shared/engine_core.h)
[ OK ] E_func_80157CCC: 141 members [141 binaries] share h_exact cd768a0655e7… (source src/shared/engine_core.h)
[ OK ] E_func_8016007C: 141 members [141 binaries] share h_exact 624feab2146a… (source src/shared/engine_core.h)
[ OK ] E_func_80160FE0: 141 members [141 binaries] share h_exact c953e0b9aaed… (source src/shared/engine_core.h)
[ OK ] E_func_80179D78: 141 members [141 binaries] share h_exact 7cb8b14c2f97… (source src/shared/engine_core.h)
[ OK ] E_func_801608C0: 141 members [141 binaries] share h_exact dc7d9e490d2e… (source src/shared/engine_core.h)
[ OK ] E_func_80162D28: 141 members [141 binaries] share h_exact b5f54f056b5e… (source src/shared/engine_core.h)
[ OK ] E_func_80162D88: 141 members [141 binaries] share h_exact b9567c7c57e5… (source src/shared/engine_core.h)
[ OK ] E_func_80162DE8: 141 members [141 binaries] share h_exact 33dd96de83cf… (source src/shared/engine_core.h)
[ OK ] E_func_80162E48: 141 members [141 binaries] share h_exact 49c8c06be457… (source src/shared/engine_core.h)
[ OK ] E_func_80162EA8: 141 members [141 binaries] share h_exact 0c6e8e20d3a6… (source src/shared/engine_core.h)
[ OK ] E_func_80165064: 141 members [141 binaries] share h_exact 9d2ae9aec374… (source src/shared/engine_core.h)
[ OK ] E_func_801650C4: 141 members [141 binaries] share h_exact 940976076eb8… (source src/shared/engine_core.h)
[ OK ] E_func_8014C3D0: 141 members [141 binaries] share h_exact 5d0ca093d69d… (source src/shared/engine_core.h)
[ OK ] E_func_80152194: 141 members [141 binaries] share h_exact 71fdce9c83d4… (source src/shared/engine_core.h)
[ OK ] E_func_80164CD4: 141 members [141 binaries] share h_exact e91aadd1b0cf… (source src/shared/engine_core.h)
[ OK ] E_func_8016D464: 141 members [141 binaries] share h_exact 678d835a85c7… (source src/shared/engine_core.h)
[ OK ] E_func_8012A0E0: 141 members [141 binaries] share h_exact 9f500f2060d7… (source src/shared/engine_core.h)
[ OK ] E_func_80150BA4: 141 members [141 binaries] share h_exact d68852225c5a… (source src/shared/engine_core.h)
[ OK ] E_func_8017A220: 141 members [141 binaries] share h_exact 766b8c64d3dd… (source src/shared/engine_core.h)
[ OK ] E_func_8017A248: 141 members [141 binaries] share h_exact 4d272ec6944e… (source src/shared/engine_core.h)
[ OK ] E_func_8017A270: 141 members [141 binaries] share h_exact 7fd5789aab38… (source src/shared/engine_core.h)
[ OK ] E_func_801303EC: 141 members [141 binaries] share h_exact bb3308c06f04… (source src/shared/engine_core.h)
[ OK ] E_func_8013767C: 141 members [141 binaries] share h_exact 5887ff3a7e64… (source src/shared/engine_core.h)
[ OK ] E_func_801458E8: 141 members [141 binaries] share h_exact c9b055119383… (source src/shared/engine_core.h)
[ OK ] E_func_801516F0: 141 members [141 binaries] share h_exact e86c328ef58a… (source src/shared/engine_core.h)
[ OK ] E_func_80128D60: 141 members [141 binaries] share h_exact e08b51c3be7e… (source src/shared/engine_core.h)
[ OK ] E_func_801292C8: 141 members [141 binaries] share h_exact 05a218ad9f0d… (source src/shared/engine_core.h)
[ OK ] E_func_80139954: 141 members [141 binaries] share h_exact 0972af43b06a… (source src/shared/engine_core.h)
[ OK ] E_func_80141C50: 141 members [141 binaries] share h_exact 5cf539f16ea7… (source src/shared/engine_core.h)
[ OK ] E_func_80143CD4: 141 members [141 binaries] share h_exact b290581ac702… (source src/shared/engine_core.h)
[ OK ] E_func_80173980: 141 members [141 binaries] share h_exact c0ab9406c294… (source src/shared/engine_core.h)
[ OK ] E_func_80174F64: 141 members [141 binaries] share h_exact 77b0bc904c0f… (source src/shared/engine_core.h)
[ OK ] E_func_80174FBC: 141 members [141 binaries] share h_exact b74d9b6ba754… (source src/shared/engine_core.h)
[ OK ] E_func_8012F214: 141 members [141 binaries] share h_exact 0400cb373c1f… (source src/shared/engine_core.h)
[ OK ] E_func_801428CC: 141 members [141 binaries] share h_exact c6b01ebe0e46… (source src/shared/engine_core.h)
[ OK ] E_func_80142FFC: 141 members [141 binaries] share h_exact 3c33fbd442b3… (source src/shared/engine_core.h)
[ OK ] E_func_80143188: 141 members [141 binaries] share h_exact 9863d50f1f8d… (source src/shared/engine_core.h)
[ OK ] E_func_80143390: 141 members [141 binaries] share h_exact 07d63cd6276b… (source src/shared/engine_core.h)
[ OK ] E_func_80147478: 141 members [141 binaries] share h_exact 0ae6570e24f9… (source src/shared/engine_core.h)
[ OK ] E_func_8014A380: 141 members [141 binaries] share h_exact 16d0dd6ef980… (source src/shared/engine_core.h)
[ OK ] E_func_8017C908: 2 members [ov_SC01_077,ov_SC03_030] share h_exact da26f0d2c5cb… (source src/shared/engine_core.h)
[ OK ] E_func_80130740: 141 members [141 binaries] share h_exact f04c89c6772f… (source src/shared/engine_core.h)
[ OK ] E_func_80160BB4: 141 members [141 binaries] share h_exact 002c706ba17f… (source src/shared/engine_core.h)
[ OK ] E_func_801628F4: 141 members [141 binaries] share h_exact 470d03883861… (source src/shared/engine_core.h)
[ OK ] E_func_8016F398: 141 members [141 binaries] share h_exact 35715f92bd04… (source src/shared/engine_core.h)
[ OK ] E_func_80172414: 141 members [141 binaries] share h_exact a63c026a2f89… (source src/shared/engine_core.h)
[ OK ] E_func_80131AC8: 141 members [141 binaries] share h_exact a82785b8ea3f… (source src/shared/engine_core.h)
[ OK ] E_func_8014A454: 141 members [141 binaries] share h_exact 4f25dd673132… (source src/shared/engine_core.h)
[ OK ] E_func_801426D4: 141 members [141 binaries] share h_exact 1e2afbeda885… (source src/shared/engine_core.h)
[ OK ] E_func_80146F58: 135 members [135 binaries] share h_exact 8e3f8acd470a… (source src/shared/engine_core.h)
[ OK ] E_func_80147718: 141 members [141 binaries] share h_exact 49482d9e17fe… (source src/shared/engine_core.h)
[ OK ] E_func_801478B8: 141 members [141 binaries] share h_exact 4f62990d1ae8… (source src/shared/engine_core.h)
[ OK ] E_func_80147CC8: 141 members [141 binaries] share h_exact 8835c49dd98f… (source src/shared/engine_core.h)
[ OK ] E_func_80155B9C: 141 members [141 binaries] share h_exact fa7bd93a68b1… (source src/shared/engine_core.h)
[ OK ] E_func_80164DD0: 141 members [141 binaries] share h_exact 92afe6e50209… (source src/shared/engine_core.h)
[ OK ] E_func_8012F7B4: 141 members [141 binaries] share h_exact f2c10f620a18… (source src/shared/engine_core.h)
[ OK ] E_func_80154218: 141 members [141 binaries] share h_exact 27abf1b1e85b… (source src/shared/engine_core.h)
[ OK ] E_func_8012F1A4: 141 members [141 binaries] share h_exact b845fef5ed43… (source src/shared/engine_core.h)
[ OK ] E_func_8012FC30: 141 members [141 binaries] share h_exact 5e7855f139b2… (source src/shared/engine_core.h)
[ OK ] E_func_801746DC: 141 members [141 binaries] share h_exact f338f09d2e9e… (source src/shared/engine_core.h)
[ OK ] E_func_8012B8A4: 141 members [141 binaries] share h_exact f56e3f4ebef5… (source src/shared/engine_core.h)
[ OK ] E_func_80160B70: 141 members [141 binaries] share h_exact 84ea224e2ed1… (source src/shared/engine_core.h)
[ OK ] E_func_8016F4FC: 141 members [141 binaries] share h_exact 17bcf43f7685… (source src/shared/engine_core.h)
[ OK ] E_func_801702B8: 141 members [141 binaries] share h_exact 22788e91407e… (source src/shared/engine_core.h)
[ OK ] E_func_80132EF4: 141 members [141 binaries] share h_exact 3dc0bf99c551… (source src/shared/engine_core.h)
[ OK ] E_func_801484E8: 141 members [141 binaries] share h_exact c4c30138e70f… (source src/shared/engine_core.h)
[ OK ] E_func_8014856C: 141 members [141 binaries] share h_exact cc53cde2143a… (source src/shared/engine_core.h)
[ OK ] E_func_80150C48: 141 members [141 binaries] share h_exact e576ed797823… (source src/shared/engine_core.h)
[ OK ] E_func_801291C0: 141 members [141 binaries] share h_exact 203f8caeb3c1… (source src/shared/engine_core.h)
[ OK ] E_func_80173648: 141 members [141 binaries] share h_exact 5d5e6f59139e… (source src/shared/engine_core.h)
[ OK ] E_func_80160F70: 141 members [141 binaries] share h_exact e2425cb22b6e… (source src/shared/engine_core.h)
[ OK ] E_func_80168A14: 141 members [141 binaries] share h_exact 2fb7442f2883… (source src/shared/engine_core.h)
[ OK ] E_func_8014462C: 138 members [138 binaries] share h_exact c5084991e59b… (source src/shared/engine_core.h)
[ OK ] E_func_80152254: 141 members [141 binaries] share h_exact ba4426b0e110… (source src/shared/engine_core.h)
[ OK ] E_func_80152A50: 141 members [141 binaries] share h_exact 2ed12fb283ca… (source src/shared/engine_core.h)
[ OK ] E_func_80152F44: 141 members [141 binaries] share h_exact 6dba20709721… (source src/shared/engine_core.h)
[ OK ] E_func_80153204: 141 members [141 binaries] share h_exact 382328a68b79… (source src/shared/engine_core.h)
[ OK ] E_func_801534D8: 141 members [141 binaries] share h_exact 7ef7c38b6afb… (source src/shared/engine_core.h)
[ OK ] E_func_8017AE08: 141 members [141 binaries] share h_exact 823efd3d5ca7… (source src/shared/engine_core.h)
[ OK ] E_func_8012CBF4: 141 members [141 binaries] share h_exact 2004c68a6852… (source src/shared/engine_core.h)
[ OK ] E_func_80144A68: 141 members [141 binaries] share h_exact a090aa6f5f61… (source src/shared/engine_core.h)
[ OK ] E_func_8014B12C: 141 members [141 binaries] share h_exact 5c78f7d9e872… (source src/shared/engine_core.h)
[ OK ] E_func_8014B2A8: 141 members [141 binaries] share h_exact a37793c2c616… (source src/shared/engine_core.h)
[ OK ] E_func_8014B2D0: 141 members [141 binaries] share h_exact b07b1969cf0e… (source src/shared/engine_core.h)
[ OK ] E_func_80156648: 141 members [141 binaries] share h_exact ce3eb435bb4c… (source src/shared/engine_core.h)
[ OK ] E_func_80172560: 141 members [141 binaries] share h_exact 4ee31a224153… (source src/shared/engine_core.h)
[ OK ] E_func_8014AD7C: 141 members [141 binaries] share h_exact 945e473600d9… (source src/shared/engine_core.h)
[ OK ] E_func_80146DB8: 141 members [141 binaries] share h_exact e82a2fd4404b… (source src/shared/engine_core.h)
[ OK ] E_func_80154B4C: 141 members [141 binaries] share h_exact 48c87330938c… (source src/shared/engine_core.h)
[ OK ] E_func_80154B98: 141 members [141 binaries] share h_exact 62cd5e3d0869… (source src/shared/engine_core.h)
[ OK ] E_func_80158AB4: 141 members [141 binaries] share h_exact 5c31e4612483… (source src/shared/engine_core.h)
[ OK ] E_func_8016EF78: 141 members [141 binaries] share h_exact 9b7ba73664e3… (source src/shared/engine_core.h)
[ OK ] E_func_8016F5B0: 141 members [141 binaries] share h_exact 829470083495… (source src/shared/engine_core.h)
[ OK ] E_func_8016F5E0: 141 members [141 binaries] share h_exact af8ec62e2cf1… (source src/shared/engine_core.h)
[ OK ] E_func_8016F7D4: 141 members [141 binaries] share h_exact 3804fe69e281… (source src/shared/engine_core.h)
[ OK ] E_func_8017041C: 141 members [141 binaries] share h_exact bc5ef2c8f36c… (source src/shared/engine_core.h)
[ OK ] E_func_801704EC: 141 members [141 binaries] share h_exact 47ccc89cd788… (source src/shared/engine_core.h)
[ OK ] E_func_801706E8: 141 members [141 binaries] share h_exact 90d3a65393f1… (source src/shared/engine_core.h)
[ OK ] E_func_80170C44: 141 members [141 binaries] share h_exact af8ec62e2cf1… (source src/shared/engine_core.h)
[ OK ] E_func_80150F80: 141 members [141 binaries] share h_exact 65594f58dcf8… (source src/shared/engine_core.h)
[ OK ] E_func_80155518: 141 members [141 binaries] share h_exact 1c4ec70e6314… (source src/shared/engine_core.h)
[ OK ] E_func_8015554C: 141 members [141 binaries] share h_exact f6c69b0cbb29… (source src/shared/engine_core.h)
[ OK ] E_func_801574DC: 141 members [141 binaries] share h_exact 626d48a17ea7… (source src/shared/engine_core.h)
[ OK ] E_func_80157510: 141 members [141 binaries] share h_exact 50096a8bec82… (source src/shared/engine_core.h)
[ OK ] E_func_8015A230: 141 members [141 binaries] share h_exact 41075ae88fb2… (source src/shared/engine_core.h)
[ OK ] E_func_8015BF7C: 141 members [141 binaries] share h_exact 5e8b76a75386… (source src/shared/engine_core.h)
[ OK ] E_func_8015C6E0: 141 members [141 binaries] share h_exact c48dfc149b9f… (source src/shared/engine_core.h)
[ OK ] E_func_8015CC40: 141 members [141 binaries] share h_exact b49a6ac0b668… (source src/shared/engine_core.h)
[ OK ] E_func_8015CF8C: 141 members [141 binaries] share h_exact c7fdae025242… (source src/shared/engine_core.h)
[ OK ] E_func_8015DA5C: 141 members [141 binaries] share h_exact fba9368c3464… (source src/shared/engine_core.h)
[ OK ] E_func_8015DAC4: 141 members [141 binaries] share h_exact 71047f160819… (source src/shared/engine_core.h)
[ OK ] E_func_8015DE24: 141 members [141 binaries] share h_exact ba1e1e0167a2… (source src/shared/engine_core.h)
[ OK ] E_func_8015E880: 141 members [141 binaries] share h_exact 31db89546a82… (source src/shared/engine_core.h)
[ OK ] E_func_8015E8B4: 141 members [141 binaries] share h_exact 0bd06f75d437… (source src/shared/engine_core.h)
[ OK ] E_func_8015EFD8: 141 members [141 binaries] share h_exact be6716263563… (source src/shared/engine_core.h)
[ OK ] E_func_8015F2BC: 141 members [141 binaries] share h_exact 96974fbc8bec… (source src/shared/engine_core.h)
[ OK ] E_func_80160E3C: 141 members [141 binaries] share h_exact 7315e482f578… (source src/shared/engine_core.h)
[ OK ] E_func_80160E70: 141 members [141 binaries] share h_exact 7806c563622c… (source src/shared/engine_core.h)
[ OK ] E_func_80165624: 141 members [141 binaries] share h_exact 38098ef93824… (source src/shared/engine_core.h)
[ OK ] E_func_8016B3F4: 141 members [141 binaries] share h_exact 26a39e09be93… (source src/shared/engine_core.h)
[ OK ] E_func_8016F764: 141 members [141 binaries] share h_exact b883cd28fb66… (source src/shared/engine_core.h)
[ OK ] E_func_8016FFA8: 141 members [141 binaries] share h_exact a17ee33ac1ba… (source src/shared/engine_core.h)
[ OK ] E_func_801735B8: 141 members [141 binaries] share h_exact e59728bd3c5a… (source src/shared/engine_core.h)
[ OK ] E_func_80175150: 141 members [141 binaries] share h_exact 6549ee60a469… (source src/shared/engine_core.h)
[ OK ] E_func_8012A8B0: 141 members [141 binaries] share h_exact 5f61e1574e65… (source src/shared/engine_core.h)
[ OK ] E_func_80151038: 141 members [141 binaries] share h_exact 44a05e1d2467… (source src/shared/engine_core.h)
[ OK ] E_func_801555BC: 141 members [141 binaries] share h_exact ccc49c068d78… (source src/shared/engine_core.h)
[ OK ] E_func_80157E00: 141 members [141 binaries] share h_exact bf49a80f29fd… (source src/shared/engine_core.h)
[ OK ] E_func_80158000: 141 members [141 binaries] share h_exact db67e7862e5c… (source src/shared/engine_core.h)
[ OK ] E_func_80158288: 141 members [141 binaries] share h_exact 9842ef0a3f46… (source src/shared/engine_core.h)
[ OK ] E_func_80159BAC: 141 members [141 binaries] share h_exact 6bc424fc9181… (source src/shared/engine_core.h)
[ OK ] E_func_8015A2A0: 141 members [141 binaries] share h_exact 9d1d46706a6e… (source src/shared/engine_core.h)
[ OK ] E_func_8015AD78: 141 members [141 binaries] share h_exact cbe67f16e65f… (source src/shared/engine_core.h)
[ OK ] E_func_8015C08C: 141 members [141 binaries] share h_exact fbe6600e92cc… (source src/shared/engine_core.h)
[ OK ] E_func_8015C750: 141 members [141 binaries] share h_exact 3fa0f8581fc4… (source src/shared/engine_core.h)
[ OK ] E_func_8015CB94: 141 members [141 binaries] share h_exact 148ad3e9c1f0… (source src/shared/engine_core.h)
[ OK ] E_func_8015D544: 141 members [141 binaries] share h_exact 7cf92d7ac7e5… (source src/shared/engine_core.h)
[ OK ] E_func_8015DB34: 141 members [141 binaries] share h_exact bf49e44883a4… (source src/shared/engine_core.h)
[ OK ] E_func_8015DE94: 141 members [141 binaries] share h_exact 79e32168b09d… (source src/shared/engine_core.h)
[ OK ] E_func_8015E1F4: 141 members [141 binaries] share h_exact f296f7f9bd7e… (source src/shared/engine_core.h)
[ OK ] E_func_8015E924: 141 members [141 binaries] share h_exact 6023460006cf… (source src/shared/engine_core.h)
[ OK ] E_func_8015EE44: 141 members [141 binaries] share h_exact 181b7c2cf0bf… (source src/shared/engine_core.h)
[ OK ] E_func_8015F048: 141 members [141 binaries] share h_exact b34bdea4c9bf… (source src/shared/engine_core.h)
[ OK ] E_func_8015F810: 141 members [141 binaries] share h_exact 2eed85aaacb0… (source src/shared/engine_core.h)
[ OK ] E_func_80160174: 141 members [141 binaries] share h_exact 1a54f45787a5… (source src/shared/engine_core.h)
[ OK ] E_func_801601AC: 141 members [141 binaries] share h_exact 1ac6f1cd04bc… (source src/shared/engine_core.h)
[ OK ] E_func_801603D8: 141 members [141 binaries] share h_exact 1e0011a0a3aa… (source src/shared/engine_core.h)
[ OK ] E_func_80160888: 141 members [141 binaries] share h_exact e109fa9e931d… (source src/shared/engine_core.h)
[ OK ] E_func_8016533C: 141 members [141 binaries] share h_exact 99baead3ef81… (source src/shared/engine_core.h)
[ OK ] E_func_8016F578: 141 members [141 binaries] share h_exact 774e9f10fdda… (source src/shared/engine_core.h)
[ OK ] E_func_8016F610: 141 members [141 binaries] share h_exact aec0f47b6f28… (source src/shared/engine_core.h)
[ OK ] E_func_8016F648: 141 members [141 binaries] share h_exact a0044fda542a… (source src/shared/engine_core.h)
[ OK ] E_func_8016F8AC: 141 members [141 binaries] share h_exact 245d7503efb1… (source src/shared/engine_core.h)
[ OK ] E_func_8016FD7C: 141 members [141 binaries] share h_exact 15b81be54e53… (source src/shared/engine_core.h)
[ OK ] E_func_801439C0: 141 members [141 binaries] share h_exact 2b1fec6d8ce7… (source src/shared/engine_core.h)
[ OK ] E_func_80150FD8: 141 members [141 binaries] share h_exact b6fa89692975… (source src/shared/engine_core.h)
[ OK ] E_func_80164270: 141 members [141 binaries] share h_exact c3cb69d09134… (source src/shared/engine_core.h)
[ OK ] E_func_8016F870: 141 members [141 binaries] share h_exact 4d0f6f6e534f… (source src/shared/engine_core.h)
[ OK ] E_func_8016F920: 141 members [141 binaries] share h_exact 66638b80906e… (source src/shared/engine_core.h)
[ OK ] E_func_8016FCCC: 141 members [141 binaries] share h_exact b4775ea4cfc0… (source src/shared/engine_core.h)
[ OK ] E_func_8016FDF0: 141 members [141 binaries] share h_exact 575e9c8ef13b… (source src/shared/engine_core.h)
[ OK ] E_func_8016FF6C: 141 members [141 binaries] share h_exact ded3cb77a706… (source src/shared/engine_core.h)
[ OK ] E_func_8017018C: 141 members [141 binaries] share h_exact 891d92ce3a59… (source src/shared/engine_core.h)
[ OK ] E_func_8017027C: 141 members [141 binaries] share h_exact 819697a2d046… (source src/shared/engine_core.h)
[ OK ] E_func_80170338: 141 members [141 binaries] share h_exact 94bb26cf0fb4… (source src/shared/engine_core.h)
[ OK ] E_func_80170584: 141 members [141 binaries] share h_exact 9fc2c1d663e4… (source src/shared/engine_core.h)
[ OK ] E_func_80170670: 141 members [141 binaries] share h_exact 4588448c3563… (source src/shared/engine_core.h)
[ OK ] E_func_801707D4: 141 members [141 binaries] share h_exact 6c6b39b2a834… (source src/shared/engine_core.h)
[ OK ] E_func_80170DA4: 141 members [141 binaries] share h_exact 8a43d3ee4a06… (source src/shared/engine_core.h)
[ OK ] E_func_80170E70: 141 members [141 binaries] share h_exact f57156c80aef… (source src/shared/engine_core.h)
[ OK ] E_func_80170F74: 141 members [141 binaries] share h_exact 7238a8bb6ef8… (source src/shared/engine_core.h)
[ OK ] E_func_80171028: 141 members [141 binaries] share h_exact 694c3814d1e6… (source src/shared/engine_core.h)
[ OK ] E_func_801710A0: 141 members [141 binaries] share h_exact 80428b9378b3… (source src/shared/engine_core.h)
[ OK ] E_func_8017484C: 141 members [141 binaries] share h_exact 9b18efbe59e3… (source src/shared/engine_core.h)
[ OK ] E_func_80175114: 141 members [141 binaries] share h_exact 12d06a3254b6… (source src/shared/engine_core.h)
[ OK ] E_func_80152C40: 141 members [141 binaries] share h_exact 0fcb8309801c… (source src/shared/engine_core.h)
[ OK ] E_func_801541D8: 141 members [141 binaries] share h_exact cc56f5c92236… (source src/shared/engine_core.h)
[ OK ] E_func_80154A74: 141 members [141 binaries] share h_exact c8386d855e5f… (source src/shared/engine_core.h)
[ OK ] E_func_80154AE0: 141 members [141 binaries] share h_exact cf62c38daac0… (source src/shared/engine_core.h)
[ OK ] E_func_80157880: 141 members [141 binaries] share h_exact 225543065066… (source src/shared/engine_core.h)
[ OK ] E_func_801585AC: 141 members [141 binaries] share h_exact 8e35c11566b4… (source src/shared/engine_core.h)
[ OK ] E_func_80161278: 141 members [141 binaries] share h_exact f1ff88ab5a2d… (source src/shared/engine_core.h)
[ OK ] E_func_80165024: 141 members [141 binaries] share h_exact 24edee62572e… (source src/shared/engine_core.h)
[ OK ] E_func_801655E4: 141 members [141 binaries] share h_exact 57c0fed776fd… (source src/shared/engine_core.h)
[ OK ] E_func_8016FA44: 141 members [141 binaries] share h_exact 372fba9f069b… (source src/shared/engine_core.h)
[ OK ] E_func_8016FB10: 141 members [141 binaries] share h_exact 6bcc6e0742bf… (source src/shared/engine_core.h)
[ OK ] E_func_8016FC24: 141 members [141 binaries] share h_exact 4847286e199d… (source src/shared/engine_core.h)
[ OK ] E_func_80170CB0: 141 members [141 binaries] share h_exact 56339eabda0a… (source src/shared/engine_core.h)
[ OK ] E_func_80172A8C: 141 members [141 binaries] share h_exact bc24eefda922… (source src/shared/engine_core.h)
[ OK ] E_func_80172ACC: 141 members [141 binaries] share h_exact f865f9dd4d05… (source src/shared/engine_core.h)
[ OK ] E_func_80172E94: 141 members [141 binaries] share h_exact 31054b7ad469… (source src/shared/engine_core.h)
[ OK ] E_func_80173770: 141 members [141 binaries] share h_exact fd69ed14b49a… (source src/shared/engine_core.h)
[ OK ] E_func_80174714: 141 members [141 binaries] share h_exact b4f7b74a78a0… (source src/shared/engine_core.h)
[ OK ] E_func_801751D8: 141 members [141 binaries] share h_exact ba880ced3a83… (source src/shared/engine_core.h)
[ OK ] E_func_8012A68C: 141 members [141 binaries] share h_exact e7706f1ed492… (source src/shared/engine_core.h)
[ OK ] E_func_8012A758: 141 members [141 binaries] share h_exact d8da648a4759… (source src/shared/engine_core.h)
[ OK ] E_func_80130898: 141 members [141 binaries] share h_exact 5d17703995d0… (source src/shared/engine_core.h)
[ OK ] E_func_80131E38: 141 members [141 binaries] share h_exact a082860f4cb6… (source src/shared/engine_core.h)
[ OK ] E_func_8012EF70: 141 members [141 binaries] share h_exact 59d11e9c0fe6… (source src/shared/engine_core.h)
[ OK ] E_func_80151980: 141 members [141 binaries] share h_exact 89717461906a… (source src/shared/engine_core.h)
[ OK ] E_func_80152094: 141 members [141 binaries] share h_exact bf910f05519d… (source src/shared/engine_core.h)
[ OK ] E_func_8015220C: 141 members [141 binaries] share h_exact 376c5f93e9f7… (source src/shared/engine_core.h)
[ OK ] E_func_801523AC: 141 members [141 binaries] share h_exact b8b7baca7423… (source src/shared/engine_core.h)
[ OK ] E_func_80152868: 141 members [141 binaries] share h_exact 779884704929… (source src/shared/engine_core.h)
[ OK ] E_func_80152A08: 141 members [141 binaries] share h_exact 376c5f93e9f7… (source src/shared/engine_core.h)
[ OK ] E_func_80152BA8: 141 members [141 binaries] share h_exact 7f38bf66941d… (source src/shared/engine_core.h)
[ OK ] E_func_80152D60: 141 members [141 binaries] share h_exact 75be5fc465a4… (source src/shared/engine_core.h)
[ OK ] E_func_80152EFC: 141 members [141 binaries] share h_exact 376c5f93e9f7… (source src/shared/engine_core.h)
[ OK ] E_func_8015309C: 141 members [141 binaries] share h_exact 99649d202039… (source src/shared/engine_core.h)
[ OK ] E_func_801531BC: 141 members [141 binaries] share h_exact 376c5f93e9f7… (source src/shared/engine_core.h)
[ OK ] E_func_8015335C: 141 members [141 binaries] share h_exact adee2aa2c139… (source src/shared/engine_core.h)
[ OK ] E_func_80153490: 141 members [141 binaries] share h_exact 376c5f93e9f7… (source src/shared/engine_core.h)
[ OK ] E_func_80153D34: 141 members [141 binaries] share h_exact 8b25d4c36c33… (source src/shared/engine_core.h)
[ OK ] E_func_80154190: 141 members [141 binaries] share h_exact 66eda9913b65… (source src/shared/engine_core.h)
[ OK ] E_func_80165B6C: 141 members [141 binaries] share h_exact 50d4aaab6de9… (source src/shared/engine_core.h)
[ OK ] E_func_80165BB4: 141 members [141 binaries] share h_exact 31b5359aec24… (source src/shared/engine_core.h)
[ OK ] E_func_8016DBD8: 141 members [141 binaries] share h_exact 389779e86bfc… (source src/shared/engine_core.h)
[ OK ] E_func_801700B8: 141 members [141 binaries] share h_exact 9427ade0f62b… (source src/shared/engine_core.h)
[ OK ] E_func_80170B90: 141 members [141 binaries] share h_exact ef71fb01be56… (source src/shared/engine_core.h)
[ OK ] E_func_80172310: 141 members [141 binaries] share h_exact 9525ccbcee7f… (source src/shared/engine_core.h)
[ OK ] E_func_80172844: 141 members [141 binaries] share h_exact 749b5d810e2b… (source src/shared/engine_core.h)
[ OK ] E_func_80172B80: 141 members [141 binaries] share h_exact 6eafeaf236f3… (source src/shared/engine_core.h)
[ OK ] E_func_801731D8: 141 members [141 binaries] share h_exact 558b003329c0… (source src/shared/engine_core.h)
[ OK ] E_func_801739D8: 141 members [141 binaries] share h_exact 327b373c1847… (source src/shared/engine_core.h)
[ OK ] E_func_80179D30: 141 members [141 binaries] share h_exact d8c69912d41a… (source src/shared/engine_core.h)
[ OK ] E_func_80179EA0: 141 members [141 binaries] share h_exact af16be006d4d… (source src/shared/engine_core.h)
[ OK ] E_func_8012927C: 141 members [141 binaries] share h_exact b7012f8f5dde… (source src/shared/engine_core.h)
[ OK ] E_func_80150820: 141 members [141 binaries] share h_exact e4d590927252… (source src/shared/engine_core.h)
[ OK ] E_func_80155FF8: 141 members [141 binaries] share h_exact 58790e2d0996… (source src/shared/engine_core.h)
[ OK ] E_func_801585EC: 141 members [141 binaries] share h_exact 75da69175fe6… (source src/shared/engine_core.h)
[ OK ] E_func_80160A28: 141 members [141 binaries] share h_exact 2120c89f515a… (source src/shared/engine_core.h)
[ OK ] E_func_8016236C: 141 members [141 binaries] share h_exact 9d5c9feb0f43… (source src/shared/engine_core.h)
[ OK ] E_func_80162714: 141 members [141 binaries] share h_exact cf4df967eaaa… (source src/shared/engine_core.h)
[ OK ] E_func_80168780: 141 members [141 binaries] share h_exact baa7c44a9ee0… (source src/shared/engine_core.h)
[ OK ] E_func_801752BC: 141 members [141 binaries] share h_exact 003d1544d98b… (source src/shared/engine_core.h)
[ OK ] E_func_80179B28: 141 members [141 binaries] share h_exact 72ad176429c2… (source src/shared/engine_core.h)
[ OK ] E_func_8013A860: 141 members [141 binaries] share h_exact 6177d8247c48… (source src/shared/engine_core.h)
[ OK ] E_func_80148AAC: 141 members [141 binaries] share h_exact 297617417463… (source src/shared/engine_core.h)
[ OK ] E_func_80151D60: 141 members [141 binaries] share h_exact 8a229bd3664b… (source src/shared/engine_core.h)
[ OK ] E_func_80157D74: 141 members [141 binaries] share h_exact d1410418043c… (source src/shared/engine_core.h)
[ OK ] E_func_8016E728: 134 members [134 binaries] share h_exact 89a42c5ccac1… (source src/shared/engine_core.h)
[ OK ] E_func_80170018: 141 members [141 binaries] share h_exact d4c03ef5cf59… (source src/shared/engine_core.h)
[ OK ] E_func_80170068: 141 members [141 binaries] share h_exact 9ff852f7b186… (source src/shared/engine_core.h)
[ OK ] E_func_80170100: 141 members [141 binaries] share h_exact 9ff852f7b186… (source src/shared/engine_core.h)
[ OK ] E_func_80173C64: 141 members [141 binaries] share h_exact 0cb398776c32… (source src/shared/engine_core.h)
[ OK ] E_func_8012C044: 141 members [141 binaries] share h_exact d88e5bf5c3c5… (source src/shared/engine_core.h)
[ OK ] E_func_80144A98: 141 members [141 binaries] share h_exact 6109627bef0b… (source src/shared/engine_core.h)
[ OK ] E_func_8015F848: 141 members [141 binaries] share h_exact b2b08ed88cf5… (source src/shared/engine_core.h)
[ OK ] E_func_801685EC: 137 members [137 binaries] share h_exact 25f13a15752d… (source src/shared/engine_core.h)
[ OK ] E_func_801717A0: 141 members [141 binaries] share h_exact 5069366133d9… (source src/shared/engine_core.h)
[ OK ] E_func_80179F98: 141 members [141 binaries] share h_exact 1c2c2100a609… (source src/shared/engine_core.h)
[ OK ] E_func_80179FEC: 141 members [141 binaries] share h_exact 6b445c8395a9… (source src/shared/engine_core.h)
[ OK ] E_func_8017A040: 141 members [141 binaries] share h_exact c7c1e0752ca7… (source src/shared/engine_core.h)
[ OK ] E_func_80155C0C: 141 members [141 binaries] share h_exact d62d91b59bd8… (source src/shared/engine_core.h)
[ OK ] E_func_80160A74: 141 members [141 binaries] share h_exact 335b001492c9… (source src/shared/engine_core.h)
[ OK ] E_func_80162F08: 141 members [141 binaries] share h_exact bd924b4c3598… (source src/shared/engine_core.h)
[ OK ] E_func_80164A74: 141 members [141 binaries] share h_exact 3c26b0df034e… (source src/shared/engine_core.h)
[ OK ] E_func_80165718: 141 members [141 binaries] share h_exact edc0f24823ab… (source src/shared/engine_core.h)
[ OK ] E_func_8016629C: 141 members [141 binaries] share h_exact ea3a37a498f9… (source src/shared/engine_core.h)
[ OK ] E_func_801662F4: 141 members [141 binaries] share h_exact da887e0c2fb0… (source src/shared/engine_core.h)
[ OK ] E_func_8016634C: 141 members [141 binaries] share h_exact e9302d2d5764… (source src/shared/engine_core.h)
[ OK ] E_func_801663A4: 141 members [141 binaries] share h_exact 3126ed5574f5… (source src/shared/engine_core.h)
[ OK ] E_func_8016FE78: 141 members [141 binaries] share h_exact f7a5de7a1107… (source src/shared/engine_core.h)
[ OK ] E_func_80145BF8: 141 members [141 binaries] share h_exact a4cff9565b56… (source src/shared/engine_core.h)
[ OK ] E_func_8014CA14: 141 members [141 binaries] share h_exact 7576525bd5c7… (source src/shared/engine_core.h)
[ OK ] E_func_8014CA88: 141 members [141 binaries] share h_exact 4a4750c338e1… (source src/shared/engine_core.h)
[ OK ] E_func_8015C788: 141 members [141 binaries] share h_exact 837d3071359d… (source src/shared/engine_core.h)
[ OK ] E_func_8015E22C: 141 members [141 binaries] share h_exact abafb4f25542… (source src/shared/engine_core.h)
[ OK ] E_func_8015F260: 141 members [141 binaries] share h_exact ded9a06acab1… (source src/shared/engine_core.h)
[ OK ] E_func_80160CB4: 141 members [141 binaries] share h_exact eb74e19d501c… (source src/shared/engine_core.h)
[ OK ] E_func_80161488: 141 members [141 binaries] share h_exact 27836390581d… (source src/shared/engine_core.h)
[ OK ] E_func_801623B8: 141 members [141 binaries] share h_exact e4e04b3f6f2f… (source src/shared/engine_core.h)
[ OK ] E_func_80157F64: 141 members [141 binaries] share h_exact 4aed16214e16… (source src/shared/engine_core.h)
[ OK ] E_func_801601E4: 141 members [141 binaries] share h_exact 9d63aa59967e… (source src/shared/engine_core.h)
[ OK ] E_func_80160244: 141 members [141 binaries] share h_exact 5bfdb1c995e8… (source src/shared/engine_core.h)
[ OK ] E_func_8016D5EC: 137 members [137 binaries] share h_exact 53a6e34a7909… (source src/shared/engine_core.h)
[ OK ] E_func_8016F14C: 141 members [141 binaries] share h_exact edf31e68952a… (source src/shared/engine_core.h)
[ OK ] E_func_8016FED0: 141 members [141 binaries] share h_exact e00f3bf51bf9… (source src/shared/engine_core.h)
[ OK ] E_func_8015C0C4: 141 members [141 binaries] share h_exact 50441ee115ad… (source src/shared/engine_core.h)
[ OK ] E_func_8012EECC: 141 members [141 binaries] share h_exact 6bab7bd49d32… (source src/shared/engine_core.h)
[ OK ] E_func_8013A1E8: 141 members [141 binaries] share h_exact 3c78e3286ab1… (source src/shared/engine_core.h)
[ OK ] E_func_80149078: 141 members [141 binaries] share h_exact 756380c5e019… (source src/shared/engine_core.h)
[ OK ] E_func_8015DB6C: 141 members [141 binaries] share h_exact c7b8ee4ee1e8… (source src/shared/engine_core.h)
[ OK ] E_func_8015DECC: 141 members [141 binaries] share h_exact 1e6523a26b73… (source src/shared/engine_core.h)
[ OK ] E_func_80161094: 141 members [141 binaries] share h_exact ca08e5472391… (source src/shared/engine_core.h)
[ OK ] E_func_8012C218: 141 members [141 binaries] share h_exact ce41e186c857… (source src/shared/engine_core.h)
[ OK ] E_func_80161B18: 141 members [141 binaries] share h_exact 574a62a2fcc9… (source src/shared/engine_core.h)
[ OK ] E_func_80163664: 141 members [141 binaries] share h_exact 0513c57f15bd… (source src/shared/engine_core.h)
[ OK ] E_func_8016FBB8: 141 members [141 binaries] share h_exact 714e5f8a33e0… (source src/shared/engine_core.h)
[ OK ] E_func_801787D4: 141 members [141 binaries] share h_exact b406ba1fc1c7… (source src/shared/engine_core.h)
[ OK ] E_func_8012C820: 141 members [141 binaries] share h_exact 244d37799afc… (source src/shared/engine_core.h)
[ OK ] E_func_80146924: 141 members [141 binaries] share h_exact e116ed6b0f60… (source src/shared/engine_core.h)
[ OK ] E_func_801498E0: 141 members [141 binaries] share h_exact c7fd0d9310e5… (source src/shared/engine_core.h)
[ OK ] E_func_8014CD0C: 141 members [141 binaries] share h_exact bd7388526b98… (source src/shared/engine_core.h)
[ OK ] E_func_8015ABD4: 141 members [141 binaries] share h_exact e609793fa7c7… (source src/shared/engine_core.h)
[ OK ] E_func_8016FD08: 141 members [141 binaries] share h_exact 7036de6d0612… (source src/shared/engine_core.h)
[ OK ] E_func_8017385C: 141 members [141 binaries] share h_exact c612942ea917… (source src/shared/engine_core.h)
[ OK ] E_func_8012DEB8: 141 members [141 binaries] share h_exact 5214ae1f455d… (source src/shared/engine_core.h)
[ OK ] E_func_8013A448: 141 members [141 binaries] share h_exact 46170b360639… (source src/shared/engine_core.h)
[ OK ] E_func_801417F8: 141 members [141 binaries] share h_exact fa494c644736… (source src/shared/engine_core.h)
[ OK ] E_func_80151F38: 141 members [141 binaries] share h_exact 7627ebffcd6b… (source src/shared/engine_core.h)
[ OK ] E_func_80152714: 141 members [141 binaries] share h_exact 4ba4e3346efc… (source src/shared/engine_core.h)
[ OK ] E_func_80155B20: 141 members [141 binaries] share h_exact 5fa29aa02c30… (source src/shared/engine_core.h)
[ OK ] E_func_8016345C: 141 members [141 binaries] share h_exact 162f2b3442d5… (source src/shared/engine_core.h)
[ OK ] E_func_8016E26C: 141 members [141 binaries] share h_exact 46617185ebf3… (source src/shared/engine_core.h)
[ OK ] E_func_8012A908: 141 members [141 binaries] share h_exact 0eb9b74e34b3… (source src/shared/engine_core.h)
[ OK ] E_func_80133060: 141 members [141 binaries] share h_exact d59a16872605… (source src/shared/engine_core.h)
[ OK ] E_func_80142D38: 141 members [141 binaries] share h_exact d2c087e190ba… (source src/shared/engine_core.h)
[ OK ] E_func_80150BC8: 141 members [141 binaries] share h_exact b516ff15c6be… (source src/shared/engine_core.h)
[ OK ] E_func_80153410: 141 members [141 binaries] share h_exact 61c07dc9de72… (source src/shared/engine_core.h)
[ OK ] E_func_80153B58: 141 members [141 binaries] share h_exact 596dbad85734… (source src/shared/engine_core.h)
[ OK ] E_func_801592CC: 141 members [141 binaries] share h_exact ec9e74305eba… (source src/shared/engine_core.h)
[ OK ] E_func_801642AC: 141 members [141 binaries] share h_exact 94963a44ceb2… (source src/shared/engine_core.h)
[ OK ] E_func_8016D984: 134 members [134 binaries] share h_exact 3ef37ce705e3… (source src/shared/engine_core.h)
[ OK ] E_func_8017162C: 141 members [141 binaries] share h_exact c089d1e227a8… (source src/shared/engine_core.h)
[ OK ] E_func_80128C14: 141 members [141 binaries] share h_exact 96d28a20379c… (source src/shared/engine_core.h)
[ OK ] E_func_8012B030: 141 members [141 binaries] share h_exact 2654ea1999c4… (source src/shared/engine_core.h)
[ OK ] E_func_8012FF98: 141 members [141 binaries] share h_exact bcfabc231b2e… (source src/shared/engine_core.h)
[ OK ] E_func_801305CC: 141 members [141 binaries] share h_exact 9a49b3150100… (source src/shared/engine_core.h)
[ OK ] E_func_8015E9B8: 141 members [141 binaries] share h_exact c7ba891ba175… (source src/shared/engine_core.h)
[ OK ] E_func_8012DF34: 141 members [141 binaries] share h_exact 934e4124614d… (source src/shared/engine_core.h)
[ OK ] E_func_80139E84: 141 members [141 binaries] share h_exact 7dcbec3c6e63… (source src/shared/engine_core.h)
[ OK ] E_func_80146FC4: 138 members [138 binaries] share h_exact 47fba63bb18b… (source src/shared/engine_core.h)
[ OK ] E_func_8014D0A4: 141 members [141 binaries] share h_exact d852a554a17d… (source src/shared/engine_core.h)
[ OK ] E_func_8014D438: 141 members [141 binaries] share h_exact 9151c10a263e… (source src/shared/engine_core.h)
[ OK ] E_func_80158CD8: 141 members [141 binaries] share h_exact a810ff63a50f… (source src/shared/engine_core.h)
[ OK ] E_func_801598E0: 141 members [141 binaries] share h_exact c7959a6645a2… (source src/shared/engine_core.h)
[ OK ] E_func_801741EC: 141 members [141 binaries] share h_exact 6d4886d59e31… (source src/shared/engine_core.h)
[ OK ] E_func_8012F2E8: 141 members [141 binaries] share h_exact 9b145e507b52… (source src/shared/engine_core.h)
[ OK ] E_func_801377B4: 141 members [141 binaries] share h_exact fd81cfb25403… (source src/shared/engine_core.h)
[ OK ] E_func_80139A8C: 141 members [141 binaries] share h_exact a66e14d19114… (source src/shared/engine_core.h)
[ OK ] E_func_801490F8: 141 members [141 binaries] share h_exact 661924c38a17… (source src/shared/engine_core.h)
[ OK ] E_func_8016829C: 134 members [134 binaries] share h_exact 9dda58b2de98… (source src/shared/engine_core.h)
[ OK ] E_func_801684B4: 134 members [134 binaries] share h_exact fbef0f0b65fe… (source src/shared/engine_core.h)
[ OK ] E_func_80168AE4: 141 members [141 binaries] share h_exact 8ee12b1de3e1… (source src/shared/engine_core.h)
[ OK ] E_func_8012F0BC: 141 members [141 binaries] share h_exact 2bfc096b977a… (source src/shared/engine_core.h)
[ OK ] E_func_8014D790: 141 members [141 binaries] share h_exact 42c8a718882d… (source src/shared/engine_core.h)
[ OK ] E_func_80178744: 141 members [141 binaries] share h_exact f083aa8ed203… (source src/shared/engine_core.h)
[ OK ] E_func_80142838: 138 members [138 binaries] share h_exact ddc23eaccef1… (source src/shared/engine_core.h)
[ OK ] E_func_80142F68: 138 members [138 binaries] share h_exact 7b00cd12de4b… (source src/shared/engine_core.h)
[ OK ] E_func_801430F4: 138 members [138 binaries] share h_exact 4dd95886358e… (source src/shared/engine_core.h)
[ OK ] E_func_8014B504: 141 members [141 binaries] share h_exact 6969ca26be83… (source src/shared/engine_core.h)
[ OK ] E_func_801636D0: 141 members [141 binaries] share h_exact 176fa9de62df… (source src/shared/engine_core.h)
[ OK ] E_func_80176D00: 141 members [141 binaries] share h_exact 259aeb442ad1… (source src/shared/engine_core.h)
[ OK ] E_func_80178608: 141 members [141 binaries] share h_exact 1015df7612b0… (source src/shared/engine_core.h)
[ OK ] E_func_8017C0BC: 13 members [13 binaries] share h_exact dacfc3392a91… (source src/shared/engine_core.h)
[ OK ] E_func_80128420: 141 members [141 binaries] share h_exact 8d82c97c06c1… (source src/shared/engine_core.h)
[ OK ] E_func_8012BDBC: 141 members [141 binaries] share h_exact 14852206fb22… (source src/shared/engine_core.h)
[ OK ] E_func_8013E064: 141 members [141 binaries] share h_exact 827cf706489a… (source src/shared/engine_core.h)
[ OK ] E_func_8013E0FC: 141 members [141 binaries] share h_exact 1108e87a4246… (source src/shared/engine_core.h)
[ OK ] E_func_8013E194: 141 members [141 binaries] share h_exact 87b707bc5170… (source src/shared/engine_core.h)
[ OK ] E_func_80146EC0: 141 members [141 binaries] share h_exact 4722b6530afb… (source src/shared/engine_core.h)
[ OK ] E_func_80158C40: 141 members [141 binaries] share h_exact 734b84ebee59… (source src/shared/engine_core.h)
[ OK ] E_func_80128678: 141 members [141 binaries] share h_exact ea18ab824ce1… (source src/shared/engine_core.h)
[ OK ] E_func_80152790: 141 members [141 binaries] share h_exact 8455727d27e4… (source src/shared/engine_core.h)
[ OK ] E_func_8013E370: 141 members [141 binaries] share h_exact adcb98f1d08f… (source src/shared/engine_core.h)
[ OK ] E_func_8014E514: 141 members [141 binaries] share h_exact e88ac80c5dde… (source src/shared/engine_core.h)
[ OK ] E_func_8015B858: 138 members [138 binaries] share h_exact 05353a788c4a… (source src/shared/engine_core.h)
[ OK ] E_func_80163194: 141 members [141 binaries] share h_exact a99f39f3d5d5… (source src/shared/engine_core.h)
[ OK ] E_func_8012B370: 141 members [141 binaries] share h_exact 889a0211429f… (source src/shared/engine_core.h)
[ OK ] E_func_8012B414: 141 members [141 binaries] share h_exact 9b181a9ae2af… (source src/shared/engine_core.h)
[ OK ] E_func_801469C8: 141 members [141 binaries] share h_exact 887af6753662… (source src/shared/engine_core.h)
[ OK ] E_func_80152AC8: 141 members [141 binaries] share h_exact 5dc4521e4e34… (source src/shared/engine_core.h)
[ OK ] E_func_80152FBC: 141 members [141 binaries] share h_exact 5dc4521e4e34… (source src/shared/engine_core.h)
[ OK ] E_func_8015327C: 141 members [141 binaries] share h_exact 5dc4521e4e34… (source src/shared/engine_core.h)
[ OK ] E_func_80153550: 141 members [141 binaries] share h_exact 5dc4521e4e34… (source src/shared/engine_core.h)
[ OK ] E_func_8015640C: 141 members [141 binaries] share h_exact d17a7fc16d10… (source src/shared/engine_core.h)
[ OK ] E_func_8015B7B4: 141 members [141 binaries] share h_exact 0c167617f978… (source src/shared/engine_core.h)
[ OK ] E_func_8015E40C: 141 members [141 binaries] share h_exact 07fb5ee4e7b4… (source src/shared/engine_core.h)
[ OK ] E_func_8015FDCC: 141 members [141 binaries] share h_exact 77b42930d102… (source src/shared/engine_core.h)
[ OK ] E_func_8017C66C: 2 members [ov_SC01_077,ov_SC03_030] share h_exact dc415768c81a… (source src/shared/engine_core.h)
[ OK ] E_func_801307B0: 141 members [141 binaries] share h_exact b47c4a6bdc1b… (source src/shared/engine_core.h)
[ OK ] E_func_80132DC4: 141 members [141 binaries] share h_exact 06db85cdb7d6… (source src/shared/engine_core.h)
[ OK ] E_func_80139220: 141 members [141 binaries] share h_exact 2a5159e3e6ba… (source src/shared/engine_core.h)
[ OK ] E_func_8017869C: 141 members [141 binaries] share h_exact d2e5c8ae3b12… (source src/shared/engine_core.h)
[ OK ] E_func_80146608: 141 members [141 binaries] share h_exact 1580ccd08474… (source src/shared/engine_core.h)
[ OK ] E_func_80137840: 141 members [141 binaries] share h_exact 387fc7472ded… (source src/shared/engine_core.h)
[ OK ] E_func_80139F0C: 141 members [141 binaries] share h_exact 6a29ec2498c2… (source src/shared/engine_core.h)
[ OK ] E_func_80159070: 141 members [141 binaries] share h_exact ed5b882c48c0… (source src/shared/engine_core.h)
[ OK ] E_func_801638A0: 138 members [138 binaries] share h_exact 3da89c7662f4… (source src/shared/engine_core.h)
[ OK ] E_func_80139FE8: 141 members [141 binaries] share h_exact f7f6f6956c80… (source src/shared/engine_core.h)
[ OK ] E_func_8015E288: 141 members [141 binaries] share h_exact 0f1950ec7507… (source src/shared/engine_core.h)
[ OK ] E_func_80169E44: 137 members [137 binaries] share h_exact a2923d0db776… (source src/shared/engine_core.h)
[ OK ] E_func_80149290: 141 members [141 binaries] share h_exact 5bcf2335d2be… (source src/shared/engine_core.h)
[ OK ] E_func_80157EA4: 141 members [141 binaries] share h_exact a32bf8897e81… (source src/shared/engine_core.h)
[ OK ] E_func_80154ED8: 141 members [141 binaries] share h_exact bd2f9eeb535a… (source src/shared/engine_core.h)
[ OK ] E_func_80158D60: 141 members [141 binaries] share h_exact 270e24b5537d… (source src/shared/engine_core.h)
[ OK ] E_func_80139B18: 141 members [141 binaries] share h_exact fb9dd8cacbfc… (source src/shared/engine_core.h)
[ OK ] E_func_80164864: 141 members [141 binaries] share h_exact de5b1632a55d… (source src/shared/engine_core.h)
[ OK ] E_func_80162FF4: 141 members [141 binaries] share h_exact af1aceb26914… (source src/shared/engine_core.h)
[ OK ] E_func_801630C4: 141 members [141 binaries] share h_exact b852714239b2… (source src/shared/engine_core.h)
[ OK ] E_func_8016D778: 137 members [137 binaries] share h_exact a5aa4b51b19c… (source src/shared/engine_core.h)
[ OK ] E_func_80164ACC: 141 members [141 binaries] share h_exact 60a8185e190d… (source src/shared/engine_core.h)
[ OK ] E_func_8012FB54: 141 members [141 binaries] share h_exact d27da4c59ef3… (source src/shared/engine_core.h)
[ OK ] E_func_80156A88: 141 members [141 binaries] share h_exact b45520c958ab… (source src/shared/engine_core.h)
[ OK ] E_func_80176FF4: 141 members [141 binaries] share h_exact e3fda24e2573… (source src/shared/engine_core.h)
[ OK ] E_func_80177340: 141 members [141 binaries] share h_exact 484845ef4c7b… (source src/shared/engine_core.h)
[ OK ] E_func_80147628: 141 members [141 binaries] share h_exact f659c94d7055… (source src/shared/engine_core.h)
[ OK ] E_func_80158344: 141 members [141 binaries] share h_exact 46109ea72e5d… (source src/shared/engine_core.h)
[ OK ] E_func_8012CEB0: 141 members [141 binaries] share h_exact 729406619ed1… (source src/shared/engine_core.h)
[ OK ] E_func_801580B4: 141 members [141 binaries] share h_exact f8ce1b8a0b75… (source src/shared/engine_core.h)
[ OK ] E_func_80157BC8: 141 members [141 binaries] share h_exact 1769ca41ce6a… (source src/shared/engine_core.h)
[ OK ] E_func_80163950: 141 members [141 binaries] share h_exact 3f08c26ca12d… (source src/shared/engine_core.h)
[ OK ] E_func_80149954: 137 members [137 binaries] share h_exact 7921cb4a22e0… (source src/shared/engine_core.h)
[ OK ] E_func_801564B0: 141 members [141 binaries] share h_exact bb99dfa83ae7… (source src/shared/engine_core.h)
[ OK ] E_func_8016D4DC: 141 members [141 binaries] share h_exact 70c20d8b0107… (source src/shared/engine_core.h)
[ OK ] E_func_80165E90: 141 members [141 binaries] share h_exact 3b09d941f210… (source src/shared/engine_core.h)
[ OK ] E_func_8014B190: 141 members [141 binaries] share h_exact 4491a46e47dd… (source src/shared/engine_core.h)
[ OK ] E_func_8014B5D8: 141 members [141 binaries] share h_exact 0e33400c6e8e… (source src/shared/engine_core.h)
[ OK ] E_func_80137BD8: 141 members [141 binaries] share h_exact 0680069116c0… (source src/shared/engine_core.h)
[ OK ] E_func_8013AA24: 141 members [141 binaries] share h_exact 79bd864d2f47… (source src/shared/engine_core.h)
[ OK ] E_func_8014AA28: 141 members [141 binaries] share h_exact 14044f34fbd8… (source src/shared/engine_core.h)
[ OK ] E_func_8015E714: 141 members [141 binaries] share h_exact 288bb7edbebe… (source src/shared/engine_core.h)
[ OK ] E_func_8016D848: 134 members [134 binaries] share h_exact cc6b91ad3dbd… (source src/shared/engine_core.h)
[ OK ] E_func_8013895C: 141 members [141 binaries] share h_exact 30d23db2634a… (source src/shared/engine_core.h)
[ OK ] E_func_80154F9C: 141 members [141 binaries] share h_exact 9fb7a0c8c404… (source src/shared/engine_core.h)
[ OK ] E_func_80171384: 141 members [141 binaries] share h_exact 6eb604470cf7… (source src/shared/engine_core.h)
[ OK ] E_func_8016986C: 134 members [134 binaries] share h_exact 4dd276719f6c… (source src/shared/engine_core.h)
[ OK ] E_func_8016AFB0: 141 members [141 binaries] share h_exact fa06c03532e9… (source src/shared/engine_core.h)
[ OK ] E_func_80166438: 141 members [141 binaries] share h_exact fda8ed5be7f4… (source src/shared/engine_core.h)
[ OK ] E_func_8013240C: 141 members [141 binaries] share h_exact 8dc27dfe776c… (source src/shared/engine_core.h)
[ OK ] E_func_80148648: 141 members [141 binaries] share h_exact 935427e601a7… (source src/shared/engine_core.h)
[ OK ] E_func_80159120: 141 members [141 binaries] share h_exact 3d32b871a103… (source src/shared/engine_core.h)
[ OK ] E_func_8013AB54: 138 members [138 binaries] share h_exact ff32a6ba03e6… (source src/shared/engine_core.h)
[ OK ] E_func_80172738: 141 members [141 binaries] share h_exact e37a9ee53bab… (source src/shared/engine_core.h)
[ OK ] E_func_80173174: 141 members [141 binaries] share h_exact 59589684a79e… (source src/shared/engine_core.h)
[ OK ] E_func_8017427C: 141 members [141 binaries] share h_exact 09faf82a8344… (source src/shared/engine_core.h)
[ OK ] E_func_8017435C: 141 members [141 binaries] share h_exact 0a7ada7102ab… (source src/shared/engine_core.h)
[ OK ] E_func_80174784: 141 members [141 binaries] share h_exact c675dbe1b426… (source src/shared/engine_core.h)
[ OK ] E_func_80174824: 141 members [141 binaries] share h_exact 0c985c28a905… (source src/shared/engine_core.h)
[ OK ] E_func_80159B08: 141 members [141 binaries] share h_exact da702795b878… (source src/shared/engine_core.h)
[ OK ] E_func_8015A1FC: 141 members [141 binaries] share h_exact f3ca7922b86c… (source src/shared/engine_core.h)
[ OK ] E_func_8015BF48: 141 members [141 binaries] share h_exact cc67b9fb369f… (source src/shared/engine_core.h)
[ OK ] E_func_8015C6AC: 141 members [141 binaries] share h_exact 00ccd358e0c3… (source src/shared/engine_core.h)
[ OK ] E_func_8015D480: 141 members [141 binaries] share h_exact 593894079729… (source src/shared/engine_core.h)
[ OK ] E_func_8015DA90: 141 members [141 binaries] share h_exact b2e0c85fb8f1… (source src/shared/engine_core.h)
[ OK ] E_func_8015DDF0: 141 members [141 binaries] share h_exact 0b97a973a69d… (source src/shared/engine_core.h)
[ OK ] E_func_8015E150: 141 members [141 binaries] share h_exact 413c5d187f7d… (source src/shared/engine_core.h)
[ OK ] E_func_8015E84C: 141 members [141 binaries] share h_exact a2cedf307ce6… (source src/shared/engine_core.h)
[ OK ] E_func_8015EDA0: 141 members [141 binaries] share h_exact 5893556c7c64… (source src/shared/engine_core.h)
[ OK ] E_func_8015EFA4: 141 members [141 binaries] share h_exact 59d79e56ace5… (source src/shared/engine_core.h)
[ OK ] E_func_80174E9C: 141 members [141 binaries] share h_exact 6007f0564fda… (source src/shared/engine_core.h)
[ OK ] E_func_80174EF0: 141 members [141 binaries] share h_exact bfc27ca57e45… (source src/shared/engine_core.h)
[ OK ] E_func_80170634: 141 members [141 binaries] share h_exact 1714b0594617… (source src/shared/engine_core.h)
[ OK ] E_func_80170F38: 141 members [141 binaries] share h_exact bb8c59cd35f5… (source src/shared/engine_core.h)
[ OK ] E_func_80170FEC: 141 members [141 binaries] share h_exact 0963c8b88436… (source src/shared/engine_core.h)
[ OK ] E_func_80174438: 141 members [141 binaries] share h_exact 976702b1853f… (source src/shared/engine_core.h)
[ OK ] E_func_801729B0: 141 members [141 binaries] share h_exact b9f3ba0aef3d… (source src/shared/engine_core.h)
[ OK ] E_func_80147AD4: 141 members [141 binaries] share h_exact 3e1daedfcfab… (source src/shared/engine_core.h)
[ OK ] E_func_8016F71C: 141 members [141 binaries] share h_exact df105843d186… (source src/shared/engine_core.h)
[ OK ] E_func_80170928: 141 members [141 binaries] share h_exact 19fb9b8fd0f0… (source src/shared/engine_core.h)
[ OK ] E_func_80170970: 141 members [141 binaries] share h_exact 2d6dafd3eb98… (source src/shared/engine_core.h)
[ OK ] E_func_801709B8: 141 members [141 binaries] share h_exact 4687a9f94df1… (source src/shared/engine_core.h)
[ OK ] E_func_80170A00: 141 members [141 binaries] share h_exact 53864e6cc8a9… (source src/shared/engine_core.h)
[ OK ] E_func_80170A48: 141 members [141 binaries] share h_exact 88494ff2e310… (source src/shared/engine_core.h)
[ OK ] E_func_80170A90: 141 members [141 binaries] share h_exact 0ad8fbc6aa6b… (source src/shared/engine_core.h)
[ OK ] E_func_801736B0: 141 members [141 binaries] share h_exact 88b8795a6f71… (source src/shared/engine_core.h)
[ OK ] E_func_8016FAC0: 141 members [141 binaries] share h_exact 81a39fc405d0… (source src/shared/engine_core.h)
[ OK ] E_func_80170784: 141 members [141 binaries] share h_exact e3c0e81b17b9… (source src/shared/engine_core.h)
[ OK ] E_func_8017250C: 141 members [141 binaries] share h_exact 11db5e809b1d… (source src/shared/engine_core.h)
[ OK ] E_func_8015E95C: 141 members [141 binaries] share h_exact 508521501333… (source src/shared/engine_core.h)
[ OK ] E_func_8014A1B0: 141 members [141 binaries] share h_exact 7012b59defcc… (source src/shared/engine_core.h)
[ OK ] E_func_801748EC: 141 members [141 binaries] share h_exact 79386ba50343… (source src/shared/engine_core.h)
[ OK ] E_func_8014E48C: 141 members [141 binaries] share h_exact b608acbd3916… (source src/shared/engine_core.h)
[ OK ] E_func_80149D10: 141 members [141 binaries] share h_exact 2511bb943b5b… (source src/shared/engine_core.h)
[ OK ] E_func_801432FC: 141 members [141 binaries] share h_exact 1286cbd438a0… (source src/shared/engine_core.h)
[ OK ] E_func_801472C8: 141 members [141 binaries] share h_exact ad15917f493f… (source src/shared/engine_core.h)
[ OK ] E_func_8014C8F0: 141 members [141 binaries] share h_exact c734ae056122… (source src/shared/engine_core.h)
[ OK ] E_func_80139FBC: 141 members [141 binaries] share h_exact 9267af04d40a… (source src/shared/engine_core.h)
[ OK ] E_func_8014C860: 141 members [141 binaries] share h_exact 2750c2a2abb2… (source src/shared/engine_core.h)
[ OK ] E_func_8012931C: 141 members [141 binaries] share h_exact 194bedddb279… (source src/shared/engine_core.h)
[ OK ] E_func_8015BE04: 141 members [141 binaries] share h_exact 24e88d56837d… (source src/shared/engine_core.h)
[ OK ] E_func_8016F540: 141 members [141 binaries] share h_exact affb5c185438… (source src/shared/engine_core.h)
[ OK ] E_func_8014C010: 141 members [141 binaries] share h_exact a8c18c00da24… (source src/shared/engine_core.h)
[ OK ] E_func_8014AD30: 141 members [141 binaries] share h_exact a1e0a452bc13… (source src/shared/engine_core.h)
[ OK ] E_func_801504D8: 141 members [141 binaries] share h_exact 2a5244b73f4f… (source src/shared/engine_core.h)
[ OK ] E_func_80172780: 141 members [141 binaries] share h_exact 42c657942442… (source src/shared/engine_core.h)
[ OK ] E_func_80172894: 141 members [141 binaries] share h_exact 5b7bc6deb97d… (source src/shared/engine_core.h)
[ OK ] E_func_80143BDC: 141 members [141 binaries] share h_exact 78b3d886028b… (source src/shared/engine_core.h)
[ OK ] E_func_80173460: 141 members [141 binaries] share h_exact 232843bf8734… (source src/shared/engine_core.h)
[ OK ] E_func_80131E7C: 141 members [141 binaries] share h_exact 288abbc9cfb6… (source src/shared/engine_core.h)
[ OK ] E_func_801433F0: 138 members [138 binaries] share h_exact 3964cb5f6141… (source src/shared/engine_core.h)
[ OK ] E_func_8012BC60: 141 members [141 binaries] share h_exact 34a25b325540… (source src/shared/engine_core.h)
[ OK ] E_func_8013A250: 141 members [141 binaries] share h_exact e163cc8fbd32… (source src/shared/engine_core.h)
[ OK ] E_func_8013A4C4: 141 members [141 binaries] share h_exact 2db7165de05b… (source src/shared/engine_core.h)
[ OK ] E_func_8013E22C: 141 members [141 binaries] share h_exact 16e22033f4a1… (source src/shared/engine_core.h)
[ OK ] E_func_8014FDF4: 141 members [141 binaries] share h_exact fa2e74153338… (source src/shared/engine_core.h)
[ OK ] E_func_80151ECC: 141 members [141 binaries] share h_exact bc1cdab454cc… (source src/shared/engine_core.h)
[ OK ] E_func_80153150: 141 members [141 binaries] share h_exact 87f4ab69e5c6… (source src/shared/engine_core.h)
[ OK ] E_func_80172358: 141 members [141 binaries] share h_exact 7e92fd5b9bf8… (source src/shared/engine_core.h)
[ OK ] E_func_80136ECC: 141 members [141 binaries] share h_exact d16b428bf589… (source src/shared/engine_core.h)
[ OK ] E_func_801730FC: 141 members [141 binaries] share h_exact 5beb8dad7992… (source src/shared/engine_core.h)
[ OK ] E_func_8014350C: 137 members [137 binaries] share h_exact f81e8c3743d2… (source src/shared/engine_core.h)
[ OK ] E_func_8012FE70: 141 members [141 binaries] share h_exact 684e947ebb0d… (source src/shared/engine_core.h)
[ OK ] E_func_8014ED80: 141 members [141 binaries] share h_exact fce3e1ebe12c… (source src/shared/engine_core.h)
[ OK ] E_func_8014F24C: 141 members [141 binaries] share h_exact 9687d3e37eb7… (source src/shared/engine_core.h)
[ OK ] E_func_8016380C: 141 members [141 binaries] share h_exact ffd7edfde43d… (source src/shared/engine_core.h)
[ OK ] E_func_8014E6F8: 141 members [141 binaries] share h_exact 8b71d48d265c… (source src/shared/engine_core.h)
[ OK ] E_func_80152E4C: 141 members [141 binaries] share h_exact 01abd8496262… (source src/shared/engine_core.h)
[ OK ] E_func_8015294C: 141 members [141 binaries] share h_exact cf34981ab894… (source src/shared/engine_core.h)
[ OK ] E_func_8012AE00: 141 members [141 binaries] share h_exact a0992d250655… (source src/shared/engine_core.h)
[ OK ] E_func_80171520: 141 members [141 binaries] share h_exact d575d1e7ec12… (source src/shared/engine_core.h)
[ OK ] E_func_8012AF0C: 141 members [141 binaries] share h_exact b46ce263f0d9… (source src/shared/engine_core.h)
[ OK ] E_func_80138D58: 141 members [141 binaries] share h_exact 9e12464b058b… (source src/shared/engine_core.h)
[ OK ] E_func_80146014: 141 members [141 binaries] share h_exact 7eb4113a9231… (source src/shared/engine_core.h)
[ OK ] E_func_801582C0: 141 members [141 binaries] share h_exact 5694cb60d0df… (source src/shared/engine_core.h)
[ OK ] E_func_80139DF4: 141 members [141 binaries] share h_exact 8974153e0b2c… (source src/shared/engine_core.h)
[ OK ] E_func_8016E3CC: 141 members [141 binaries] share h_exact de282f34e6b1… (source src/shared/engine_core.h)
[ OK ] E_func_8012F374: 141 members [141 binaries] share h_exact 40cefd72ca0e… (source src/shared/engine_core.h)
[ OK ] E_func_801308DC: 141 members [141 binaries] share h_exact b789abbd2e36… (source src/shared/engine_core.h)
[ OK ] E_func_8015F080: 141 members [141 binaries] share h_exact 5fbc6a60b374… (source src/shared/engine_core.h)
[ OK ] E_func_8012A110: 141 members [141 binaries] share h_exact 447e428ca181… (source src/shared/engine_core.h)
[ OK ] E_func_801653F4: 141 members [141 binaries] share h_exact 2f02778b2f77… (source src/shared/engine_core.h)
[ OK ] E_func_80129010: 141 members [141 binaries] share h_exact eb19da204efd… (source src/shared/engine_core.h)
[ OK ] E_func_80138AB4: 141 members [141 binaries] share h_exact edbc3bbda9de… (source src/shared/engine_core.h)
[ OK ] E_func_8014B350: 141 members [141 binaries] share h_exact 026711d20e02… (source src/shared/engine_core.h)
[ OK ] E_func_80143640: 141 members [141 binaries] share h_exact b99172e9d405… (source src/shared/engine_core.h)
[ OK ] E_func_801437D8: 141 members [141 binaries] share h_exact d5542b9f9ef8… (source src/shared/engine_core.h)
[ OK ] E_func_80143EBC: 141 members [141 binaries] share h_exact 1f774dcebe0f… (source src/shared/engine_core.h)
[ OK ] E_func_80162B1C: 141 members [141 binaries] share h_exact 433ff414cdd2… (source src/shared/engine_core.h)
[ OK ] E_func_80147054: 141 members [141 binaries] share h_exact 08c8e0b3e082… (source src/shared/engine_core.h)
[ OK ] E_func_801470A0: 141 members [141 binaries] share h_exact 2d1e52587590… (source src/shared/engine_core.h)
[ OK ] E_func_8012DFBC: 141 members [141 binaries] share h_exact 4633308cd4ea… (source src/shared/engine_core.h)
[ OK ] E_func_80165900: 141 members [141 binaries] share h_exact cdd870d33037… (source src/shared/engine_core.h)
[ OK ] E_func_80129428: 141 members [141 binaries] share h_exact 202a2c9d7b8d… (source src/shared/engine_core.h)
[ OK ] E_func_8012AD6C: 141 members [141 binaries] share h_exact e3188d66f866… (source src/shared/engine_core.h)
[ OK ] E_func_8012BF54: 141 members [141 binaries] share h_exact 849b9b85b7fc… (source src/shared/engine_core.h)
[ OK ] E_func_801472DC: 141 members [141 binaries] share h_exact b370e07f726c… (source src/shared/engine_core.h)
[ OK ] E_func_801658EC: 141 members [141 binaries] share h_exact 1af2df4578e4… (source src/shared/engine_core.h)
[ OK ] E_func_80148D24: 141 members [141 binaries] share h_exact 6231396095e4… (source src/shared/engine_core.h)
[ OK ] E_func_8012A304: 141 members [141 binaries] share h_exact c947fc5a4a9f… (source src/shared/engine_core.h)
[ OK ] E_func_80147264: 141 members [141 binaries] share h_exact ad0476c355e1… (source src/shared/engine_core.h)
[ OK ] E_func_8016F680: 141 members [141 binaries] share h_exact d1d877659537… (source src/shared/engine_core.h)
[ OK ] E_func_8016F6B0: 141 members [141 binaries] share h_exact e83d07046d02… (source src/shared/engine_core.h)
[ OK ] E_func_8015BDD0: 141 members [141 binaries] share h_exact 05039a2debdc… (source src/shared/engine_core.h)
[ OK ] E_func_8014C050: 141 members [141 binaries] share h_exact d9a7e628a331… (source src/shared/engine_core.h)
[ OK ] E_func_8014BD24: 141 members [141 binaries] share h_exact 04790f9ab956… (source src/shared/engine_core.h)
[ OK ] E_func_80149AD4: 141 members [141 binaries] share h_exact fe7498e06070… (source src/shared/engine_core.h)
[ OK ] E_func_80149B14: 141 members [141 binaries] share h_exact 06806d92353c… (source src/shared/engine_core.h)
[ OK ] E_func_80149BAC: 141 members [141 binaries] share h_exact 0e5161ead46c… (source src/shared/engine_core.h)
[ OK ] E_func_8014BC80: 141 members [141 binaries] share h_exact d382a5c20313… (source src/shared/engine_core.h)
[ OK ] E_func_8014C088: 141 members [141 binaries] share h_exact 6b14b5f24480… (source src/shared/engine_core.h)
[ OK ] E_func_80169FE0: 134 members [134 binaries] share h_exact 5d5ada925fc2… (source src/shared/engine_core.h)
[ OK ] E_func_8016DEE0: 134 members [134 binaries] share h_exact 5d5ada925fc2… (source src/shared/engine_core.h)
[ OK ] E_func_80149A64: 141 members [141 binaries] share h_exact 0b8da7ea4a43… (source src/shared/engine_core.h)
[ OK ] E_func_8012BCCC: 141 members [141 binaries] share h_exact 2f5797b1a9c6… (source src/shared/engine_core.h)
[ OK ] E_func_80146AB4: 141 members [141 binaries] share h_exact 0c04108ed085… (source src/shared/engine_core.h)
[ OK ] E_func_8014A4B4: 141 members [141 binaries] share h_exact 37fed24a98d7… (source src/shared/engine_core.h)
[ OK ] E_func_8014ACE8: 141 members [141 binaries] share h_exact e5c6980fdd23… (source src/shared/engine_core.h)
[ OK ] E_func_8012A094: 141 members [141 binaries] share h_exact 133fc0f6a419… (source src/shared/engine_core.h)
[ OK ] E_func_80139634: 141 members [141 binaries] share h_exact 20545451aecd… (source src/shared/engine_core.h)
[ OK ] E_func_80162120: 141 members [141 binaries] share h_exact d51a273bef54… (source src/shared/engine_core.h)
[ OK ] E_func_8012A860: 141 members [141 binaries] share h_exact 991046b9200a… (source src/shared/engine_core.h)
[ OK ] E_func_8012E57C: 141 members [141 binaries] share h_exact f24a0b0c7e60… (source src/shared/engine_core.h)
[ OK ] E_func_80146D30: 141 members [141 binaries] share h_exact 42f2f95e7fa8… (source src/shared/engine_core.h)
[ OK ] E_func_8014C0C8: 141 members [141 binaries] share h_exact cf1123124665… (source src/shared/engine_core.h)
[ OK ] E_func_8014C918: 141 members [141 binaries] share h_exact 9b204ab47540… (source src/shared/engine_core.h)
[ OK ] E_func_801552F4: 141 members [141 binaries] share h_exact 3d478d051e58… (source src/shared/engine_core.h)
[ OK ] E_func_80155344: 141 members [141 binaries] share h_exact a58bff3df3ac… (source src/shared/engine_core.h)
[ OK ] E_func_8014A6C4: 141 members [141 binaries] share h_exact 22e1e42e77db… (source src/shared/engine_core.h)
[ OK ] E_func_8015AB7C: 141 members [141 binaries] share h_exact 70b23b1b4685… (source src/shared/engine_core.h)
[ OK ] E_func_801620C4: 141 members [141 binaries] share h_exact 11673a7024f9… (source src/shared/engine_core.h)
[ OK ] E_func_801626B8: 141 members [141 binaries] share h_exact c9b29013a17a… (source src/shared/engine_core.h)
[ OK ] E_func_801633A8: 141 members [141 binaries] share h_exact a4be12c0225a… (source src/shared/engine_core.h)
[ OK ] E_func_8017C230: 13 members [13 binaries] share h_exact 0d563d451696… (source src/shared/engine_core.h)
[ OK ] E_func_80146CC8: 141 members [141 binaries] share h_exact e555ecf83e14… (source src/shared/engine_core.h)
[ OK ] E_func_801657D8: 141 members [141 binaries] share h_exact a2d99471f537… (source src/shared/engine_core.h)
[ OK ] E_func_80165874: 141 members [141 binaries] share h_exact 5b5892dd87ef… (source src/shared/engine_core.h)
[ OK ] E_func_8013001C: 141 members [141 binaries] share h_exact 9047781a5e3e… (source src/shared/engine_core.h)
[ OK ] E_func_80130088: 141 members [141 binaries] share h_exact 337954326d7a… (source src/shared/engine_core.h)
[ OK ] E_func_80128564: 141 members [141 binaries] share h_exact af411ba9a871… (source src/shared/engine_core.h)
[ OK ] E_func_801691B8: 137 members [137 binaries] share h_exact 298645a7a22e… (source src/shared/engine_core.h)
[ OK ] E_func_8016E2E8: 137 members [137 binaries] share h_exact 0f87b8a67e9a… (source src/shared/engine_core.h)
[ OK ] E_func_8016B984: 137 members [137 binaries] share h_exact c20da3b02570… (source src/shared/engine_core.h)
[ OK ] E_func_8016E358: 137 members [137 binaries] share h_exact c9083af682ce… (source src/shared/engine_core.h)
[ OK ] E_func_8014B6F0: 141 members [141 binaries] share h_exact dc27727130e6… (source src/shared/engine_core.h)
[ OK ] E_func_8012BD3C: 141 members [141 binaries] share h_exact 763aedb8f654… (source src/shared/engine_core.h)
[ OK ] E_func_8012CAE4: 141 members [141 binaries] share h_exact 2820a65d8873… (source src/shared/engine_core.h)
[ OK ] E_func_801553C0: 141 members [141 binaries] share h_exact 6459cdbf717d… (source src/shared/engine_core.h)
[ OK ] E_func_8012CE2C: 141 members [141 binaries] share h_exact 5563d2c5623c… (source src/shared/engine_core.h)
[ OK ] E_func_80147DC0: 141 members [141 binaries] share h_exact 423ef84e2fc4… (source src/shared/engine_core.h)
[ OK ] E_func_8016325C: 141 members [141 binaries] share h_exact 7eaa565887f9… (source src/shared/engine_core.h)
[ OK ] E_func_8013F1BC: 141 members [141 binaries] share h_exact 4bfd5f8f7fb6… (source src/shared/engine_core.h)
[ OK ] E_func_8014CC28: 141 members [141 binaries] share h_exact 90056bd966a1… (source src/shared/engine_core.h)
[ OK ] E_func_801567BC: 141 members [141 binaries] share h_exact bec5d9c6e9f4… (source src/shared/engine_core.h)
[ OK ] E_func_80142454: 141 members [141 binaries] share h_exact ea50e5b58f31… (source src/shared/engine_core.h)
[ OK ] E_func_801581AC: 141 members [141 binaries] share h_exact 94a631a26170… (source src/shared/engine_core.h)
[ OK ] E_func_8016E1CC: 141 members [141 binaries] share h_exact cef71d90f44a… (source src/shared/engine_core.h)
[ OK ] E_func_8013914C: 141 members [141 binaries] share h_exact 636de43ab92d… (source src/shared/engine_core.h)
[ OK ] E_func_8013ED6C: 141 members [141 binaries] share h_exact cba4af6096f9… (source src/shared/engine_core.h)
[ OK ] E_func_801505FC: 141 members [141 binaries] share h_exact 4370c660a03a… (source src/shared/engine_core.h)
[ OK ] E_func_80149DD8: 141 members [141 binaries] share h_exact 2a6a0a352f86… (source src/shared/engine_core.h)
[ OK ] E_func_8014E98C: 141 members [141 binaries] share h_exact 3abe6ffe660f… (source src/shared/engine_core.h)
[ OK ] E_func_801575E4: 141 members [141 binaries] share h_exact 0e84cbe453d7… (source src/shared/engine_core.h)
[ OK ] E_func_8016BADC: 141 members [141 binaries] share h_exact b24d5275a924… (source src/shared/engine_core.h)
[ OK ] E_func_8012C354: 141 members [141 binaries] share h_exact c3abcfd9590f… (source src/shared/engine_core.h)
[ OK ] E_func_8012C438: 141 members [141 binaries] share h_exact 26de808c6769… (source src/shared/engine_core.h)
[ OK ] E_func_8014FA70: 141 members [141 binaries] share h_exact 2d0215264ad4… (source src/shared/engine_core.h)
[ OK ] E_func_80172170: 141 members [141 binaries] share h_exact 938c5a61d871… (source src/shared/engine_core.h)
[ OK ] E_func_8014BCC0: 141 members [141 binaries] share h_exact 4055e35f0214… (source src/shared/engine_core.h)
[ OK ] E_func_8014B160: 141 members [141 binaries] share h_exact 12194e05c6f7… (source src/shared/engine_core.h)
[ OK ] E_func_80174318: 141 members [141 binaries] share h_exact 12747cc8fa20… (source src/shared/engine_core.h)
[ OK ] E_func_8015B8F8: 141 members [141 binaries] share h_exact 94eda48058d8… (source src/shared/engine_core.h)
[ OK ] E_func_80161B84: 141 members [141 binaries] share h_exact f35acb39f613… (source src/shared/engine_core.h)
[ OK ] E_func_80168EC4: 137 members [137 binaries] share h_exact b7b15fe18f0b… (source src/shared/engine_core.h)
[ OK ] E_func_80172BC8: 141 members [141 binaries] share h_exact 13280ca24ff4… (source src/shared/engine_core.h)
[ OK ] E_func_80151FB4: 141 members [141 binaries] share h_exact 5dc4521e4e34… (source src/shared/engine_core.h)
[ OK ] E_func_8014B084: 141 members [141 binaries] share h_exact bbc5441e07c5… (source src/shared/engine_core.h)
[ OK ] E_func_80149744: 141 members [141 binaries] share h_exact 13b4f28ec33f… (source src/shared/engine_core.h)
[ OK ] E_func_8014A3E0: 141 members [141 binaries] share h_exact 2b0c6f411727… (source src/shared/engine_core.h)
[ OK ] E_func_80163328: 141 members [141 binaries] share h_exact 6830db403d8c… (source src/shared/engine_core.h)
[ OK ] E_func_8013A164: 141 members [141 binaries] share h_exact ccd63ab9301c… (source src/shared/engine_core.h)
[ OK ] E_func_8014BDE8: 141 members [141 binaries] share h_exact db10e0529b23… (source src/shared/engine_core.h)
[ OK ] E_func_8012A4BC: 141 members [141 binaries] share h_exact bb9bde6ea0d2… (source src/shared/engine_core.h)
[ OK ] E_func_80150EC4: 141 members [141 binaries] share h_exact f04f51c21388… (source src/shared/engine_core.h)
[ OK ] E_func_8013A0A4: 141 members [141 binaries] share h_exact baf65af94ddb… (source src/shared/engine_core.h)
[ OK ] E_func_80147060: 141 members [141 binaries] share h_exact 6a3562029687… (source src/shared/engine_core.h)
[ OK ] E_func_8014CB68: 141 members [141 binaries] share h_exact 5cbbc7d5890a… (source src/shared/engine_core.h)
[ OK ] E_func_80153C30: 141 members [141 binaries] share h_exact ff122ce5d926… (source src/shared/engine_core.h)
[ OK ] E_func_80155394: 141 members [141 binaries] share h_exact ce2e8c5dc84b… (source src/shared/engine_core.h)
[ OK ] E_func_80162ACC: 141 members [141 binaries] share h_exact c78255fdbf10… (source src/shared/engine_core.h)
[ OK ] E_func_80162AE0: 141 members [141 binaries] share h_exact 347517c3f9f3… (source src/shared/engine_core.h)
[ OK ] E_func_801659B8: 141 members [141 binaries] share h_exact e428a4cdc1d7… (source src/shared/engine_core.h)
[ OK ] E_func_8016F250: 141 members [141 binaries] share h_exact 8a6ff3fa92b4… (source src/shared/engine_core.h)
[ OK ] E_func_8016F374: 141 members [141 binaries] share h_exact bf27fb12fe8a… (source src/shared/engine_core.h)
[ OK ] E_func_8017197C: 141 members [141 binaries] share h_exact c78eaf58e4ed… (source src/shared/engine_core.h)
[ OK ] E_func_80171990: 141 members [141 binaries] share h_exact 77923155c286… (source src/shared/engine_core.h)
[ OK ] E_func_80171A44: 141 members [141 binaries] share h_exact c78eaf58e4ed… (source src/shared/engine_core.h)
[ OK ] E_func_80146D90: 141 members [141 binaries] share h_exact f55bac35c68e… (source src/shared/engine_core.h)
[ OK ] E_func_80165910: 141 members [141 binaries] share h_exact f3d22be9427a… (source src/shared/engine_core.h)
[ OK ] E_func_80151204: 141 members [141 binaries] share h_exact 48bd34d5cb3e… (source src/shared/engine_core.h)
[ OK ] E_func_80159B3C: 141 members [141 binaries] share h_exact efc17c5e2bce… (source src/shared/engine_core.h)
[ OK ] E_func_8017118C: 141 members [141 binaries] share h_exact 0fae0b937954… (source src/shared/engine_core.h)
[ OK ] E_func_8012A828: 141 members [141 binaries] share h_exact 5f61e1574e65… (source src/shared/engine_core.h)
[ OK ] E_func_8014BCEC: 141 members [141 binaries] share h_exact 3e099a2e36b8… (source src/shared/engine_core.h)
[ OK ] E_func_8014CB9C: 141 members [141 binaries] share h_exact 9af355c48ff7… (source src/shared/engine_core.h)
[ OK ] E_func_8017303C: 141 members [141 binaries] share h_exact d62e186f0315… (source src/shared/engine_core.h)
[ OK ] E_func_80154150: 141 members [141 binaries] share h_exact 2ad8c33c8ec9… (source src/shared/engine_core.h)
[ OK ] E_func_801743F0: 141 members [141 binaries] share h_exact 5ab9497dab45… (source src/shared/engine_core.h)
[ OK ] E_func_80147B18: 141 members [141 binaries] share h_exact e033e50ae267… (source src/shared/engine_core.h)
[ OK ] E_func_801508B4: 141 members [141 binaries] share h_exact c54c2b229bb8… (source src/shared/engine_core.h)
[ OK ] E_func_8015173C: 141 members [141 binaries] share h_exact c6add8b668ec… (source src/shared/engine_core.h)
[ OK ] E_func_8015BD8C: 141 members [141 binaries] share h_exact e59dc56c9742… (source src/shared/engine_core.h)
[ OK ] E_func_8015BF04: 141 members [141 binaries] share h_exact e59dc56c9742… (source src/shared/engine_core.h)
[ OK ] E_func_8015BFB0: 141 members [141 binaries] share h_exact a0a4720075c2… (source src/shared/engine_core.h)
[ OK ] E_func_80172D68: 141 members [141 binaries] share h_exact 214c5e8e740f… (source src/shared/engine_core.h)
[ OK ] E_func_8012C284: 141 members [141 binaries] share h_exact f450e581866c… (source src/shared/engine_core.h)
[ OK ] E_func_8016FE2C: 141 members [141 binaries] share h_exact ec4659aff251… (source src/shared/engine_core.h)
[ OK ] E_func_80172D14: 141 members [141 binaries] share h_exact 6aa89ac7fafb… (source src/shared/engine_core.h)
[ OK ] E_func_8014B034: 141 members [141 binaries] share h_exact 4a864eafb919… (source src/shared/engine_core.h)
[ OK ] E_func_80152BF0: 141 members [141 binaries] share h_exact 1da4cc8c1bdf… (source src/shared/engine_core.h)
[ OK ] E_func_80172958: 141 members [141 binaries] share h_exact bcb1fe7d874f… (source src/shared/engine_core.h)
[ OK ] E_func_801508F8: 141 members [141 binaries] share h_exact 3974efd40e82… (source src/shared/engine_core.h)
[ OK ] E_func_80171CC4: 141 members [141 binaries] share h_exact 5f5df581ed57… (source src/shared/engine_core.h)
[ OK ] E_func_80171D1C: 141 members [141 binaries] share h_exact 8f6725ed2c51… (source src/shared/engine_core.h)
[ OK ] E_func_801665B4: 138 members [138 binaries] share h_exact 883ec57a1349… (source src/shared/engine_core.h)
[ OK ] E_func_8017044C: 141 members [141 binaries] share h_exact 88ab0f480e45… (source src/shared/engine_core.h)
[ OK ] E_func_801533A4: 141 members [141 binaries] share h_exact 2ddaebea05d4… (source src/shared/engine_core.h)
[ OK ] E_func_80157E38: 141 members [141 binaries] share h_exact a59074022783… (source src/shared/engine_core.h)
[ OK ] E_func_8015D57C: 141 members [141 binaries] share h_exact 5662145b191f… (source src/shared/engine_core.h)
[ OK ] E_func_80170374: 141 members [141 binaries] share h_exact d314b53f8326… (source src/shared/engine_core.h)
[ OK ] E_func_8013B204: 141 members [141 binaries] share h_exact 13888a347077… (source src/shared/engine_core.h)
[ OK ] E_func_8014C43C: 141 members [141 binaries] share h_exact e7c6d0504834… (source src/shared/engine_core.h)
[ OK ] E_func_801701C8: 141 members [141 binaries] share h_exact 5d39e0fdc5ff… (source src/shared/engine_core.h)
[ OK ] E_func_8015E0D4: 141 members [141 binaries] share h_exact 5953c40c7040… (source src/shared/engine_core.h)
[ OK ] E_func_80147D38: 141 members [141 binaries] share h_exact 8c9cfeabe514… (source src/shared/engine_core.h)
[ OK ] E_func_80129398: 141 members [141 binaries] share h_exact 25784e1dec94… (source src/shared/engine_core.h)
[ OK ] E_func_80171D78: 141 members [141 binaries] share h_exact 0d330bd8f36b… (source src/shared/engine_core.h)
[ OK ] E_func_801776EC: 141 members [141 binaries] share h_exact b6119a8c166e… (source src/shared/engine_core.h)
[ OK ] E_func_8012B2CC: 141 members [141 binaries] share h_exact bda8e42f620e… (source src/shared/engine_core.h)
[ OK ] E_func_801525F4: 141 members [141 binaries] share h_exact 5dc4521e4e34… (source src/shared/engine_core.h)
[ OK ] E_func_8014C5FC: 141 members [141 binaries] share h_exact e2aa596f482b… (source src/shared/engine_core.h)
[ OK ] E_func_8014FC18: 141 members [141 binaries] share h_exact c7b7e790dfc4… (source src/shared/engine_core.h)
[ OK ] E_func_80161124: 138 members [138 binaries] share h_exact cca105be1acc… (source src/shared/engine_core.h)
[ OK ] E_func_8016EE94: 141 members [141 binaries] share h_exact 0a90673f9b53… (source src/shared/engine_core.h)
[ OK ] E_func_8014BB24: 141 members [141 binaries] share h_exact 79d6924b3539… (source src/shared/engine_core.h)
[ OK ] E_func_8015E5B0: 141 members [141 binaries] share h_exact 2d57884c73c9… (source src/shared/engine_core.h)
[ OK ] E_func_80172E20: 141 members [141 binaries] share h_exact 946b56ed47e1… (source src/shared/engine_core.h)
[ OK ] E_func_8014706C: 141 members [141 binaries] share h_exact c83c902ffb22… (source src/shared/engine_core.h)
[ OK ] E_func_8014708C: 141 members [141 binaries] share h_exact 6b0cbcd59447… (source src/shared/engine_core.h)
[ OK ] E_func_801470B4: 141 members [141 binaries] share h_exact 5885db796916… (source src/shared/engine_core.h)
[ OK ] E_func_8012AD50: 141 members [141 binaries] share h_exact 545fa3d77eb6… (source src/shared/engine_core.h)
[ OK ] E_func_80151184: 141 members [141 binaries] share h_exact 718e4df49acf… (source src/shared/engine_core.h)
[ OK ] E_func_80139914: 141 members [141 binaries] share h_exact b62f6b5d21f4… (source src/shared/engine_core.h)
[ OK ] E_func_80147324: 141 members [141 binaries] share h_exact f42005211641… (source src/shared/engine_core.h)
[ OK ] E_func_80165A78: 141 members [141 binaries] share h_exact 533abb8969a9… (source src/shared/engine_core.h)
[ OK ] E_func_801554B8: 141 members [141 binaries] share h_exact 935863b18d66… (source src/shared/engine_core.h)
[ OK ] E_func_801530E4: 141 members [141 binaries] share h_exact 2ddaebea05d4… (source src/shared/engine_core.h)
[ OK ] E_func_8016B448: 141 members [141 binaries] share h_exact 163199bd80c6… (source src/shared/engine_core.h)
[ OK ] E_func_801485B8: 141 members [141 binaries] share h_exact 5ab3182a339b… (source src/shared/engine_core.h)
[ OK ] E_func_8014E790: 141 members [141 binaries] share h_exact dbe2dc59f93c… (source src/shared/engine_core.h)
[ OK ] E_func_8012D3B4: 141 members [141 binaries] share h_exact c56e1eba19b3… (source src/shared/engine_core.h)
[ OK ] E_func_801303A0: 141 members [141 binaries] share h_exact 2699b5175a00… (source src/shared/engine_core.h)
[ OK ] E_func_8015773C: 141 members [141 binaries] share h_exact 75da69175fe6… (source src/shared/engine_core.h)
[ OK ] E_func_8012BE98: 141 members [141 binaries] share h_exact 63eedc41df0a… (source src/shared/engine_core.h)
[ OK ] E_func_8012A7D4: 141 members [141 binaries] share h_exact c6a8b03118ea… (source src/shared/engine_core.h)
[ OK ] E_func_8012C51C: 141 members [141 binaries] share h_exact ad674b4e59ff… (source src/shared/engine_core.h)
[ OK ] E_func_801301E8: 141 members [141 binaries] share h_exact 48ada76c6ad9… (source src/shared/engine_core.h)
[ OK ] E_func_80130278: 141 members [141 binaries] share h_exact bb4d85230c74… (source src/shared/engine_core.h)
[ OK ] E_func_8012C588: 141 members [141 binaries] share h_exact 83148c15bfa5… (source src/shared/engine_core.h)
[ OK ] E_func_80147B5C: 141 members [141 binaries] share h_exact 5d6f454766e3… (source src/shared/engine_core.h)
[ OK ] E_func_8012E8E0: 141 members [141 binaries] share h_exact dc672e824473… (source src/shared/engine_core.h)
[ OK ] E_func_8012832C: 141 members [141 binaries] share h_exact 0c4914b60925… (source src/shared/engine_core.h)
[ OK ] E_func_8012A988: 141 members [141 binaries] share h_exact 41c556bf1af5… (source src/shared/engine_core.h)
[ OK ] E_func_801399A8: 141 members [141 binaries] share h_exact 6a9c3d329703… (source src/shared/engine_core.h)
[ OK ] E_func_8012B8E4: 141 members [141 binaries] share h_exact 018880c8aa64… (source src/shared/engine_core.h)
[ OK ] E_func_8012CB64: 141 members [141 binaries] share h_exact 00da39780e38… (source src/shared/engine_core.h)
[ OK ] E_func_801319E0: 141 members [141 binaries] share h_exact 8f5613a88e0b… (source src/shared/engine_core.h)
[ OK ] E_func_80143B6C: 141 members [141 binaries] share h_exact 0911480d42a7… (source src/shared/engine_core.h)
[ OK ] E_func_80149B54: 141 members [141 binaries] share h_exact fc2a0a65b997… (source src/shared/engine_core.h)
[ OK ] E_func_801468C8: 141 members [141 binaries] share h_exact ef82362de353… (source src/shared/engine_core.h)
[ OK ] E_func_80146994: 141 members [141 binaries] share h_exact f19dbbb7b0fd… (source src/shared/engine_core.h)
[ OK ] E_func_80149544: 135 members [135 binaries] share h_exact 7b9ce63f61f8… (source src/shared/engine_core.h)
[ OK ] E_func_8012913C: 141 members [141 binaries] share h_exact 7b5905d9abfc… (source src/shared/engine_core.h)
[ OK ] E_func_80149584: 135 members [135 binaries] share h_exact 050bd70447e2… (source src/shared/engine_core.h)
[ OK ] E_func_8013A380: 141 members [141 binaries] share h_exact 175c37a4f677… (source src/shared/engine_core.h)
[ OK ] E_func_8012F5F4: 141 members [141 binaries] share h_exact 98a010f2087d… (source src/shared/engine_core.h)
[ OK ] E_func_8013A8FC: 141 members [141 binaries] share h_exact aa10f517740c… (source src/shared/engine_core.h)
[ OK ] E_func_801788B8: 141 members [141 binaries] share h_exact 3555a568b31f… (source src/shared/engine_core.h)
[ OK ] E_func_80171E08: 141 members [141 binaries] share h_exact 363bc17badf6… (source src/shared/engine_core.h)
[ OK ] E_func_8014E83C: 141 members [141 binaries] share h_exact 37b0c83011d7… (source src/shared/engine_core.h)
[ OK ] E_func_8014DF94: 141 members [141 binaries] share h_exact ffc0ad5da3d9… (source src/shared/engine_core.h)
[ OK ] E_func_80154358: 141 members [141 binaries] share h_exact dcc19ff5cd28… (source src/shared/engine_core.h)
[ OK ] E_func_80171EC8: 141 members [141 binaries] share h_exact 0dfc2a4fbecb… (source src/shared/engine_core.h)
[ OK ] E_func_8012BB3C: 141 members [141 binaries] share h_exact d4f9dd59a97c… (source src/shared/engine_core.h)
[ OK ] E_func_80164F44: 141 members [141 binaries] share h_exact 7c08fd67f9cb… (source src/shared/engine_core.h)
[ OK ] E_func_80139680: 141 members [141 binaries] share h_exact 9c5025b74553… (source src/shared/engine_core.h)
[ OK ] E_func_801298F4: 141 members [141 binaries] share h_exact 66d5a6ea8733… (source src/shared/engine_core.h)
[ OK ] E_func_80139D04: 141 members [141 binaries] share h_exact 38fb7f4a3844… (source src/shared/engine_core.h)
[ OK ] E_func_8016B114: 137 members [137 binaries] share h_exact 2f685822b42c… (source src/shared/engine_core.h)
[ OK ] E_func_80169A4C: 141 members [141 binaries] share h_exact 99f670732a51… (source src/shared/engine_core.h)
[ OK ] E_func_8016C74C: 141 members [141 binaries] share h_exact b41b10afaad2… (source src/shared/engine_core.h)
[ OK ] E_func_8012F68C: 141 members [141 binaries] share h_exact 309768b16af6… (source src/shared/engine_core.h)
[ OK ] E_func_80164D4C: 141 members [141 binaries] share h_exact b1e906d14169… (source src/shared/engine_core.h)
[ OK ] E_func_8016A890: 137 members [137 binaries] share h_exact b24f1263a251… (source src/shared/engine_core.h)
[ OK ] E_func_8014AB7C: 141 members [141 binaries] share h_exact d8ca00511c7e… (source src/shared/engine_core.h)
[ OK ] E_func_80165FA4: 135 members [135 binaries] share h_exact e9c9fa5bf6c5… (source src/shared/engine_core.h)
[ OK ] E_func_801615C4: 141 members [141 binaries] share h_exact b4822f790d6d… (source src/shared/engine_core.h)
[ OK ] E_func_8015DD74: 141 members [141 binaries] share h_exact fa1d5e09ccd3… (source src/shared/engine_core.h)
[ OK ] E_func_801699D0: 137 members [137 binaries] share h_exact 03cde5819187… (source src/shared/engine_core.h)
[ OK ] E_func_80148824: 141 members [141 binaries] share h_exact 1767f7bcca13… (source src/shared/engine_core.h)
[ OK ] E_func_80149C08: 141 members [141 binaries] share h_exact 24c0559ce34f… (source src/shared/engine_core.h)
[ OK ] E_func_80160C28: 141 members [141 binaries] share h_exact c58d9ce0e365… (source src/shared/engine_core.h)
[ OK ] E_func_8016E5F4: 137 members [137 binaries] share h_exact 6dfa7d5035d6… (source src/shared/engine_core.h)
[ OK ] E_func_80175590: 141 members [141 binaries] share h_exact c797fafa0cb3… (source src/shared/engine_core.h)
[ OK ] E_func_80145C54: 141 members [141 binaries] share h_exact aead7f637171… (source src/shared/engine_core.h)
[ OK ] E_func_80149E94: 141 members [141 binaries] share h_exact 4e8df088bfbf… (source src/shared/engine_core.h)
[ OK ] E_func_80142C9C: 141 members [141 binaries] share h_exact e5f200239e55… (source src/shared/engine_core.h)
[ OK ] E_func_8014A2E4: 141 members [141 binaries] share h_exact 1fea1b7a46ef… (source src/shared/engine_core.h)
[ OK ] E_func_8014C308: 141 members [141 binaries] share h_exact a78b069d1329… (source src/shared/engine_core.h)
[ OK ] E_func_80146B9C: 141 members [141 binaries] share h_exact 8ac9e1b1986a… (source src/shared/engine_core.h)
[ OK ] E_func_80168540: 137 members [137 binaries] share h_exact 2fc5326f58bc… (source src/shared/engine_core.h)
[ OK ] E_func_8014AC10: 141 members [141 binaries] share h_exact f5d1e453eae0… (source src/shared/engine_core.h)
[ OK ] E_func_80168328: 137 members [137 binaries] share h_exact a26f1e54b169… (source src/shared/engine_core.h)
[ OK ] E_func_801756E4: 141 members [141 binaries] share h_exact 55dfa77c3914… (source src/shared/engine_core.h)
[ OK ] E_func_8017209C: 141 members [141 binaries] share h_exact 90614cf02897… (source src/shared/engine_core.h)
[ OK ] E_func_801696D8: 141 members [141 binaries] share h_exact 3004310244a2… (source src/shared/engine_core.h)
[ OK ] E_func_8016E460: 141 members [141 binaries] share h_exact 58c6901041b6… (source src/shared/engine_core.h)
[ OK ] E_func_8015AD08: 141 members [141 binaries] share h_exact 1e2a84828b16… (source src/shared/engine_core.h)
[ OK ] E_func_8015D4B4: 141 members [141 binaries] share h_exact 6684cc7c9096… (source src/shared/engine_core.h)
[ OK ] E_func_8015E184: 141 members [141 binaries] share h_exact 40bc5e292362… (source src/shared/engine_core.h)
[ OK ] E_func_8015EDD4: 141 members [141 binaries] share h_exact 5dd675b3606d… (source src/shared/engine_core.h)
[ OK ] E_func_8015F7A0: 141 members [141 binaries] share h_exact 32a4f5779a0c… (source src/shared/engine_core.h)
[ OK ] E_func_80160B00: 141 members [141 binaries] share h_exact 409d0e5e1d13… (source src/shared/engine_core.h)
[ OK ] E_func_8015ACC4: 141 members [141 binaries] share h_exact 853378e17109… (source src/shared/engine_core.h)
[ OK ] E_func_8015430C: 141 members [141 binaries] share h_exact b574296a904c… (source src/shared/engine_core.h)
[ OK ] E_func_8014DCE0: 141 members [141 binaries] share h_exact 2728f3d9d5cd… (source src/shared/engine_core.h)
[ OK ] E_func_80147514: 141 members [141 binaries] share h_exact 875787c341d9… (source src/shared/engine_core.h)
[ OK ] E_func_80148C9C: 141 members [141 binaries] share h_exact f9b1883bf9f9… (source src/shared/engine_core.h)
[ OK ] E_func_801593E4: 141 members [141 binaries] share h_exact f4c9d49f230a… (source src/shared/engine_core.h)
[ OK ] E_func_8016B964: 141 members [141 binaries] share h_exact 184b927b6a71… (source src/shared/engine_core.h)
[ OK ] E_func_8014C118: 141 members [141 binaries] share h_exact d3691ae42f60… (source src/shared/engine_core.h)
[ OK ] E_func_80153978: 141 members [141 binaries] share h_exact d1eecebeda1a… (source src/shared/engine_core.h)
[ OK ] E_func_8013E4B4: 138 members [138 binaries] share h_exact 8d40ae9b62d9… (source src/shared/engine_core.h)
[ OK ] E_func_8014A238: 141 members [141 binaries] share h_exact 01dbf78c5855… (source src/shared/engine_core.h)
[ OK ] E_func_8017AD0C: 141 members [141 binaries] share h_exact ef683a348e46… (source src/shared/engine_core.h)
[ OK ] E_func_80168664: 138 members [138 binaries] share h_exact b5c37d414338… (source src/shared/engine_core.h)
[ OK ] E_func_80155F80: 141 members [141 binaries] share h_exact 31791b27f492… (source src/shared/engine_core.h)
[ OK ] E_func_8015CC0C: 141 members [141 binaries] share h_exact 44a0e721e549… (source src/shared/engine_core.h)
[ OK ] E_func_8014C168: 141 members [141 binaries] share h_exact dbf14d454f9f… (source src/shared/engine_core.h)
[ OK ] E_func_8016E918: 141 members [141 binaries] share h_exact 0c243aadfeeb… (source src/shared/engine_core.h)
[ OK ] E_func_8015CCD0: 141 members [141 binaries] share h_exact b57fcdbb96f7… (source src/shared/engine_core.h)
[ OK ] E_func_8016C83C: 141 members [141 binaries] share h_exact 26450efeb9d6… (source src/shared/engine_core.h)
[ OK ] E_func_801539F8: 138 members [138 binaries] share h_exact c9a06d9fe663… (source src/shared/engine_core.h)
[ OK ] E_func_80153C44: 141 members [141 binaries] share h_exact a4684cebb8ce… (source src/shared/engine_core.h)
[ OK ] E_func_8015CF58: 141 members [141 binaries] share h_exact cb0a08f2c202… (source src/shared/engine_core.h)
[ OK ] E_func_801711FC: 141 members [141 binaries] share h_exact c0248414d8d6… (source src/shared/engine_core.h)
[ OK ] E_func_80161BE0: 138 members [138 binaries] share h_exact 2e065293dab4… (source src/shared/engine_core.h)
[ OK ] E_func_801683D8: 137 members [137 binaries] share h_exact 597ff7e70874… (source src/shared/engine_core.h)
[ OK ] E_func_801710DC: 141 members [141 binaries] share h_exact 5e55aacfbf17… (source src/shared/engine_core.h)
[ OK ] E_func_801612B8: 141 members [141 binaries] share h_exact 5fffbf1ed956… (source src/shared/engine_core.h)
[ OK ] E_func_8015616C: 141 members [141 binaries] share h_exact 9fff1f2faf52… (source src/shared/engine_core.h)
[ OK ] E_func_80164530: 141 members [141 binaries] share h_exact 9aa82e982a06… (source src/shared/engine_core.h)
[ OK ] E_func_80156FA8: 141 members [141 binaries] share h_exact a904aac154d1… (source src/shared/engine_core.h)
[ OK ] E_func_8017742C: 141 members [141 binaries] share h_exact eb5a34904390… (source src/shared/engine_core.h)
[ OK ] E_func_80153800: 138 members [138 binaries] share h_exact 22b73ecc1229… (source src/shared/engine_core.h)
[ OK ] E_func_80168070: 134 members [134 binaries] share h_exact 0d18ee0d06ee… (source src/shared/engine_core.h)
[ OK ] E_func_8014B7A4: 141 members [141 binaries] share h_exact 1193dabfc8f9… (source src/shared/engine_core.h)
[ OK ] E_func_8014A850: 141 members [141 binaries] share h_exact 962e53b59cbe… (source src/shared/engine_core.h)
[ OK ] E_func_80169584: 141 members [141 binaries] share h_exact c462f0a59886… (source src/shared/engine_core.h)
[ OK ] E_func_80162968: 141 members [141 binaries] share h_exact a44c8b39f4e6… (source src/shared/engine_core.h)
[ OK ] E_func_80169058: 134 members [134 binaries] share h_exact 238e26f72fd2… (source src/shared/engine_core.h)
[ OK ] E_func_80146128: 138 members [138 binaries] share h_exact b9a704823caa… (source src/shared/engine_core.h)
[ OK ] E_func_801519C8: 141 members [141 binaries] share h_exact 74a72f914ba3… (source src/shared/engine_core.h)
[ OK ] E_func_801536DC: 141 members [141 binaries] share h_exact fddaaac29fca… (source src/shared/engine_core.h)
[ OK ] E_func_80160410: 141 members [141 binaries] share h_exact 6a51c7ffb3c8… (source src/shared/engine_core.h)
[ OK ] E_func_80168D94: 135 members [135 binaries] share h_exact 29e6564223b4… (source src/shared/engine_core.h)
[ OK ] E_func_80178298: 141 members [141 binaries] share h_exact d8d556f51e41… (source src/shared/engine_core.h)
[ OK ] E_func_8016A08C: 141 members [141 binaries] share h_exact cc17e4fede5a… (source src/shared/engine_core.h)
[ OK ] E_func_8016EDEC: 141 members [141 binaries] share h_exact 45ec89cefd11… (source src/shared/engine_core.h)
[ OK ] E_func_8016EE40: 141 members [141 binaries] share h_exact 5f6b9cf53965… (source src/shared/engine_core.h)
[ OK ] E_func_8013EA54: 141 members [141 binaries] share h_exact cb003877acea… (source src/shared/engine_core.h)
[ OK ] E_func_80152500: 141 members [141 binaries] share h_exact f1ab3cc497ac… (source src/shared/engine_core.h)
[ OK ] E_func_8013F244: 141 members [141 binaries] share h_exact d65dd63cdfba… (source src/shared/engine_core.h)
[ OK ] E_func_80155C64: 141 members [141 binaries] share h_exact 1cd0519ce8a8… (source src/shared/engine_core.h)
[ OK ] E_func_80169408: 135 members [135 binaries] share h_exact e2c32e595074… (source src/shared/engine_core.h)
[ OK ] E_func_8016432C: 141 members [141 binaries] share h_exact fd83c2fd2eb2… (source src/shared/engine_core.h)
[ OK ] E_func_8017849C: 141 members [141 binaries] share h_exact f9ea4ce3dd11… (source src/shared/engine_core.h)
[ OK ] E_func_80168BDC: 135 members [135 binaries] share h_exact 0964d4c65814… (source src/shared/engine_core.h)
[ OK ] E_func_80155A44: 141 members [141 binaries] share h_exact fe3ef0c1bb17… (source src/shared/engine_core.h)
[ OK ] E_func_80158E24: 141 members [141 binaries] share h_exact a6b2616cbd95… (source src/shared/engine_core.h)
[ OK ] E_func_8016AA50: 137 members [137 binaries] share h_exact 68ec3141f168… (source src/shared/engine_core.h)
[ OK ] E_func_801439FC: 141 members [141 binaries] share h_exact 8890d24d0e3f… (source src/shared/engine_core.h)
[ OK ] E_func_801415C0: 141 members [141 binaries] share h_exact 5a2a3909cc62… (source src/shared/engine_core.h)
[ OK ] E_func_80144558: 141 members [141 binaries] share h_exact bdf0919acea3… (source src/shared/engine_core.h)
[ OK ] E_func_80145B24: 141 members [141 binaries] share h_exact c2f43c610db2… (source src/shared/engine_core.h)
[ OK ] E_func_801446A4: 141 members [141 binaries] share h_exact 107c10002593… (source src/shared/engine_core.h)
[ OK ] E_func_80173E1C: 141 members [141 binaries] share h_exact 20877d862e51… (source src/shared/engine_core.h)
[ OK ] E_func_801716AC: 141 members [141 binaries] share h_exact 357e4888e056… (source src/shared/engine_core.h)
[ OK ] E_func_80155D70: 141 members [141 binaries] share h_exact fafec7537556… (source src/shared/engine_core.h)
[ OK ] E_func_80151DB0: 141 members [141 binaries] share h_exact 955c85ce2d5b… (source src/shared/engine_core.h)
[ OK ] E_func_8014B944: 141 members [141 binaries] share h_exact 7918269af89f… (source src/shared/engine_core.h)
[ OK ] E_func_8014A59C: 141 members [141 binaries] share h_exact ab964bfaf4e4… (source src/shared/engine_core.h)
[ OK ] E_func_80157AC8: 141 members [141 binaries] share h_exact a8971892354a… (source src/shared/engine_core.h)
[ OK ] E_func_80151AE4: 141 members [141 binaries] share h_exact d502e5b6361c… (source src/shared/engine_core.h)
[ OK ] E_func_80155EA4: 141 members [141 binaries] share h_exact f17235d22134… (source src/shared/engine_core.h)
[ OK ] E_func_80177F84: 141 members [141 binaries] share h_exact 8041750b9240… (source src/shared/engine_core.h)
[ OK ] E_func_80147C30: 141 members [141 binaries] share h_exact 33569688f91b… (source src/shared/engine_core.h)
[ OK ] E_func_8014FD54: 141 members [141 binaries] share h_exact dd6c8313e5d8… (source src/shared/engine_core.h)
[ OK ] E_func_801416D4: 141 members [141 binaries] share h_exact 7589d537e8d4… (source src/shared/engine_core.h)
[ OK ] E_func_8015B6F4: 141 members [141 binaries] share h_exact f543534ad22a… (source src/shared/engine_core.h)
[ OK ] E_func_8013E448: 141 members [141 binaries] share h_exact b48f87bfa88d… (source src/shared/engine_core.h)
[ OK ] E_func_801493D0: 138 members [138 binaries] share h_exact 34e1bcfb00f7… (source src/shared/engine_core.h)
[ OK ] E_func_80175414: 141 members [141 binaries] share h_exact 89f3232d5d23… (source src/shared/engine_core.h)
[ OK ] E_func_80171928: 141 members [141 binaries] share h_exact d6fa4f05632a… (source src/shared/engine_core.h)
[ OK ] E_func_8014BD60: 141 members [141 binaries] share h_exact 12f027259581… (source src/shared/engine_core.h)
[ OK ] E_func_80173EF8: 141 members [141 binaries] share h_exact a861b6c209bd… (source src/shared/engine_core.h)
[ OK ] E_func_80141CA4: 141 members [141 binaries] share h_exact 826f5416b800… (source src/shared/engine_core.h)
[ OK ] E_func_80171C64: 141 members [141 binaries] share h_exact e8f717a72494… (source src/shared/engine_core.h)
[ OK ] E_func_80158548: 141 members [141 binaries] share h_exact cb20cb05ebe3… (source src/shared/engine_core.h)
[ OK ] E_func_801687CC: 137 members [137 binaries] share h_exact 28712a6891ad… (source src/shared/engine_core.h)
[ OK ] E_func_8013E588: 141 members [141 binaries] share h_exact 6f79cf5ad369… (source src/shared/engine_core.h)
[ OK ] E_func_80171AB0: 140 members [140 binaries] share h_exact 081f4c972e4e… (source src/shared/engine_core.h)
[ OK ] E_func_80172A2C: 141 members [141 binaries] share h_exact fd7fe6408367… (source src/shared/engine_core.h)
[ OK ] E_func_8016951C: 137 members [137 binaries] share h_exact 70b8e5ac8b46… (source src/shared/engine_core.h)
[ OK ] E_func_80156370: 141 members [141 binaries] share h_exact f3bd412fdc1b… (source src/shared/engine_core.h)
[ OK ] E_func_8016DB34: 136 members [136 binaries] share h_exact 5e5b01461273… (source src/shared/engine_core.h)
[ OK ] E_func_8013E2C4: 141 members [141 binaries] share h_exact c25f1351e0f8… (source src/shared/engine_core.h)
[ OK ] E_func_8016A1CC: 141 members [141 binaries] share h_exact d4c8dd1e1f54… (source src/shared/engine_core.h)
[ OK ] E_func_80158AE4: 141 members [141 binaries] share h_exact 97ed2dea7d62… (source src/shared/engine_core.h)
[ OK ] E_func_80151780: 141 members [141 binaries] share h_exact 87ab762c2c72… (source src/shared/engine_core.h)
[ OK ] E_func_80155150: 141 members [141 binaries] share h_exact 109982dde0e0… (source src/shared/engine_core.h)
[ OK ] E_func_80165A50: 141 members [141 binaries] share h_exact e5bf86d8cfc6… (source src/shared/engine_core.h)
[ OK ] E_func_8016F4C4: 141 members [141 binaries] share h_exact 3b02d0dc1833… (source src/shared/engine_core.h)
[ OK ] E_func_80142740: 141 members [141 binaries] share h_exact 3ec3edde387d… (source src/shared/engine_core.h)
[ OK ] E_func_801746A4: 141 members [141 binaries] share h_exact fb33806ff642… (source src/shared/engine_core.h)
[ OK ] E_func_8016D64C: 137 members [137 binaries] share h_exact 77d41c2986e4… (source src/shared/engine_core.h)
[ OK ] E_func_801726D0: 141 members [141 binaries] share h_exact 27e107b4a430… (source src/shared/engine_core.h)
[ OK ] E_func_801741A8: 141 members [141 binaries] share h_exact 19b723b78412… (source src/shared/engine_core.h)
[ OK ] E_func_8015086C: 141 members [141 binaries] share h_exact 6d9aa956a03b… (source src/shared/engine_core.h)
[ OK ] E_func_801730B4: 141 members [141 binaries] share h_exact 4477489a72e1… (source src/shared/engine_core.h)
[ OK ] E_func_801723C4: 141 members [141 binaries] share h_exact 6fc8c3eb5940… (source src/shared/engine_core.h)
[ OK ] E_func_80157B74: 141 members [141 binaries] share h_exact c3e70a00fc48… (source src/shared/engine_core.h)
[ OK ] E_func_80170DE0: 141 members [141 binaries] share h_exact 9b32f76e7cb0… (source src/shared/engine_core.h)
[ OK ] E_func_80170EAC: 141 members [141 binaries] share h_exact 6ac99ae34f80… (source src/shared/engine_core.h)
[ OK ] E_func_80142BB4: 135 members [135 binaries] share h_exact dd5bb9d1dc90… (source src/shared/engine_core.h)
[ OK ] E_func_80153E00: 141 members [141 binaries] share h_exact d8de78ab7c15… (source src/shared/engine_core.h)
[ OK ] E_func_80128DB4: 141 members [141 binaries] share h_exact ea0b61639d14… (source src/shared/engine_core.h)
[ OK ] E_func_801300F4: 141 members [141 binaries] share h_exact 9a31add0233f… (source src/shared/engine_core.h)
[ OK ] E_func_80136D08: 141 members [141 binaries] share h_exact 341646b1e3ef… (source src/shared/engine_core.h)
[ OK ] E_func_80130AF0: 141 members [141 binaries] share h_exact 8e41f83f1435… (source src/shared/engine_core.h)
[ OK ] E_func_8012944C: 141 members [141 binaries] share h_exact be6759df403b… (source src/shared/engine_core.h)
[ OK ] E_func_8012D4B4: 141 members [141 binaries] share h_exact c5e872b09551… (source src/shared/engine_core.h)
[ OK ] E_func_80137030: 141 members [141 binaries] share h_exact 9b08c5e5c158… (source src/shared/engine_core.h)
[ OK ] E_func_80132288: 141 members [141 binaries] share h_exact aa58fb495e58… (source src/shared/engine_core.h)
[ OK ] E_func_8012DBD0: 141 members [141 binaries] share h_exact e4bcf01ddd72… (source src/shared/engine_core.h)
[ OK ] E_func_8013339C: 141 members [141 binaries] share h_exact f8dd95c2cbaa… (source src/shared/engine_core.h)
[ OK ] E_func_80130514: 141 members [141 binaries] share h_exact f6519009fae1… (source src/shared/engine_core.h)
[ OK ] E_func_8013A2BC: 141 members [141 binaries] share h_exact 0640f150dd5c… (source src/shared/engine_core.h)
[ OK ] E_func_80130438: 141 members [141 binaries] share h_exact 5d57e32b4d11… (source src/shared/engine_core.h)
[ OK ] E_func_8012C2D0: 141 members [141 binaries] share h_exact 4516d04464a8… (source src/shared/engine_core.h)
[ OK ] E_func_8012B0B4: 141 members [141 binaries] share h_exact fcda221c9f85… (source src/shared/engine_core.h)
[ OK ] E_func_8012E28C: 141 members [141 binaries] share h_exact fbc845194420… (source src/shared/engine_core.h)
[ OK ] E_func_8012E688: 141 members [141 binaries] share h_exact 9c43d3fca3b1… (source src/shared/engine_core.h)
[ OK ] E_func_8012BFA8: 141 members [141 binaries] share h_exact 96500dd9a74d… (source src/shared/engine_core.h)
[ OK ] E_func_80130974: 141 members [141 binaries] share h_exact 69c020fd52e0… (source src/shared/engine_core.h)
[ OK ] E_func_8012F968: 141 members [141 binaries] share h_exact 8f98afeb4e34… (source src/shared/engine_core.h)
[ OK ] E_func_8012D714: 141 members [141 binaries] share h_exact 6c9f5e3f6433… (source src/shared/engine_core.h)
[ OK ] E_func_8012F568: 141 members [141 binaries] share h_exact d302f6edaf06… (source src/shared/engine_core.h)
[ OK ] E_func_8015126C: 141 members [141 binaries] share h_exact 59d8e87837d3… (source src/shared/engine_core.h)
[ OK ] E_func_80156B74: 141 members [141 binaries] share h_exact 892f5585ef35… (source src/shared/engine_core.h)
[ OK ] E_func_80163C2C: 141 members [141 binaries] share h_exact ac5193f0df21… (source src/shared/engine_core.h)
[ OK ] E_func_8012A62C: 141 members [141 binaries] share h_exact 9f719075488e… (source src/shared/engine_core.h)
[ OK ] E_func_801661CC: 136 members [136 binaries] share h_exact 204babba05ed… (source src/shared/engine_core.h)
[ OK ] E_func_8015ADB0: 141 members [141 binaries] share h_exact 6363dfded650… (source src/shared/engine_core.h)
[ OK ] E_func_80156ECC: 141 members [141 binaries] share h_exact 4f7da89fdcf1… (source src/shared/engine_core.h)
[ OK ] E_func_8012CFA8: 141 members [141 binaries] share h_exact fdd408372fbc… (source src/shared/engine_core.h)
[ OK ] E_func_80147E44: 141 members [141 binaries] share h_exact 35af89dcee21… (source src/shared/engine_core.h)
[ OK ] E_func_80166054: 137 members [137 binaries] share h_exact a49844042bce… (source src/shared/engine_core.h)
[ OK ] E_func_8017CE24: 3 members [ov_SC01_000,ov_SC01_001,ov_SC07_007] share h_exact 511a8b68802b… (source src/shared/engine_core.h)
[ OK ] E_func_801705C0: 141 members [141 binaries] share h_exact 1395c589d1e3… (source src/shared/engine_core.h)
[ OK ] E_func_8017C048: 2 members [ov_SC01_005,ov_SC01_006] share h_exact 767854057419… (source src/shared/engine_core.h)
[ OK ] E_func_8017C120: 2 members [ov_SC01_005,ov_SC01_006] share h_exact 767854057419… (source src/shared/engine_core.h)
[ OK ] E_func_8017C238: 2 members [ov_SC01_005,ov_SC01_006] share h_exact 767854057419… (source src/shared/engine_core.h)
[ OK ] E_func_8017C338: 2 members [ov_SC01_005,ov_SC01_006] share h_exact 767854057419… (source src/shared/engine_core.h)
[ OK ] E_func_8017D5CC: 2 members [ov_SC01_005,ov_SC01_006] share h_exact 98ab17e54d84… (source src/shared/engine_core.h)
[ OK ] E_func_801805A0: 2 members [ov_SC01_005,ov_SC01_006] share h_exact 767854057419… (source src/shared/engine_core.h)
[ OK ] E_func_80180800: 2 members [ov_SC01_005,ov_SC01_006] share h_exact 767854057419… (source src/shared/engine_core.h)
[ OK ] E_func_80180A30: 2 members [ov_SC01_005,ov_SC01_006] share h_exact 767854057419… (source src/shared/engine_core.h)
[ OK ] E_func_80180B04: 2 members [ov_SC01_005,ov_SC01_006] share h_exact ff05b638ac92… (source src/shared/engine_core.h)
[ OK ] E_func_80180B14: 2 members [ov_SC01_005,ov_SC01_006] share h_exact 7ab3d5f0fa1e… (source src/shared/engine_core.h)
[ OK ] E_func_8017DA84: 2 members [ov_SC01_005,ov_SC01_006] share h_exact 7438ad3e28f7… (source src/shared/engine_core.h)
[ OK ] E_func_801807E8: 2 members [ov_SC01_005,ov_SC01_006] share h_exact e97c73bdd79e… (source src/shared/engine_core.h)
[ OK ] E_func_8017D464: 2 members [ov_SC01_005,ov_SC01_006] share h_exact 4e0fdb97b17b… (source src/shared/engine_core.h)
[ OK ] E_func_8017E0EC: 2 members [ov_SC01_005,ov_SC01_006] share h_exact a05128332cc0… (source src/shared/engine_core.h)
[ OK ] E_func_8017D7E0: 2 members [ov_SC01_005,ov_SC01_006] share h_exact ee6ee2e0d5fc… (source src/shared/engine_core.h)
[ OK ] E_func_8017CDFC: 2 members [ov_SC01_009,ov_SC01_074] share h_exact 511a8b68802b… (source src/shared/engine_core.h)
[ OK ] E_func_80181DE0: 2 members [ov_SC02_000,ov_SC02_003] share h_exact 767854057419… (source src/shared/engine_core.h)
[ OK ] E_func_8018258C: 2 members [ov_SC02_000,ov_SC02_003] share h_exact 767854057419… (source src/shared/engine_core.h)
[ OK ] E_func_80183010: 2 members [ov_SC02_000,ov_SC02_003] share h_exact 767854057419… (source src/shared/engine_core.h)
[ OK ] E_func_80183A78: 2 members [ov_SC02_000,ov_SC02_003] share h_exact 703d398d81c2… (source src/shared/engine_core.h)
[ OK ] E_func_80183C94: 2 members [ov_SC02_000,ov_SC02_003] share h_exact 703d398d81c2… (source src/shared/engine_core.h)
[ OK ] E_func_8018535C: 2 members [ov_SC02_000,ov_SC02_003] share h_exact 767854057419… (source src/shared/engine_core.h)
[ OK ] E_func_801854C4: 2 members [ov_SC02_000,ov_SC02_003] share h_exact 767854057419… (source src/shared/engine_core.h)
[ OK ] E_func_80188DF0: 2 members [ov_SC02_000,ov_SC02_003] share h_exact 767854057419… (source src/shared/engine_core.h)
[ OK ] E_func_80189950: 2 members [ov_SC02_000,ov_SC02_003] share h_exact 767854057419… (source src/shared/engine_core.h)
[ OK ] E_func_80184164: 2 members [ov_SC02_000,ov_SC02_003] share h_exact 3a6e48b9f8b0… (source src/shared/engine_core.h)
[ OK ] E_func_8018A650: 2 members [ov_SC02_000,ov_SC02_003] share h_exact d6b0cf6fa2e6… (source src/shared/engine_core.h)
[ OK ] E_func_8017FC9C: 2 members [ov_SC02_000,ov_SC02_003] share h_exact 7de2e2a3e307… (source src/shared/engine_core.h)
[ OK ] E_func_80184B00: 2 members [ov_SC02_000,ov_SC02_003] share h_exact 981b4c9251c5… (source src/shared/engine_core.h)
[ OK ] E_func_80185364: 2 members [ov_SC02_000,ov_SC02_003] share h_exact e014632012b2… (source src/shared/engine_core.h)
[ OK ] E_func_80180394: 2 members [ov_SC02_000,ov_SC02_003] share h_exact 93666547fd3c… (source src/shared/engine_core.h)
[ OK ] E_func_801803B0: 2 members [ov_SC02_000,ov_SC02_003] share h_exact c0330a347bf7… (source src/shared/engine_core.h)
[ OK ] E_func_80181914: 2 members [ov_SC02_000,ov_SC02_003] share h_exact e88cba9aa01e… (source src/shared/engine_core.h)
[ OK ] E_func_8018621C: 2 members [ov_SC02_000,ov_SC02_003] share h_exact cd1fab6b6869… (source src/shared/engine_core.h)
[ OK ] E_func_80182338: 2 members [ov_SC02_000,ov_SC02_003] share h_exact 25c5aa9bdbfa… (source src/shared/engine_core.h)
[ OK ] E_func_801823F0: 2 members [ov_SC02_000,ov_SC02_003] share h_exact 511a8b68802b… (source src/shared/engine_core.h)
[ OK ] E_func_801824A8: 2 members [ov_SC02_000,ov_SC02_003] share h_exact 511a8b68802b… (source src/shared/engine_core.h)
[ OK ] E_func_80184174: 2 members [ov_SC02_000,ov_SC02_003] share h_exact 81949fd06dce… (source src/shared/engine_core.h)
[ OK ] E_func_80188F08: 2 members [ov_SC02_000,ov_SC02_003] share h_exact 7dfff3b1d179… (source src/shared/engine_core.h)
[ OK ] E_func_80181CE0: 2 members [ov_SC02_000,ov_SC02_003] share h_exact de11b66c086a… (source src/shared/engine_core.h)
[ OK ] E_func_8018623C: 2 members [ov_SC02_000,ov_SC02_003] share h_exact e7ce2fe1a085… (source src/shared/engine_core.h)
[ OK ] E_func_80180210: 2 members [ov_SC02_011,ov_SC04_015] share h_exact 767854057419… (source src/shared/engine_core.h)
[ OK ] E_func_80183808: 2 members [ov_SC02_031,ov_SC03_002] share h_exact 767854057419… (source src/shared/engine_core.h)
[ OK ] E_func_80170B48: 141 members [141 binaries] share h_exact b583bc184f30… (source src/shared/engine_core.h)
[ OK ] E_func_8015F948: 141 members [141 binaries] share h_exact 299a7ca52aa3… (source src/shared/engine_core.h)
[ OK ] E_func_80155E30: 141 members [141 binaries] share h_exact 10692cc0d1d5… (source src/shared/engine_core.h)
[ OK ] E_func_801576A8: 141 members [141 binaries] share h_exact cb63f9832986… (source src/shared/engine_core.h)
[ OK ] E_func_80168F40: 138 members [138 binaries] share h_exact 75c3bc8284cb… (source src/shared/engine_core.h)
[ OK ] E_func_80163A94: 141 members [141 binaries] share h_exact 205796bacac0… (source src/shared/engine_core.h)
[ OK ] E_func_80156848: 141 members [141 binaries] share h_exact 6818a35cfaa0… (source src/shared/engine_core.h)
[ OK ] E_func_8012FDA8: 141 members [141 binaries] share h_exact 703b833660be… (source src/shared/engine_core.h)
[ OK ] E_func_8012BA10: 141 members [141 binaries] share h_exact 8bd6fb17caa2… (source src/shared/engine_core.h)
[ OK ] E_func_80181D2C: 2 members [ov_SC02_000,ov_SC02_003] share h_exact e868b79b29fa… (source src/shared/engine_core.h)
[ OK ] E_func_80182D00: 2 members [ov_SC02_000,ov_SC02_003] share h_exact ed044b295b10… (source src/shared/engine_core.h)
[ OK ] E_func_801868D4: 2 members [ov_SC02_000,ov_SC02_003] share h_exact b24f319e7193… (source src/shared/engine_core.h)
[ OK ] E_func_801863E8: 2 members [ov_SC02_000,ov_SC02_003] share h_exact 40bd924934aa… (source src/shared/engine_core.h)
[ OK ] E_func_8017BF98: 6 members [ov_SC03_014,ov_SC03_015,ov_SC03_024,ov_SC03_118,ov_SC03_119,ov_SC06_000] share h_exact 767854057419… (source src/shared/engine_core.h)
[ OK ] E_func_8017C07C: 6 members [ov_SC03_014,ov_SC03_015,ov_SC03_024,ov_SC03_118,ov_SC03_119,ov_SC06_000] share h_exact 767854057419… (source src/shared/engine_core.h)
[ OK ] E_func_8017C14C: 6 members [ov_SC03_014,ov_SC03_015,ov_SC03_024,ov_SC03_118,ov_SC03_119,ov_SC06_000] share h_exact 767854057419… (source src/shared/engine_core.h)
[ OK ] E_func_8017DD74: 6 members [ov_SC03_014,ov_SC03_015,ov_SC03_024,ov_SC03_118,ov_SC03_119,ov_SC06_000] share h_exact 767854057419… (source src/shared/engine_core.h)
[ OK ] E_func_8017DF7C: 6 members [ov_SC03_014,ov_SC03_015,ov_SC03_024,ov_SC03_118,ov_SC03_119,ov_SC06_000] share h_exact 767854057419… (source src/shared/engine_core.h)
[ OK ] E_func_80180714: 2 members [ov_SC03_014,ov_SC03_015] share h_exact 767854057419… (source src/shared/engine_core.h)
[ OK ] E_func_80188470: 2 members [ov_SC03_014,ov_SC03_015] share h_exact 767854057419… (source src/shared/engine_core.h)
[ OK ] E_func_801892D4: 2 members [ov_SC03_014,ov_SC03_015] share h_exact 767854057419… (source src/shared/engine_core.h)
[ OK ] E_func_801892DC: 2 members [ov_SC03_014,ov_SC03_015] share h_exact 767854057419… (source src/shared/engine_core.h)
[ OK ] E_func_80189C74: 2 members [ov_SC03_014,ov_SC03_015] share h_exact 767854057419… (source src/shared/engine_core.h)
[ OK ] E_func_80189104: 2 members [ov_SC03_014,ov_SC03_015] share h_exact 8917e2f1a95a… (source src/shared/engine_core.h)
[ OK ] E_func_801890F8: 2 members [ov_SC03_014,ov_SC03_015] share h_exact 7c97457dadac… (source src/shared/engine_core.h)
[ OK ] E_func_8018918C: 2 members [ov_SC03_014,ov_SC03_015] share h_exact ce25fd3e4ebd… (source src/shared/engine_core.h)
[ OK ] E_func_80188F18: 2 members [ov_SC03_014,ov_SC03_015] share h_exact 1a763dd04ffe… (source src/shared/engine_core.h)
[ OK ] E_func_8017F49C: 2 members [ov_SC03_118,ov_SC03_119] share h_exact 767854057419… (source src/shared/engine_core.h)
[ OK ] E_func_80182ADC: 2 members [ov_SC03_118,ov_SC03_119] share h_exact 767854057419… (source src/shared/engine_core.h)
[ OK ] E_func_80182AE4: 2 members [ov_SC03_118,ov_SC03_119] share h_exact 767854057419… (source src/shared/engine_core.h)
[ OK ] E_func_80183AF8: 2 members [ov_SC03_118,ov_SC03_119] share h_exact 767854057419… (source src/shared/engine_core.h)
[ OK ] E_func_80183C50: 2 members [ov_SC03_118,ov_SC03_119] share h_exact 767854057419… (source src/shared/engine_core.h)
[ OK ] E_func_80187D04: 2 members [ov_SC03_118,ov_SC03_119] share h_exact 767854057419… (source src/shared/engine_core.h)
[ OK ] E_func_80189274: 2 members [ov_SC03_118,ov_SC03_119] share h_exact 767854057419… (source src/shared/engine_core.h)
[ OK ] E_func_80182910: 2 members [ov_SC03_118,ov_SC03_119] share h_exact 8917e2f1a95a… (source src/shared/engine_core.h)
[ OK ] E_func_80182904: 2 members [ov_SC03_118,ov_SC03_119] share h_exact 7c97457dadac… (source src/shared/engine_core.h)
[ OK ] E_func_8017F224: 3 members [ov_SC03_126,ov_SC04_021,ov_SC05_019] share h_exact 767854057419… (source src/shared/engine_core.h)
[ OK ] E_func_8018235C: 2 members [ov_SC02_000,ov_SC02_003] share h_exact 9422daebbf87… (source src/shared/engine_core.h)
[ OK ] E_func_801831A8: 2 members [ov_SC02_000,ov_SC02_003] share h_exact 2e98bb22dcc9… (source src/shared/engine_core.h)
[ OK ] E_func_801856B4: 2 members [ov_SC03_014,ov_SC03_015] share h_exact 6b65368d6562… (source src/shared/engine_core.h)
[ OK ] E_func_80182988: 2 members [ov_SC03_118,ov_SC03_119] share h_exact ce25fd3e4ebd… (source src/shared/engine_core.h)
[ OK ] E_func_8017D6A8: 3 members [ov_SC04_018,ov_SC04_019,ov_SC05_017] share h_exact 767854057419… (source src/shared/engine_core.h)
[ OK ] E_func_8018015C: 2 members [ov_SC04_018,ov_SC04_019] share h_exact 767854057419… (source src/shared/engine_core.h)
[ OK ] E_func_80184B68: 2 members [ov_SC04_018,ov_SC04_019] share h_exact 767854057419… (source src/shared/engine_core.h)
[ OK ] E_func_80184CB0: 2 members [ov_SC04_018,ov_SC04_019] share h_exact 3aa0211c9ea3… (source src/shared/engine_core.h)
[ OK ] E_func_801851F0: 2 members [ov_SC04_018,ov_SC04_019] share h_exact 767854057419… (source src/shared/engine_core.h)
[ OK ] E_func_801851F8: 2 members [ov_SC04_018,ov_SC04_019] share h_exact 767854057419… (source src/shared/engine_core.h)
[ OK ] E_func_80185200: 2 members [ov_SC04_018,ov_SC04_019] share h_exact 767854057419… (source src/shared/engine_core.h)
[ OK ] E_func_80185208: 2 members [ov_SC04_018,ov_SC04_019] share h_exact 767854057419… (source src/shared/engine_core.h)
[ OK ] E_func_80185210: 2 members [ov_SC04_018,ov_SC04_019] share h_exact 767854057419… (source src/shared/engine_core.h)
[ OK ] E_func_8018525C: 2 members [ov_SC04_018,ov_SC04_019] share h_exact 767854057419… (source src/shared/engine_core.h)
[ OK ] E_func_8018A988: 2 members [ov_SC04_018,ov_SC04_019] share h_exact 767854057419… (source src/shared/engine_core.h)
[ OK ] E_func_8018C69C: 2 members [ov_SC04_018,ov_SC04_019] share h_exact 767854057419… (source src/shared/engine_core.h)
[ OK ] E_func_8018CDDC: 2 members [ov_SC04_018,ov_SC04_019] share h_exact 767854057419… (source src/shared/engine_core.h)
[ OK ] E_func_8018CDE4: 2 members [ov_SC04_018,ov_SC04_019] share h_exact 767854057419… (source src/shared/engine_core.h)
[ OK ] E_func_8018AFE8: 2 members [ov_SC04_018,ov_SC04_019] share h_exact 6ff945fc330f… (source src/shared/engine_core.h)
[ OK ] E_func_80187E28: 2 members [ov_SC03_014,ov_SC03_015] share h_exact 981b4c9251c5… (source src/shared/engine_core.h)
[ OK ] E_func_80182704: 2 members [ov_SC03_118,ov_SC03_119] share h_exact 1a763dd04ffe… (source src/shared/engine_core.h)
[ OK ] E_func_8017F190: 3 members [ov_SC03_126,ov_SC04_021,ov_SC05_019] share h_exact efda0d44c131… (source src/shared/engine_core.h)
[ OK ] E_func_8017E264: 2 members [ov_SC04_018,ov_SC04_019] share h_exact b79d8a2ab53c… (source src/shared/engine_core.h)
[ OK ] E_func_8018B868: 2 members [ov_SC04_018,ov_SC04_019] share h_exact 7c97457dadac… (source src/shared/engine_core.h)
[ OK ] E_func_8017C090: 4 members [ov_SC06_018,ov_SC06_020,ov_SC06_032,ov_SC06_033] share h_exact 981b4c9251c5… (source src/shared/engine_core.h)
[ OK ] E_func_8018248C: 2 members [ov_SC03_118,ov_SC03_119] share h_exact 7dae7530ad8d… (source src/shared/engine_core.h)
[ OK ] E_func_8018B564: 2 members [ov_SC04_018,ov_SC04_019] share h_exact 7c97457dadac… (source src/shared/engine_core.h)
[ OK ] E_func_8018B6E8: 2 members [ov_SC04_018,ov_SC04_019] share h_exact 7c97457dadac… (source src/shared/engine_core.h)
[ OK ] E_func_8017DEA4: 2 members [ov_SC03_001,ov_SC06_018] share h_exact 767854057419… (source src/shared/engine_core.h)
[ OK ] E_func_8017D12C: 2 members [ov_SC06_018,ov_SC06_020] share h_exact 79ff94814358… (source src/shared/engine_core.h)
[ OK ] E_func_8018B9D0: 2 members [ov_SC04_018,ov_SC04_019] share h_exact 7c97457dadac… (source src/shared/engine_core.h)
[ OK ] E_func_8017E0FC: 2 members [ov_SC04_018,ov_SC04_019] share h_exact 0e3d12a08721… (source src/shared/engine_core.h)
[ OK ] E_func_8017E074: 2 members [ov_SC04_018,ov_SC04_019] share h_exact 0e3d12a08721… (source src/shared/engine_core.h)
[ OK ] E_func_80181998: 2 members [ov_SC04_018,ov_SC04_019] share h_exact 73cc22e8943a… (source src/shared/engine_core.h)
[ OK ] E_func_80183958: 2 members [ov_SC03_014,ov_SC03_015] share h_exact eaf324b89a25… (source src/shared/engine_core.h)
[ OK ] E_func_801819B0: 2 members [ov_SC04_018,ov_SC04_019] share h_exact 32bb12da0636… (source src/shared/engine_core.h)
[ OK ] E_func_8018071C: 2 members [ov_SC03_014,ov_SC03_015] share h_exact a19e9b10804a… (source src/shared/engine_core.h)
[ OK ] E_func_80183930: 2 members [ov_SC03_014,ov_SC03_015] share h_exact 20a4f42e7ee4… (source src/shared/engine_core.h)
[ OK ] E_func_801892E4: 2 members [ov_SC03_014,ov_SC03_015] share h_exact 1c9e6f308a8c… (source src/shared/engine_core.h)
[ OK ] E_func_80184440: 2 members [ov_SC03_014,ov_SC03_015] share h_exact 2c4a16e5625c… (source src/shared/engine_core.h)
[ OK ] E_func_801819EC: 2 members [ov_SC03_118,ov_SC03_119] share h_exact 68a6381c3681… (source src/shared/engine_core.h)
[ OK ] E_func_80181A3C: 2 members [ov_SC03_118,ov_SC03_119] share h_exact 6b1b152572d4… (source src/shared/engine_core.h)
[ OK ] E_func_801819C4: 2 members [ov_SC03_118,ov_SC03_119] share h_exact 1e7aa7f50293… (source src/shared/engine_core.h)
[ OK ] E_func_8017F4A4: 2 members [ov_SC03_118,ov_SC03_119] share h_exact 092cef339f87… (source src/shared/engine_core.h)
[ OK ] E_func_801835C4: 2 members [ov_SC03_014,ov_SC03_015] share h_exact 515d76d5fe72… (source src/shared/engine_core.h)
[ OK ] E_func_8018BF08: 2 members [ov_SC04_018,ov_SC04_019] share h_exact 4ab0fc7a4435… (source src/shared/engine_core.h)
[ OK ] E_func_801848E4: 2 members [ov_SC03_014,ov_SC03_015] share h_exact dac153f25f8f… (source src/shared/engine_core.h)
[ OK ] E_func_8018553C: 2 members [ov_SC03_014,ov_SC03_015] share h_exact 3d02f43efb87… (source src/shared/engine_core.h)
[ OK ] E_func_801838E0: 2 members [ov_SC03_118,ov_SC03_119] share h_exact f06cf5c8f17b… (source src/shared/engine_core.h)
[ OK ] E_func_8018385C: 2 members [ov_SC03_014,ov_SC03_015] share h_exact d74f31e7d9da… (source src/shared/engine_core.h)
[ OK ] E_func_801838A4: 2 members [ov_SC03_118,ov_SC03_119] share h_exact fdb4a3131b5f… (source src/shared/engine_core.h)
[ OK ] E_func_80183B00: 2 members [ov_SC03_118,ov_SC03_119] share h_exact 94d66b298ab6… (source src/shared/engine_core.h)
[ OK ] E_func_8018AF00: 2 members [ov_SC04_018,ov_SC04_019] share h_exact 82100dfe0ccc… (source src/shared/engine_core.h)
[ OK ] E_func_8016B91C: 141 members [141 binaries] share h_exact 8dc4cbd5edd2… (source src/shared/engine_core.h)
[ OK ] E_func_8017248C: 141 members [141 binaries] share h_exact 9efabaa284a3… (source src/shared/engine_core.h)
[ OK ] E_func_8017C5CC: 2 members [ov_SC04_018,ov_SC04_019] share h_exact 41d6324c9653… (source src/shared/engine_core.h)
[ OK ] E_func_8018AB3C: 2 members [ov_SC04_018,ov_SC04_019] share h_exact cd04ab981ea3… (source src/shared/engine_core.h)
[ OK ] E_func_80186084: 2 members [ov_SC04_018,ov_SC04_019] share h_exact a92965d5e1da… (source src/shared/engine_core.h)
[ OK ] E_func_8017D6B0: 2 members [ov_SC04_018,ov_SC04_019] share h_exact 03c35bc37641… (source src/shared/engine_core.h)
[ OK ] E_func_8018233C: 2 members [ov_SC04_018,ov_SC04_019] share h_exact 1efa928fe953… (source src/shared/engine_core.h)
[ OK ] E_func_8018A740: 2 members [ov_SC04_018,ov_SC04_019] share h_exact 95bfc71bed55… (source src/shared/engine_core.h)
[ OK ] E_func_8018A898: 2 members [ov_SC04_018,ov_SC04_019] share h_exact 4a8440b55138… (source src/shared/engine_core.h)
[ OK ] E_func_8017F058: 2 members [ov_SC04_018,ov_SC04_019] share h_exact c1e50dcd8438… (source src/shared/engine_core.h)
[ OK ] E_func_801800E0: 2 members [ov_SC04_018,ov_SC04_019] share h_exact 9337da840d60… (source src/shared/engine_core.h)
[ OK ] E_func_8014EE14: 141 members [141 binaries] share h_exact d6ee7093b8d7… (source src/shared/engine_core.h)
[ OK ] E_func_80150528: 141 members [141 binaries] share h_exact 16c084efe7d6… (source src/shared/engine_core.h)
[ OK ] E_func_8014F2E0: 141 members [141 binaries] share h_exact 9991296c5a8f… (source src/shared/engine_core.h)
[ OK ] E_func_80149374: 138 members [138 binaries] share h_exact 26721d910614… (source src/shared/engine_core.h)
[ OK ] E_func_80132784: 141 members [141 binaries] share h_exact 040f7b5107c6… (source src/shared/engine_core.h)
[ OK ] E_func_801542A4: 141 members [141 binaries] share h_exact c86eb0e71146… (source src/shared/engine_core.h)
[ OK ] E_func_8015BE94: 141 members [141 binaries] share h_exact 05b435332750… (source src/shared/engine_core.h)
[ OK ] E_func_8015F380: 141 members [141 binaries] share h_exact 9e46a0ac9587… (source src/shared/engine_core.h)
[ OK ] E_func_80160F00: 141 members [141 binaries] share h_exact 5957f663ab24… (source src/shared/engine_core.h)
[ OK ] E_func_801653B8: 141 members [141 binaries] share h_exact c08b20fc67bb… (source src/shared/engine_core.h)
[ OK ] E_func_80166244: 141 members [141 binaries] share h_exact eadf51e888b3… (source src/shared/engine_core.h)
[ OK ] E_func_8016E778: 141 members [141 binaries] share h_exact 7d88873eafbb… (source src/shared/engine_core.h)
[ OK ] E_func_801732C4: 141 members [141 binaries] share h_exact 473235700bb0… (source src/shared/engine_core.h)
[ OK ] E_func_8017331C: 141 members [141 binaries] share h_exact c50bd2124b53… (source src/shared/engine_core.h)
[ OK ] E_func_80173374: 141 members [141 binaries] share h_exact abb483e19740… (source src/shared/engine_core.h)
[ OK ] E_func_80174554: 141 members [141 binaries] share h_exact 32c867659cef… (source src/shared/engine_core.h)
[ OK ] E_func_801745AC: 141 members [141 binaries] share h_exact 905697a4c29e… (source src/shared/engine_core.h)
[ OK ] E_func_8014F74C: 141 members [141 binaries] share h_exact f969fea3b8fa… (source src/shared/engine_core.h)
[ OK ] E_func_8014E048: 141 members [141 binaries] share h_exact eab8167ecd40… (source src/shared/engine_core.h)
[ OK ] E_func_80157580: 141 members [141 binaries] share h_exact d10465375201… (source src/shared/engine_core.h)
[ OK ] E_func_80129CF8: 141 members [141 binaries] share h_exact 3602e5f8bc86… (source src/shared/engine_core.h)
[ OK ] E_func_80138ED0: 141 members [141 binaries] share h_exact 241c39640d58… (source src/shared/engine_core.h)
[ OK ] E_func_8012D098: 141 members [141 binaries] share h_exact 182a812c8f35… (source src/shared/engine_core.h)
[ OK ] E_func_8012EC04: 141 members [141 binaries] share h_exact 32bb75a91c92… (source src/shared/engine_core.h)
[ OK ] E_func_801392FC: 141 members [141 binaries] share h_exact f712e6904e23… (source src/shared/engine_core.h)
[ OK ] E_func_8013A530: 138 members [138 binaries] share h_exact 4ab0c4ef025f… (source src/shared/engine_core.h)
[ OK ] E_func_8013AF20: 141 members [141 binaries] share h_exact c7ed6f700887… (source src/shared/engine_core.h)
[ OK ] E_func_801571C4: 141 members [141 binaries] share h_exact b04b8b2c4c0b… (source src/shared/engine_core.h)
[ OK ] E_func_8014EA4C: 141 members [141 binaries] share h_exact 3d0eaf2f51c0… (source src/shared/engine_core.h)
[ OK ] E_func_80176D94: 141 members [141 binaries] share h_exact 9a53081e0483… (source src/shared/engine_core.h)
[ OK ] E_func_80148094: 141 members [141 binaries] share h_exact 8fd8787a07d0… (source src/shared/engine_core.h)
[ OK ] E_func_80144B9C: 134 members [134 binaries] share h_exact 74186b97e5d9… (source src/shared/func_80144B9C.h)
[ OK ] E_func_801770E0: 141 members [141 binaries] share h_exact bb5717880c3a… (source src/shared/engine_core.h)
[ OK ] E_func_801372B0: 141 members [141 binaries] share h_exact 009f12cb1c24… (source src/shared/engine_core.h)
[ OK ] E_func_80174650: 141 members [141 binaries] share h_exact af8128df5ff6… (source src/shared/engine_core.h)
[ OK ] E_func_8014C8C8: 141 members [141 binaries] share h_exact 84590790e784… (source src/shared/engine_core.h)
[ OK ] E_func_8012C098: 141 members [141 binaries] share h_exact df79b18a903e… (source src/shared/engine_core.h)
[ OK ] E_func_8012F14C: 141 members [141 binaries] share h_exact 9a2982b698fb… (source src/shared/engine_core.h)
[ OK ] E_func_80157158: 141 members [141 binaries] share h_exact 36d80e76c478… (source src/shared/engine_core.h)
[ OK ] E_func_8012F038: 141 members [141 binaries] share h_exact b4078382239b… (source src/shared/engine_core.h)
[ OK ] E_func_8014964C: 138 members [138 binaries] share h_exact fffcefd2cb95… (source src/shared/engine_core.h)
[ OK ] E_func_8012C0EC: 141 members [141 binaries] share h_exact e05b7bff0ee2… (source src/shared/engine_core.h)
[ OK ] E_func_8012E5CC: 141 members [141 binaries] share h_exact 62ab8c1ddf81… (source src/shared/engine_core.h)
[ OK ] E_func_8012C750: 141 members [141 binaries] share h_exact 0789df8727b7… (source src/shared/engine_core.h)
[ OK ] E_func_80128ED8: 141 members [141 binaries] share h_exact e40952016218… (source src/shared/engine_core.h)
[ OK ] E_func_80177EA4: 141 members [141 binaries] share h_exact cae296e75d60… (source src/shared/engine_core.h)
[ OK ] E_func_8016A8FC: 138 members [138 binaries] share h_exact 5793cdffdeb2… (source src/shared/engine_core.h)
[ OK ] E_func_8014A048: 136 members [136 binaries] share h_exact e56821e1a578… (source src/shared/engine_core.h)
[ OK ] E_func_801678F0: 137 members [137 binaries] share h_exact b2dc4b7dabeb… (source src/shared/engine_core.h)
[ OK ] E_func_8014DD8C: 141 members [141 binaries] share h_exact 500465632aae… (source src/shared/engine_core.h)
[ OK ] E_func_8017C710: 2 members [ov_SC01_077,ov_SC03_030] share h_exact e2fbbbec6efc… (source src/shared/engine_core.h)
[ OK ] E_func_80130650: 141 members [141 binaries] share h_exact 3767c0111687… (source src/shared/engine_core.h)
[ OK ] E_func_80149450: 137 members [137 binaries] share h_exact bef71548def1… (source src/shared/engine_core.h)
[ OK ] E_func_80174684: 141 members [141 binaries] share h_exact 1d3fce0c7029… (source src/shared/engine_core.h)
[ OK ] E_func_80129C40: 141 members [141 binaries] share h_exact a2a5c189fbe5… (source src/shared/engine_core.h)
[ OK ] E_func_8012A6D0: 141 members [141 binaries] share h_exact 9aca37ff7a45… (source src/shared/engine_core.h)
[ OK ] E_func_80130A18: 141 members [141 binaries] share h_exact f655639fbeb6… (source src/shared/engine_core.h)
[ OK ] E_func_80131D68: 141 members [141 binaries] share h_exact 4640feb0959a… (source src/shared/engine_core.h)
[ OK ] E_func_80136DFC: 141 members [141 binaries] share h_exact 6abee49ee468… (source src/shared/engine_core.h)
[ OK ] E_func_80146C3C: 141 members [141 binaries] share h_exact 0f47073c9f6c… (source src/shared/engine_core.h)
[ OK ] E_func_80147F78: 141 members [141 binaries] share h_exact 9eb3a5c0c1fd… (source src/shared/engine_core.h)
[ OK ] E_func_801494CC: 137 members [137 binaries] share h_exact 07fe2d7e60e6… (source src/shared/engine_core.h)
[ OK ] E_func_80149F2C: 134 members [134 binaries] share h_exact 6d45bcfe1c7b… (source src/shared/engine_core.h)
[ OK ] E_func_8014C1C8: 141 members [141 binaries] share h_exact a06d5493cf5c… (source src/shared/engine_core.h)
[ OK ] E_func_80152C80: 141 members [141 binaries] share h_exact 5dc4521e4e34… (source src/shared/engine_core.h)
[ OK ] E_func_801719A4: 141 members [141 binaries] share h_exact 7890648e9bc9… (source src/shared/engine_core.h)
[ OK ] E_func_80173BC0: 141 members [141 binaries] share h_exact a2c3e96623cb… (source src/shared/engine_core.h)
[ OK ] E_func_80173CB4: 141 members [141 binaries] share h_exact fc7be8bd1fe5… (source src/shared/engine_core.h)
[ OK ] E_func_8014ADE0: 141 members [141 binaries] share h_exact 8e362b781739… (source src/shared/engine_core.h)
[ OK ] E_func_801325B8: 137 members [137 binaries] share h_exact 8fd22bf4c10f… (source src/shared/engine_core.h)
[ OK ] E_func_801387B8: 141 members [141 binaries] share h_exact c8e301b8de1d… (source src/shared/engine_core.h)
[ OK ] E_func_8014F4C0: 141 members [141 binaries] share h_exact c378aa0123ea… (source src/shared/engine_core.h)
[ OK ] E_func_8014E284: 141 members [141 binaries] share h_exact 8425223edca5… (source src/shared/engine_core.h)
[ OK ] E_func_80137DD4: 141 members [141 binaries] share h_exact 9b03676a7a34… (source src/shared/engine_core.h)
[ OK ] E_func_80150170: 141 members [141 binaries] share h_exact c6cae37c69f9… (source src/shared/engine_core.h)
[ OK ] E_func_80141B90: 141 members [141 binaries] share h_exact a8e23f5486ac… (source src/shared/engine_core.h)
[ OK ] E_func_80167714: 137 members [137 binaries] share h_exact a7f0e3d635df… (source src/shared/engine_core.h)
[ OK ] E_func_80165CA0: 141 members [141 binaries] share h_exact 0b19faae66ff… (source src/shared/engine_core.h)
[ OK ] E_func_8014CD80: 141 members [141 binaries] share h_exact 4da9c2dae868… (source src/shared/engine_core.h)
[ OK ] E_func_80130C08: 141 members [141 binaries] share h_exact 88d6ca22622d… (source src/shared/engine_core.h)
[ OK ] E_func_80137178: 141 members [141 binaries] share h_exact f5d8c9a98232… (source src/shared/engine_core.h)
[ OK ] E_func_8012E138: 141 members [141 binaries] share h_exact 11b77ce574e0… (source src/shared/engine_core.h)
[ OK ] E_func_80175308: 141 members [141 binaries] share h_exact c722f77f0022… (source src/shared/engine_core.h)
[ OK ] E_func_8014C568: 141 members [141 binaries] share h_exact 1fad7d90b5c6… (source src/shared/engine_core.h)
[ OK ] E_func_8012A418: 141 members [141 binaries] share h_exact 2de4ec2a6187… (source src/shared/engine_core.h)
[ OK ] E_func_80134310: 141 members [141 binaries] share h_exact ffd70f58a52c… (source src/shared/engine_core.h)
[ OK ] E_func_801395D4: 141 members [141 binaries] share h_exact 16b2a1021f15… (source src/shared/engine_core.h)
[ OK ] E_func_80171FFC: 141 members [141 binaries] share h_exact 9aea5b9c3dd8… (source src/shared/engine_core.h)
[ OK ] E_func_801522CC: 141 members [141 binaries] share h_exact 5dc4521e4e34… (source src/shared/engine_core.h)
[ OK ] E_func_801497A8: 141 members [141 binaries] share h_exact a3d1ef667b8c… (source src/shared/engine_core.h)
[ OK ] E_func_8012C658: 141 members [141 binaries] share h_exact c0654b3fbb3b… (source src/shared/engine_core.h)
[ OK ] E_func_8016EFC8: 141 members [141 binaries] share h_exact 39bb5dee196c… (source src/shared/engine_core.h)
[ OK ] E_func_801775E0: 141 members [141 binaries] share h_exact 5b683ae44990… (source src/shared/engine_core.h)
[ OK ] E_func_80164418: 141 members [141 binaries] share h_exact 1db8c7d32ffe… (source src/shared/engine_core.h)
[ OK ] E_func_801379FC: 141 members [141 binaries] share h_exact c5517b87d82c… (source src/shared/engine_core.h)
[ OK ] E_func_8012EA90: 141 members [141 binaries] share h_exact fae868085bf6… (source src/shared/engine_core.h)
[ OK ] E_func_8012E778: 138 members [138 binaries] share h_exact fba658ee01eb… (source src/shared/engine_core.h)
[ OK ] E_func_8012A464: 141 members [141 binaries] share h_exact 7bec4d364164… (source src/shared/engine_core.h)
[ OK ] E_func_8014FFDC: 141 members [141 binaries] share h_exact 8e65f9efbd00… (source src/shared/engine_core.h)
[ OK ] E_func_801502EC: 141 members [141 binaries] share h_exact 8e65f9efbd00… (source src/shared/engine_core.h)
[ OK ] E_func_80136F3C: 141 members [141 binaries] share h_exact d6334f65a52e… (source src/shared/engine_core.h)
[ OK ] E_func_80180710: 2 members [ov_SC01_005,ov_SC01_006] share h_exact d000df43eb6a… (source src/shared/engine_core.h)
[ OK ] E_func_8014A51C: 141 members [141 binaries] share h_exact bc569e9cd2f0… (source src/shared/engine_core.h)
[ OK ] E_func_801483E8: 141 members [141 binaries] share h_exact e947d4763471… (source src/shared/engine_core.h)
[ OK ] E_func_8014680C: 141 members [141 binaries] share h_exact 41135668e041… (source src/shared/engine_core.h)
[ OK ] E_func_8017129C: 141 members [141 binaries] share h_exact 86403336f739… (source src/shared/engine_core.h)
[ OK ] E_func_80177AD4: 141 members [141 binaries] share h_exact c3e9fff455a4… (source src/shared/engine_core.h)
[ OK ] E_func_80177940: 141 members [141 binaries] share h_exact 1bed0717bdfb… (source src/shared/engine_core.h)
[ OK ] E_func_8012B4B8: 141 members [141 binaries] share h_exact fe8e098421e0… (source src/shared/engine_core.h)
[ OK ] E_func_80169228: 141 members [141 binaries] share h_exact fedcb0b472c3… (source src/shared/engine_core.h)
[ OK ] E_func_80174CB0: 138 members [138 binaries] share h_exact 5fd1ad068440… (source src/shared/engine_core.h)
[ OK ] E_func_801777BC: 141 members [141 binaries] share h_exact 203623683312… (source src/shared/engine_core.h)
[ OK ] E_func_8014D4C0: 141 members [141 binaries] share h_exact acc0ee6da878… (source src/shared/engine_core.h)
[ OK ] E_func_8014F3E8: 141 members [141 binaries] share h_exact 2ccf344dee03… (source src/shared/engine_core.h)
[ OK ] E_func_8012E014: 141 members [141 binaries] share h_exact 18eeac9eedc3… (source src/shared/engine_core.h)
[ OK ] E_func_80151C54: 141 members [141 binaries] share h_exact 1902c5e63d48… (source src/shared/engine_core.h)
[ OK ] E_func_8012F49C: 140 members [140 binaries] share h_exact c9866fcb8607… (source src/shared/engine_core.h)
[ OK ] E_func_80151B98: 141 members [141 binaries] share h_exact d225cfe6779e… (source src/shared/engine_core.h)
[ OK ] E_func_8017BF34: 10 members [10 binaries] share h_exact 952c5c0012f6… (source src/shared/engine_core.h)
[ OK ] E_func_8017C560: 10 members [10 binaries] share h_exact f93a4aa39125… (source src/shared/engine_core.h)
[ OK ] E_func_8017C1CC: 10 members [10 binaries] share h_exact 14ad452713e2… (source src/shared/engine_core.h)
[ OK ] E_func_8017C770: 10 members [10 binaries] share h_exact daeb5195207e… (source src/shared/engine_core.h)
[ OK ] E_func_8017C8B4: 10 members [10 binaries] share h_exact 3d8efbf9d677… (source src/shared/engine_core.h)
[ OK ] E_func_80182190: 2 members [ov_SC02_000,ov_SC02_003] share h_exact 07c10fc38720… (source src/shared/engine_core.h)
[ OK ] E_func_80187060: 2 members [ov_SC02_000,ov_SC02_003] share h_exact 71935dc160b5… (source src/shared/engine_core.h)
[ OK ] E_func_80186FDC: 2 members [ov_SC02_000,ov_SC02_003] share h_exact edd8502ee448… (source src/shared/engine_core.h)
[ OK ] E_func_80183A80: 2 members [ov_SC02_000,ov_SC02_003] share h_exact ef4ae028783b… (source src/shared/engine_core.h)
[ OK ] E_func_801805F8: 2 members [ov_SC03_014,ov_SC03_015] share h_exact fe6ef275e4eb… (source src/shared/engine_core.h)
[ OK ] E_func_80180B84: 2 members [ov_SC03_014,ov_SC03_015] share h_exact 5c8b46bfa61d… (source src/shared/engine_core.h)
[ OK ] E_func_801898BC: 2 members [ov_SC03_014,ov_SC03_015] share h_exact 00c057a5ca16… (source src/shared/engine_core.h)
[ OK ] E_func_801718AC: 141 members [141 binaries] share h_exact 42c81ec59056… (source src/shared/engine_core.h)
[ OK ] E_func_80185978: 2 members [ov_SC04_018,ov_SC04_019] share h_exact f66a4435ed8d… (source src/shared/engine_core.h)
[ OK ] E_func_8013C360: 137 members [137 binaries] share h_exact 7c1b3bb8401a… (source src/shared/engine_core.h)
[ OK ] E_func_80147364: 141 members [141 binaries] share h_exact 813729d8b465… (source src/shared/engine_core.h)
[ OK ] E_func_8016BA68: 141 members [141 binaries] share h_exact 1e79f41859ed… (source src/shared/engine_core.h)
[ OK ] E_func_8012A598: 141 members [141 binaries] share h_exact 1bfd8874d4bd… (source src/shared/engine_core.h)
[ OK ] E_func_8012F274: 140 members [140 binaries] share h_exact 0bfaee44dc40… (source src/shared/engine_core.h)
[ OK ] E_func_801466F0: 141 members [141 binaries] share h_exact f24b6aa1ffe1… (source src/shared/engine_core.h)
[ OK ] E_func_801758FC: 141 members [141 binaries] share h_exact 960695ee9dfd… (source src/shared/engine_core.h)
[ OK ] E_func_8017BEE0: 7 members [7 binaries] share h_exact 3c9a6d8e20bb… (source src/shared/engine_core.h)
[ OK ] E_func_80176144: 141 members [141 binaries] share h_exact 036f6784472c… (source src/shared/engine_core.h)
[ OK ] E_func_8018625C: 2 members [ov_SC04_018,ov_SC04_019] share h_exact 3b4847517d5f… (source src/shared/engine_core.h)
[ OK ] E_func_80182BD4: 2 members [ov_SC03_014,ov_SC03_015] share h_exact 97cafd5a05d9… (source src/shared/engine_core.h)
[ OK ] E_func_80182BB0: 2 members [ov_SC03_014,ov_SC03_015] share h_exact a88cb6e7620d… (source src/shared/engine_core.h)
[ OK ] E_func_80188F90: 2 members [ov_SC03_118,ov_SC03_119] share h_exact 0ac0e5e6754a… (source src/shared/engine_core.h)
[ OK ] E_func_801880F8: 2 members [ov_SC03_014,ov_SC03_015] share h_exact 53ccaf0755a5… (source src/shared/engine_core.h)
[ OK ] E_func_8017D174: 4 members [ov_SC02_016,ov_SC02_017,ov_SC03_006,ov_SC03_029] share h_exact 63f2a03f4527… (source src/shared/engine_core.h)
[ OK ] E_func_80168B70: 7 members [7 binaries] share h_exact 93d5fccdcc7f… (source src/shared/engine_core.h)
[ OK ] E_func_8017CC60: 9 members [9 binaries] share h_exact c05e46830b4f… (source src/shared/engine_core.h)
[ OK ] E_func_8017E914: 2 members [ov_SC02_037,ov_SC03_110] share h_exact 37f67f3adb2e… (source src/shared/engine_core.h)
[ OK ] E_func_8017E7F8: 5 members [ov_SC02_037,ov_SC03_110,ov_SC05_001,ov_SC05_005,ov_SC05_006] share h_exact 511a8b68802b… (source src/shared/engine_core.h)
[ OK ] E_func_8017D378: 9 members [9 binaries] share h_exact f93a4aa39125… (source src/shared/engine_core.h)
[ OK ] E_func_80156600: 141 members [141 binaries] share h_exact f3a9a8b677be… (source src/shared/engine_core.h)
[ OK ] E_func_80142B2C: 141 members [141 binaries] share h_exact 76607a3381cf… (source src/shared/engine_core.h)
[ OK ] E_func_80144B14: 141 members [141 binaries] share h_exact 87f3b7300bbe… (source src/shared/engine_core.h)
[ OK ] E_func_8017D428: 9 members [9 binaries] share h_exact db5240903f19… (source src/shared/engine_core.h)
[ OK ] E_func_80161888: 141 members [141 binaries] share h_exact 28282182732d… (source src/shared/engine_core.h)
[ OK ] E_func_801535F4: 141 members [141 binaries] share h_exact 9333ce9ec58c… (source src/shared/engine_core.h)
[ OK ] E_func_80163764: 141 members [141 binaries] share h_exact fa4fafa0e54c… (source src/shared/engine_core.h)
[ OK ] E_func_80146750: 141 members [141 binaries] share h_exact ee236ac924bf… (source src/shared/engine_core.h)
[ OK ] E_func_80161774: 3 members [ov_MAIN_012,ov_SC02_037,ov_SC03_107] share h_exact 3576d059c2cc… (source src/shared/engine_core.h)
[ OK ] E_func_8016163C: 3 members [ov_MAIN_012,ov_SC02_037,ov_SC03_107] share h_exact d743c21bd979… (source src/shared/engine_core.h)
[ OK ] E_func_8014D2A0: 141 members [141 binaries] share h_exact 18749e1aa54b… (source src/shared/engine_core.h)
[ OK ] E_func_8014CF04: 140 members [140 binaries] share h_exact 225792366f1c… (source src/shared/engine_core.h)
[ OK ] E_func_80156670: 141 members [141 binaries] share h_exact 65803f4f440b… (source src/shared/engine_core.h)
[ OK ] E_func_80158638: 141 members [141 binaries] share h_exact 6a497e0fd827… (source src/shared/engine_core.h)
[ OK ] E_func_8017CE7C: 9 members [9 binaries] share h_exact 5c1a68674a61… (source src/shared/engine_core.h)
[ OK ] E_func_8014C6F4: 141 members [141 binaries] share h_exact 1ac65d841297… (source src/shared/engine_core.h)
[ OK ] E_func_8017D728: 9 members [9 binaries] share h_exact 81ba1d708b3b… (source src/shared/engine_core.h)
[ OK ] E_func_8014D12C: 141 members [141 binaries] share h_exact 45432249ba64… (source src/shared/engine_core.h)
[ OK ] E_func_8014FE60: 141 members [141 binaries] share h_exact 70e7a6e197fd… (source src/shared/engine_core.h)
[ OK ] E_func_801463A0: 141 members [141 binaries] share h_exact f5c34dee9e6b… (source src/shared/engine_core.h)
[ OK ] E_func_8012CC88: 141 members [141 binaries] share h_exact b65d64030a49… (source src/shared/engine_core.h)
[ OK ] E_func_801330E0: 141 members [141 binaries] share h_exact 3f5678dc4259… (source src/shared/engine_core.h)
[ OK ] E_func_80155800: 141 members [141 binaries] share h_exact ac3af9dde7e3… (source src/shared/engine_core.h)
[ OK ] E_func_80178004: 141 members [141 binaries] share h_exact e1b70e9fa528… (source src/shared/engine_core.h)
[ OK ] E_func_801412A8: 141 members [141 binaries] share h_exact 280fa04f0709… (source src/shared/engine_core.h)
[ OK ] E_func_801EF790: 4 members [md_SC03_073,md_SC03_074,md_SC03_075,md_SC03_078] share h_exact 767854057419… (source src/shared/engine_core.h)
[ OK ] E_func_801EF85C: 4 members [md_SC03_073,md_SC03_074,md_SC03_075,md_SC03_078] share h_exact 767854057419… (source src/shared/engine_core.h)
[ OK ] E_func_801EF5D4: 4 members [md_SC03_073,md_SC03_074,md_SC03_075,md_SC03_078] share h_exact 37f67f3adb2e… (source src/shared/engine_core.h)
[ OK ] E_func_801EF7D4: 4 members [md_SC03_073,md_SC03_074,md_SC03_075,md_SC03_078] share h_exact 88741b5adb4e… (source src/shared/engine_core.h)
[ OK ] E_func_801EF4D4: 4 members [md_SC03_073,md_SC03_074,md_SC03_075,md_SC03_078] share h_exact 511a8b68802b… (source src/shared/engine_core.h)
[ OK ] E_func_801EF6A8: 4 members [md_SC03_073,md_SC03_074,md_SC03_075,md_SC03_078] share h_exact b9caea59f74f… (source src/shared/engine_core.h)
[ OK ] E_func_801EF4F8: 4 members [md_SC03_073,md_SC03_074,md_SC03_075,md_SC03_078] share h_exact 54f18e02ce1c… (source src/shared/engine_core.h)
[ OK ] E_func_801EF544: 3 members [md_SC03_073,md_SC03_074,md_SC03_075] share h_exact f054e0c42760… (source src/shared/engine_core.h)
[ OK ] E_func_801EF864: 4 members [md_SC03_073,md_SC03_074,md_SC03_075,md_SC03_078] share h_exact 9d4f47042e9a… (source src/shared/engine_core.h)
[ OK ] E_func_8017E518: 2 members [ov_SC02_011,ov_SC07_010] share h_exact 767854057419… (source src/shared/engine_core.h)
[ OK ] E_func_8012A018: 141 members [141 binaries] share h_exact 6d717730b636… (source src/shared/engine_core.h)
[ OK ] E_func_80131CA8: 141 members [141 binaries] share h_exact 2c9ae3cd2149… (source src/shared/engine_core.h)
[ OK ] E_func_80172C50: 140 members [140 binaries] share h_exact d50cc5103cf6… (source src/shared/engine_core.h)
[ OK ] E_func_8016BF50: 137 members [137 binaries] share h_exact 1c5bc11f816e… (source src/shared/engine_core.h)
[ OK ] E_func_8015C030: 141 members [141 binaries] share h_exact 6ff3d32fd8d8… (source src/shared/engine_core.h)
[ OK ] E_func_80162CCC: 138 members [138 binaries] share h_exact 14311349434d… (source src/shared/engine_core.h)
[ OK ] E_func_8016191C: 141 members [141 binaries] share h_exact 64d215dba640… (source src/shared/engine_core.h)
[ OK ] E_func_801733FC: 141 members [141 binaries] share h_exact 3e4f009550da… (source src/shared/engine_core.h)
[ OK ] E_func_80137614: 141 members [141 binaries] share h_exact d0c883314e83… (source src/shared/engine_core.h)
[ OK ] E_func_8016F0E4: 141 members [141 binaries] share h_exact 72d01994cf9f… (source src/shared/engine_core.h)
[ OK ] E_func_8013C08C: 137 members [137 binaries] share h_exact f769ff8982ba… (source src/shared/engine_core.h)
[ OK ] E_func_80131CF4: 141 members [141 binaries] share h_exact 9d2db9ce3c15… (source src/shared/engine_core.h)
[ OK ] E_func_8016706C: 134 members [134 binaries] share h_exact e0963a4b81c4… (source src/shared/engine_core.h)
[ OK ] E_func_801708B0: 141 members [141 binaries] share h_exact 07865805ddd6… (source src/shared/engine_core.h)
[ OK ] E_func_80170CF0: 141 members [141 binaries] share h_exact 763e8b3b2726… (source src/shared/engine_core.h)
[ OK ] E_func_8012EFB8: 141 members [141 binaries] share h_exact 26e46daf8053… (source src/shared/engine_core.h)
[ OK ] E_func_801495C4: 141 members [141 binaries] share h_exact 53d8b268573d… (source src/shared/engine_core.h)
[ OK ] E_func_8012F40C: 140 members [140 binaries] share h_exact d63a10fab8ca… (source src/shared/engine_core.h)
[ OK ] E_func_80131A34: 141 members [141 binaries] share h_exact d5151bada3bc… (source src/shared/engine_core.h)
[ OK ] E_func_801778A8: 141 members [141 binaries] share h_exact 3ca961dede12… (source src/shared/engine_core.h)
[ OK ] E_func_80161374: 141 members [141 binaries] share h_exact 8868d139b43b… (source src/shared/engine_core.h)
[ OK ] E_func_8014C4AC: 141 members [141 binaries] share h_exact 41904b3e5c3f… (source src/shared/engine_core.h)
[ OK ] E_func_801376E8: 137 members [137 binaries] share h_exact 7529ad8f17b7… (source src/shared/engine_core.h)
[ OK ] E_func_80175820: 141 members [141 binaries] share h_exact 8d29c3b272b4… (source src/shared/engine_core.h)
[ OK ] E_func_801759D8: 140 members [140 binaries] share h_exact 20aa0ffd5a2d… (source src/shared/engine_core.h)
[ OK ] E_func_8012B77C: 141 members [141 binaries] share h_exact 5c649b513794… (source src/shared/engine_core.h)
[ OK ] E_func_8014E5B4: 141 members [141 binaries] share h_exact 4ed201dcd22f… (source src/shared/engine_core.h)
[ OK ] E_func_80173A60: 140 members [140 binaries] share h_exact d62e1dd55726… (source src/shared/engine_core.h)
[ OK ] E_func_80138DE0: 141 members [141 binaries] share h_exact b21f8e9cd786… (source src/shared/engine_core.h)
[ OK ] E_func_8014A738: 141 members [141 binaries] share h_exact b51a4f8cea14… (source src/shared/engine_core.h)
[ OK ] E_func_80133298: 141 members [141 binaries] share h_exact dd5916cc5c13… (source src/shared/engine_core.h)
[ OK ] E_func_8014D610: 141 members [141 binaries] share h_exact 9af217fd231a… (source src/shared/engine_core.h)
[ OK ] E_func_80163534: 141 members [141 binaries] share h_exact dcf9ec7e921a… (source src/shared/engine_core.h)
[ OK ] E_func_8012A1BC: 141 members [141 binaries] share h_exact 497f8cc90696… (source src/shared/engine_core.h)
[ OK ] E_func_801749C8: 138 members [138 binaries] share h_exact 7e04ee1875d8… (source src/shared/engine_core.h)
[ OK ] E_func_8017BEBC: 8 members [8 binaries] share h_exact 29f8286ddb37… (source src/shared/engine_core.h)
[ OK ] E_func_8017CCD4: 9 members [9 binaries] share h_exact 17211c2c3e65… (source src/shared/engine_core.h)
[ OK ] E_func_8017C8F4: 9 members [9 binaries] share h_exact c080143662be… (source src/shared/engine_core.h)
[ OK ] E_func_8017CFE4: 8 members [8 binaries] share h_exact 5b6b96825169… (source src/shared/engine_core.h)
[ OK ] E_func_8017CD4C: 9 members [9 binaries] share h_exact 952c5c0012f6… (source src/shared/engine_core.h)
[ OK ] E_func_8017CC80: 9 members [9 binaries] share h_exact 229aadd95835… (source src/shared/engine_core.h)
[ OK ] E_func_8017D588: 8 members [8 binaries] share h_exact 3a43941d56d4… (source src/shared/engine_core.h)
[ OK ] E_func_8017CD9C: 9 members [9 binaries] share h_exact 85f5930d17fd… (source src/shared/engine_core.h)
[ OK ] E_func_8017D6CC: 8 members [8 binaries] share h_exact 86843ed5657f… (source src/shared/engine_core.h)
[ OK ] E_func_8017CB68: 7 members [7 binaries] share h_exact 2b90244a0dab… (source src/shared/engine_core.h)
[ OK ] E_func_8017D3B8: 9 members [9 binaries] share h_exact 55df41346db0… (source src/shared/engine_core.h)
[ OK ] E_func_8017CA34: 9 members [9 binaries] share h_exact 0dc7d970a3a5… (source src/shared/engine_core.h)
[ OK ] E_func_8017CDF8: 9 members [9 binaries] share h_exact 6241b634feb8… (source src/shared/engine_core.h)
[ OK ] E_func_8017CBD4: 9 members [9 binaries] share h_exact 6f36e2136074… (source src/shared/engine_core.h)
[ OK ] E_func_8017CAB4: 9 members [9 binaries] share h_exact efc4ec9f7e85… (source src/shared/engine_core.h)
[ OK ] E_func_8017D618: 9 members [9 binaries] share h_exact 744f54516fb9… (source src/shared/engine_core.h)
[ OK ] E_func_8017D4B4: 9 members [9 binaries] share h_exact 7ab6a3b95253… (source src/shared/engine_core.h)
[ OK ] E_func_8017C940: 9 members [9 binaries] share h_exact ac2eda3f6a38… (source src/shared/engine_core.h)
[ OK ] E_func_8017E678: 3 members [ov_SC03_125,ov_SC04_020,ov_SC05_018] share h_exact 37f67f3adb2e… (source src/shared/engine_core.h)
[ OK ] E_func_8017E534: 3 members [ov_SC03_125,ov_SC04_020,ov_SC05_018] share h_exact 511a8b68802b… (source src/shared/engine_core.h)
[ OK ] E_func_8017D5C4: 4 members [ov_SC03_002,ov_SC03_125,ov_SC04_020,ov_SC05_018] share h_exact cfafd7008ad5… (source src/shared/engine_core.h)
[ OK ] E_func_8017E698: 3 members [ov_SC03_125,ov_SC04_020,ov_SC05_018] share h_exact 6cd03b3b44a9… (source src/shared/engine_core.h)
[ OK ] E_func_8017CF6C: 4 members [ov_SC03_002,ov_SC03_125,ov_SC04_020,ov_SC05_018] share h_exact 4771362e4429… (source src/shared/engine_core.h)
[ OK ] E_func_8017E6EC: 2 members [ov_SC03_125,ov_SC04_020] share h_exact 4d9ac626bf24… (source src/shared/engine_core.h)
[ OK ] E_func_8017E5C8: 3 members [ov_SC03_125,ov_SC04_020,ov_SC05_018] share h_exact fc81e68ce00b… (source src/shared/engine_core.h)
[ OK ] E_func_8017D0BC: 4 members [ov_SC03_002,ov_SC03_125,ov_SC04_020,ov_SC05_018] share h_exact 4f23330c1f0b… (source src/shared/engine_core.h)
[ OK ] E_func_80181A98: 2 members [ov_SC03_121,ov_SC04_003] share h_exact 767854057419… (source src/shared/engine_core.h)
[ OK ] E_func_8017CFDC: 2 members [ov_SC04_003,ov_SC04_006] share h_exact 37f67f3adb2e… (source src/shared/engine_core.h)
[ OK ] E_func_8017CEFC: 2 members [ov_SC04_003,ov_SC04_006] share h_exact 511a8b68802b… (source src/shared/engine_core.h)
[ OK ] E_func_8017CF20: 2 members [ov_SC04_003,ov_SC04_006] share h_exact b2f519b347f7… (source src/shared/engine_core.h)
[ OK ] E_func_8017CEB8: 2 members [ov_SC04_003,ov_SC04_006] share h_exact d06a6e548463… (source src/shared/engine_core.h)
[ OK ] E_func_8017D038: 2 members [ov_SC04_003,ov_SC04_006] share h_exact 46004117858e… (source src/shared/engine_core.h)
[ OK ] E_func_8017CF60: 2 members [ov_SC04_003,ov_SC04_006] share h_exact b4142e5af3b1… (source src/shared/engine_core.h)
[ OK ] E_func_80183838: 2 members [ov_SC04_018,ov_SC04_019] share h_exact 66d459f2aad2… (source src/shared/engine_core.h)
[ OK ] E_func_8018B388: 2 members [ov_SC04_018,ov_SC04_019] share h_exact 0db09bbf152f… (source src/shared/engine_core.h)
[ OK ] E_func_8017DBC4: 6 members [ov_SC03_014,ov_SC03_015,ov_SC03_024,ov_SC03_118,ov_SC03_119,ov_SC06_000] share h_exact de7db63b6c91… (source src/shared/engine_core.h)
[ OK ] E_func_80188748: 2 members [ov_SC03_118,ov_SC03_119] share h_exact 326f37d3013a… (source src/shared/engine_core.h)
[ OK ] E_func_80188990: 2 members [ov_SC03_118,ov_SC03_119] share h_exact c539b69f6800… (source src/shared/engine_core.h)
[ OK ] E_func_8018042C: 2 members [ov_SC04_018,ov_SC04_019] share h_exact 52a02918a36e… (source src/shared/engine_core.h)
[ OK ] E_func_80182C24: 2 members [ov_SC04_018,ov_SC04_019] share h_exact 7cc27ccd2a02… (source src/shared/engine_core.h)
[ OK ] E_func_80180954: 2 members [ov_SC04_018,ov_SC04_019] share h_exact 9759cc1ec688… (source src/shared/engine_core.h)
[ OK ] E_func_801EF964: 4 members [md_SC03_073,md_SC03_074,md_SC03_075,md_SC03_078] share h_exact 865db01cad41… (source src/shared/engine_core.h)
[ OK ] E_func_801E2AF4: 4 members [md_SC03_133,md_SC03_134,md_SC03_137,md_SC03_138] share h_exact 2574c89bb8d0… (source src/shared/engine_core.h)
[ OK ] E_func_80181538: 2 members [ov_SC02_000,ov_SC02_003] share h_exact 27797037a8f8… (source src/shared/engine_core.h)
[ OK ] E_func_80180190: 2 members [ov_SC04_018,ov_SC04_019] share h_exact d5684f9b3608… (source src/shared/engine_core.h)
[ OK ] E_func_801811F4: 2 members [ov_SC04_018,ov_SC04_019] share h_exact 918d992642b6… (source src/shared/engine_core.h)
[ OK ] E_func_80182A7C: 2 members [ov_SC04_018,ov_SC04_019] share h_exact 9673e25819a0… (source src/shared/engine_core.h)
[ OK ] E_func_80183890: 2 members [ov_SC04_018,ov_SC04_019] share h_exact 726365517100… (source src/shared/engine_core.h)
[ OK ] E_func_80184374: 2 members [ov_SC04_018,ov_SC04_019] share h_exact f6605f79d7b0… (source src/shared/engine_core.h)
[ OK ] E_func_8017DEA0: 2 members [ov_SC04_018,ov_SC04_019] share h_exact 4d9ac626bf24… (source src/shared/engine_core.h)
[ OK ] E_func_8017E0C0: 2 members [ov_SC04_018,ov_SC04_019] share h_exact c2be32926c4c… (source src/shared/engine_core.h)
[ OK ] E_func_8017DDBC: 6 members [ov_SC03_014,ov_SC03_015,ov_SC03_024,ov_SC03_118,ov_SC03_119,ov_SC06_000] share h_exact de40f942c0fd… (source src/shared/engine_core.h)
[ OK ] E_func_80180B20: 2 members [ov_SC03_014,ov_SC03_015] share h_exact c32e6d39f6e6… (source src/shared/engine_core.h)
[ OK ] E_func_801894BC: 2 members [ov_SC03_014,ov_SC03_015] share h_exact 4f9271b278e4… (source src/shared/engine_core.h)
[ OK ] E_func_8017DCD8: 3 members [ov_SC04_000,ov_SC04_004,ov_SC04_007] share h_exact b2ff7ffd438b… (source src/shared/engine_core.h)
[ OK ] E_func_8017CCF8: 2 members [ov_SC02_031,ov_SC03_031] share h_exact 0dc7d970a3a5… (source src/shared/engine_core.h)
[ OK ] E_func_8017F4F8: 2 members [ov_SC03_118,ov_SC03_119] share h_exact fb05278a1d11… (source src/shared/engine_core.h)
[ OK ] E_func_8017F8A8: 2 members [ov_SC03_118,ov_SC03_119] share h_exact c4911ca708aa… (source src/shared/engine_core.h)
[ OK ] E_func_801817FC: 2 members [ov_SC03_118,ov_SC03_119] share h_exact eb4731f85540… (source src/shared/engine_core.h)
[ OK ] E_func_80188074: 2 members [ov_SC03_118,ov_SC03_119] share h_exact fc13d13ecddf… (source src/shared/engine_core.h)
[ OK ] E_func_80183A08: 2 members [ov_SC04_018,ov_SC04_019] share h_exact e2c7e6d94f4a… (source src/shared/engine_core.h)
[ OK ] E_func_80182120: 2 members [ov_SC04_018,ov_SC04_019] share h_exact 7705efc3609a… (source src/shared/engine_core.h)
[ OK ] E_func_8017D964: 2 members [ov_SC07_000,ov_SC07_001] share h_exact 511a8b68802b… (source src/shared/engine_core.h)
[ OK ] E_func_80182D0C: 2 members [ov_SC04_018,ov_SC04_019] share h_exact b5a16a9cd09d… (source src/shared/engine_core.h)
[ OK ] E_func_8017F390: 2 members [ov_SC02_000,ov_SC02_003] share h_exact 589360ffb2f1… (source src/shared/engine_core.h)
[ OK ] E_func_8017CE0C: 4 members [ov_SC02_016,ov_SC02_017,ov_SC03_006,ov_SC03_029] share h_exact 0dc7d970a3a5… (source src/shared/engine_core.h)
[ OK ] E_func_8017CF5C: 2 members [ov_SC01_008,ov_SC06_006] share h_exact 37f67f3adb2e… (source src/shared/engine_core.h)
[ OK ] E_func_8017D808: 2 members [ov_SC01_005,ov_SC01_006] share h_exact 89463c3facc6… (source src/shared/engine_core.h)
[ OK ] E_func_8017E404: 2 members [ov_SC02_000,ov_SC02_003] share h_exact 7c41de81900f… (source src/shared/engine_core.h)
[ OK ] E_func_8017C628: 3 members [ov_SC03_010,ov_SC03_011,ov_SC03_013] share h_exact af037f848b04… (source src/shared/engine_core.h)
[ OK ] E_func_8017C1E8: 2 members [ov_SC01_005,ov_SC01_006] share h_exact 72bf44a01e74… (source src/shared/engine_core.h)
[ OK ] E_func_8017BF70: 2 members [ov_SC01_005,ov_SC01_006] share h_exact 4f6b64907be7… (source src/shared/engine_core.h)
[ OK ] E_func_801810AC: 2 members [ov_SC01_005,ov_SC01_006] share h_exact 274a42ec7b96… (source src/shared/engine_core.h)
[ OK ] E_func_80185F24: 2 members [ov_SC02_000,ov_SC02_003] share h_exact 8834878f292a… (source src/shared/engine_core.h)
[ OK ] E_func_8017DD7C: 3 members [ov_SC04_018,ov_SC04_019,ov_SC05_017] share h_exact fc81e68ce00b… (source src/shared/engine_core.h)
[ OK ] E_func_8017E5CC: 2 members [ov_SC04_018,ov_SC04_019] share h_exact b6fb6be2648a… (source src/shared/engine_core.h)
[ OK ] E_func_8018B158: 2 members [ov_SC04_018,ov_SC04_019] share h_exact d5ee5732b43b… (source src/shared/engine_core.h)
[ OK ] E_func_801847FC: 2 members [ov_SC03_118,ov_SC03_119] share h_exact e1e6f7cb402f… (source src/shared/engine_core.h)
[ OK ] E_func_8017DAAC: 2 members [ov_SC01_005,ov_SC01_006] share h_exact 2dcb64aea6c0… (source src/shared/engine_core.h)
[ OK ] E_func_80180D48: 2 members [ov_SC01_005,ov_SC01_006] share h_exact 2a146fffef42… (source src/shared/engine_core.h)
[ OK ] E_func_8017DC4C: 2 members [ov_SC03_014,ov_SC03_015] share h_exact 48877b49f72a… (source src/shared/engine_core.h)
[ OK ] E_func_8018942C: 2 members [ov_SC03_014,ov_SC03_015] share h_exact 10e3ce27daa6… (source src/shared/engine_core.h)
[ OK ] E_func_801878B8: 2 members [ov_SC03_118,ov_SC03_119] share h_exact e765f85ad086… (source src/shared/engine_core.h)
[ OK ] E_func_80187E78: 2 members [ov_SC03_118,ov_SC03_119] share h_exact e97c35bd5b19… (source src/shared/engine_core.h)
[ OK ] E_func_80188418: 2 members [ov_SC03_118,ov_SC03_119] share h_exact cd77976e8c0d… (source src/shared/engine_core.h)
[ OK ] E_func_8018BA18: 2 members [ov_SC04_018,ov_SC04_019] share h_exact 74d72221c82a… (source src/shared/engine_core.h)
[ OK ] E_func_8018B7FC: 2 members [ov_SC04_018,ov_SC04_019] share h_exact 0297d8806ce2… (source src/shared/engine_core.h)
[ OK ] E_func_8018C038: 2 members [ov_SC04_018,ov_SC04_019] share h_exact a0f48779d8fd… (source src/shared/engine_core.h)
[ OK ] E_func_8018B0AC: 2 members [ov_SC04_018,ov_SC04_019] share h_exact f9bb0ccf0d12… (source src/shared/engine_core.h)
[ OK ] E_func_80189DDC: 2 members [ov_SC04_018,ov_SC04_019] share h_exact c7faab2630b1… (source src/shared/engine_core.h)
[ OK ] E_func_8017BFEC: 2 members [ov_SC01_005,ov_SC01_006] share h_exact 1fb2571d8e19… (source src/shared/engine_core.h)
[ OK ] E_func_80189898: 2 members [ov_SC02_000,ov_SC02_003] share h_exact 5af4cb243657… (source src/shared/engine_core.h)
[ OK ] E_func_80182630: 2 members [ov_SC02_000,ov_SC02_003] share h_exact 8c5875d38295… (source src/shared/engine_core.h)
[ OK ] E_func_8017EBC8: 3 members [ov_SC03_126,ov_SC04_021,ov_SC05_019] share h_exact d0406d9f2746… (source src/shared/engine_core.h)
[ OK ] E_func_8017DBDC: 3 members [ov_SC04_018,ov_SC04_019,ov_SC05_017] share h_exact c01f555083f7… (source src/shared/engine_core.h)
[ OK ] E_func_8017F174: 2 members [ov_SC04_018,ov_SC04_019] share h_exact 4af830585dfd… (source src/shared/engine_core.h)
[ OK ] E_func_8017FAAC: 2 members [ov_SC04_018,ov_SC04_019] share h_exact 53873d54c5a8… (source src/shared/engine_core.h)
[ OK ] E_func_8017FD88: 2 members [ov_SC04_018,ov_SC04_019] share h_exact 559099715d6e… (source src/shared/engine_core.h)
[ OK ] E_func_8017FD28: 2 members [ov_SC04_018,ov_SC04_019] share h_exact 3467556588c4… (source src/shared/engine_core.h)
[ OK ] E_func_80183604: 2 members [ov_SC04_018,ov_SC04_019] share h_exact 79e7b5c80f8c… (source src/shared/engine_core.h)
[ OK ] E_func_80181648: 2 members [ov_SC04_018,ov_SC04_019] share h_exact de5da31c3577… (source src/shared/engine_core.h)
[ OK ] E_func_801803BC: 2 members [ov_SC04_018,ov_SC04_019] share h_exact b5a1123a68cd… (source src/shared/engine_core.h)
[ OK ] E_func_8018BDA4: 2 members [ov_SC04_018,ov_SC04_019] share h_exact 42c9d75ce03d… (source src/shared/engine_core.h)
[ OK ] E_func_8018B660: 2 members [ov_SC04_018,ov_SC04_019] share h_exact 92e9a1efdbf7… (source src/shared/engine_core.h)
[ OK ] E_func_8018B614: 2 members [ov_SC04_018,ov_SC04_019] share h_exact d4ff463109b6… (source src/shared/engine_core.h)
[ OK ] E_func_8018C1E0: 2 members [ov_SC04_018,ov_SC04_019] share h_exact 5fb4815cc3aa… (source src/shared/engine_core.h)
[ OK ] E_func_8018C3F0: 2 members [ov_SC04_018,ov_SC04_019] share h_exact 52d19dc60744… (source src/shared/engine_core.h)
[ OK ] E_func_8017DAC4: 3 members [ov_SC04_018,ov_SC04_019,ov_SC05_017] share h_exact 6a956abc8488… (source src/shared/engine_core.h)
[ OK ] E_func_8017FA58: 2 members [ov_SC04_018,ov_SC04_019] share h_exact 6c1baed5f876… (source src/shared/engine_core.h)
[ OK ] E_func_801815DC: 2 members [ov_SC04_018,ov_SC04_019] share h_exact e8e5dd815f2c… (source src/shared/engine_core.h)
[ OK ] E_func_801898C8: 2 members [ov_SC02_000,ov_SC02_003] share h_exact ffb6e8f4bb22… (source src/shared/engine_core.h)
[ OK ] E_func_8018AD3C: 2 members [ov_SC04_018,ov_SC04_019] share h_exact f58c91922126… (source src/shared/engine_core.h)
[ OK ] E_func_80187354: 2 members [ov_SC02_000,ov_SC02_003] share h_exact de9edbad0229… (source src/shared/engine_core.h)
[ OK ] E_func_80187F30: 2 members [ov_SC02_000,ov_SC02_003] share h_exact 1d8b61606669… (source src/shared/engine_core.h)
[ OK ] E_func_8018419C: 2 members [ov_SC02_000,ov_SC02_003] share h_exact 9b1d32bc47bd… (source src/shared/engine_core.h)
[ OK ] E_func_80181C10: 2 members [ov_SC02_000,ov_SC02_003] share h_exact c5e707fbb45d… (source src/shared/engine_core.h)
[ OK ] E_func_801819F4: 2 members [ov_SC02_000,ov_SC02_003] share h_exact 77651e743ba3… (source src/shared/engine_core.h)
[ OK ] E_func_80182894: 2 members [ov_SC02_000,ov_SC02_003] share h_exact d93adf008748… (source src/shared/engine_core.h)
[ OK ] E_func_80184B14: 2 members [ov_SC02_000,ov_SC02_003] share h_exact 6a947e565c4e… (source src/shared/engine_core.h)
[ OK ] E_func_801829F8: 2 members [ov_SC02_000,ov_SC02_003] share h_exact d45e43eec4a5… (source src/shared/engine_core.h)
[ OK ] E_func_80186D88: 2 members [ov_SC02_000,ov_SC02_003] share h_exact 6ce35974c320… (source src/shared/engine_core.h)
[ OK ] E_func_80186CE8: 2 members [ov_SC02_000,ov_SC02_003] share h_exact da9c4677fb9c… (source src/shared/engine_core.h)
[ OK ] E_func_80184250: 2 members [ov_SC02_000,ov_SC02_003] share h_exact 7fb030ab4a2d… (source src/shared/engine_core.h)
[ OK ] E_func_801854CC: 2 members [ov_SC02_000,ov_SC02_003] share h_exact 7fb030ab4a2d… (source src/shared/engine_core.h)
[ OK ] E_func_80188028: 2 members [ov_SC02_000,ov_SC02_003] share h_exact 87fb19645959… (source src/shared/engine_core.h)
[ OK ] E_func_80188134: 2 members [ov_SC02_000,ov_SC02_003] share h_exact 7cb1faa0949b… (source src/shared/engine_core.h)
[ OK ] E_func_80186424: 2 members [ov_SC02_000,ov_SC02_003] share h_exact fac91b25bc68… (source src/shared/engine_core.h)
[ OK ] E_func_80183814: 2 members [ov_SC02_000,ov_SC02_003] share h_exact 7a31a7eddbb1… (source src/shared/engine_core.h)
[ OK ] E_func_8018512C: 2 members [ov_SC02_000,ov_SC02_003] share h_exact 7d4d544e7b71… (source src/shared/engine_core.h)
[ OK ] E_func_8018825C: 2 members [ov_SC02_000,ov_SC02_003] share h_exact bd445f888c97… (source src/shared/engine_core.h)
[ OK ] E_func_80188790: 2 members [ov_SC02_000,ov_SC02_003] share h_exact 61b78167872c… (source src/shared/engine_core.h)
[ OK ] E_func_80181820: 2 members [ov_SC02_000,ov_SC02_003] share h_exact 07c2791e5f29… (source src/shared/engine_core.h)
[ OK ] E_func_80181934: 2 members [ov_SC02_000,ov_SC02_003] share h_exact 0bff66299afd… (source src/shared/engine_core.h)
[ OK ] E_func_801860E4: 2 members [ov_SC02_000,ov_SC02_003] share h_exact 93576b99d220… (source src/shared/engine_core.h)
[ OK ] E_func_80183754: 2 members [ov_SC02_000,ov_SC02_003] share h_exact 243cfc6173a6… (source src/shared/engine_core.h)
[ OK ] E_func_80184A08: 2 members [ov_SC02_000,ov_SC02_003] share h_exact 5f634e86043f… (source src/shared/engine_core.h)
[ OK ] E_func_80186E6C: 2 members [ov_SC02_000,ov_SC02_003] share h_exact 621bba09bb15… (source src/shared/engine_core.h)
[ OK ] E_func_801884FC: 2 members [ov_SC02_000,ov_SC02_003] share h_exact bb479f6828d6… (source src/shared/engine_core.h)
[ OK ] E_func_80187DB8: 2 members [ov_SC02_000,ov_SC02_003] share h_exact 2dfcb44952b0… (source src/shared/engine_core.h)
[ OK ] E_func_80187738: 2 members [ov_SC02_000,ov_SC02_003] share h_exact 6f24f1e1e11b… (source src/shared/engine_core.h)
[ OK ] E_func_80186764: 2 members [ov_SC02_000,ov_SC02_003] share h_exact d67a63760710… (source src/shared/engine_core.h)
[ OK ] E_func_80181B4C: 2 members [ov_SC02_000,ov_SC02_003] share h_exact 86367a0393bb… (source src/shared/engine_core.h)
[ OK ] E_func_80186C44: 2 members [ov_SC02_000,ov_SC02_003] share h_exact 684a4f85204b… (source src/shared/engine_core.h)
[ OK ] E_func_801808C4: 2 members [ov_SC02_000,ov_SC02_003] share h_exact 088fcd065456… (source src/shared/engine_core.h)
[ OK ] E_func_80184BAC: 2 members [ov_SC04_018,ov_SC04_019] share h_exact b3bec0e2c144… (source src/shared/engine_core.h)
[ OK ] E_func_8018A1B4: 2 members [ov_SC03_014,ov_SC03_015] share h_exact 27abf959f939… (source src/shared/engine_core.h)
[ OK ] E_func_80181170: 2 members [ov_SC03_014,ov_SC03_015] share h_exact 7a7ab4e9cbb4… (source src/shared/engine_core.h)
[ OK ] E_func_80188478: 2 members [ov_SC03_014,ov_SC03_015] share h_exact 82a7b5891b50… (source src/shared/engine_core.h)
[ OK ] E_func_80187300: 2 members [ov_SC03_014,ov_SC03_015] share h_exact 0080a71204ea… (source src/shared/engine_core.h)
[ OK ] E_func_80188828: 2 members [ov_SC03_014,ov_SC03_015] share h_exact 6519c0248710… (source src/shared/engine_core.h)
[ OK ] E_func_801867F8: 2 members [ov_SC03_014,ov_SC03_015] share h_exact e9c8174e6a68… (source src/shared/engine_core.h)
[ OK ] E_func_80187090: 2 members [ov_SC03_014,ov_SC03_015] share h_exact 64eea3056f79… (source src/shared/engine_core.h)
[ OK ] E_func_80188670: 2 members [ov_SC03_014,ov_SC03_015] share h_exact 9b98ab28ec20… (source src/shared/engine_core.h)
[ OK ] E_func_8018655C: 2 members [ov_SC03_014,ov_SC03_015] share h_exact 5fb026342ab3… (source src/shared/engine_core.h)
[ OK ] E_func_801860C0: 2 members [ov_SC04_018,ov_SC04_019] share h_exact e5cac5b36df8… (source src/shared/engine_core.h)
[ OK ] E_func_80184B94: 2 members [ov_SC03_118,ov_SC03_119] share h_exact e527d31f7e87… (source src/shared/engine_core.h)
[ OK ] E_func_80181E58: 2 members [ov_SC03_118,ov_SC03_119] share h_exact beb530efb1ef… (source src/shared/engine_core.h)
[ OK ] E_func_8018178C: 2 members [ov_SC04_018,ov_SC04_019] share h_exact 5b1ba7c9b95e… (source src/shared/engine_core.h)
[ OK ] E_func_80184E4C: 2 members [ov_SC03_014,ov_SC03_015] share h_exact c7844ae02017… (source src/shared/engine_core.h)
[ OK ] E_func_8017D484: 2 members [ov_SC02_039,ov_SC03_108] share h_exact c0e31b07b7a3… (source src/shared/engine_core.h)
[ OK ] E_func_8017E024: 2 members [ov_SC04_018,ov_SC04_019] share h_exact f5893a74f07a… (source src/shared/engine_core.h)
[ OK ] E_func_801828A0: 2 members [ov_SC03_014,ov_SC03_015] share h_exact 1dce6de42971… (source src/shared/engine_core.h)
[ OK ] E_func_8018048C: 2 members [ov_SC04_018,ov_SC04_019] share h_exact dd6bf8ab91fb… (source src/shared/engine_core.h)
[ OK ] E_func_8017F154: 3 members [ov_SC03_126,ov_SC04_021,ov_SC05_019] share h_exact b6bbf0a0bb12… (source src/shared/engine_core.h)
[ OK ] E_func_801812FC: 2 members [ov_SC04_018,ov_SC04_019] share h_exact bbf6fb1791f5… (source src/shared/engine_core.h)
[ OK ] E_func_8017ED5C: 2 members [ov_SC01_005,ov_SC01_006] share h_exact d800c6d033d9… (source src/shared/engine_core.h)
[ OK ] E_func_8017D4F0: 2 members [ov_SC05_001,ov_SC05_006] share h_exact 233ab6ca3923… (source src/shared/engine_core.h)
[ OK ] E_func_801805BC: 2 members [ov_SC03_014,ov_SC03_015] share h_exact 80f87779766f… (source src/shared/engine_core.h)
[ OK ] E_func_80185D10: 2 members [ov_SC04_018,ov_SC04_019] share h_exact 501b28459c94… (source src/shared/engine_core.h)
[ OK ] E_func_80180D38: 2 members [ov_SC04_018,ov_SC04_019] share h_exact 505c2aa4153b… (source src/shared/engine_core.h)
[ OK ] E_func_80184460: 2 members [ov_SC04_018,ov_SC04_019] share h_exact 8a34c85574c2… (source src/shared/engine_core.h)
[ OK ] E_func_8017C530: 6 members [ov_SC01_080,ov_SC02_004,ov_SC03_007,ov_SC03_012,ov_SC03_023,ov_SC07_010] share h_exact da26f0d2c5cb… (source src/shared/engine_core.h)
[ OK ] E_func_8017C294: 6 members [ov_SC01_080,ov_SC02_004,ov_SC03_007,ov_SC03_012,ov_SC03_023,ov_SC07_010] share h_exact dc415768c81a… (source src/shared/engine_core.h)
[ OK ] E_func_8017C12C: 6 members [ov_SC03_014,ov_SC03_015,ov_SC03_024,ov_SC03_118,ov_SC03_119,ov_SC06_000] share h_exact 62aecbade196… (source src/shared/engine_core.h)
[ OK ] E_func_8017DC28: 6 members [ov_SC03_014,ov_SC03_015,ov_SC03_024,ov_SC03_118,ov_SC03_119,ov_SC06_000] share h_exact 3e3c23006639… (source src/shared/engine_core.h)
[ OK ] E_func_8017BFA0: 6 members [ov_SC03_014,ov_SC03_015,ov_SC03_024,ov_SC03_118,ov_SC03_119,ov_SC06_000] share h_exact 9402da978168… (source src/shared/engine_core.h)
[ OK ] E_func_8017C104: 6 members [ov_SC03_014,ov_SC03_015,ov_SC03_024,ov_SC03_118,ov_SC03_119,ov_SC06_000] share h_exact e68b7f247513… (source src/shared/engine_core.h)
[ OK ] E_func_8017BF20: 6 members [ov_SC03_014,ov_SC03_015,ov_SC03_024,ov_SC03_118,ov_SC03_119,ov_SC06_000] share h_exact 52c88e350231… (source src/shared/engine_core.h)
[ OK ] E_func_8017C004: 6 members [ov_SC03_014,ov_SC03_015,ov_SC03_024,ov_SC03_118,ov_SC03_119,ov_SC06_000] share h_exact c05880f4dfd5… (source src/shared/engine_core.h)
[ OK ] E_func_8017DB3C: 6 members [ov_SC03_014,ov_SC03_015,ov_SC03_024,ov_SC03_118,ov_SC03_119,ov_SC06_000] share h_exact ba932e267ae3… (source src/shared/engine_core.h)
[ OK ] E_func_8017C624: 6 members [ov_SC03_014,ov_SC03_015,ov_SC03_024,ov_SC03_118,ov_SC03_119,ov_SC06_000] share h_exact 0a1ec951b44a… (source src/shared/engine_core.h)
[ OK ] E_func_8017C084: 6 members [ov_SC03_014,ov_SC03_015,ov_SC03_024,ov_SC03_118,ov_SC03_119,ov_SC06_000] share h_exact b487987f8c10… (source src/shared/engine_core.h)
[ OK ] E_func_8017CE10: 6 members [ov_SC03_014,ov_SC03_015,ov_SC03_024,ov_SC03_118,ov_SC03_119,ov_SC06_000] share h_exact 320105d77cbe… (source src/shared/engine_core.h)
[ OK ] E_func_8017D098: 6 members [ov_SC03_014,ov_SC03_015,ov_SC03_024,ov_SC03_118,ov_SC03_119,ov_SC06_000] share h_exact 3292d1a8f773… (source src/shared/engine_core.h)
[ OK ] E_func_8017D5F8: 6 members [ov_SC03_014,ov_SC03_015,ov_SC03_024,ov_SC03_118,ov_SC03_119,ov_SC06_000] share h_exact 911ddbe16dba… (source src/shared/engine_core.h)
[ OK ] E_func_8017CCC4: 6 members [ov_SC03_014,ov_SC03_015,ov_SC03_024,ov_SC03_118,ov_SC03_119,ov_SC06_000] share h_exact bd4481ec92fb… (source src/shared/engine_core.h)
[ OK ] E_func_8017D194: 6 members [ov_SC03_014,ov_SC03_015,ov_SC03_024,ov_SC03_118,ov_SC03_119,ov_SC06_000] share h_exact b55f2b3bac9c… (source src/shared/engine_core.h)
[ OK ] E_func_8017DB74: 6 members [ov_SC03_014,ov_SC03_015,ov_SC03_024,ov_SC03_118,ov_SC03_119,ov_SC06_000] share h_exact 0cb398776c32… (source src/shared/engine_core.h)
[ OK ] E_func_8017D118: 6 members [ov_SC03_014,ov_SC03_015,ov_SC03_024,ov_SC03_118,ov_SC03_119,ov_SC06_000] share h_exact bfd94459dcad… (source src/shared/engine_core.h)
[ OK ] E_func_8017CC44: 6 members [ov_SC03_014,ov_SC03_015,ov_SC03_024,ov_SC03_118,ov_SC03_119,ov_SC06_000] share h_exact 4de1fad1d209… (source src/shared/engine_core.h)
[ OK ] E_func_8017D804: 6 members [ov_SC03_014,ov_SC03_015,ov_SC03_024,ov_SC03_118,ov_SC03_119,ov_SC06_000] share h_exact ef7c957e5e38… (source src/shared/engine_core.h)
[ OK ] E_func_8017C814: 6 members [ov_SC03_014,ov_SC03_015,ov_SC03_024,ov_SC03_118,ov_SC03_119,ov_SC06_000] share h_exact 729960531cc3… (source src/shared/engine_core.h)
[ OK ] E_func_8017BF08: 7 members [7 binaries] share h_exact 429ed3b35426… (source src/shared/engine_core.h)
[ OK ] E_func_8017BFBC: 7 members [7 binaries] share h_exact fef24ee24496… (source src/shared/engine_core.h)
[ OK ] E_func_8017C010: 7 members [7 binaries] share h_exact 60e983912c05… (source src/shared/engine_core.h)
[ OK ] E_func_8017C068: 7 members [7 binaries] share h_exact e4701d13fc74… (source src/shared/engine_core.h)
[ OK ] E_func_80161A90: 140 members [140 binaries] share h_exact 7604e5daf100… (source src/shared/engine_core.h)
[ OK ] E_func_8012A328: 140 members [140 binaries] share h_exact 6f62feba3542… (source src/shared/engine_core.h)
[ OK ] E_func_80144090: 137 members [137 binaries] share h_exact 47b7d4a04815… (source src/shared/engine_core.h)
[ OK ] E_func_800CAE78: 4 members [md_MAIN_015,md_MAIN_023,md_MAIN_032,md_MAIN_041] share h_exact a79b87eeb550… (source src/shared/engine_core.h)
[ OK ] E_func_80132F40: 141 members [141 binaries] share h_exact c5b3a460c6fe… (source src/shared/engine_core.h)
[ OK ] E_func_8017BF84: 10 members [10 binaries] share h_exact 83fe509de755… (source src/shared/engine_core.h)
[ OK ] E_func_8017C5A0: 10 members [10 binaries] share h_exact 348e565cf48b… (source src/shared/engine_core.h)
[ OK ] E_func_8017BFE0: 10 members [10 binaries] share h_exact 9aa3999b278e… (source src/shared/engine_core.h)
[ OK ] E_func_8017C610: 10 members [10 binaries] share h_exact 8b587d3c36a7… (source src/shared/engine_core.h)
[ OK ] E_func_8017C800: 10 members [10 binaries] share h_exact 82e4577a4bd5… (source src/shared/engine_core.h)
[ OK ] E_func_8017C69C: 10 members [10 binaries] share h_exact 930d41594f4b… (source src/shared/engine_core.h)
[ OK ] E_func_8017C064: 10 members [10 binaries] share h_exact aded4d04a82f… (source src/shared/engine_core.h)
[ OK ] E_func_8017C910: 10 members [10 binaries] share h_exact 78b65cae4a17… (source src/shared/engine_core.h)
[ OK ] E_func_8017D328: 2 members [ov_SC02_015,ov_SC02_021] share h_exact 37f67f3adb2e… (source src/shared/engine_core.h)
[ OK ] E_func_8017D1F4: 2 members [ov_SC02_015,ov_SC02_021] share h_exact 511a8b68802b… (source src/shared/engine_core.h)
[ OK ] E_func_8017D254: 2 members [ov_SC02_015,ov_SC02_021] share h_exact aa2bf03928c5… (source src/shared/engine_core.h)
[ OK ] E_func_8017D1B0: 2 members [ov_SC02_015,ov_SC02_021] share h_exact 0ded1b800251… (source src/shared/engine_core.h)
[ OK ] E_func_8017D53C: 2 members [ov_SC02_015,ov_SC02_021] share h_exact 94735cda00de… (source src/shared/engine_core.h)
[ OK ] E_func_8017D468: 2 members [ov_SC02_015,ov_SC02_021] share h_exact f3b49c43cccc… (source src/shared/engine_core.h)
[ OK ] E_func_8017CE1C: 10 members [10 binaries] share h_exact 511a8b68802b… (source src/shared/engine_core.h)
[ OK ] E_func_8017CE40: 2 members [ov_SC02_039,ov_SC03_108] share h_exact f22164568f95… (source src/shared/engine_core.h)
[ OK ] E_func_8017CDD8: 2 members [ov_SC02_039,ov_SC03_108] share h_exact ca104e40d4fe… (source src/shared/engine_core.h)
[ OK ] E_func_8017CF58: 2 members [ov_SC02_039,ov_SC03_108] share h_exact 46004117858e… (source src/shared/engine_core.h)
[ OK ] E_func_8017CE80: 2 members [ov_SC02_039,ov_SC03_108] share h_exact b4142e5af3b1… (source src/shared/engine_core.h)
[ OK ] E_func_8017D5F4: 2 members [ov_SC02_039,ov_SC03_108] share h_exact 014cbc20a5ff… (source src/shared/engine_core.h)
[ OK ] E_func_8017D6AC: 2 members [ov_SC02_039,ov_SC03_108] share h_exact 703b5fd075eb… (source src/shared/engine_core.h)
[ OK ] E_func_80181B84: 2 members [ov_SC03_093,ov_SC07_007] share h_exact 767854057419… (source src/shared/engine_core.h)
[ OK ] E_func_8016F0AC: 141 members [141 binaries] share h_exact 8eaa5e59bf16… (source src/shared/engine_core.h)
[ OK ] E_func_80181270: 2 members [ov_SC04_018,ov_SC04_019] share h_exact 8fb47979c405… (source src/shared/engine_core.h)
[ OK ] E_func_80182AF8: 2 members [ov_SC04_018,ov_SC04_019] share h_exact f54d97698772… (source src/shared/engine_core.h)
dedup-check: 2220 validated, 0 failed  | C1 coverage 255708/255708 members signed
.venv/bin/python tools/audit_digest.py
# P33 D3: the published DATA must describe the current tree too — docs/progress.json, the README's
# generated block and the badge files (the same numbers as the digest; R51: never typed)
.venv/bin/python tools/progress.py --json --readme --check
# P33.5 task 7: the committed timeline must match what the digests generate (it used to be wired to nothing and sat stale)
.venv/bin/python tools/timeline.py --check
audit-digest: OK — docs/progress.fleet.md describes the current tree (instr 13492113/13492113, distinct 90984/90984 uniq).
# BFM FLEET matching progress  (generated by tools/progress.py --fleet — authoritative)
# 218 binaries: main + resident + 216 location overlays. DETERMINISTIC,
# source-derived (committed src/*.c + config/dedup.us.yaml). Live byte gate: `make check-all`;
# cross-binary collapsible-byte leverage: docs/duplicates.cross.md.

# THREE progress metrics (all matter — see the labels):
FLEET fn-count byte-ident: 363214 / 363214 = 100.00%   (REAL+LINKED+empties; FUNCTION-count, ×134-inflated — one crack counts per overlay)
FLEET instr-weighted     : 13492113 / 13492113 = 100.0%   (shipped .text across main + resident + 216 overlays; the decomp.dev-DISPLAY number)
FLEET distinct-code(uniq): 5820205 / 5820205 = 100.0%   (90984/90984 unique fns; the DISTINCT-RE number)
MAIN game-code weighted  :   45150 / 45150 = 100.0%   (INCLUDED in the fleet numbers above since 2026-07-22 — roadmap §1 metrics contract; build-derived sig (make sig-main) dated 2026-09-08; boundaries INDEPENDENTLY VERIFIED since P31 S77 — `make sig-main-oracle` + `make audit-corpus`: 0 phantom, 0 truncated, 0 pad-tail)
  (fleet EXCLUDING main, for continuity with pre-2026-07-22 readings: 13446963 / 13446963 = 100.0%)

FLEET REAL substantive   : 360737   (of which dedup-shared 255632 via 2220 groups / 255708 instances)
FLEET LINKED PsyQ objs   :   1256
FLEET NON_MATCHING       :      0   (0 in any default build — G4)
FLEET INCLUDE_ASM stubs  :      0
FLEET matchable          : 363214
progress.py --check: docs/progress.json + README block are fresh
timeline --check: fresh (74 rows)
cookbook-index OK (1169 sections)
gccmap_cites --check: 135 cites in 5 files, 0 untagged/undecided, 20 overrides (0 stale)
gccmap_cites --check: OK
ghidra_roster: OK (6 programs)
doc_links: 56 documents, 454 relative links checked, 0 pending (0 planned targets on the list), 0 broken; citations 570 (420 tracked, 150 untracked); docs/ coverage 63 of 63 covered by the Reference index + README; 2 wiki-first warnings
  WARN    docs/gen3-handoff.md: (verification.md) has a wiki page — docs/wiki/Verification-and-progress.md
  WARN    docs/story.md: (verification.md) has a wiki page — docs/wiki/Verification-and-progress.md
doc_links: OK
wiki_render --selftest: 12 cases, 0 failed; reachability: 32 pages, 0 unlisted
gitignore_template_check: OK — 75 lines identical in the page and the template
kit_lint --selftest: leak lines caught 1 (expected 1, at line 2: 2), unlisted placeholders caught ['{{NOT_IN_THE_CONTRACT}}'] (expected ['{{NOT_IN_THE_CONTRACT}}']) → OK
kit_lint: 392 corpus files under corpus/tools + corpus/cookbook + corpus/record are verbatim evidence — exempt from the leak and placeholder checks (their coverage and equality are tool_census --check's)
kit_lint: leak check — 0 finding(s) over 439 files (calibration fences + provenance lines exempt)
kit_lint: placeholders — used 22, listed 22, unlisted 0, unused 0
kit_lint: syntax — 0 failure(s) over 285 script/config files
kit_lint: gitignore template — gitignore_template_check: OK — 75 lines identical in the page and the template
kit_lint: TODO(platform) 8, TODO(phase-N) 38 over 439 files
kit_lint: OK
tool_census: 294 tool files (find == git ls-files) + 34 retired; classes {'LIVE': 234, 'ORPHAN': 31, 'REFERENCED': 29, 'RETIRED': 34}; dictionary rows 328
  GAP corpus copy differs from its source: decomp-architect/corpus/record/phase-ends/DIGEST.md
  GAP corpus copy differs from its source: decomp-architect/corpus/record/phase-ends/PhaseEnd_Phase34.md
tool_census --check: corpus 360 copies + 28 pointers checked; 2 gap(s)
tool_census --check: FAIL
make: *** [Makefile:270: tools-health] Error 1
Command exited with non-zero status 2
wall=463.88 s
