  CC      build/src/ov_SC03_015/ov_SC03_015_jr_801588CC.o  (twin of ov_SC03_014: src/ov_SC03_014/ov_SC03_014_jr_801588CC.c)
  CC      build/src/ov_SC03_015/ov_SC03_015_jr_8016AB6C.o  (twin of ov_SC03_014: src/ov_SC03_014/ov_SC03_014_jr_8016AB6C.c)
  CC      build/src/ov_SC03_015/ov_SC03_015_after.o  (twin of ov_SC03_014: src/ov_SC03_014/ov_SC03_014_after.c)
  CC      build/src/ov_SC03_015/ov_SC03_015_jr_801848E4.o  (twin of ov_SC03_014: src/ov_SC03_014/ov_SC03_014_jr_801848E4.c)
  CC      build/src/ov_SC03_015/ov_SC03_015_jr_80135888.o  (twin of ov_SC03_014: src/ov_SC03_014/ov_SC03_014_jr_80135888.c)
  CC      build/src/ov_SC03_015/ov_SC03_015_jr_8012ACE0.o  (twin of ov_SC03_014: src/ov_SC03_014/ov_SC03_014_jr_8012ACE0.c)
  CC      build/src/ov_SC03_015/ov_SC03_015_jr_8013C98C.o  (twin of ov_SC03_014: src/ov_SC03_014/ov_SC03_014_jr_8013C98C.c)
  CC      build/src/ov_SC03_015/ov_SC03_015_jr_8017A4AC.o  (twin of ov_SC03_014: src/ov_SC03_014/ov_SC03_014_jr_8017A4AC.c)
  CC      build/src/ov_SC03_015/ov_SC03_015_jr_80135D20.o  (twin of ov_SC03_014: src/ov_SC03_014/ov_SC03_014_jr_80135D20.c)
  CC      build/src/ov_SC03_015/ov_SC03_015_jr_80159C84.o  (twin of ov_SC03_014: src/ov_SC03_014/ov_SC03_014_jr_80159C84.c)
  CC      build/src/ov_SC03_015/ov_SC03_015_jr_801734BC.o  (twin of ov_SC03_014: src/ov_SC03_014/ov_SC03_014_jr_801734BC.c)
  CC      build/src/ov_SC03_015/ov_SC03_015_jr_8015AE2C.o  (twin of ov_SC03_014: src/ov_SC03_014/ov_SC03_014_jr_8015AE2C.c)
  CC      build/src/ov_SC03_015/ov_SC03_015_jr_80140608.o  (twin of ov_SC03_014: src/ov_SC03_014/ov_SC03_014_jr_80140608.c)
  CC      build/src/ov_SC03_015/ov_SC03_015_o0b.o  (twin of ov_SC03_014: src/ov_SC03_014/ov_SC03_014_o0b.c)
  CC      build/src/ov_SC03_015/ov_SC03_015.o  (twin of ov_SC03_014: src/ov_SC03_014/ov_SC03_014.c)
  CC      build/src/ov_SC03_015/ov_SC03_015_jr_80178D40.o  (twin of ov_SC03_014: src/ov_SC03_014/ov_SC03_014_jr_80178D40.c)
  CC      build/src/ov_SC03_015/ov_SC03_015_o0c.o  (twin of ov_SC03_014: src/ov_SC03_014/ov_SC03_014_o0c.c)
In file included from src/ov_SC03_014/ov_SC03_014_after.c:2:
src/ov_SC03_014/../shared/engine_core.h:161199: warning: "DEFINE_func_8013FFD8" redefined
161199 | #define DEFINE_func_8013FFD8() \
       | 
src/ov_SC03_014/../shared/engine_core.h:32633: note: this is the location of the previous definition
32633 | #define DEFINE_func_8013FFD8() \
      | 
In file included from src/ov_SC03_014/ov_SC03_014.c:2:
src/ov_SC03_014/../shared/engine_core.h:161199: warning: "DEFINE_func_8013FFD8" redefined
161199 | #define DEFINE_func_8013FFD8() \
       | 
src/ov_SC03_014/../shared/engine_core.h:32633: note: this is the location of the previous definition
32633 | #define DEFINE_func_8013FFD8() \
      | 
In file included from src/ov_SC03_014/ov_SC03_014_jr_801848E4.c:2:
src/ov_SC03_014/../shared/engine_core.h:161199: warning: "DEFINE_func_8013FFD8" redefined
161199 | #define DEFINE_func_8013FFD8() \
       | 
src/ov_SC03_014/../shared/engine_core.h:32633: note: this is the location of the previous definition
32633 | #define DEFINE_func_8013FFD8() \
      | 
In file included from src/ov_SC03_014/ov_SC03_014_jr_80135D20.c:2:
src/ov_SC03_014/../shared/engine_core.h:161199: warning: "DEFINE_func_8013FFD8" redefined
161199 | #define DEFINE_func_8013FFD8() \
       | 
src/ov_SC03_014/../shared/engine_core.h:32633: note: this is the location of the previous definition
32633 | #define DEFINE_func_8013FFD8() \
      | 
In file included from src/ov_SC03_014/ov_SC03_014_jr_8012ACE0.c:2:
src/ov_SC03_014/../shared/engine_core.h:161199: warning: "DEFINE_func_8013FFD8" redefined
161199 | #define DEFINE_func_8013FFD8() \
       | 
src/ov_SC03_014/../shared/engine_core.h:32633: note: this is the location of the previous definition
32633 | #define DEFINE_func_8013FFD8() \
      | 
In file included from src/ov_SC03_014/ov_SC03_014_jr_80140608.c:2:
src/ov_SC03_014/../shared/engine_core.h:161199: warning: "DEFINE_func_8013FFD8" redefined
161199 | #define DEFINE_func_8013FFD8() \
       | 
src/ov_SC03_014/../shared/engine_core.h:32633: note: this is the location of the previous definition
32633 | #define DEFINE_func_8013FFD8() \
      | 
In file included from src/ov_SC03_014/ov_SC03_014_jr_8016AB6C.c:2:
src/ov_SC03_014/../shared/engine_core.h:161199: warning: "DEFINE_func_8013FFD8" redefined
161199 | #define DEFINE_func_8013FFD8() \
       | 
src/ov_SC03_014/../shared/engine_core.h:32633: note: this is the location of the previous definition
32633 | #define DEFINE_func_8013FFD8() \
      | 
In file included from src/ov_SC03_014/ov_SC03_014_jr_8013C98C.c:2:
src/ov_SC03_014/../shared/engine_core.h:161199: warning: "DEFINE_func_8013FFD8" redefined
161199 | #define DEFINE_func_8013FFD8() \
       | 
src/ov_SC03_014/../shared/engine_core.h:32633: note: this is the location of the previous definition
32633 | #define DEFINE_func_8013FFD8() \
      | 
In file included from src/ov_SC03_014/ov_SC03_014_jr_801588CC.c:2:
src/ov_SC03_014/../shared/engine_core.h:161199: warning: "DEFINE_func_8013FFD8" redefined
161199 | #define DEFINE_func_8013FFD8() \
       | 
src/ov_SC03_014/../shared/engine_core.h:32633: note: this is the location of the previous definition
32633 | #define DEFINE_func_8013FFD8() \
      | 
src/ov_SC03_014/../shared/engine_core.h:169456: warning: "DEFINE_func_8013F350" redefined
169456 | #define DEFINE_func_8013F350() \
       | 
src/ov_SC03_014/../shared/engine_core.h:40890: note: this is the location of the previous definition
40890 | #define DEFINE_func_8013F350() \
      | 
In file included from src/ov_SC03_014/ov_SC03_014_jr_8015AE2C.c:2:
src/ov_SC03_014/../shared/engine_core.h:161199: warning: "DEFINE_func_8013FFD8" redefined
161199 | #define DEFINE_func_8013FFD8() \
       | 
src/ov_SC03_014/../shared/engine_core.h:32633: note: this is the location of the previous definition
32633 | #define DEFINE_func_8013FFD8() \
      | 
src/ov_SC03_014/../shared/engine_core.h:169456: warning: "DEFINE_func_8013F350" redefined
169456 | #define DEFINE_func_8013F350() \
       | 
src/ov_SC03_014/../shared/engine_core.h:40890: note: this is the location of the previous definition
40890 | #define DEFINE_func_8013F350() \
      | 
In file included from src/ov_SC03_014/ov_SC03_014_jr_8017A4AC.c:2:
src/ov_SC03_014/../shared/engine_core.h:161199: warning: "DEFINE_func_8013FFD8" redefined
161199 | #define DEFINE_func_8013FFD8() \
       | 
src/ov_SC03_014/../shared/engine_core.h:32633: note: this is the location of the previous definition
32633 | #define DEFINE_func_8013FFD8() \
      | 
src/ov_SC03_014/../shared/engine_core.h:169456: warning: "DEFINE_func_8013F350" redefined
169456 | #define DEFINE_func_8013F350() \
       | 
src/ov_SC03_014/../shared/engine_core.h:40890: note: this is the location of the previous definition
40890 | #define DEFINE_func_8013F350() \
      | 
In file included from src/ov_SC03_014/ov_SC03_014_jr_80135888.c:2:
src/ov_SC03_014/../shared/engine_core.h:161199: warning: "DEFINE_func_8013FFD8" redefined
161199 | #define DEFINE_func_8013FFD8() \
       | 
In file included from src/ov_SC03_014/ov_SC03_014_jr_80178D40.c:2:
src/ov_SC03_014/../shared/engine_core.h:161199: warning: "DEFINE_func_8013FFD8" redefined
161199 | #define DEFINE_func_8013FFD8() \
       | 
src/ov_SC03_014/../shared/engine_core.h:32633: note: this is the location of the previous definition
32633 | #define DEFINE_func_8013FFD8() \
      | 
src/ov_SC03_014/../shared/engine_core.h:32633: note: this is the location of the previous definition
32633 | #define DEFINE_func_8013FFD8() \
      | 
In file included from src/ov_SC03_014/ov_SC03_014_jr_80159C84.c:2:
src/ov_SC03_014/../shared/engine_core.h:161199: warning: "DEFINE_func_8013FFD8" redefined
161199 | #define DEFINE_func_8013FFD8() \
       | 
src/ov_SC03_014/../shared/engine_core.h:32633: note: this is the location of the previous definition
32633 | #define DEFINE_func_8013FFD8() \
      | 
src/ov_SC03_014/../shared/engine_core.h:169456: warning: "DEFINE_func_8013F350" redefined
169456 | #define DEFINE_func_8013F350() \
       | 
src/ov_SC03_014/../shared/engine_core.h:40890: note: this is the location of the previous definition
40890 | #define DEFINE_func_8013F350() \
      | 
In file included from src/ov_SC03_014/ov_SC03_014_jr_801734BC.c:2:
src/ov_SC03_014/../shared/engine_core.h:161199: warning: "DEFINE_func_8013FFD8" redefined
161199 | #define DEFINE_func_8013FFD8() \
       | 
src/ov_SC03_014/../shared/engine_core.h:32633: note: this is the location of the previous definition
32633 | #define DEFINE_func_8013FFD8() \
      | 
src/ov_SC03_014/../shared/engine_core.h:169456: warning: "DEFINE_func_8013F350" redefined
169456 | #define DEFINE_func_8013F350() \
       | 
src/ov_SC03_014/../shared/engine_core.h:40890: note: this is the location of the previous definition
40890 | #define DEFINE_func_8013F350() \
      | 
src/ov_SC03_014/../shared/engine_core.h:169456: warning: "DEFINE_func_8013F350" redefined
169456 | #define DEFINE_func_8013F350() \
       | 
src/ov_SC03_014/../shared/engine_core.h:40890: note: this is the location of the previous definition
40890 | #define DEFINE_func_8013F350() \
      | 
src/ov_SC03_014/../shared/engine_core.h:169456: warning: "DEFINE_func_8013F350" redefined
169456 | #define DEFINE_func_8013F350() \
       | 
src/ov_SC03_014/../shared/engine_core.h:40890: note: this is the location of the previous definition
40890 | #define DEFINE_func_8013F350() \
      | 
src/ov_SC03_014/../shared/engine_core.h:169456: warning: "DEFINE_func_8013F350" redefined
169456 | #define DEFINE_func_8013F350() \
       | 
src/ov_SC03_014/../shared/engine_core.h:40890: note: this is the location of the previous definition
40890 | #define DEFINE_func_8013F350() \
      | 
src/ov_SC03_014/../shared/engine_core.h:169456: warning: "DEFINE_func_8013F350" redefined
169456 | #define DEFINE_func_8013F350() \
       | 
src/ov_SC03_014/../shared/engine_core.h:169456: warning: "DEFINE_func_8013F350" redefined
169456 | #define DEFINE_func_8013F350() \
       | 
src/ov_SC03_014/../shared/engine_core.h:40890: note: this is the location of the previous definition
40890 | #define DEFINE_func_8013F350() \
      | 
src/ov_SC03_014/../shared/engine_core.h:40890: note: this is the location of the previous definition
40890 | #define DEFINE_func_8013F350() \
      | 
src/ov_SC03_014/../shared/engine_core.h:169456: warning: "DEFINE_func_8013F350" redefined
169456 | #define DEFINE_func_8013F350() \
       | 
src/ov_SC03_014/../shared/engine_core.h:40890: note: this is the location of the previous definition
40890 | #define DEFINE_func_8013F350() \
      | 
In file included from src/ov_SC03_014/ov_SC03_014_o0c.c:2:
src/ov_SC03_014/../shared/engine_core.h:161199: warning: "DEFINE_func_8013FFD8" redefined
161199 | #define DEFINE_func_8013FFD8() \
       | 
src/ov_SC03_014/../shared/engine_core.h:32633: note: this is the location of the previous definition
32633 | #define DEFINE_func_8013FFD8() \
      | 
src/ov_SC03_014/../shared/engine_core.h:169456: warning: "DEFINE_func_8013F350" redefined
169456 | #define DEFINE_func_8013F350() \
       | 
src/ov_SC03_014/../shared/engine_core.h:40890: note: this is the location of the previous definition
40890 | #define DEFINE_func_8013F350() \
      | 
src/ov_SC03_014/../shared/engine_core.h:169456: warning: "DEFINE_func_8013F350" redefined
169456 | #define DEFINE_func_8013F350() \
       | 
src/ov_SC03_014/../shared/engine_core.h:40890: note: this is the location of the previous definition
40890 | #define DEFINE_func_8013F350() \
      | 
src/ov_SC03_014/../shared/engine_core.h:169456: warning: "DEFINE_func_8013F350" redefined
169456 | #define DEFINE_func_8013F350() \
       | 
src/ov_SC03_014/../shared/engine_core.h:40890: note: this is the location of the previous definition
40890 | #define DEFINE_func_8013F350() \
      | 
src/ov_SC03_014/../shared/engine_core.h:169456: warning: "DEFINE_func_8013F350" redefined
169456 | #define DEFINE_func_8013F350() \
       | 
src/ov_SC03_014/../shared/engine_core.h:40890: note: this is the location of the previous definition
40890 | #define DEFINE_func_8013F350() \
      | 
src/ov_SC03_014/../shared/engine_core.h:169456: warning: "DEFINE_func_8013F350" redefined
169456 | #define DEFINE_func_8013F350() \
       | 
src/ov_SC03_014/../shared/engine_core.h:40890: note: this is the location of the previous definition
40890 | #define DEFINE_func_8013F350() \
      | 
src/ov_SC03_014/../shared/engine_core.h:185848: warning: "DEFINE_func_80181538" redefined
185848 | #define DEFINE_func_80181538() \
       | 
src/ov_SC03_014/../shared/engine_core.h:57282: note: this is the location of the previous definition
57282 | #define DEFINE_func_80181538() \
      | 
src/ov_SC03_014/../shared/engine_core.h:185848: warning: "DEFINE_func_80181538" redefined
185848 | #define DEFINE_func_80181538() \
       | 
src/ov_SC03_014/../shared/engine_core.h:57282: note: this is the location of the previous definition
57282 | #define DEFINE_func_80181538() \
      | 
src/ov_SC03_014/../shared/engine_core.h:185848: warning: "DEFINE_func_80181538" redefined
185848 | #define DEFINE_func_80181538() \
       | 
src/ov_SC03_014/../shared/engine_core.h:57282: note: this is the location of the previous definition
57282 | #define DEFINE_func_80181538() \
      | 
src/ov_SC03_014/../shared/engine_core.h:185848: warning: "DEFINE_func_80181538" redefined
185848 | #define DEFINE_func_80181538() \
       | 
src/ov_SC03_014/../shared/engine_core.h:57282: note: this is the location of the previous definition
57282 | #define DEFINE_func_80181538() \
      | 
src/ov_SC03_014/../shared/engine_core.h:185848: warning: "DEFINE_func_80181538" redefined
185848 | #define DEFINE_func_80181538() \
       | 
src/ov_SC03_014/../shared/engine_core.h:57282: note: this is the location of the previous definition
57282 | #define DEFINE_func_80181538() \
      | 
src/ov_SC03_014/../shared/engine_core.h:190943: warning: "DEFINE_func_801808C4" redefined
190943 | #define DEFINE_func_801808C4() \
       | 
src/ov_SC03_014/../shared/engine_core.h:190943: warning: "DEFINE_func_801808C4" redefined
190943 | #define DEFINE_func_801808C4() \
       | 
src/ov_SC03_014/../shared/engine_core.h:62377: note: this is the location of the previous definition
62377 | #define DEFINE_func_801808C4() \
      | 
src/ov_SC03_014/../shared/engine_core.h:62377: note: this is the location of the previous definition
62377 | #define DEFINE_func_801808C4() \
      | 
src/ov_SC03_014/../shared/engine_core.h:190943: warning: "DEFINE_func_801808C4" redefined
190943 | #define DEFINE_func_801808C4() \
       | 
src/ov_SC03_014/../shared/engine_core.h:62377: note: this is the location of the previous definition
62377 | #define DEFINE_func_801808C4() \
      | 
src/ov_SC03_014/../shared/engine_core.h:185848: warning: "DEFINE_func_80181538" redefined
185848 | #define DEFINE_func_80181538() \
       | 
src/ov_SC03_014/../shared/engine_core.h:57282: note: this is the location of the previous definition
57282 | #define DEFINE_func_80181538() \
      | 
src/ov_SC03_014/../shared/engine_core.h:190943: warning: "DEFINE_func_801808C4" redefined
190943 | #define DEFINE_func_801808C4() \
       | 
src/ov_SC03_014/../shared/engine_core.h:62377: note: this is the location of the previous definition
62377 | #define DEFINE_func_801808C4() \
      | 
src/ov_SC03_014/../shared/engine_core.h:190943: warning: "DEFINE_func_801808C4" redefined
190943 | #define DEFINE_func_801808C4() \
       | 
src/ov_SC03_014/../shared/engine_core.h:62377: note: this is the location of the previous definition
62377 | #define DEFINE_func_801808C4() \
      | 
src/ov_SC03_014/../shared/engine_core.h:185848: warning: "DEFINE_func_80181538" redefined
185848 | #define DEFINE_func_80181538() \
       | 
src/ov_SC03_014/../shared/engine_core.h:57282: note: this is the location of the previous definition
57282 | #define DEFINE_func_80181538() \
      | 
src/ov_SC03_014/../shared/engine_core.h:185848: warning: "DEFINE_func_80181538" redefined
185848 | #define DEFINE_func_80181538() \
       | 
src/ov_SC03_014/../shared/engine_core.h:57282: note: this is the location of the previous definition
57282 | #define DEFINE_func_80181538() \
      | 
src/ov_SC03_014/../shared/engine_core.h:185848: warning: "DEFINE_func_80181538" redefined
185848 | #define DEFINE_func_80181538() \
       | 
src/ov_SC03_014/../shared/engine_core.h:57282: note: this is the location of the previous definition
57282 | #define DEFINE_func_80181538() \
      | 
src/ov_SC03_014/../shared/engine_core.h:185848: warning: "DEFINE_func_80181538" redefined
185848 | #define DEFINE_func_80181538() \
       | 
src/ov_SC03_014/../shared/engine_core.h:57282: note: this is the location of the previous definition
57282 | #define DEFINE_func_80181538() \
      | 
src/ov_SC03_014/../shared/engine_core.h:185848: warning: "DEFINE_func_80181538" redefined
185848 | #define DEFINE_func_80181538() \
       | 
src/ov_SC03_014/../shared/engine_core.h:57282: note: this is the location of the previous definition
57282 | #define DEFINE_func_80181538() \
      | 
src/ov_SC03_014/../shared/engine_core.h:185848: warning: "DEFINE_func_80181538" redefined
185848 | #define DEFINE_func_80181538() \
       | 
src/ov_SC03_014/../shared/engine_core.h:57282: note: this is the location of the previous definition
57282 | #define DEFINE_func_80181538() \
      | 
src/ov_SC03_014/../shared/engine_core.h:190943: warning: "DEFINE_func_801808C4" redefined
190943 | #define DEFINE_func_801808C4() \
       | 
src/ov_SC03_014/../shared/engine_core.h:62377: note: this is the location of the previous definition
62377 | #define DEFINE_func_801808C4() \
      | 
src/ov_SC03_014/../shared/engine_core.h:185848: warning: "DEFINE_func_80181538" redefined
185848 | #define DEFINE_func_80181538() \
       | 
src/ov_SC03_014/../shared/engine_core.h:57282: note: this is the location of the previous definition
57282 | #define DEFINE_func_80181538() \
      | 
src/ov_SC03_014/../shared/engine_core.h:185848: warning: "DEFINE_func_80181538" redefined
185848 | #define DEFINE_func_80181538() \
       | 
src/ov_SC03_014/../shared/engine_core.h:57282: note: this is the location of the previous definition
57282 | #define DEFINE_func_80181538() \
      | 
src/ov_SC03_014/../shared/engine_core.h:190943: warning: "DEFINE_func_801808C4" redefined
190943 | #define DEFINE_func_801808C4() \
       | 
src/ov_SC03_014/../shared/engine_core.h:62377: note: this is the location of the previous definition
62377 | #define DEFINE_func_801808C4() \
      | 
src/ov_SC03_014/../shared/engine_core.h:190943: warning: "DEFINE_func_801808C4" redefined
190943 | #define DEFINE_func_801808C4() \
       | 
src/ov_SC03_014/../shared/engine_core.h:62377: note: this is the location of the previous definition
62377 | #define DEFINE_func_801808C4() \
      | 
src/ov_SC03_014/../shared/engine_core.h:190943: warning: "DEFINE_func_801808C4" redefined
190943 | #define DEFINE_func_801808C4() \
       | 
src/ov_SC03_014/../shared/engine_core.h:62377: note: this is the location of the previous definition
62377 | #define DEFINE_func_801808C4() \
      | 
src/ov_SC03_014/../shared/engine_core.h:190943: warning: "DEFINE_func_801808C4" redefined
190943 | #define DEFINE_func_801808C4() \
       | 
src/ov_SC03_014/../shared/engine_core.h:62377: note: this is the location of the previous definition
62377 | #define DEFINE_func_801808C4() \
      | 
src/ov_SC03_014/../shared/engine_core.h:190943: warning: "DEFINE_func_801808C4" redefined
190943 | #define DEFINE_func_801808C4() \
       | 
src/ov_SC03_014/../shared/engine_core.h:62377: note: this is the location of the previous definition
62377 | #define DEFINE_func_801808C4() \
      | 
src/ov_SC03_014/../shared/engine_core.h:190943: warning: "DEFINE_func_801808C4" redefined
190943 | #define DEFINE_func_801808C4() \
       | 
src/ov_SC03_014/../shared/engine_core.h:62377: note: this is the location of the previous definition
62377 | #define DEFINE_func_801808C4() \
      | 
src/ov_SC03_014/../shared/engine_core.h:190943: warning: "DEFINE_func_801808C4" redefined
190943 | #define DEFINE_func_801808C4() \
       | 
src/ov_SC03_014/../shared/engine_core.h:62377: note: this is the location of the previous definition
62377 | #define DEFINE_func_801808C4() \
      | 
src/ov_SC03_014/../shared/engine_core.h:190943: warning: "DEFINE_func_801808C4" redefined
190943 | #define DEFINE_func_801808C4() \
       | 
src/ov_SC03_014/../shared/engine_core.h:62377: note: this is the location of the previous definition
62377 | #define DEFINE_func_801808C4() \
      | 
src/ov_SC03_014/../shared/engine_core.h:185848: warning: "DEFINE_func_80181538" redefined
185848 | #define DEFINE_func_80181538() \
       | 
src/ov_SC03_014/../shared/engine_core.h:57282: note: this is the location of the previous definition
57282 | #define DEFINE_func_80181538() \
      | 
src/ov_SC03_014/../shared/engine_core.h:185848: warning: "DEFINE_func_80181538" redefined
185848 | #define DEFINE_func_80181538() \
       | 
src/ov_SC03_014/../shared/engine_core.h:57282: note: this is the location of the previous definition
57282 | #define DEFINE_func_80181538() \
      | 
src/ov_SC03_014/../shared/engine_core.h:190943: warning: "DEFINE_func_801808C4" redefined
190943 | #define DEFINE_func_801808C4() \
       | 
src/ov_SC03_014/../shared/engine_core.h:62377: note: this is the location of the previous definition
62377 | #define DEFINE_func_801808C4() \
      | 
src/ov_SC03_014/../shared/engine_core.h:190943: warning: "DEFINE_func_801808C4" redefined
190943 | #define DEFINE_func_801808C4() \
       | 
src/ov_SC03_014/../shared/engine_core.h:62377: note: this is the location of the previous definition
62377 | #define DEFINE_func_801808C4() \
      | 
src/ov_SC03_014/ov_SC03_014_after.c: In function `func_80145B24':
src/ov_SC03_014/ov_SC03_014_after.c:111: warning: assignment from incompatible pointer type
src/ov_SC03_014/ov_SC03_014_after.c: At top level:
src/ov_SC03_014/ov_SC03_014_after.c:235: warning: type mismatch with previous external decl
src/ov_SC03_014/ov_SC03_014_after.c:136: warning: previous external decl of `func_80145EE8'
src/ov_SC03_014/ov_SC03_014_after.c:322: warning: type mismatch with previous external decl
src/ov_SC03_014/ov_SC03_014_after.c:146: warning: previous external decl of `D_80126B78'
src/ov_SC03_014/ov_SC03_014_after.c:322: warning: type mismatch with previous external decl
src/ov_SC03_014/ov_SC03_014_after.c:127: warning: previous external decl of `func_80147098'
src/ov_SC03_014/ov_SC03_014_jr_80135D20.c:576: warning: conflicting types for built-in function `memcpy'
src/ov_SC03_014/ov_SC03_014_jr_801848E4.c:1524: warning: conflicting types for built-in function `memcpy'
src/ov_SC03_014/ov_SC03_014_after.c:373: warning: type mismatch with previous external decl
src/ov_SC03_014/ov_SC03_014_after.c:135: warning: previous external decl of `func_801468C8'
src/ov_SC03_014/ov_SC03_014_after.c:480: warning: type mismatch with previous external decl
src/ov_SC03_014/ov_SC03_014_after.c:123: warning: previous external decl of `func_80016714'
src/ov_SC03_014/ov_SC03_014_after.c: In function `func_80146D90':
src/ov_SC03_014/ov_SC03_014_after.c:494: warning: passing arg 1 of `func_80146DE8' makes pointer from integer without a cast
src/ov_SC03_014/ov_SC03_014_jr_80135D20.c: In function `func_80136A94':
src/ov_SC03_014/ov_SC03_014_jr_80135D20.c:1206: warning: type mismatch with previous external decl
src/ov_SC03_014/ov_SC03_014_jr_80135D20.c:772: warning: previous external decl of `D_80126722'
src/ov_SC03_014/ov_SC03_014_after.c: In function `func_80147060':
src/ov_SC03_014/ov_SC03_014_after.c:516: warning: `return' with a value, in function returning void
src/ov_SC03_014/ov_SC03_014_after.c: At top level:
src/ov_SC03_014/ov_SC03_014_after.c:522: warning: type mismatch with previous external decl
src/ov_SC03_014/ov_SC03_014_after.c:126: warning: previous external decl of `func_80147084'
src/ov_SC03_014/ov_SC03_014_after.c:530: warning: type mismatch with previous external decl
src/ov_SC03_014/ov_SC03_014_after.c:128: warning: previous external decl of `func_801470AC'
src/ov_SC03_014/ov_SC03_014_jr_80135D20.c: At top level:
src/ov_SC03_014/ov_SC03_014_jr_80135D20.c:1286: warning: type mismatch with previous external decl
src/ov_SC03_014/ov_SC03_014_jr_80135D20.c:1204: warning: previous external decl of `ApplyMatrixSV'
src/ov_SC03_014/ov_SC03_014_jr_801734BC.c:1534: warning: conflicting types for built-in function `memcpy'
src/ov_SC03_014/ov_SC03_014_jr_8016AB6C.c:1526: warning: conflicting types for built-in function `memcpy'
src/ov_SC03_014/ov_SC03_014_after.c:546: warning: type mismatch with previous external decl
src/ov_SC03_014/ov_SC03_014_after.c:163: warning: previous external decl of `D_8012707C'
src/ov_SC03_014/ov_SC03_014_after.c: In function `func_80147324':
src/ov_SC03_014/ov_SC03_014_after.c:552: warning: comparison between pointer and integer
src/ov_SC03_014/ov_SC03_014_jr_8017A4AC.c:1531: warning: conflicting types for built-in function `memcpy'
src/ov_SC03_014/ov_SC03_014_jr_8013C98C.c: In function `func_8013C9C4':
src/ov_SC03_014/ov_SC03_014_jr_8013C98C.c:802: warning: assignment makes integer from pointer without a cast
src/ov_SC03_014/ov_SC03_014_jr_801734BC.c:2345: warning: type mismatch with previous external decl
src/ov_SC03_014/ov_SC03_014_jr_801734BC.c:2322: warning: previous external decl of `func_80173544'
src/ov_SC03_014/ov_SC03_014_jr_80140608.c: In function `func_80140D68':
src/ov_SC03_014/ov_SC03_014_jr_80140608.c:1251: warning: type mismatch with previous external decl
src/ov_SC03_014/ov_SC03_014_jr_80140608.c:1112: warning: previous external decl of `D_800AE7BC'
src/ov_SC03_014/ov_SC03_014_jr_80178D40.c:1531: warning: conflicting types for built-in function `memcpy'
src/ov_SC03_014/ov_SC03_014.c: In function `func_8012A418':
src/ov_SC03_014/ov_SC03_014.c:724: warning: assignment from incompatible pointer type
src/ov_SC03_014/ov_SC03_014_jr_80135888.c:576: warning: conflicting types for built-in function `memcpy'
src/ov_SC03_014/ov_SC03_014_jr_80135888.c: In function `func_80135888':
src/ov_SC03_014/ov_SC03_014_jr_80135888.c:678: warning: passing arg 1 of `func_80135EB0' makes pointer from integer without a cast
src/ov_SC03_014/ov_SC03_014_jr_80135888.c:685: warning: passing arg 1 of `func_80135EB0' makes pointer from integer without a cast
src/ov_SC03_014/ov_SC03_014_jr_801734BC.c: In function `func_80173A60':
src/ov_SC03_014/ov_SC03_014_jr_801734BC.c:2416: warning: passing arg 2 of `__builtin_memcpy' makes pointer from integer without a cast
src/ov_SC03_014/ov_SC03_014.c: In function `func_8012A6D0':
src/ov_SC03_014/ov_SC03_014.c:750: warning: initialization makes integer from pointer without a cast
src/ov_SC03_014/ov_SC03_014.c:750: warning: initialization makes integer from pointer without a cast
src/ov_SC03_014/ov_SC03_014_jr_8016AB6C.c: In function `func_8016B448':
src/ov_SC03_014/ov_SC03_014_jr_8016AB6C.c:2144: warning: passing arg 1 of `func_8014C050' makes integer from pointer without a cast
src/ov_SC03_014/ov_SC03_014_jr_80140608.c: In function `aF801412A8':
src/ov_SC03_014/ov_SC03_014_jr_80140608.c:1432: warning: type mismatch with previous external decl
src/ov_SC03_014/ov_SC03_014_jr_80140608.c:1112: warning: previous external decl of `D_800AE7BCsrc/ov_SC03_014/ov_SC03_014_jr_8016AB6C.c:2144: 'warning: 
passing arg 1 of `func_8016B984' makes pointer from integer without a cast
src/ov_SC03_014/ov_SC03_014_after.c: In function `func_80147AD4':
src/ov_SC03_014/ov_SC03_014_after.c:604: warning: passing arg 2 of `func_80147B5C' makes pointer from integer without a cast
src/ov_SC03_014/ov_SC03_014_jr_8016AB6C.c:2144: warning: passing arg 2 of `func_80146A6C' makes pointer from integer without a cast
src/ov_SC03_014/ov_SC03_014.c: In function `func_8012A828':
src/ov_SC03_014/ov_SC03_014.c:758: warning: assignment makes integer from pointer without a cast
src/ov_SC03_014/ov_SC03_014_jr_801734BC.c: In function `func_80173BC0':
src/ov_SC03_014/ov_SC03_014_jr_801734BC.c:2429: warning: passing arg 1 of `func_80171A34' from incompatible pointer type
src/ov_SC03_014/ov_SC03_014_jr_80178D40.c: In function `func_80178D40':
src/ov_SC03_014/ov_SC03_014_jr_80178D40.c:2734: warning: passing arg 1 makes integer from pointer without a cast
src/ov_SC03_014/ov_SC03_014_jr_80178D40.c:3141: warning: passing arg 1 makes integer from pointer without a cast
src/ov_SC03_014/ov_SC03_014_after.c: In function `func_80147D38':
src/ov_SC03_014/ov_SC03_014_after.c:614: warning: passing arg 2 of `func_80147DC0' makes integer from pointer without a cast
src/ov_SC03_014/ov_SC03_014_jr_8016AB6C.c: In function `func_8016BA68':
src/ov_SC03_014/ov_SC03_014_jr_8016AB6C.c:2396: warning: passing arg 1 of `func_8014C050' makes integer from pointer without a cast
src/ov_SC03_014/ov_SC03_014_jr_8016AB6C.c:2396: warning: passing arg 1 makes pointer from integer without a cast
src/ov_SC03_014/ov_SC03_014_jr_8016AB6C.c:2396: warning: passing arg 2 of `func_80146A6C' makes pointer from integer without a cast
src/ov_SC03_014/ov_SC03_014_jr_801588CC.c: In function `func_80158AE4':
src/ov_SC03_014/ov_SC03_014_jr_801588CC.c:1160: warning: passing arg 1 makes integer from pointer without a cast
src/ov_SC03_014/ov_SC03_014_jr_801588CC.c:1160: warning: passing arg 1 makes integer from pointer without a cast
src/ov_SC03_014/ov_SC03_014_jr_801588CC.c:1160: warning: passing arg 1 of `func_80165A20' makes integer from pointer without a cast
src/ov_SC03_014/ov_SC03_014_jr_801588CC.c:1160: warning: passing arg 1 of `func_80165A78' makes integer from pointer without a cast
src/ov_SC03_014/ov_SC03_014_jr_801588CC.c:1160: warning: passing arg 1 of `func_8014B160' makes integer from pointer without a cast
src/ov_SC03_014/ov_SC03_014_jr_801734BC.c: In function `func_801743F0':
src/ov_SC03_014/ov_SC03_014_jr_801734BC.c:2479: warning: passing arg 1 of `func_80172658' from incompatible pointer type
src/ov_SC03_014/ov_SC03_014_jr_8015AE2C.c: In function `func_8015BF48':
src/ov_SC03_014/ov_SC03_014_jr_8015AE2C.c:1795: warning: passing arg 1 of `func_8015C0C4' makes integer from pointer without a cast
src/ov_SC03_014/ov_SC03_014_jr_801588CC.c: In function `func_80158BB0':
src/ov_SC03_014/ov_SC03_014_jr_801588CC.c:1179: warning: passing arg 2 of `func_80154274' makes integer from pointer without a cast
src/ov_SC03_014/ov_SC03_014_jr_801588CC.c:1180: warning: passing arg 1 of `func_80154A74' makes integer from pointer without a cast
src/ov_SC03_014/ov_SC03_014_jr_8016AB6C.c: In function `func_8016BCC0':
src/ov_SC03_014/ov_SC03_014_jr_8016AB6C.c:2467: warning: type mismatch with previous external decl
src/ov_SC03_014/ov_SC03_014_jr_8016AB6C.c:2417: warning: previous external decl of `func_8016BF50'
src/ov_SC03_014/ov_SC03_014_jr_8016AB6C.c:2474: warning: passing arg 1 of `func_8016BFA8' makes integer from pointer without a cast
src/ov_SC03_014/ov_SC03_014_jr_8016AB6C.c:2474: warning: passing arg 2 of `func_8016BFA8' makes integer from pointer without a cast
src/ov_SC03_014/ov_SC03_014_jr_8016AB6C.c:2474: warning: passing arg 3 of `func_8016BFA8' makes integer from pointer without a cast
src/ov_SC03_014/ov_SC03_014_jr_8016AB6C.c:2474: warning: passing arg 4 of `func_8016BFA8' makes integer from pointer without a cast
src/ov_SC03_014/ov_SC03_014_jr_8012ACE0.c: In function `func_8012D098':
src/ov_SC03_014/ov_SC03_014_jr_8012ACE0.c:549: warning: passing arg 1 of `func_8012F214' makes integer from pointer without a cast
src/ov_SC03_014/ov_SC03_014_jr_8012ACE0.c:549: warning: passing arg 2 of `func_8012F214' makes integer from pointer without a cast
src/ov_SC03_014/ov_SC03_014_jr_8012ACE0.c:549: warning: passing arg 3 of `func_8012F214' makes integer from pointer without a cast
src/ov_SC03_014/ov_SC03_014_jr_8012ACE0.c:549: warning: passing arg 1 of `func_8012F214' makes integer from pointer without a cast
src/ov_SC03_014/ov_SC03_014_jr_8012ACE0.c:549: warning: passing arg 2 of `func_8012F214' makes integer from pointer without a cast
src/ov_SC03_014/ov_SC03_014_jr_8012ACE0.c:549: warning: passing arg 3 of `func_8012F214' makes integer from pointer without a cast
src/ov_SC03_014/ov_SC03_014_jr_8012ACE0.c:549: warning: passing arg 1 of `func_8012F214' makes integer from pointer without a cast
src/ov_SC03_014/ov_SC03_014_jr_8012ACE0.c:549: warning: passing arg 2 of `func_8012F214' makes integer from pointer without a cast
src/ov_SC03_014/ov_SC03_014_jr_8012ACE0.c:549: warning: passing arg 3 of `func_8012F214' makes integer from pointer without a cast
src/ov_SC03_014/ov_SC03_014_jr_8012ACE0.c:549: warning: passing arg 1 of `func_8012F214' makes integer from pointer without a cast
src/ov_SC03_014/ov_SC03_014_jr_8012ACE0.c:549: warning: passing arg 2 of `func_8012F214' makes integer from pointer without a cast
src/ov_SC03_014/ov_SC03_014_jr_8012ACE0.c:549: warning: passing arg 3 of `func_8012F214' makes integer from pointer without a cast
src/ov_SC03_014/ov_SC03_014_jr_8012ACE0.c:549: warning: passing arg 1 of `func_8012F214' makes integer from pointer without a cast
src/ov_SC03_014/ov_SC03_014_jr_8012ACE0.c:549: warning: passing arg 2 of `func_8012F214' makes integer from pointer without a cast
src/ov_SC03_014/ov_SC03_014_jr_8012ACE0.c:549: warning: passing arg 3 of `func_8012F214' makes integer from pointer without a cast
src/ov_SC03_014/ov_SC03_014_jr_8012ACE0.c:549: warning: passing arg 1 of `func_8012F214' makes integer from pointer without a cast
src/ov_SC03_014/ov_SC03_014_jr_8012ACE0.c:549: warning: passing arg 2 of `func_8012F214' makes integer from pointer without a cast
src/ov_SC03_014/ov_SC03_014_jr_8012ACE0.c:549: warning: passing arg 3 of `func_8012F214' makes integer from pointer without a cast
src/ov_SC03_014/ov_SC03_014_jr_8012ACE0.c:549: warning: passing arg 1 of `func_8012F214' makes integer from pointer without a cast
src/ov_SC03_014/ov_SC03_014_jr_8012ACE0.c:549: warning: passing arg 2 of `func_8012F214' makes integer from pointer without a cast
src/ov_SC03_014/ov_SC03_014_jr_8012ACE0.c:549: warning: passing arg 3 of `func_8012F214' makes integer from pointer without a cast
src/ov_SC03_014/ov_SC03_014_jr_8012ACE0.c:549: warning: passing arg 1 of `func_8012F214' makes integer from pointer without a cast
src/ov_SC03_014/ov_SC03_014_jr_8012ACE0.c:549: warning: passing arg 2 of `func_8012F214' makes integer from pointer without a cast
src/ov_SC03_014/ov_SC03_014_jr_8012ACE0.c:549: warning: passing arg 3 of `func_8012F214' makes integer from pointer without a cast
src/ov_SC03_014/ov_SC03_014_jr_8012ACE0.c:549: warning: passing arg 1 of `func_8012D3B4' makes integer from pointer without a castsrc/ov_SC03_014/ov_SC03_014_jr_8016AB6C.c: 
In function `func_8016BD78':
src/ov_SC03_014/ov_SC03_014_jr_8012ACE0.c:549: src/ov_SC03_014/ov_SC03_014_jr_8016AB6C.c:2492: warning: warning: passing arg 2 of `func_8012D3B4' makes integer from pointer without a casttype mismatch with previous external decl

src/ov_SC03_014/ov_SC03_014_jr_8016AB6C.c:2417: warning: previous external decl of `func_8016BF50'
src/ov_SC03_014/ov_SC03_014_jr_8012ACE0.c:549: src/ov_SC03_014/ov_SC03_014_jr_8016AB6C.c:2492: warning: warning: passing arg 1 of `func_8012D3B4' makes integer from pointer without a casttype mismatch with previous implicit declaration

src/ov_SC03_014/ov_SC03_014_jr_8012ACE0.c:549: src/ov_SC03_014/ov_SC03_014_jr_8016AB6C.c:2467: warning: warning: passing arg 2 of `func_8012D3B4' makes integer from pointer without a castprevious implicit declaration of `
func_8016BF50'
src/ov_SC03_014/ov_SC03_014_jr_8012ACE0.c:549: warning: passing arg 1 of `func_8012D3B4' makes integer from pointer without a cast
src/ov_SC03_014/ov_SC03_014_jr_8012ACE0.c:549: warning: passing arg 2 of `func_8012D3B4' makes integer from pointer without a cast
src/ov_SC03_014/ov_SC03_014_jr_8012ACE0.c:549: warning: passing arg 1 of `func_8012D3B4' makes integer from pointer without a cast
src/ov_SC03_014/ov_SC03_014_jr_8012ACE0.c:549: warning: passing arg 2 of `func_8012D3B4' makes integer from pointer without a cast
src/ov_SC03_014/ov_SC03_014_jr_8012ACE0.c:549: warning: passing arg 1 of `func_8012D3B4' makes integer from pointer without a cast
src/ov_SC03_014/ov_SC03_014_jr_8012ACE0.c:549: warning: passing arg 2 of `func_8012D3B4' makes integer from pointer without a cast
src/ov_SC03_014/ov_SC03_014_jr_8012ACE0.c:549: warning: passing arg 1 of `func_8012D3B4' makes integer from pointer without a cast
src/ov_SC03_014/ov_SC03_014_jr_8012ACE0.c:549: warning: passing arg 2 of `func_8012D3B4' makes integer from pointer without a cast
src/ov_SC03_014/ov_SC03_014_jr_8012ACE0.c:549: warning: passing arg 1 of `func_8012D3B4' makes integer from pointer without a cast
src/ov_SC03_014/ov_SC03_014_jr_8012ACE0.c:549: warning: passing arg 2 of `func_8012D3B4' makes integer from pointer without a cast
src/ov_SC03_014/ov_SC03_014_jr_8012ACE0.c:549: warning: passing arg 1 of `func_8012D3B4' makes integer from pointer without a cast
src/ov_SC03_014/ov_SC03_014_jr_8012ACE0.c:549: warning: passing arg 2 of `func_8012D3B4' makes integer from pointer without a cast
src/ov_SC03_014/ov_SC03_014_jr_8012ACE0.c:549: warning: passing arg 1 of `func_8012D3B4' makes integer from pointer without a cast
src/ov_SC03_014/ov_SC03_014_jr_8012ACE0.c:549: warning: passing arg 2 of `func_8012D3B4' makes integer from pointer without a cast
src/ov_SC03_014/ov_SC03_014_jr_8012ACE0.c:549: warning: passing arg 1 of `func_8012D3B4' makes integer from pointer without a cast
src/ov_SC03_014/ov_SC03_014_jr_8012ACE0.c:549: warning: passing arg 2 of `func_8012D3B4' makes integer from pointer without a cast
src/ov_SC03_014/ov_SC03_014_jr_8012ACE0.c:549: warning: passing arg 1 of `func_8012D3B4' makes integer from pointer without a cast
src/ov_SC03_014/ov_SC03_014_jr_8012ACE0.c:549: warning: passing arg 2 of `func_8012D3B4' makes integer from pointer without a cast
src/ov_SC03_014/ov_SC03_014_jr_8012ACE0.c:549: warning: passing arg 1 of `func_8012D3B4' makes integer from pointer without a cast
src/ov_SC03_014/ov_SC03_014_jr_8012ACE0.c:549: warning: passing arg 2 of `func_8012D3B4' makes integer from pointer without a cast
src/ov_SC03_014/ov_SC03_014_jr_8015AE2C.c: In function `func_8015C128':
src/ov_SC03_014/ov_SC03_014_jr_8015AE2C.c:1832: warning: type mismatch with previous external decl
src/ov_SC03_014/ov_SC03_014_jr_8015AE2C.c:1247: warning: previous external decl of `D_8018DC08'
src/ov_SC03_014/ov_SC03_014_jr_8012ACE0.c: In function `func_8012D38C':
src/ov_SC03_014/ov_SC03_014_jr_8012ACE0.c:551: warning: passing arg 1 of `func_8012D098' makes pointer from integer without a cast
src/ov_SC03_014/ov_SC03_014_jr_8012ACE0.c: At top level:
src/ov_SC03_014/ov_SC03_014_jr_8012ACE0.c:555: warning: type mismatch with previous external decl
src/ov_SC03_014/ov_SC03_014_jr_8012ACE0.c:547: warning: previous external decl of `RotTransPers'
src/ov_SC03_014/ov_SC03_014_jr_8012ACE0.c: In function `func_8012D3B4':
src/ov_SC03_014/ov_SC03_014_jr_8012ACE0.c:555: warning: passing arg 2 of `RotTransPers' makes integer from pointer without a cast
src/ov_SC03_014/ov_SC03_014_jr_8012ACE0.c:555: warning: passing arg 2 of `RotTransPers' makes integer from pointer without a cast
src/ov_SC03_014/ov_SC03_014_jr_8012ACE0.c: In function `func_8012D4B4':
src/ov_SC03_014/ov_SC03_014_jr_8012ACE0.c:557: warning: passing arg 2 of `RotTransPers' makes integer from pointer without a cast
src/ov_SC03_014/ov_SC03_014_jr_8012ACE0.c:557: warning: passing arg 2 of `RotTransPers' makes integer from pointer without a cast
src/ov_SC03_014/ov_SC03_014_jr_8016AB6C.c: In function `func_8016BEA0':
src/ov_SC03_014/ov_SC03_014_jr_8016AB6C.c:2533: warning: type mismatch with previous external decl
src/ov_SC03_014/ov_SC03_014_jr_8016AB6C.c:2417: warning: previous external decl of `func_8016BF50'
src/ov_SC03_014/ov_SC03_014_jr_8016AB6C.c:2533: warning: type mismatch with previous implicit declaration
src/ov_SC03_014/ov_SC03_014_jr_8016AB6C.c:2467: warning: previous implicit declaration of `func_8016BF50'
src/ov_SC03_014/ov_SC03_014_jr_8016AB6C.c: At top level:
src/ov_SC03_014/ov_SC03_014_jr_8016AB6C.c:2558: warning: type mismatch with previous external decl
src/ov_SC03_014/ov_SC03_014_jr_8016AB6C.c:2417: warning: previous external decl of `func_8016BF50'
src/ov_SC03_014/ov_SC03_014_jr_8013C98C.c: In function `func_8013E4B4':
src/ov_SC03_014/ov_SC03_014_jr_8013C98C.c:1787: warning: passing arg 1 of `func_8012C750' makes integer from pointer without a cast
src/ov_SC03_014/ov_SC03_014_o0c.c:1524: warning: conflicting types for built-in function `memcpy'
src/ov_SC03_014/ov_SC03_014_jr_8016AB6C.c:2707: warning: type mismatch with previous external decl
src/ov_SC03_014/ov_SC03_014_jr_8016AB6C.c:2653: warning: previous external decl of `D_801E9C4C'
src/ov_SC03_014/ov_SC03_014_jr_8016AB6C.c:2708: warning: type mismatch with previous external decl
src/ov_SC03_014/ov_SC03_014_jr_8016AB6C.c:2656: warning: previous external decl of `D_801E9C54'
src/ov_SC03_014/ov_SC03_014_jr_8012ACE0.c: At top level:
src/ov_SC03_014/ov_SC03_014_jr_8012ACE0.c:596: warning: type mismatch with previous external decl
src/ov_SC03_014/ov_SC03_014_jr_8012ACE0.c:571: warning: previous external decl of `func_8012F568'
src/ov_SC03_014/ov_SC03_014_jr_8012ACE0.c: In function `func_8012DB84':
src/ov_SC03_014/ov_SC03_014_jr_8012ACE0.c:604: warning: passing arg 5 of `func_8012F568' makes integer from pointer without a cast
src/ov_SC03_014/ov_SC03_014_jr_8012ACE0.c:604: warning: passing arg 6 of `func_8012F568' makes integer from pointer without a cast
src/ov_SC03_014/ov_SC03_014_jr_8013C98C.c: At top level:
src/ov_SC03_014/ov_SC03_014_jr_8013C98C.c:1985: warning: prototype for `func_8013E958' follows
src/ov_SC03_014/ov_SC03_014_jr_8013C98C.c:1949: warning: non-prototype definition here
src/ov_SC03_014/ov_SC03_014_jr_8013C98C.c:1985: warning: type mismatch with previous external decl
src/ov_SC03_014/ov_SC03_014_jr_8013C98C.c:1891: warning: previous external decl of `D_80115130'
src/ov_SC03_014/ov_SC03_014_jr_8013C98C.c:2009: warning: type mismatch with previous external decl
src/ov_SC03_014/ov_SC03_014_jr_8013C98C.c:1889: warning: previous external decl of `D_80115128'
src/ov_SC03_014/ov_SC03_014_jr_80178D40.c: At top level:
src/ov_SC03_014/ov_SC03_014_jr_80178D40.c:3373: warning: type mismatch with previous external decl
src/ov_SC03_014/ov_SC03_014_jr_80178D40.c:2645: warning: previous external decl of `func_80179D30'
src/ov_SC03_014/ov_SC03_014_jr_80178D40.c:3375: warning: type mismatch with previous external decl
src/ov_SC03_014/ov_SC03_014_jr_80178D40.c:2646: warning: previous external decl of `func_80179D78'
src/ov_SC03_014/ov_SC03_014_jr_80178D40.c:3377: warning: type mismatch with previous external decl
src/ov_SC03_014/ov_SC03_014_jr_80178D40.c:2648: warning: previous external decl of `func_80179DCC'
src/ov_SC03_014/ov_SC03_014_jr_80178D40.c:3381: warning: type mismatch with previous external decl
src/ov_SC03_014/ov_SC03_014_jr_80178D40.c:2650: warning: previous external decl of `func_80179E1C'
src/ov_SC03_014/ov_SC03_014_jr_80178D40.c:3383: warning: type mismatch with previous external decl
src/ov_SC03_014/ov_SC03_014_jr_80178D40.c:2651: warning: previous external decl of `func_80179E48'
src/ov_SC03_014/ov_SC03_014_jr_80178D40.c:3385: warning: type mismatch with previous external decl
src/ov_SC03_014/ov_SC03_014_jr_80178D40.c:2652: warning: previous external decl of `func_80179E74'
src/ov_SC03_014/ov_SC03_014_jr_80178D40.c:3387: warning: type mismatch with previous external decl
src/ov_SC03_014/ov_SC03_014_jr_80178D40.c:2647: warning: previous external decl of `func_80179EA0'
src/ov_SC03_014/ov_SC03_014_jr_80140608.c: In function `func_80142838':
src/ov_SC03_014/ov_SC03_014_jr_80140608.c:1767: warning: passing arg 1 of `func_8012C0EC' makes integer from pointer without a cast
src/ov_SC03_014/ov_SC03_014_jr_8013C98C.c:2150: warning: type mismatch with previous external decl
src/ov_SC03_014/ov_SC03_014_jr_8013C98C.c:1951: warning: previous external decl of `func_800D0488'
src/ov_SC03_014/ov_SC03_014_jr_8016AB6C.c:2831: warning: type mismatch with previous external decl
src/ov_SC03_014/ov_SC03_014_jr_8016AB6C.c:2750: warning: previous external decl of `func_8016CF04'
src/ov_SC03_014/ov_SC03_014_jr_8012ACE0.c: In function `func_8012DDA4':
src/ov_SC03_014/ov_SC03_014_jr_8012ACE0.c:628: warning: return makes integer from pointer without a cast
src/ov_SC03_014/ov_SC03_014_jr_8012ACE0.c: In function `func_8012DE2C':
src/ov_SC03_014/ov_SC03_014_jr_8012ACE0.c:643: warning: type mismatch with previous external decl
src/ov_SC03_014/ov_SC03_014_jr_8012ACE0.c:618: warning: previous external decl of `D_801E9524'
src/ov_SC03_014/ov_SC03_014_jr_8012ACE0.c:644: warning: type mismatch with previous external decl
src/ov_SC03_014/ov_SC03_014_jr_8012ACE0.c:619: warning: previous external decl of `D_801E9520'
src/ov_SC03_014/ov_SC03_014_jr_8012ACE0.c:659: warning: return makes integer from pointer without a cast
src/ov_SC03_014/ov_SC03_014_jr_80178D40.c:3389: warning: type mismatch with previous external decl
src/ov_SC03_014/ov_SC03_014_jr_80178D40.c:2653: warning: previous external decl of `func_80179EE8'
src/ov_SC03_014/ov_SC03_014_jr_80178D40.c:3391: warning: type mismatch with previous external decl
src/ov_SC03_014/ov_SC03_014_jr_80178D40.c:2654: warning: previous external decl of `func_80179F14'
src/ov_SC03_014/ov_SC03_014_jr_8012ACE0.c: In function `func_8012E138':
src/ov_SC03_014/ov_SC03_014_jr_8012ACE0.c:681: warning: passing arg 2 of `func_8012F038' from incompatible pointer type
src/ov_SC03_014/ov_SC03_014_jr_8012ACE0.c:681: warning: passing arg 3 of `func_8012F038' from incompatible pointer type
src/ov_SC03_014/ov_SC03_014_jr_80178D40.c:3395: warning: type mismatch with previous external decl
src/ov_SC03_014/ov_SC03_014_jr_80178D40.c:2656: warning: previous external decl of `func_80179F6C'
src/ov_SC03_014/ov_SC03_014_jr_8012ACE0.c:681: warning: passing arg 2 of `func_8012F14C' makes integer from pointer without a cast
src/ov_SC03_014/ov_SC03_014_jr_8012ACE0.c:681: warning: passing arg 3 of `func_8012F14C' makes integer from pointer without a cast
src/ov_SC03_014/ov_SC03_014_jr_8012ACE0.c:681: warning: passing arg 3 of `func_80135888' makes integer from pointer without a cast
src/ov_SC03_014/ov_SC03_014_jr_8012ACE0.c:681: warning: passing arg 4 of `func_80135888' makes integer from pointer without a cast
src/ov_SC03_014/ov_SC03_014_jr_80178D40.c:3397: warning: type mismatch with previous external decl
src/ov_SC03_014/ov_SC03_014_jr_80178D40.c:2657: warning: previous external decl of `func_80179F98'
src/ov_SC03_014/ov_SC03_014_jr_801734BC.c: In function `func_80175218':
src/ov_SC03_014/ov_SC03_014_jr_801734BC.c:2680: warning: passing arg 1 makes integer from pointer without a cast
src/ov_SC03_014/ov_SC03_014_jr_801734BC.c:2681: warning: passing arg 1 makes integer from pointer without a cast
src/ov_SC03_014/ov_SC03_014_jr_80178D40.c:3399: warning: type mismatch with previous external decl
src/ov_SC03_014/ov_SC03_014_jr_80178D40.c:2658: warning: previous external decl of `func_80179FEC'
src/ov_SC03_014/ov_SC03_014_jr_80178D40.c:3401: warning: type mismatch with previous external decl
src/ov_SC03_014/ov_SC03_014_jr_80178D40.c:2659: warning: previous external decl of `func_8017A040'
src/ov_SC03_014/ov_SC03_014_jr_80159C84.c: In function `func_8015A1FC':
src/ov_SC03_014/ov_SC03_014_jr_80159C84.c:1379: warning: passing arg 1 of `func_8015A2D8' makes integer from pointer without a cast
src/ov_SC03_014/ov_SC03_014_jr_8016AB6C.c: In function `func_8016C998':
src/ov_SC03_014/ov_SC03_014_jr_8016AB6C.c:2846: warning: type mismatch with previous external decl
src/ov_SC03_014/ov_SC03_014_jr_8016AB6C.c:2752: warning: previous external decl of `D_801E9D20'
src/ov_SC03_014/ov_SC03_014_jr_8016AB6C.c: In function `func_8016CBC0':
src/ov_SC03_014/ov_SC03_014_jr_8016AB6C.c:2904: warning: type mismatch with previous external decl
src/ov_SC03_014/ov_SC03_014_jr_8016AB6C.c:2752: warning: previous external decl of `D_801E9D20'
src/ov_SC03_014/ov_SC03_014_jr_801588CC.c: In function `func_80159B08':
src/ov_SC03_014/ov_SC03_014_jr_801588CC.c:1585: warning: passing arg 1 of `func_80159BE4' makes integer from pointer without a cast
src/ov_SC03_014/ov_SC03_014_jr_80178D40.c:3476: warning: type mismatch with previous external decl
src/ov_SC03_014/ov_SC03_014_jr_80178D40.c:2679: warning: previous external decl of `func_8017A3B0'
src/ov_SC03_014/ov_SC03_014_jr_80178D40.c:3498: warning: type mismatch with previous external decl
src/ov_SC03_014/ov_SC03_014_jr_80178D40.c:2680: warning: previous external decl of `func_8017A3D8'
src/ov_SC03_014/ov_SC03_014_jr_8016AB6C.c: In function `func_8016CF04':
src/ov_SC03_014/ov_SC03_014_jr_8016AB6C.c:3050: warning: type mismatch with previous external decl
src/ov_SC03_014/ov_SC03_014_jr_8016AB6C.c:2752: warning: previous external decl of `D_801E9D20'
src/ov_SC03_014/ov_SC03_014_jr_80140608.c: In function `func_80142F68':
src/ov_SC03_014/ov_SC03_014_jr_80140608.c:1980: warning: passing arg 1 of `func_8012C0EC' makes integer from pointer without a cast
  CC      build/src/ov_SC03_015/ov_SC03_015_jr_8013F350.o  (twin of ov_SC03_014: src/ov_SC03_014/ov_SC03_014_jr_8013F350.c)
src/ov_SC03_014/ov_SC03_014_jr_801734BC.c: In function `func_801758FC':
src/ov_SC03_014/ov_SC03_014_jr_801734BC.c:2793: warning: type mismatch with previous external decl
src/ov_SC03_014/ov_SC03_014_jr_801734BC.c:2790: warning: previous external decl of `D_800AE7BC'
src/ov_SC03_014/ov_SC03_014_jr_801734BC.c:2793: warning: type mismatch with previous external decl
src/ov_SC03_014/ov_SC03_014_jr_801734BC.c:2790: warning: previous external decl of `D_800AF634'
src/ov_SC03_014/ov_SC03_014_jr_801734BC.c: In function `func_801759D8':
src/ov_SC03_014/ov_SC03_014_jr_801734BC.c:2800: warning: type mismatch with previous external decl
src/ov_SC03_014/ov_SC03_014_jr_801734BC.c:2790: warning: previous external decl of `D_800AE7BC'
src/ov_SC03_014/ov_SC03_014_jr_801734BC.c:2800: warning: type mismatch with previous external decl
src/ov_SC03_014/ov_SC03_014_jr_801734BC.c:2790: warning: previous external decl of `D_800AF634'
src/ov_SC03_014/ov_SC03_014_jr_80140608.c: In function `func_801430F4':
src/ov_SC03_014/ov_SC03_014_jr_80140608.c:2023: warning: passing arg 1 of `func_8012C0EC' makes integer from pointer without a cast
src/ov_SC03_014/ov_SC03_014_jr_801734BC.c: In function `func_80175AB8':
src/ov_SC03_014/ov_SC03_014_jr_801734BC.c:2808: warning: type mismatch with previous external decl
src/ov_SC03_014/ov_SC03_014_jr_801734BC.c:2790: warning: previous external decl of `D_800AF634'
src/ov_SC03_014/ov_SC03_014_jr_80140608.c: In function `func_801432FC':
src/ov_SC03_014/ov_SC03_014_jr_80140608.c:2078: warning: passing arg 1 of `func_8012C044' makes integer from pointer without a cast
src/ov_SC03_014/ov_SC03_014_jr_801848E4.c: In function `func_80187CA8':
src/ov_SC03_014/ov_SC03_014_jr_801848E4.c:4584: warning: passing arg 1 makes pointer from integer without a cast
src/ov_SC03_014/ov_SC03_014_jr_80140608.c: In function `func_801433F0':
src/ov_SC03_014/ov_SC03_014_jr_80140608.c:2082: warning: passing arg 1 of `func_80128ED8' makes integer from pointer without a cast
src/ov_SC03_014/ov_SC03_014_jr_80140608.c:2082: warning: passing arg 2 of `func_80128ED8' from incompatible pointer type
src/ov_SC03_014/ov_SC03_014_jr_801734BC.c: In function `func_80175DA8':
src/ov_SC03_014/ov_SC03_014_jr_801734BC.c:2906: warning: type mismatch with previous external decl
src/ov_SC03_014/ov_SC03_014_jr_801734BC.c:2790: warning: previous external decl of `D_800AF634'
src/ov_SC03_014/ov_SC03_014_jr_80140608.c: In function `func_8014350C':
src/ov_SC03_014/ov_SC03_014_jr_80140608.c:2121: warning: passing arg 1 of `func_80128ED8' makes integer from pointer without a cast
  CC      build/src/ov_SC03_015/ov_SC03_015_o0d.o  (twin of ov_SC03_014: src/ov_SC03_014/ov_SC03_014_o0d.c)
src/ov_SC03_014/ov_SC03_014_jr_8016AB6C.c: In function `func_8016D848':
src/ov_SC03_014/ov_SC03_014_jr_8016AB6C.c:3261: warning: passing arg 1 of `func_800D20C0' makes pointer from integer without a cast
src/ov_SC03_014/ov_SC03_014_jr_8016AB6C.c:3261: warning: passing arg 2 of `func_800D20C0' makes pointer from integer without a cast
src/ov_SC03_014/ov_SC03_014_jr_801734BC.c: In function `func_80176218':
src/ov_SC03_014/ov_SC03_014_jr_801734BC.c:3254: warning: passing arg 1 of `func_80177DA8' makes pointer from integer without a cast
src/ov_SC03_014/ov_SC03_014_jr_8016AB6C.c: In function `func_8016DC20':
src/ov_SC03_014/ov_SC03_014_jr_8016AB6C.c:3398: warning: passing arg 1 of `func_80128ED8' makes integer from pointer without a cast
src/ov_SC03_014/ov_SC03_014_after.c: At top level:
src/ov_SC03_014/ov_SC03_014_after.c:882: warning: type mismatch with previous external decl
src/ov_SC03_014/ov_SC03_014_after.c:129: warning: previous external decl of `func_80149210'
{standard input}: Assembler messages:
{standard input}:546: Warning: used $at without ".set noat"
{standard input}:547: Warning: used $at without ".set noat"
src/ov_SC03_014/ov_SC03_014_jr_8016AB6C.c: In function `func_8016DEE0':
src/ov_SC03_014/ov_SC03_014_jr_8016AB6C.c:3415: warning: passing arg 1 of `func_80128ED8' makes integer from pointer without a cast
{standard input}:653: Warning: used $at without ".set noat"
{standard input}:654: Warning: used $at without ".set noat"
src/ov_SC03_014/ov_SC03_014_jr_8012ACE0.c: In function `func_8012F568':
src/ov_SC03_014/ov_SC03_014_jr_8012ACE0.c:1104: warning: passing arg 2 of `memcpy' makes pointer from integer without a cast
src/ov_SC03_014/ov_SC03_014_jr_8012ACE0.c:1104: warning: passing arg 2 of `memcpy' makes pointer from integer without a cast
src/ov_SC03_014/ov_SC03_014_jr_80140608.c: In function `func_801442F8':
src/ov_SC03_014/ov_SC03_014_jr_80140608.c:2303: warning: passing arg 1 of `func_8012C218' makes pointer from integer without a cast
src/ov_SC03_014/ov_SC03_014_jr_8016AB6C.c: At top level:
src/ov_SC03_014/ov_SC03_014_jr_8016AB6C.c:3516: warning: type mismatch with previous external decl
src/ov_SC03_014/ov_SC03_014_jr_8016AB6C.c:3440: warning: previous external decl of `func_8016E3CC'
src/ov_SC03_014/ov_SC03_014_jr_80140608.c: In function `func_80144458':
src/ov_SC03_014/ov_SC03_014_jr_80140608.c:2368: warning: passing arg 1 of `func_8012AD80' makes integer from pointer without a cast
src/ov_SC03_014/ov_SC03_014_jr_80140608.c:2374: warning: passing arg 1 of `func_80128ED8' makes integer from pointer without a cast
  CC      build/src/ov_SC03_015/ov_SC03_015_jr_801380E0.o  (twin of ov_SC03_014: src/ov_SC03_014/ov_SC03_014_jr_801380E0.c)
src/ov_SC03_014/ov_SC03_014_jr_80140608.c: In function `func_8014462C':
src/ov_SC03_014/ov_SC03_014_jr_80140608.c:2383: warning: passing arg 1 of `func_80128ED8' makes integer from pointer without a cast
src/ov_SC03_014/ov_SC03_014_jr_80140608.c:2383: warning: passing arg 2 of `func_80128ED8' from incompatible pointer type
  CC      build/src/ov_SC03_015/ov_SC03_015_jr_80184440.o  (twin of ov_SC03_014: src/ov_SC03_014/ov_SC03_014_jr_80184440.c)
src/ov_SC03_014/ov_SC03_014_jr_801848E4.c: In function `func_80189050':
src/ov_SC03_014/ov_SC03_014_jr_801848E4.c:5439: warning: passing arg 3 of `func_8012F214' makes integer from pointer without a cast
src/ov_SC03_014/ov_SC03_014_jr_801848E4.c:5440: warning: passing arg 3 of `func_8012F214' makes integer from pointer without a cast
  CC      build/src/ov_SC03_015/ov_SC03_015_jr_80135A4C.o  (twin of ov_SC03_014: src/ov_SC03_014/ov_SC03_014_jr_80135A4C.c)
  CC      build/src/ov_SC03_015/ov_SC03_015_jr_8017AE2C.o  (twin of ov_SC03_014: src/ov_SC03_014/ov_SC03_014_jr_8017AE2C.c)
src/ov_SC03_014/ov_SC03_014_jr_801848E4.c: In function `func_80189238':
src/ov_SC03_014/ov_SC03_014_jr_801848E4.c:5538: warning: passing arg 2 of `func_8001C214' makes integer from pointer without a cast
  CC      build/src/ov_SC03_015/ov_SC03_015_jr_80171B4C.o  (twin of ov_SC03_014: src/ov_SC03_014/ov_SC03_014_jr_80171B4C.c)
src/ov_SC03_014/ov_SC03_014_jr_801848E4.c:5539: warning: passing arg 2 makes pointer from integer without a cast
src/ov_SC03_014/ov_SC03_014_jr_801848E4.c:5541: warning: passing arg 1 makes pointer from integer without a cast
src/ov_SC03_014/ov_SC03_014_jr_801848E4.c:5545: warning: passing arg 1 makes pointer from integer without a cast
src/ov_SC03_014/ov_SC03_014_jr_801848E4.c: In function `func_801892E4':
src/ov_SC03_014/ov_SC03_014_jr_801848E4.c:5554: warning: passing arg 1 makes pointer from integer without a cast
src/ov_SC03_014/ov_SC03_014_jr_801848E4.c:5554: warning: passing arg 2 makes integer from pointer without a cast
src/ov_SC03_014/ov_SC03_014_after.c: In function `func_80149F2C':
src/ov_SC03_014/ov_SC03_014_after.c:975: warning: initialization makes pointer from integer without a cast
src/ov_SC03_014/ov_SC03_014_jr_801848E4.c: In function `func_8018950C':
src/ov_SC03_014/ov_SC03_014_jr_801848E4.c:5650: warning: passing arg 1 of `func_80188D64' makes pointer from integer without a cast
src/ov_SC03_014/ov_SC03_014_jr_8016AB6C.c:3664: warning: type mismatch with previous external decl
src/ov_SC03_014/ov_SC03_014_jr_8016AB6C.c:1902: warning: previous external decl of `func_80024054'
src/ov_SC03_014/ov_SC03_014_jr_801848E4.c: In function `func_80189630':
src/ov_SC03_014/ov_SC03_014_jr_801848E4.c:5685: warning: passing arg 1 of `func_8012AD80' makes integer from pointer without a cast
src/ov_SC03_014/ov_SC03_014_jr_801848E4.c: In function `func_80189680':
src/ov_SC03_014/ov_SC03_014_jr_801848E4.c:5720: warning: assignment makes pointer from integer without a cast
src/ov_SC03_014/ov_SC03_014_jr_801848E4.c:5723: warning: assignment makes pointer from integer without a cast
src/ov_SC03_014/ov_SC03_014_jr_801848E4.c:5726: warning: assignment makes pointer from integer without a cast
  CC      build/src/ov_SC03_015/ov_SC03_015_jr_8013FFD8.o  (twin of ov_SC03_014: src/ov_SC03_014/ov_SC03_014_jr_8013FFD8.c)
src/ov_SC03_014/ov_SC03_014_jr_8016AB6C.c: In function `func_8016EDEC':
src/ov_SC03_014/ov_SC03_014_jr_8016AB6C.c:3828: warning: assignment from incompatible pointer type
src/ov_SC03_014/ov_SC03_014_jr_8016AB6C.c:3828: warning: passing arg 1 from incompatible pointer type
src/ov_SC03_014/ov_SC03_014_jr_8016AB6C.c:3828: warning: passing arg 1 from incompatible pointer type
src/ov_SC03_014/ov_SC03_014_jr_8016AB6C.c: In function `func_8016EE40':
src/ov_SC03_014/ov_SC03_014_jr_8016AB6C.c:3830: warning: passing arg 1 from incompatible pointer type
src/ov_SC03_014/ov_SC03_014_jr_8016AB6C.c:3830: warning: passing arg 1 from incompatible pointer type
  CC      build/src/ov_SC03_015/ov_SC03_015_jr_801789AC.o  (twin of ov_SC03_014: src/ov_SC03_014/ov_SC03_014_jr_801789AC.c)
  CC      build/src/ov_SC03_015/ov_SC03_015_jr_8015C32C.o  (twin of ov_SC03_014: src/ov_SC03_014/ov_SC03_014_jr_8015C32C.c)
src/ov_SC03_014/ov_SC03_014_jr_8012ACE0.c: In function `func_80130D48':
src/ov_SC03_014/ov_SC03_014_jr_8012ACE0.c:1437: warning: assignment makes pointer from integer without a cast
src/ov_SC03_014/ov_SC03_014_jr_8016AB6C.c: In function `func_8016F4FC':
src/ov_SC03_014/ov_SC03_014_jr_8016AB6C.c:3956: warning: passing arg 1 of `func_800D1724' makes integer from pointer without a cast
src/ov_SC03_014/ov_SC03_014_jr_8016AB6C.c: In function `func_8016F71C':
src/ov_SC03_014/ov_SC03_014_jr_8016AB6C.c:3982: warning: passing arg 1 of `func_8016F764' makes pointer from integer without a cast
src/ov_SC03_014/ov_SC03_014_jr_801848E4.c: In function `func_8018A390':
src/ov_SC03_014/ov_SC03_014_jr_801848E4.c:6376: warning: type mismatch with previous external decl
src/ov_SC03_014/ov_SC03_014_jr_801848E4.c:6317: warning: previous external decl of `D_801E3990'
src/ov_SC03_014/ov_SC03_014_jr_801734BC.c: In function `func_80178004':
src/ov_SC03_014/ov_SC03_014_jr_801734BC.c:3847: warning: return makes integer from pointer without a cast
src/ov_SC03_014/ov_SC03_014_after.c: At top level:
src/ov_SC03_014/ov_SC03_014_after.c:1115: warning: type mismatch with previous external decl
src/ov_SC03_014/ov_SC03_014_after.c:1111: warning: previous external decl of `D_80078E90'
src/ov_SC03_014/ov_SC03_014_jr_8016AB6C.c: In function `func_8016FE2C':
src/ov_SC03_014/ov_SC03_014_jr_8016AB6C.c:4086: warning: passing arg 1 of `func_80172658' from incompatible pointer type
src/ov_SC03_014/ov_SC03_014_jr_801848E4.c: In function `func_8018AA98':
src/ov_SC03_014/ov_SC03_014_jr_801848E4.c:6860: warning: type mismatch with previous external decl
src/ov_SC03_014/ov_SC03_014_jr_801848E4.c:6375: warning: previous external decl of `D_800AE620'
src/ov_SC03_014/ov_SC03_014_jr_801848E4.c:6862: warning: type mismatch with previous external decl
src/ov_SC03_014/ov_SC03_014_jr_801848E4.c:4778: warning: previous external decl of `D_800A651C'
src/ov_SC03_014/ov_SC03_014_jr_8012ACE0.c: In function `func_80131340':
src/ov_SC03_014/ov_SC03_014_jr_8012ACE0.c:1624: warning: type mismatch with previous external decl
src/ov_SC03_014/ov_SC03_014_jr_8012ACE0.c:1507: warning: previous external decl of `D_8018BA24'
src/ov_SC03_014/ov_SC03_014_jr_8012ACE0.c:1670: warning: passing arg 1 of `func_80131E00' makes pointer from integer without a cast
src/ov_SC03_014/ov_SC03_014_jr_8012ACE0.c:1724: warning: passing arg 1 of `func_80131E00' makes pointer from integer without a cast
src/ov_SC03_014/ov_SC03_014_jr_8016AB6C.c: In function `func_80170374':
src/ov_SC03_014/ov_SC03_014_jr_8016AB6C.c:4154: warning: passing arg 1 of `func_8014C168' from incompatible pointer type
src/ov_SC03_014/ov_SC03_014_jr_8012ACE0.c:1768: warning: passing arg 1 of `func_80131E00' makes pointer from integer without a cast
src/ov_SC03_014/ov_SC03_014_jr_8012ACE0.c:1799: warning: passing arg 1 of `func_80131E00' makes pointer from integer without a cast
src/ov_SC03_014/ov_SC03_014_jr_8012ACE0.c:1804: warning: passing arg 1 of `func_80131E00' makes pointer from integer without a cast
src/ov_SC03_014/ov_SC03_014_jr_8012ACE0.c:1821: warning: passing arg 1 of `func_80131E00' makes pointer from integer without a cast
src/ov_SC03_014/ov_SC03_014_jr_8012ACE0.c:1831: warning: passing arg 1 of `func_80131E00' makes pointer from integer without a cast
src/ov_SC03_014/ov_SC03_014_jr_8016AB6C.c: In function `func_8017044C':
src/ov_SC03_014/ov_SC03_014_jr_8016AB6C.c:4166: warning: passing arg 1 of `func_80171AB0' makes integer from pointer without a cast
src/ov_SC03_014/ov_SC03_014_jr_8016AB6C.c: In function `func_801705C0':
src/ov_SC03_014/ov_SC03_014_jr_8016AB6C.c:4190: warning: passing arg 1 makes integer from pointer without a cast
src/ov_SC03_014/ov_SC03_014_jr_801848E4.c: At top level:
src/ov_SC03_014/ov_SC03_014_jr_801848E4.c:7216: warning: type mismatch with previous external decl
src/ov_SC03_014/ov_SC03_014_jr_801848E4.c:5577: warning: previous external decl of `func_8018B128'
src/ov_SC03_014/ov_SC03_014_jr_801848E4.c:7216: warning: type mismatch with previous implicit declaration
src/ov_SC03_014/ov_SC03_014_jr_801848E4.c:5577: warning: previous implicit declaration of `func_8018B128'
src/ov_SC03_014/ov_SC03_014_jr_801848E4.c:7216: warning: `func_8018B128' was previously implicitly declared to return `int'
src/ov_SC03_014/ov_SC03_014_jr_801848E4.c: In function `func_8018B128':
src/ov_SC03_014/ov_SC03_014_jr_801848E4.c:7218: warning: type mismatch with previous external decl
src/ov_SC03_014/ov_SC03_014_jr_801848E4.c:7132: warning: previous external decl of `D_801EACDE'
src/ov_SC03_014/ov_SC03_014_jr_801848E4.c: In function `func_8018B23C':
src/ov_SC03_014/ov_SC03_014_jr_801848E4.c:7312: warning: type mismatch with previous external decl
src/ov_SC03_014/ov_SC03_014_jr_801848E4.c:6861: warning: previous external decl of `D_800A5E60'
src/ov_SC03_014/ov_SC03_014_jr_801848E4.c:7313: warning: type mismatch with previous external decl
src/ov_SC03_014/ov_SC03_014_jr_801848E4.c:6375: warning: previous external decl of `D_800AE620'
src/ov_SC03_014/ov_SC03_014_jr_8016AB6C.c: In function `func_80170B48':
src/ov_SC03_014/ov_SC03_014_jr_8016AB6C.c:4264: warning: passing arg 1 of `func_8014706C' makes pointer from integer without a cast
src/ov_SC03_014/ov_SC03_014_jr_8016AB6C.c: At top level:
src/ov_SC03_014/ov_SC03_014_jr_8016AB6C.c:4266: warning: type mismatch with previous external decl
src/ov_SC03_014/ov_SC03_014_jr_8016AB6C.c:4264: warning: previous external decl of `func_80170B90'
src/ov_SC03_014/ov_SC03_014_jr_8016AB6C.c:4266: warning: type mismatch with previous implicit declaration
src/ov_SC03_014/ov_SC03_014_jr_8016AB6C.c:4264: warning: previous implicit declaration of `func_80170B90'
src/ov_SC03_014/ov_SC03_014_jr_8016AB6C.c:4266: warning: `func_80170B90' was previously implicitly declared to return `int'
src/ov_SC03_014/ov_SC03_014_jr_8016AB6C.c: In function `func_80170CF0':
src/ov_SC03_014/ov_SC03_014_jr_8016AB6C.c:4291: warning: passing arg 1 makes integer from pointer without a cast
src/ov_SC03_014/ov_SC03_014_jr_8016AB6C.c: In function `func_80170DE0':
src/ov_SC03_014/ov_SC03_014_jr_8016AB6C.c:4304: warning: passing arg 1 makes integer from pointer without a cast
src/ov_SC03_014/ov_SC03_014_jr_8016AB6C.c: In function `func_80170EAC':
src/ov_SC03_014/ov_SC03_014_jr_8016AB6C.c:4316: warning: passing arg 1 makes integer from pointer without a cast
src/ov_SC03_014/ov_SC03_014_after.c:1193: warning: type mismatch with previous external decl
src/ov_SC03_014/ov_SC03_014_after.c:130: warning: previous external decl of `func_8014BE9C'
src/ov_SC03_014/ov_SC03_014_after.c: In function `func_8014C168':
src/ov_SC03_014/ov_SC03_014_after.c:1223: warning: return makes integer from pointer without a cast
src/ov_SC03_014/ov_SC03_014_after.c:1223: warning: return makes integer from pointer without a cast
src/ov_SC03_014/ov_SC03_014_jr_8016AB6C.c: In function `func_801710DC':
src/ov_SC03_014/ov_SC03_014_jr_8016AB6C.c:4352: warning: passing arg 1 makes integer from pointer without a cast
src/ov_SC03_014/ov_SC03_014_jr_8016AB6C.c:4352: warning: passing arg 1 makes integer from pointer without a cast
src/ov_SC03_014/ov_SC03_014_after.c: In function `func_8014C3D0':
src/ov_SC03_014/ov_SC03_014_after.c:1245: warning: passing arg 2 of `func_8014C59C' makes pointer from integer without a cast
src/ov_SC03_014/ov_SC03_014_after.c: In function `func_8014C43C':
src/ov_SC03_014/ov_SC03_014_after.c:1247: warning: passing arg 4 of `func_8014C4AC' makes pointer from integer without a cast
src/ov_SC03_014/ov_SC03_014_after.c: At top level:
src/ov_SC03_014/ov_SC03_014_after.c:1279: warning: type mismatch with previous external decl
src/ov_SC03_014/ov_SC03_014_after.c:138: warning: previous external decl of `func_8014C6D0'
src/ov_SC03_014/ov_SC03_014_jr_8012ACE0.c: In function `func_801325B8':
src/ov_SC03_014/ov_SC03_014_jr_8012ACE0.c:2193: warning: passing arg 1 of `memcpy' makes pointer from integer without a cast
src/ov_SC03_014/ov_SC03_014_jr_8012ACE0.c:2193: warning: passing arg 2 of `memcpy' makes pointer from integer without a cast
src/ov_SC03_014/ov_SC03_014_jr_8012ACE0.c:2193: warning: passing arg 1 of `memcpy' makes pointer from integer without a cast
src/ov_SC03_014/ov_SC03_014_jr_8012ACE0.c:2193: warning: passing arg 2 of `memcpy' makes pointer from integer without a cast
src/ov_SC03_014/ov_SC03_014_after.c:1321: warning: type mismatch with previous external decl
src/ov_SC03_014/ov_SC03_014_after.c:137: warning: previous external decl of `func_8014C968'
src/ov_SC03_014/ov_SC03_014_after.c: In function `func_8014CD0C':
src/ov_SC03_014/ov_SC03_014_after.c:1395: warning: passing arg 2 of `func_8014CF04' makes integer from pointer without a cast
src/ov_SC03_014/ov_SC03_014_jr_8012ACE0.c: In function `func_80132EF4':
src/ov_SC03_014/ov_SC03_014_jr_8012ACE0.c:2205: warning: initialization makes integer from pointer without a cast
src/ov_SC03_014/ov_SC03_014_jr_8012ACE0.c: In function `func_80132F40':
src/ov_SC03_014/ov_SC03_014_jr_8012ACE0.c:2286: warning: passing arg 2 of `func_8012F038' from incompatible pointer type
src/ov_SC03_014/ov_SC03_014_jr_8012ACE0.c:2286: warning: passing arg 3 of `func_8012F038' from incompatible pointer type
src/ov_SC03_014/ov_SC03_014_jr_8012ACE0.c:2286: warning: passing arg 2 of `func_8012F14C' makes integer from pointer without a cast
src/ov_SC03_014/ov_SC03_014_jr_8012ACE0.c:2286: warning: passing arg 3 of `func_8012F14C' makes integer from pointer without a cast
  CC      build/src/ov_SC03_015/ov_SC03_015_jr_8015A3C8.o  (twin of ov_SC03_014: src/ov_SC03_014/ov_SC03_014_jr_8015A3C8.c)
src/ov_SC03_014/ov_SC03_014_jr_8012ACE0.c: In function `func_80133AB0':
src/ov_SC03_014/ov_SC03_014_jr_8012ACE0.c:2537: warning: type mismatch with previous external decl
src/ov_SC03_014/ov_SC03_014_jr_8012ACE0.c:2426: warning: previous external decl of `D_8018BB00'
src/ov_SC03_014/ov_SC03_014_jr_8012ACE0.c:2538: warning: type mismatch with previous external decl
src/ov_SC03_014/ov_SC03_014_jr_8012ACE0.c:2425: warning: previous external decl of `D_8018BAFC'
src/ov_SC03_014/ov_SC03_014_after.c: In function `func_8014D438':
src/ov_SC03_014/ov_SC03_014_after.c:1472: warning: passing arg 2 of `func_8014D610' makes integer from pointer without a cast
src/ov_SC03_014/ov_SC03_014_jr_8012ACE0.c: In function `func_80133CD4':
src/ov_SC03_014/ov_SC03_014_jr_8012ACE0.c:2621: warning: type mismatch with previous external decl
src/ov_SC03_014/ov_SC03_014_jr_8012ACE0.c:2426: warning: previous external decl of `D_8018BB00'
src/ov_SC03_014/ov_SC03_014_jr_8012ACE0.c:2622: warning: type mismatch with previous external decl
src/ov_SC03_014/ov_SC03_014_jr_8012ACE0.c:2425: warning: previous external decl of `D_8018BAFC'
src/ov_SC03_014/ov_SC03_014_jr_8012ACE0.c:2623: warning: type mismatch with previous external decl
src/ov_SC03_014/ov_SC03_014_jr_8012ACE0.c:2539: warning: previous external decl of `D_8018BB08'
  CC      build/src/ov_SC03_015/ov_SC03_015_jr_80154C24.o  (twin of ov_SC03_014: src/ov_SC03_014/ov_SC03_014_jr_80154C24.c)
src/ov_SC03_014/ov_SC03_014_jr_8012ACE0.c: In function `func_801343C4':
src/ov_SC03_014/ov_SC03_014_jr_8012ACE0.c:2797: warning: type mismatch with previous external decl
src/ov_SC03_014/ov_SC03_014_jr_8012ACE0.c:2425: warning: previous external decl of `D_8018BAFC'
src/ov_SC03_014/ov_SC03_014_jr_8012ACE0.c:2798: warning: type mismatch with previous external decl
src/ov_SC03_014/ov_SC03_014_jr_8012ACE0.c:2426: warning: previous external decl of `D_8018BB00'
src/ov_SC03_014/ov_SC03_014_jr_8012ACE0.c:2800: warning: type mismatch with previous external decl
src/ov_SC03_014/ov_SC03_014_jr_8012ACE0.c:2427: warning: previous external decl of `D_801E957C'
src/ov_SC03_014/ov_SC03_014_jr_8012ACE0.c: In function `func_80134510':
src/ov_SC03_014/ov_SC03_014_jr_8012ACE0.c:2853: warning: type mismatch with previous external decl
src/ov_SC03_014/ov_SC03_014_jr_8012ACE0.c:2425: warning: previous external decl of `D_8018BAFC'
src/ov_SC03_014/ov_SC03_014_jr_8012ACE0.c:2854: warning: type mismatch with previous external decl
src/ov_SC03_014/ov_SC03_014_jr_8012ACE0.c:2426: warning: previous external decl of `D_8018BB00'
src/ov_SC03_014/ov_SC03_014_jr_8012ACE0.c:2855: warning: type mismatch with previous external decl
src/ov_SC03_014/ov_SC03_014_jr_8012ACE0.c:2624: warning: previous external decl of `D_8018BB04'
src/ov_SC03_014/ov_SC03_014_jr_8012ACE0.c: In function `func_801345F8':
src/ov_SC03_014/ov_SC03_014_jr_8012ACE0.c:2902: warning: type mismatch with previous external decl
src/ov_SC03_014/ov_SC03_014_jr_8012ACE0.c:2425: warning: previous external decl of `D_8018BAFC'
src/ov_SC03_014/ov_SC03_014_jr_8012ACE0.c: At top level:
src/ov_SC03_014/ov_SC03_014_jr_8012ACE0.c:2961: warning: type mismatch with previous external decl
src/ov_SC03_014/ov_SC03_014_jr_8012ACE0.c:2901: warning: previous external decl of `func_801347A0'
src/ov_SC03_014/ov_SC03_014_jr_8012ACE0.c: In function `func_801347A0':
src/ov_SC03_014/ov_SC03_014_jr_8012ACE0.c:2963: warning: type mismatch with previous external decl
src/ov_SC03_014/ov_SC03_014_jr_8012ACE0.c:2426: warning: previous external decl of `D_8018BB00'
src/ov_SC03_014/ov_SC03_014_jr_8012ACE0.c:2964: warning: type mismatch with previous external decl
src/ov_SC03_014/ov_SC03_014_jr_8012ACE0.c:2425: warning: previous external decl of `D_8018BAFC'
src/ov_SC03_014/ov_SC03_014_jr_8012ACE0.c:2965: warning: type mismatch with previous external decl
src/ov_SC03_014/ov_SC03_014_jr_8012ACE0.c:2624: warning: previous external decl of `D_8018BB04'
src/ov_SC03_014/ov_SC03_014_after.c: In function `func_8014E48C':
src/ov_SC03_014/ov_SC03_014_after.c:1900: warning: passing arg 1 of `func_8014E514' makes pointer from integer without a cast
src/ov_SC03_014/ov_SC03_014_after.c:1900: warning: passing arg 2 of `func_8014E514' makes integer from pointer without a cast
src/ov_SC03_014/ov_SC03_014_after.c:1900: warning: passing arg 3 of `func_8014E514' makes integer from pointer without a cast
src/ov_SC03_014/ov_SC03_014_after.c: In function `func_8014E790':
src/ov_SC03_014/ov_SC03_014_after.c:1978: warning: passing arg 3 of `func_80135888' makes integer from pointer without a cast
src/ov_SC03_014/ov_SC03_014_after.c:1978: warning: passing arg 4 of `func_80135888' makes integer from pointer without a cast
src/ov_SC03_014/ov_SC03_014_after.c: In function `func_8014E83C':
src/ov_SC03_014/ov_SC03_014_after.c:1980: warning: passing arg 3 of `func_80135888' makes integer from pointer without a cast
src/ov_SC03_014/ov_SC03_014_after.c:1980: warning: passing arg 4 of `func_80135888' makes integer from pointer without a cast
src/ov_SC03_014/ov_SC03_014_jr_8012ACE0.c: In function `func_80134C20':
src/ov_SC03_014/ov_SC03_014_jr_8012ACE0.c:3085: warning: type mismatch with previous external decl
src/ov_SC03_014/ov_SC03_014_jr_8012ACE0.c:2425: warning: previous external decl of `D_8018BAFC'
src/ov_SC03_014/ov_SC03_014_jr_8012ACE0.c:3086: warning: type mismatch with previous external decl
src/ov_SC03_014/ov_SC03_014_jr_8012ACE0.c:2426: warning: previous external decl of `D_8018BB00'
src/ov_SC03_014/ov_SC03_014_jr_8012ACE0.c:3087: warning: type mismatch with previous external decl
src/ov_SC03_014/ov_SC03_014_jr_8012ACE0.c:2624: warning: previous external decl of `D_8018BB04'
src/ov_SC03_014/ov_SC03_014_jr_8012ACE0.c:3088: warning: type mismatch with previous external decl
src/ov_SC03_014/ov_SC03_014_jr_8012ACE0.c:2539: warning: previous external decl of `D_8018BB08'
src/ov_SC03_014/ov_SC03_014_after.c: In function `func_8014EE14':
src/ov_SC03_014/ov_SC03_014_after.c:2056: warning: assignment makes integer from pointer without a cast
src/ov_SC03_014/ov_SC03_014_jr_8012ACE0.c: In function `func_80135004':
src/ov_SC03_014/ov_SC03_014_jr_8012ACE0.c:3180: warning: type mismatch with previous external decl
src/ov_SC03_014/ov_SC03_014_jr_8012ACE0.c:2426: warning: previous external decl of `D_8018BB00'
src/ov_SC03_014/ov_SC03_014_jr_8012ACE0.c:3181: warning: type mismatch with previous external decl
src/ov_SC03_014/ov_SC03_014_jr_8012ACE0.c:2425: warning: previous external decl of `D_8018BAFC'
src/ov_SC03_014/ov_SC03_014_jr_8012ACE0.c: In function `func_80135168':
src/ov_SC03_014/ov_SC03_014_jr_8012ACE0.c:3249: warning: type mismatch with previous external decl
src/ov_SC03_014/ov_SC03_014_jr_8012ACE0.c:2425: warning: previous external decl of `D_8018BAFC'
src/ov_SC03_014/ov_SC03_014_jr_8012ACE0.c:3250: warning: type mismatch with previous external decl
src/ov_SC03_014/ov_SC03_014_jr_8012ACE0.c:2426: warning: previous external decl of `D_8018BB00'
src/ov_SC03_014/ov_SC03_014_jr_8012ACE0.c: In function `func_80135260':
src/ov_SC03_014/ov_SC03_014_jr_8012ACE0.c:3324: warning: type mismatch with previous external decl
src/ov_SC03_014/ov_SC03_014_jr_8012ACE0.c:2425: warning: previous external decl of `D_8018BAFC'
src/ov_SC03_014/ov_SC03_014_jr_8012ACE0.c:3325: warning: type mismatch with previous external decl
src/ov_SC03_014/ov_SC03_014_jr_8012ACE0.c:2426: warning: previous external decl of `D_8018BB00'
src/ov_SC03_014/ov_SC03_014_jr_8012ACE0.c:3326: warning: type mismatch with previous external decl
src/ov_SC03_014/ov_SC03_014_jr_8012ACE0.c:2539: warning: previous external decl of `D_8018BB08'
src/ov_SC03_014/ov_SC03_014_jr_8012ACE0.c: In function `func_80135480':
src/ov_SC03_014/ov_SC03_014_jr_8012ACE0.c:3444: warning: type mismatch with previous external decl
src/ov_SC03_014/ov_SC03_014_jr_8012ACE0.c:2425: warning: previous external decl of `D_8018BAFC'
src/ov_SC03_014/ov_SC03_014_jr_8012ACE0.c:3445: warning: type mismatch with previous external decl
src/ov_SC03_014/ov_SC03_014_jr_8012ACE0.c:2426: warning: previous external decl of `D_8018BB00'
src/ov_SC03_014/ov_SC03_014_after.c: At top level:
src/ov_SC03_014/ov_SC03_014_after.c:2381: warning: type mismatch with previous external decl
src/ov_SC03_014/ov_SC03_014_after.c:2344: warning: previous external decl of `func_80150820'
src/ov_SC03_014/ov_SC03_014_after.c: In function `func_80151204':
src/ov_SC03_014/ov_SC03_014_after.c:2603: warning: passing arg 1 of `func_8014ACE8' makes pointer from integer without a cast
src/ov_SC03_014/ov_SC03_014_after.c: In function `func_8015126C':
src/ov_SC03_014/ov_SC03_014_after.c:2607: warning: passing arg 1 of `func_8015173C' from incompatible pointer type
  CC      build/src/ov_SC03_015/ov_SC03_015_jr_8015444C.o  (twin of ov_SC03_014: src/ov_SC03_014/ov_SC03_014_jr_8015444C.c)
src/ov_SC03_014/ov_SC03_014_after.c: In function `func_80151AE4':
src/ov_SC03_014/ov_SC03_014_after.c:2680: warning: passing arg 1 of `func_80149020' makes pointer from integer without a cast
src/ov_SC03_014/ov_SC03_014_after.c:2680: warning: passing arg 1 of `func_80159B3C' makes pointer from integer without a cast
src/ov_SC03_014/ov_SC03_014_after.c:2680: warning: passing arg 1 of `func_8015BDD0' makes pointer from integer without a cast
src/ov_SC03_014/ov_SC03_014_after.c: In function `func_801520DC':
src/ov_SC03_014/ov_SC03_014_after.c:2735: warning: passing arg 1 of `func_80149020' makes pointer from integer without a cast
src/ov_SC03_014/ov_SC03_014_after.c:2736: warning: passing arg 1 of `func_801472C8' makes pointer from integer without a cast
src/ov_SC03_014/ov_SC03_014_after.c:2738: warning: passing arg 1 of `func_80146DB8' makes pointer from integer without a cast
src/ov_SC03_014/ov_SC03_014_after.c:2739: warning: passing arg 1 of `func_801477E8' makes pointer from integer without a cast
src/ov_SC03_014/ov_SC03_014_after.c:2740: warning: passing arg 1 of `func_8014CBF8' makes pointer from integer without a cast
src/ov_SC03_014/ov_SC03_014_after.c:2741: warning: passing arg 1 of `func_801474EC' makes pointer from integer without a cast
src/ov_SC03_014/ov_SC03_014_after.c:2742: warning: passing arg 2 of `func_80146A6C' makes pointer from integer without a cast
src/ov_SC03_014/ov_SC03_014_after.c:2744: warning: passing arg 1 of `func_80146CA0' makes pointer from integer without a cast
src/ov_SC03_014/ov_SC03_014_after.c: In function `func_80152254':
src/ov_SC03_014/ov_SC03_014_after.c:2752: warning: passing arg 1 of `func_80159B3C' makes pointer from integer without a cast
src/ov_SC03_014/ov_SC03_014_after.c: In function `func_801528B0':
src/ov_SC03_014/ov_SC03_014_after.c:2866: warning: passing arg 1 of `func_80149020' makes pointer from integer without a cast
src/ov_SC03_014/ov_SC03_014_after.c:2867: warning: passing arg 1 of `func_80154274' makes pointer from integer without a cast
src/ov_SC03_014/ov_SC03_014_after.c:2867: warning: passing arg 2 of `func_80154274' makes integer from pointer without a cast
src/ov_SC03_014/ov_SC03_014_after.c:2870: warning: passing arg 1 of `func_80146DB8' makes pointer from integer without a cast
src/ov_SC03_014/ov_SC03_014_after.c:2871: warning: passing arg 1 of `func_801477E8' makes pointer from integer without a cast
src/ov_SC03_014/ov_SC03_014_after.c:2872: warning: passing arg 1 of `func_8014CBF8' makes pointer from integer without a cast
src/ov_SC03_014/ov_SC03_014_after.c:2873: warning: passing arg 1 of `func_801474EC' makes pointer from integer without a cast
src/ov_SC03_014/ov_SC03_014_after.c:2874: warning: passing arg 1 of `func_80146CA0' makes pointer from integer without a cast
src/ov_SC03_014/ov_SC03_014_after.c: In function `func_8015294C':
src/ov_SC03_014/ov_SC03_014_after.c:2878: warning: passing arg 1 of `func_801472C8' from incompatible pointer type
src/ov_SC03_014/ov_SC03_014_after.c: In function `func_80152A50':
src/ov_SC03_014/ov_SC03_014_after.c:2882: warning: passing arg 1 of `func_80159B3C' makes pointer from integer without a cast
src/ov_SC03_014/ov_SC03_014_after.c: In function `func_80152BF0':
src/ov_SC03_014/ov_SC03_014_after.c:2896: warning: passing arg 1 of `func_80146CA0' makes pointer from integer without a cast
src/ov_SC03_014/ov_SC03_014_after.c: In function `func_80152C80':
src/ov_SC03_014/ov_SC03_014_after.c:2900: warning: initialization makes integer from pointer without a cast
src/ov_SC03_014/ov_SC03_014_after.c: In function `func_80152DA8':
src/ov_SC03_014/ov_SC03_014_after.c:2931: warning: passing arg 1 of `func_80149020' makes pointer from integer without a cast
src/ov_SC03_014/ov_SC03_014_after.c:2932: warning: passing arg 1 of `func_80154274' makes pointer from integer without a cast
src/ov_SC03_014/ov_SC03_014_after.c:2932: warning: passing arg 2 of `func_80154274' makes integer from pointer without a cast
src/ov_SC03_014/ov_SC03_014_after.c:2936: warning: passing arg 1 of `func_80146DB8' makes pointer from integer without a cast
src/ov_SC03_014/ov_SC03_014_after.c:2937: warning: passing arg 1 of `func_801477E8' makes pointer from integer without a cast
src/ov_SC03_014/ov_SC03_014_after.c:2938: warning: passing arg 1 of `func_8014CBF8' makes pointer from integer without a cast
src/ov_SC03_014/ov_SC03_014_after.c:2939: warning: passing arg 1 of `func_801474EC' makes pointer from integer without a cast
src/ov_SC03_014/ov_SC03_014_after.c:2940: warning: passing arg 1 of `func_80146CA0' makes pointer from integer without a cast
  CC      build/src/ov_SC03_015/ov_SC03_015_o0e.o  (twin of ov_SC03_014: src/ov_SC03_014/ov_SC03_014_o0e.c)
src/ov_SC03_014/ov_SC03_014_after.c: In function `func_80152E4C':
src/ov_SC03_014/ov_SC03_014_after.c:2944: warning: passing arg 1 of `func_801472C8' makes pointer from integer without a cast
src/ov_SC03_014/ov_SC03_014_after.c: In function `func_80152F44':
src/ov_SC03_014/ov_SC03_014_after.c:2948: warning: passing arg 1 of `func_80159B3C' makes pointer from integer without a cast
src/ov_SC03_014/ov_SC03_014_after.c: In function `func_801530E4':
src/ov_SC03_014/ov_SC03_014_after.c:2962: warning: passing arg 1 of `func_80149020' makes pointer from integer without a cast
src/ov_SC03_014/ov_SC03_014_after.c:2962: warning: passing arg 1 of `func_801472C8' makes pointer from integer without a cast
src/ov_SC03_014/ov_SC03_014_after.c:2962: warning: passing arg 1 of `func_8014CBF8' makes pointer from integer without a cast
src/ov_SC03_014/ov_SC03_014_after.c:2962: warning: passing arg 1 of `func_801474EC' makes pointer from integer without a cast
src/ov_SC03_014/ov_SC03_014_after.c:2962: warning: passing arg 1 of `func_80155440' makes pointer from integer without a cast
src/ov_SC03_014/ov_SC03_014_after.c:2962: warning: passing arg 1 of `func_80146CA0' makes pointer from integer without a cast
src/ov_SC03_014/ov_SC03_014_after.c: In function `func_80153204':
src/ov_SC03_014/ov_SC03_014_after.c:2968: warning: passing arg 1 of `func_80159B3C' makes pointer from integer without a cast
src/ov_SC03_014/ov_SC03_014_after.c: In function `func_801533A4':
src/ov_SC03_014/ov_SC03_014_after.c:2982: warning: passing arg 1 of `func_80149020' makes pointer from integer without a cast
src/ov_SC03_014/ov_SC03_014_after.c:2982: warning: passing arg 1 of `func_8014CBF8' makes pointer from integer without a cast
src/ov_SC03_014/ov_SC03_014_after.c:2982: warning: passing arg 1 of `func_801474EC' makes pointer from integer without a cast
src/ov_SC03_014/ov_SC03_014_after.c:2982: warning: passing arg 1 of `func_80155440' makes pointer from integer without a cast
src/ov_SC03_014/ov_SC03_014_after.c:2982: warning: passing arg 1 of `func_80146CA0' makes pointer from integer without a cast
src/ov_SC03_014/ov_SC03_014_after.c: In function `func_801534D8':
src/ov_SC03_014/ov_SC03_014_after.c:2988: warning: passing arg 1 of `func_80159B3C' makes pointer from integer without a cast
In file included from src/ov_SC03_014/ov_SC03_014_jr_8013F350.c:2:
src/ov_SC03_014/../shared/engine_core.h:161199: warning: "DEFINE_func_8013FFD8" redefined
161199 | #define DEFINE_func_8013FFD8() \
       | 
src/ov_SC03_014/../shared/engine_core.h:32633: note: this is the location of the previous definition
32633 | #define DEFINE_func_8013FFD8() \
      | 
src/ov_SC03_014/ov_SC03_014_after.c: In function `func_801539F8':
src/ov_SC03_014/ov_SC03_014_after.c:3004: warning: passing arg 3 of `func_80133784' makes integer from pointer without a cast
src/ov_SC03_014/ov_SC03_014_after.c:3004: warning: passing arg 3 of `func_80133784' makes integer from pointer without a cast
src/ov_SC03_014/ov_SC03_014_after.c:3004: warning: passing arg 3 of `func_80133784' makes integer from pointer without a cast
In file included from src/ov_SC03_014/ov_SC03_014_o0d.c:2:
src/ov_SC03_014/../shared/engine_core.h:161199: warning: "DEFINE_func_8013FFD8" redefined
161199 | #define DEFINE_func_8013FFD8() \
       | 
src/ov_SC03_014/../shared/engine_core.h:32633: note: this is the location of the previous definition
32633 | #define DEFINE_func_8013FFD8() \
      | 
src/ov_SC03_014/ov_SC03_014_after.c: At top level:
src/ov_SC03_014/ov_SC03_014_after.c:3020: warning: type mismatch with previous external decl
src/ov_SC03_014/ov_SC03_014_after.c:140: warning: previous external decl of `func_80153C8C'
In file included from src/ov_SC03_014/ov_SC03_014_jr_8017AE2C.c:2:
src/ov_SC03_014/../shared/engine_core.h:161199: warning: "DEFINE_func_8013FFD8" redefined
161199 | #define DEFINE_func_8013FFD8() \
       | 
src/ov_SC03_014/../shared/engine_core.h:32633: note: this is the location of the previous definition
32633 | #define DEFINE_func_8013FFD8() \
      | 
In file included from src/ov_SC03_014/ov_SC03_014_jr_801789AC.c:2:
src/ov_SC03_014/../shared/engine_core.h:161199: warning: "DEFINE_func_8013FFD8" redefined
161199 | #define DEFINE_func_8013FFD8() \
       | 
src/ov_SC03_014/../shared/engine_core.h:32633: note: this is the location of the previous definition
32633 | #define DEFINE_func_8013FFD8() \
      | 
src/ov_SC03_014/ov_SC03_014_after.c: In function `func_80154150':
src/ov_SC03_014/ov_SC03_014_after.c:3078: warning: passing arg 1 of `func_80154190' makes pointer from integer without a cast
In file included from src/ov_SC03_014/ov_SC03_014_jr_8015C32C.c:2:
src/ov_SC03_014/../shared/engine_core.h:161199: warning: "DEFINE_func_8013FFD8" redefined
161199 | #define DEFINE_func_8013FFD8() \
       | 
src/ov_SC03_014/../shared/engine_core.h:32633: note: this is the location of the previous definition
32633 | #define DEFINE_func_8013FFD8() \
      | 
In file included from src/ov_SC03_014/ov_SC03_014_jr_80171B4C.c:2:
src/ov_SC03_014/../shared/engine_core.h:161199: warning: "DEFINE_func_8013FFD8" redefined
161199 | #define DEFINE_func_8013FFD8() \
       | 
src/ov_SC03_014/../shared/engine_core.h:32633: note: this is the location of the previous definition
32633 | #define DEFINE_func_8013FFD8() \
      | 
In file included from src/ov_SC03_014/ov_SC03_014_jr_80184440.c:2:
src/ov_SC03_014/../shared/engine_core.h:161199: warning: "DEFINE_func_8013FFD8" redefined
161199 | #define DEFINE_func_8013FFD8() \
       | 
src/ov_SC03_014/../shared/engine_core.h:32633: note: this is the location of the previous definition
32633 | #define DEFINE_func_8013FFD8() \
      | 
In file included from src/ov_SC03_014/ov_SC03_014_jr_80135A4C.c:2:
src/ov_SC03_014/../shared/engine_core.h:161199: warning: "DEFINE_func_8013FFD8" redefined
161199 | #define DEFINE_func_8013FFD8() \
       | 
src/ov_SC03_014/../shared/engine_core.h:32633: note: this is the location of the previous definition
32633 | #define DEFINE_func_8013FFD8() \
      | 
In file included from src/ov_SC03_014/ov_SC03_014_jr_8013FFD8.c:2:
src/ov_SC03_014/../shared/engine_core.h:161199: warning: "DEFINE_func_8013FFD8" redefined
161199 | #define DEFINE_func_8013FFD8() \
       | 
src/ov_SC03_014/../shared/engine_core.h:32633: note: this is the location of the previous definition
32633 | #define DEFINE_func_8013FFD8() \
      | 
src/ov_SC03_014/../shared/engine_core.h:169456: warning: "DEFINE_func_8013F350" redefined
169456 | #define DEFINE_func_8013F350() \
       | 
src/ov_SC03_014/../shared/engine_core.h:40890: note: this is the location of the previous definition
40890 | #define DEFINE_func_8013F350() \
      | 
In file included from src/ov_SC03_014/ov_SC03_014_jr_801380E0.c:2:
src/ov_SC03_014/../shared/engine_core.h:161199: warning: "DEFINE_func_8013FFD8" redefined
161199 | #define DEFINE_func_8013FFD8() \
       | 
src/ov_SC03_014/../shared/engine_core.h:32633: note: this is the location of the previous definition
32633 | #define DEFINE_func_8013FFD8() \
      | 
src/ov_SC03_014/../shared/engine_core.h:169456: warning: "DEFINE_func_8013F350" redefined
169456 | #define DEFINE_func_8013F350() \
       | 
src/ov_SC03_014/../shared/engine_core.h:40890: note: this is the location of the previous definition
40890 | #define DEFINE_func_8013F350() \
      | 
src/ov_SC03_014/../shared/engine_core.h:169456: warning: "DEFINE_func_8013F350" redefined
169456 | #define DEFINE_func_8013F350() \
       | 
src/ov_SC03_014/../shared/engine_core.h:40890: note: this is the location of the previous definition
40890 | #define DEFINE_func_8013F350() \
      | 
src/ov_SC03_014/../shared/engine_core.h:169456: warning: "DEFINE_func_8013F350" redefined
169456 | #define DEFINE_func_8013F350() \
       | 
src/ov_SC03_014/../shared/engine_core.h:40890: note: this is the location of the previous definition
40890 | #define DEFINE_func_8013F350() \
      | 
src/ov_SC03_014/../shared/engine_core.h:169456: warning: "DEFINE_func_8013F350" redefined
169456 | #define DEFINE_func_8013F350() \
       | 
src/ov_SC03_014/../shared/engine_core.h:40890: note: this is the location of the previous definition
40890 | #define DEFINE_func_8013F350() \
      | 
src/ov_SC03_014/../shared/engine_core.h:169456: warning: "DEFINE_func_8013F350" redefined
169456 | #define DEFINE_func_8013F350() \
       | 
src/ov_SC03_014/../shared/engine_core.h:40890: note: this is the location of the previous definition
40890 | #define DEFINE_func_8013F350() \
      | 
  CC      build/src/ov_SC03_015/ov_SC03_015_jr_8017EB7C.o  (twin of ov_SC03_014: src/ov_SC03_014/ov_SC03_014_jr_8017EB7C.c)
src/ov_SC03_014/../shared/engine_core.h:169456: warning: "DEFINE_func_8013F350" redefined
169456 | #define DEFINE_func_8013F350() \
       | 
src/ov_SC03_014/../shared/engine_core.h:40890: note: this is the location of the previous definition
40890 | #define DEFINE_func_8013F350() \
      | 
src/ov_SC03_014/../shared/engine_core.h:169456: warning: "DEFINE_func_8013F350" redefined
169456 | #define DEFINE_func_8013F350() \
       | 
src/ov_SC03_014/../shared/engine_core.h:40890: note: this is the location of the previous definition
40890 | #define DEFINE_func_8013F350() \
      | 
src/ov_SC03_014/../shared/engine_core.h:169456: warning: "DEFINE_func_8013F350" redefined
169456 | #define DEFINE_func_8013F350() \
       | 
src/ov_SC03_014/../shared/engine_core.h:40890: note: this is the location of the previous definition
40890 | #define DEFINE_func_8013F350() \
      | 
src/ov_SC03_014/../shared/engine_core.h:169456: warning: "DEFINE_func_8013F350" redefined
169456 | #define DEFINE_func_8013F350() \
       | 
src/ov_SC03_014/../shared/engine_core.h:40890: note: this is the location of the previous definition
40890 | #define DEFINE_func_8013F350() \
      | 
In file included from src/ov_SC03_014/ov_SC03_014_jr_8015A3C8.c:2:
src/ov_SC03_014/../shared/engine_core.h:161199: warning: "DEFINE_func_8013FFD8" redefined
161199 | #define DEFINE_func_8013FFD8() \
       | 
src/ov_SC03_014/../shared/engine_core.h:32633: note: this is the location of the previous definition
32633 | #define DEFINE_func_8013FFD8() \
      | 
In file included from src/ov_SC03_014/ov_SC03_014_jr_80154C24.c:2:
src/ov_SC03_014/../shared/engine_core.h:161199: warning: "DEFINE_func_8013FFD8" redefined
161199 | #define DEFINE_func_8013FFD8() \
       | 
src/ov_SC03_014/../shared/engine_core.h:32633: note: this is the location of the previous definition
32633 | #define DEFINE_func_8013FFD8() \
      | 
src/ov_SC03_014/../shared/engine_core.h:169456: warning: "DEFINE_func_8013F350" redefined
169456 | #define DEFINE_func_8013F350() \
       | 
src/ov_SC03_014/../shared/engine_core.h:40890: note: this is the location of the previous definition
40890 | #define DEFINE_func_8013F350() \
      | 
{standard input}: Assembler messages:
{standard input}:673: Warning: used $at without ".set noat"
{standard input}:674: Warning: used $at without ".set noat"
src/ov_SC03_014/../shared/engine_core.h:185848: warning: "DEFINE_func_80181538" redefined
185848 | #define DEFINE_func_80181538() \
       | 
src/ov_SC03_014/../shared/engine_core.h:57282: note: this is the location of the previous definition
57282 | #define DEFINE_func_80181538() \
      | 
src/ov_SC03_014/../shared/engine_core.h:185848: warning: "DEFINE_func_80181538" redefined
185848 | #define DEFINE_func_80181538() \
       | 
src/ov_SC03_014/../shared/engine_core.h:57282: note: this is the location of the previous definition
57282 | #define DEFINE_func_80181538() \
      | 
src/ov_SC03_014/../shared/engine_core.h:185848: warning: "DEFINE_func_80181538" redefined
185848 | #define DEFINE_func_80181538() \
       | 
src/ov_SC03_014/../shared/engine_core.h:57282: note: this is the location of the previous definition
57282 | #define DEFINE_func_80181538() \
      | 
src/ov_SC03_014/../shared/engine_core.h:185848: warning: "DEFINE_func_80181538" redefined
185848 | #define DEFINE_func_80181538() \
       | 
src/ov_SC03_014/../shared/engine_core.h:57282: note: this is the location of the previous definition
57282 | #define DEFINE_func_80181538() \
      | 
{standard input}:12330: Warning: used $at without ".set noat"
{standard input}:12331: Warning: used $at without ".set noat"
{standard input}:12655: Warning: used $at without ".set noat"
{standard input}:12656: Warning: used $at without ".set noat"
{standard input}:12973: Warning: used $at without ".set noat"
{standard input}:12974: Warning: used $at without ".set noat"
{standard input}:13274: Warning: used $at without ".set noat"
{standard input}:13275: Warning: used $at without ".set noat"
{standard input}:13974: Warning: used $at without ".set noat"
{standard input}:13975: Warning: used $at without ".set noat"
{standard input}:14413: Warning: used $at without ".set noat"
{standard input}:14414: Warning: used $at without ".set noat"
{standard input}:14645: Warning: used $at without ".set noat"
{standard input}:14646: Warning: used $at without ".set noat"
{standard input}:14887: Warning: used $at without ".set noat"
{standard input}:14888: Warning: used $at without ".set noat"
{standard input}:15234: Warning: used $at without ".set noat"
{standard input}:15235: Warning: used $at without ".set noat"
{standard input}:15637: Warning: used $at without ".set noat"
{standard input}:15638: Warning: used $at without ".set noat"
{standard input}:15869: Warning: used $at without ".set noat"
{standard input}:15870: Warning: used $at without ".set noat"
{standard input}:16085: Warning: used $at without ".set noat"
{standard input}:16086: Warning: used $at without ".set noat"
{standard input}:16352: Warning: used $at without ".set noat"
{standard input}:16353: Warning: used $at without ".set noat"
{standard input}:16502: Warning: used $at without ".set noat"
{standard input}:16503: Warning: used $at without ".set noat"
{standard input}:16617: Warning: used $at without ".set noat"
{standard input}:16618: Warning: used $at without ".set noat"
{standard input}:17318: Warning: used $at without ".set noat"
{standard input}:17319: Warning: used $at without ".set noat"
{standard input}:17958: Warning: used $at without ".set noat"
{standard input}:17959: Warning: used $at without ".set noat"
In file included from src/ov_SC03_014/ov_SC03_014_jr_8015444C.c:2:
src/ov_SC03_014/../shared/engine_core.h:161199: warning: "DEFINE_func_8013FFD8" redefined
161199 | #define DEFINE_func_8013FFD8() \
       | 
src/ov_SC03_014/../shared/engine_core.h:190943: warning: "DEFINE_func_801808C4" redefined
190943 | #define DEFINE_func_801808C4() \
       | 
src/ov_SC03_014/../shared/engine_core.h:32633: note: this is the location of the previous definition
32633 | #define DEFINE_func_8013FFD8() \
      | 
src/ov_SC03_014/../shared/engine_core.h:62377: note: this is the location of the previous definition
62377 | #define DEFINE_func_801808C4() \
      | 
src/ov_SC03_014/../shared/engine_core.h:190943: warning: "DEFINE_func_801808C4" redefined
190943 | #define DEFINE_func_801808C4() \
       | 
src/ov_SC03_014/../shared/engine_core.h:62377: note: this is the location of the previous definition
62377 | #define DEFINE_func_801808C4() \
      | 
src/ov_SC03_014/../shared/engine_core.h:190943: warning: "DEFINE_func_801808C4" redefined
190943 | #define DEFINE_func_801808C4() \
       | 
src/ov_SC03_014/../shared/engine_core.h:62377: note: this is the location of the previous definition
62377 | #define DEFINE_func_801808C4() \
      | 
src/ov_SC03_014/../shared/engine_core.h:190943: warning: "DEFINE_func_801808C4" redefined
190943 | #define DEFINE_func_801808C4() \
       | 
src/ov_SC03_014/../shared/engine_core.h:62377: note: this is the location of the previous definition
62377 | #define DEFINE_func_801808C4() \
      | 
src/ov_SC03_014/../shared/engine_core.h:169456: warning: "DEFINE_func_8013F350" redefined
169456 | #define DEFINE_func_8013F350() \
       | 
src/ov_SC03_014/../shared/engine_core.h:40890: note: this is the location of the previous definition
40890 | #define DEFINE_func_8013F350() \
      | 
src/ov_SC03_014/../shared/engine_core.h:185848: warning: "DEFINE_func_80181538" redefined
185848 | #define DEFINE_func_80181538() \
       | 
src/ov_SC03_014/../shared/engine_core.h:57282: note: this is the location of the previous definition
57282 | #define DEFINE_func_80181538() \
      | 
src/ov_SC03_014/../shared/engine_core.h:185848: warning: "DEFINE_func_80181538" redefined
185848 | #define DEFINE_func_80181538() \
       | 
src/ov_SC03_014/../shared/engine_core.h:57282: note: this is the location of the previous definition
57282 | #define DEFINE_func_80181538() \
      | 
src/ov_SC03_014/../shared/engine_core.h:185848: warning: "DEFINE_func_80181538" redefined
185848 | #define DEFINE_func_80181538() \
       | 
src/ov_SC03_014/../shared/engine_core.h:57282: note: this is the location of the previous definition
57282 | #define DEFINE_func_80181538() \
      | 
src/ov_SC03_014/../shared/engine_core.h:185848: warning: "DEFINE_func_80181538" redefined
185848 | #define DEFINE_func_80181538() \
       | 
src/ov_SC03_014/../shared/engine_core.h:57282: note: this is the location of the previous definition
57282 | #define DEFINE_func_80181538() \
      | 
src/ov_SC03_014/../shared/engine_core.h:190943: warning: "DEFINE_func_801808C4" redefined
190943 | #define DEFINE_func_801808C4() \
       | 
src/ov_SC03_014/../shared/engine_core.h:62377: note: this is the location of the previous definition
62377 | #define DEFINE_func_801808C4() \
      | 
src/ov_SC03_014/../shared/engine_core.h:190943: warning: "DEFINE_func_801808C4" redefined
190943 | #define DEFINE_func_801808C4() \
       | 
src/ov_SC03_014/../shared/engine_core.h:62377: note: this is the location of the previous definition
62377 | #define DEFINE_func_801808C4() \
      | 
src/ov_SC03_014/../shared/engine_core.h:190943: warning: "DEFINE_func_801808C4" redefined
190943 | #define DEFINE_func_801808C4() \
       | 
src/ov_SC03_014/../shared/engine_core.h:62377: note: this is the location of the previous definition
62377 | #define DEFINE_func_801808C4() \
      | 
src/ov_SC03_014/../shared/engine_core.h:185848: warning: "DEFINE_func_80181538" redefined
185848 | #define DEFINE_func_80181538() \
       | 
src/ov_SC03_014/../shared/engine_core.h:57282: note: this is the location of the previous definition
57282 | #define DEFINE_func_80181538() \
      | 
src/ov_SC03_014/../shared/engine_core.h:169456: warning: "DEFINE_func_8013F350" redefined
169456 | #define DEFINE_func_8013F350() \
       | 
src/ov_SC03_014/../shared/engine_core.h:40890: note: this is the location of the previous definition
40890 | #define DEFINE_func_8013F350() \
      | 
src/ov_SC03_014/../shared/engine_core.h:185848: warning: "DEFINE_func_80181538" redefined
185848 | #define DEFINE_func_80181538() \
       | 
src/ov_SC03_014/../shared/engine_core.h:57282: note: this is the location of the previous definition
57282 | #define DEFINE_func_80181538() \
      | 
src/ov_SC03_014/../shared/engine_core.h:190943: warning: "DEFINE_func_801808C4" redefined
190943 | #define DEFINE_func_801808C4() \
       | 
src/ov_SC03_014/../shared/engine_core.h:62377: note: this is the location of the previous definition
62377 | #define DEFINE_func_801808C4() \
      | 
src/ov_SC03_014/../shared/engine_core.h:190943: warning: "DEFINE_func_801808C4" redefined
190943 | #define DEFINE_func_801808C4() \
       | 
src/ov_SC03_014/../shared/engine_core.h:62377: note: this is the location of the previous definition
62377 | #define DEFINE_func_801808C4() \
      | 
src/ov_SC03_014/../shared/engine_core.h:190943: warning: "DEFINE_func_801808C4" redefined
190943 | #define DEFINE_func_801808C4() \
       | 
src/ov_SC03_014/../shared/engine_core.h:62377: note: this is the location of the previous definition
62377 | #define DEFINE_func_801808C4() \
      | 
In file included from src/ov_SC03_014/ov_SC03_014_o0e.c:2:
src/ov_SC03_014/../shared/engine_core.h:161199: warning: "DEFINE_func_8013FFD8" redefined
161199 | #define DEFINE_func_8013FFD8() \
       | 
src/ov_SC03_014/../shared/engine_core.h:32633: note: this is the location of the previous definition
32633 | #define DEFINE_func_8013FFD8() \
      | 
src/ov_SC03_014/../shared/engine_core.h:185848: warning: "DEFINE_func_80181538" redefined
185848 | #define DEFINE_func_80181538() \
       | 
src/ov_SC03_014/../shared/engine_core.h:57282: note: this is the location of the previous definition
57282 | #define DEFINE_func_80181538() \
      | 
src/ov_SC03_014/../shared/engine_core.h:190943: warning: "DEFINE_func_801808C4" redefined
190943 | #define DEFINE_func_801808C4() \
       | 
src/ov_SC03_014/../shared/engine_core.h:62377: note: this is the location of the previous definition
62377 | #define DEFINE_func_801808C4() \
      | 
src/ov_SC03_014/../shared/engine_core.h:169456: warning: "DEFINE_func_8013F350" redefined
169456 | #define DEFINE_func_8013F350() \
       | 
src/ov_SC03_014/../shared/engine_core.h:40890: note: this is the location of the previous definition
40890 | #define DEFINE_func_8013F350() \
      | 
src/ov_SC03_014/../shared/engine_core.h:185848: warning: "DEFINE_func_80181538" redefined
185848 | #define DEFINE_func_80181538() \
       | 
src/ov_SC03_014/../shared/engine_core.h:57282: note: this is the location of the previous definition
57282 | #define DEFINE_func_80181538() \
      | 
src/ov_SC03_014/../shared/engine_core.h:185848: warning: "DEFINE_func_80181538" redefined
185848 | #define DEFINE_func_80181538() \
       | 
src/ov_SC03_014/../shared/engine_core.h:57282: note: this is the location of the previous definition
57282 | #define DEFINE_func_80181538() \
      | 
src/ov_SC03_014/ov_SC03_014_o0d.c:1524: warning: conflicting types for built-in function `memcpy'
src/ov_SC03_014/../shared/engine_core.h:190943: warning: "DEFINE_func_801808C4" redefined
190943 | #define DEFINE_func_801808C4() \
       | 
src/ov_SC03_014/../shared/engine_core.h:62377: note: this is the location of the previous definition
62377 | #define DEFINE_func_801808C4() \
      | 
src/ov_SC03_014/../shared/engine_core.h:190943: warning: "DEFINE_func_801808C4" redefined
190943 | #define DEFINE_func_801808C4() \
       | 
src/ov_SC03_014/../shared/engine_core.h:62377: note: this is the location of the previous definition
62377 | #define DEFINE_func_801808C4() \
      | 
src/ov_SC03_014/ov_SC03_014_jr_8013F350.c: In function `func_8013FAF8':
src/ov_SC03_014/ov_SC03_014_jr_8013F350.c:1301: warning: passing arg 1 of `func_80024054' makes pointer from integer without a cast
src/ov_SC03_014/ov_SC03_014_jr_8013F350.c:1317: warning: passing arg 1 of `func_80024054' makes pointer from integer without a cast
src/ov_SC03_014/ov_SC03_014_jr_8013F350.c:1342: warning: passing arg 1 of `func_80137D08' makes integer from pointer without a cast
src/ov_SC03_014/ov_SC03_014_jr_8013F350.c:1342: warning: passing arg 2 of `func_80137D08' makes integer from pointer without a cast
src/ov_SC03_014/ov_SC03_014_jr_8013F350.c:1342: warning: assignment makes pointer from integer without a cast
src/ov_SC03_014/ov_SC03_014_jr_8013F350.c:1345: warning: passing arg 1 of `func_8013AB54' makes integer from pointer without a cast
src/ov_SC03_014/ov_SC03_014_jr_8013F350.c:1345: warning: passing arg 2 of `func_8013AB54' makes integer from pointer without a cast
src/ov_SC03_014/ov_SC03_014_jr_8013F350.c:1345: warning: assignment makes pointer from integer without a cast
src/ov_SC03_014/ov_SC03_014_jr_8017AE2C.c:1530: warning: conflicting types for built-in function `memcpy'
src/ov_SC03_014/ov_SC03_014_jr_801789AC.c:1532: warning: conflicting types for built-in function `memcpy'
src/ov_SC03_014/ov_SC03_014_jr_8013FFD8.c: In function `func_8014032C':
src/ov_SC03_014/ov_SC03_014_jr_8013FFD8.c:1076: warning: type mismatch with previous external decl
src/ov_SC03_014/ov_SC03_014_jr_8013FFD8.c:930: warning: previous external decl of `D_801E964C'
src/ov_SC03_014/ov_SC03_014_jr_8013FFD8.c:1158: warning: return makes integer from pointer without a cast
src/ov_SC03_014/ov_SC03_014_jr_8017AE2C.c:4709: warning: "gte_ldv0" redefined
 4709 | #define gte_ldv0(r0) __asm__ volatile (          \
      | 
src/ov_SC03_014/ov_SC03_014_jr_8017AE2C.c:4173: note: this is the location of the previous definition
 4173 | #define gte_ldv0(r0)  __asm__ __volatile__( \
      | 
src/ov_SC03_014/ov_SC03_014_jr_801789AC.c: In function `func_80178B70':
src/ov_SC03_014/ov_SC03_014_jr_801789AC.c:2686: warning: type mismatch with previous external decl
src/ov_SC03_014/ov_SC03_014_jr_801789AC.c:2667: warning: previous external decl of `D_8018EEA8'
src/ov_SC03_014/ov_SC03_014_jr_801789AC.c:2691: warning: passing arg 2 of `func_80178CBC' makes integer from pointer without a cast
src/ov_SC03_014/ov_SC03_014_jr_801789AC.c: In function `func_80178BB8':
src/ov_SC03_014/ov_SC03_014_jr_801789AC.c:2696: warning: type mismatch with previous external decl
src/ov_SC03_014/ov_SC03_014_jr_801789AC.c:2665: warning: previous external decl of `func_80178BF8'
src/ov_SC03_014/ov_SC03_014_jr_801789AC.c: At top level:
src/ov_SC03_014/ov_SC03_014_jr_801789AC.c:2704: warning: type mismatch with previous external decl
src/ov_SC03_014/ov_SC03_014_jr_801789AC.c:2665: warning: previous external decl of `func_80178BF8'
In file included from src/ov_SC03_014/ov_SC03_014_jr_8017EB7C.c:2:
src/ov_SC03_014/../shared/engine_core.h:161199: warning: "DEFINE_func_8013FFD8" redefined
161199 | #define DEFINE_func_8013FFD8() \
       | 
src/ov_SC03_014/../shared/engine_core.h:32633: note: this is the location of the previous definition
32633 | #define DEFINE_func_8013FFD8() \
      | 
src/ov_SC03_014/ov_SC03_014_jr_80184440.c:1524: warning: conflicting types for built-in function `memcpy'
src/ov_SC03_014/ov_SC03_014_jr_8017AE2C.c: In function `func_8017B368':
src/ov_SC03_014/ov_SC03_014_jr_8017AE2C.c:2811: warning: type mismatch with previous external decl
src/ov_SC03_014/ov_SC03_014_jr_8017AE2C.c:2762: warning: previous external decl of `D_8018EEAC'
src/ov_SC03_014/ov_SC03_014_jr_8017AE2C.c: In function `func_8017B490':
src/ov_SC03_014/ov_SC03_014_jr_8017AE2C.c:2847: warning: type mismatch with previous external decl
src/ov_SC03_014/ov_SC03_014_jr_8017AE2C.c:2762: warning: previous external decl of `D_8018EEAC'
src/ov_SC03_014/ov_SC03_014_jr_8015C32C.c:1547: warning: "NULL" redefined
 1547 | #define NULL 0
      | 
In file included from src/ov_SC03_014/ov_SC03_014_jr_8015C32C.c:1:
include/common.h:41: note: this is the location of the previous definition
   41 | #define NULL ((void *)0)   /* m2c emits NULL for null pointers; byte-neutral (== 0) */
      | 
src/ov_SC03_014/ov_SC03_014_jr_8017AE2C.c: At top level:
src/ov_SC03_014/ov_SC03_014_jr_8017AE2C.c:3124: warning: type mismatch with previous external decl
src/ov_SC03_014/ov_SC03_014_jr_8017AE2C.c:2807: warning: previous external decl of `D_801EA7BC'
src/ov_SC03_014/ov_SC03_014_jr_8017AE2C.c:3125: warning: type mismatch with previous external decl
src/ov_SC03_014/ov_SC03_014_jr_8017AE2C.c:2808: warning: previous external decl of `D_801EA7C4'
src/ov_SC03_014/ov_SC03_014_jr_8015C32C.c: In function `func_8015C6AC':
src/ov_SC03_014/ov_SC03_014_jr_8015C32C.c:1333: warning: passing arg 1 of `func_8015C788' makes integer from pointer without a cast
src/ov_SC03_014/ov_SC03_014_jr_80171B4C.c:1533: warning: conflicting types for built-in function `memcpy'
src/ov_SC03_014/ov_SC03_014_jr_8017AE2C.c:3308: warning: type mismatch with previous external decl
src/ov_SC03_014/ov_SC03_014_jr_8017AE2C.c:2761: warning: previous external decl of `func_8017BE60'
src/ov_SC03_014/ov_SC03_014_jr_80171B4C.c: In function `func_80171CC4':
src/ov_SC03_014/ov_SC03_014_jr_80171B4C.c:2268: warning: passing arg 1 of `func_80171D78' makes integer from pointer without a cast
src/ov_SC03_014/ov_SC03_014_jr_80171B4C.c:2268: warning: passing arg 2 of `func_80171D78' makes integer from pointer without a cast
src/ov_SC03_014/ov_SC03_014_jr_8015C32C.c:3302: warning: "SHB" redefined
 3302 | #define SHB(x) __asm__("" : "=r"(x) : "0"(x))
      | 
src/ov_SC03_014/ov_SC03_014_jr_8015C32C.c:3301: note: this is the location of the previous definition
 3301 | #define SHB(x) __asm__ __volatile__("" : "=r"(x) : "0"(x))
      | 
src/ov_SC03_014/ov_SC03_014_jr_8015C32C.c: In function `func_8015CD20':
src/ov_SC03_014/ov_SC03_014_jr_8015C32C.c:1554: warning: type mismatch with previous external decl
src/ov_SC03_014/ov_SC03_014_jr_8015C32C.c:1246: warning: previous external decl of `D_8018DC08'
src/ov_SC03_014/ov_SC03_014_jr_8015C32C.c: In function `func_8015D1B8':
src/ov_SC03_014/ov_SC03_014_jr_8015C32C.c:1779: warning: passing arg 1 of `func_801725F4' from incompatible pointer type
src/ov_SC03_014/ov_SC03_014_jr_80171B4C.c: In function `func_8017248C':
src/ov_SC03_014/ov_SC03_014_jr_80171B4C.c:2298: warning: passing arg 1 makes pointer from integer without a cast
src/ov_SC03_014/ov_SC03_014_jr_80171B4C.c:2298: warning: passing arg 2 makes pointer from integer without a cast
src/ov_SC03_014/ov_SC03_014_jr_80135A4C.c:576: warning: conflicting types for built-in function `memcpy'
src/ov_SC03_014/ov_SC03_014_jr_80171B4C.c: In function `func_8017250C':
src/ov_SC03_014/ov_SC03_014_jr_80171B4C.c:2302: warning: passing arg 1 of `func_80172560' from incompatible pointer type
src/ov_SC03_014/ov_SC03_014_jr_80171B4C.c:2302: warning: passing arg 2 of `func_80172560' from incompatible pointer type
src/ov_SC03_014/ov_SC03_014_jr_8015C32C.c: In function `func_8015D480':
src/ov_SC03_014/ov_SC03_014_jr_8015C32C.c:1834: warning: passing arg 1 of `func_8015D57C' makes integer from pointer without a cast
src/ov_SC03_014/ov_SC03_014_jr_8015C32C.c: In function `func_8015D57C':
src/ov_SC03_014/ov_SC03_014_jr_8015C32C.c:1851: warning: passing arg 1 of `func_801553A8' makes pointer from integer without a cast
src/ov_SC03_014/ov_SC03_014_jr_8015C32C.c:1851: warning: passing arg 1 of `func_80155440' makes pointer from integer without a cast
src/ov_SC03_014/ov_SC03_014_jr_8015C32C.c:1851: warning: passing arg 1 of `func_80146CA0' makes pointer from integer without a cast
src/ov_SC03_014/ov_SC03_014_jr_8015C32C.c: In function `func_8015DA90':
src/ov_SC03_014/ov_SC03_014_jr_8015C32C.c:2009: warning: passing arg 1 of `func_8015DB6C' makes integer from pointer without a cast
src/ov_SC03_014/ov_SC03_014_jr_80171B4C.c: In function `func_801726D0':
src/ov_SC03_014/ov_SC03_014_jr_80171B4C.c:2348: warning: assignment from incompatible pointer type
src/ov_SC03_014/ov_SC03_014_jr_801380E0.c: In function `func_801387B8':
src/ov_SC03_014/ov_SC03_014_jr_801380E0.c:1018: warning: type mismatch with previous external decl
src/ov_SC03_014/ov_SC03_014_jr_801380E0.c:717: warning: previous external decl of `func_80139220'
src/ov_SC03_014/ov_SC03_014_jr_801380E0.c:1018: warning: passing arg 1 of `func_80138DE0' makes pointer from integer without a cast
{standard input}: Assembler messages:
{standard input}:25: Warning: used $at without ".set noat"
{standard input}:26: Warning: used $at without ".set noat"
{standard input}:27: Warning: used $at without ".set noat"
{standard input}:28: Warning: used $at without ".set noat"
src/ov_SC03_014/ov_SC03_014_jr_80171B4C.c: In function `func_80172D14':
src/ov_SC03_014/ov_SC03_014_jr_80171B4C.c:2439: warning: passing arg 1 of `func_80171AB0' makes integer from pointer without a cast
src/ov_SC03_014/ov_SC03_014_jr_80171B4C.c:2439: warning: passing arg 1 of `func_80174650' makes integer from pointer without a cast
src/ov_SC03_014/ov_SC03_014_jr_8015C32C.c: In function `func_8015DDF0':
src/ov_SC03_014/ov_SC03_014_jr_8015C32C.c:2087: warning: passing arg 1 of `func_8015DECC' makes integer from pointer without a cast
src/ov_SC03_014/ov_SC03_014_jr_80171B4C.c: In function `func_80172E20':
src/ov_SC03_014/ov_SC03_014_jr_80171B4C.c:2456: warning: passing arg 1 of `func_80171AB0' makes integer from pointer without a cast
src/ov_SC03_014/ov_SC03_014_jr_80171B4C.c:2456: warning: passing arg 1 of `func_80174650' makes integer from pointer without a cast
src/ov_SC03_014/ov_SC03_014_jr_801380E0.c: At top level:
src/ov_SC03_014/ov_SC03_014_jr_801380E0.c:1024: warning: type mismatch with previous external decl
src/ov_SC03_014/ov_SC03_014_jr_801380E0.c:712: warning: previous external decl of `func_80138AB4'
src/ov_SC03_014/ov_SC03_014_jr_801380E0.c: In function `func_80138AB4':
src/ov_SC03_014/ov_SC03_014_jr_801380E0.c:1024: warning: passing arg 1 of `func_80138DE0' makes pointer from integer without a cast
src/ov_SC03_014/../shared/engine_core.h:169456: warning: "DEFINE_func_8013F350" redefined
169456 | #define DEFINE_func_8013F350() \
       | 
src/ov_SC03_014/../shared/engine_core.h:40890: note: this is the location of the previous definition
40890 | #define DEFINE_func_8013F350() \
      | 
src/ov_SC03_014/ov_SC03_014_jr_80171B4C.c: In function `func_8017303C':
src/ov_SC03_014/ov_SC03_014_jr_80171B4C.c:2474: warning: assignment makes integer from pointer without a cast
src/ov_SC03_014/ov_SC03_014_jr_8015C32C.c: In function `func_8015E150':
src/ov_SC03_014/ov_SC03_014_jr_8015C32C.c:2165: warning: passing arg 1 of `func_8015E22C' makes integer from pointer without a cast
src/ov_SC03_014/ov_SC03_014_jr_80171B4C.c: In function `func_801730FC':
src/ov_SC03_014/ov_SC03_014_jr_80171B4C.c:2487: warning: passing arg 1 of `func_80147060' from incompatible pointer type
src/ov_SC03_014/ov_SC03_014_jr_80171B4C.c:2487: warning: passing arg 1 of `func_80154150' makes integer from pointer without a cast
src/ov_SC03_014/ov_SC03_014_jr_80171B4C.c: In function `func_80173220':
src/ov_SC03_014/ov_SC03_014_jr_80171B4C.c:2519: warning: passing arg 1 of `func_80174650' makes integer from pointer without a cast
src/ov_SC03_014/ov_SC03_014_jr_801380E0.c: At top level:
src/ov_SC03_014/ov_SC03_014_jr_801380E0.c:1055: warning: type mismatch with previous external decl
src/ov_SC03_014/ov_SC03_014_jr_801380E0.c:713: warning: previous external decl of `func_80138C60'
src/ov_SC03_014/ov_SC03_014_jr_8017AE2C.c: In function `func_8017DBC4':
src/ov_SC03_014/ov_SC03_014_jr_8017AE2C.c:4532: warning: passing arg 1 of `func_80171AB0' makes integer from pointer without a cast
src/ov_SC03_014/ov_SC03_014_jr_801380E0.c:1095: warning: type mismatch with previous external decl
src/ov_SC03_014/ov_SC03_014_jr_801380E0.c:714: warning: previous external decl of `func_80138D58'
src/ov_SC03_014/ov_SC03_014_jr_801380E0.c:1105: warning: type mismatch with previous external decl
src/ov_SC03_014/ov_SC03_014_jr_801380E0.c:717: warning: previous external decl of `func_80139220'
src/ov_SC03_014/ov_SC03_014_jr_801380E0.c:1107: warning: type mismatch with previous external decl
src/ov_SC03_014/ov_SC03_014_jr_801380E0.c:716: warning: previous external decl of `func_801391F0'
src/ov_SC03_014/ov_SC03_014_jr_8015C32C.c: In function `func_8015E84C':
src/ov_SC03_014/ov_SC03_014_jr_8015C32C.c:2289: warning: passing arg 1 of `func_8015E95C' makes integer from pointer without a cast
src/ov_SC03_014/../shared/engine_core.h:185848: warning: "DEFINE_func_80181538" redefined
185848 | #define DEFINE_func_80181538() \
       | 
src/ov_SC03_014/../shared/engine_core.h:57282: note: this is the location of the previous definition
57282 | #define DEFINE_func_80181538() \
      | 
src/ov_SC03_014/ov_SC03_014_jr_8015C32C.c: In function `func_8015E95C':
src/ov_SC03_014/ov_SC03_014_jr_8015C32C.c:2306: warning: passing arg 1 of `func_8015E9B8' makes pointer from integer without a cast
src/ov_SC03_014/ov_SC03_014_jr_8015C32C.c: In function `func_8015EA3C':
src/ov_SC03_014/ov_SC03_014_jr_8015C32C.c:2415: warning: passing arg 1 makes integer from pointer without a cast
src/ov_SC03_014/ov_SC03_014_jr_801380E0.c: In function `func_80139680':
src/ov_SC03_014/ov_SC03_014_jr_801380E0.c:1119: warning: passing arg 2 of `func_80052460' makes integer from pointer without a cast
src/ov_SC03_014/ov_SC03_014_jr_8015C32C.c: In function `func_8015EDA0':
src/ov_SC03_014/ov_SC03_014_jr_8015C32C.c:2423: warning: passing arg 1 of `func_8015EE7C' makes integer from pointer without a cast
src/ov_SC03_014/ov_SC03_014_jr_801380E0.c: At top level:
src/ov_SC03_014/ov_SC03_014_jr_801380E0.c:1121: warning: type mismatch with previous external decl
src/ov_SC03_014/ov_SC03_014_jr_801380E0.c:707: warning: previous external decl of `func_8001931C'
src/ov_SC03_014/ov_SC03_014_jr_801380E0.c:1121: warning: type mismatch with previous external decl
src/ov_SC03_014/ov_SC03_014_jr_801380E0.c:718: warning: previous external decl of `func_80139788'
src/ov_SC03_014/ov_SC03_014_jr_8015C32C.c: In function `func_8015EFA4':
src/ov_SC03_014/ov_SC03_014_jr_8015C32C.c:2495: warning: passing arg 1 of `func_8015F080' makes integer from pointer without a cast
src/ov_SC03_014/ov_SC03_014_jr_801380E0.c: In function `func_80139914':
src/ov_SC03_014/ov_SC03_014_jr_801380E0.c:1192: warning: passing arg 1 of `func_8013A8B0' makes pointer from integer without a cast
src/ov_SC03_014/ov_SC03_014_jr_801380E0.c: At top level:
src/ov_SC03_014/ov_SC03_014_jr_801380E0.c:1260: warning: type mismatch with previous external decl
src/ov_SC03_014/ov_SC03_014_jr_801380E0.c:1090: warning: previous external decl of `func_80139C7C'
src/ov_SC03_014/ov_SC03_014_jr_801380E0.c:1260: warning: type mismatch with previous implicit declaration
src/ov_SC03_014/ov_SC03_014_jr_801380E0.c:1090: warning: previous implicit declaration of `func_80139C7C'
src/ov_SC03_014/ov_SC03_014_jr_801380E0.c:1260: warning: `func_80139C7C' was previously implicitly declared to return `int'
src/ov_SC03_014/../shared/engine_core.h:190943: warning: "DEFINE_func_801808C4" redefined
190943 | #define DEFINE_func_801808C4() \
       | 
src/ov_SC03_014/../shared/engine_core.h:62377: note: this is the location of the previous definition
62377 | #define DEFINE_func_801808C4() \
      | 
src/ov_SC03_014/ov_SC03_014_jr_801380E0.c:1276: warning: type mismatch with previous external decl
src/ov_SC03_014/ov_SC03_014_jr_801380E0.c:709: warning: previous external decl of `func_8001B22C'
src/ov_SC03_014/ov_SC03_014_jr_8015C32C.c: In function `func_8015F89C':
src/ov_SC03_014/ov_SC03_014_jr_8015C32C.c:2714: warning: passing arg 2 of `func_801466F0' makes integer from pointer without a cast
src/ov_SC03_014/ov_SC03_014_jr_8015A3C8.c: In function `func_8015ADB0':
src/ov_SC03_014/ov_SC03_014_jr_8015A3C8.c:1471: warning: passing arg 1 of `func_80161124' makes pointer from integer without a cast
src/ov_SC03_014/ov_SC03_014_jr_801380E0.c: In function `func_8013B204':
src/ov_SC03_014/ov_SC03_014_jr_801380E0.c:1379: warning: assignment makes pointer from integer without a cast
src/ov_SC03_014/ov_SC03_014_jr_8015C32C.c: In function `func_80160B70':
src/ov_SC03_014/ov_SC03_014_jr_8015C32C.c:3193: warning: passing arg 1 of `func_80160BB4' makes pointer from integer without a cast
src/ov_SC03_014/ov_SC03_014_jr_8015C32C.c: In function `func_80160F70':
src/ov_SC03_014/ov_SC03_014_jr_8015C32C.c:3254: warning: passing arg 1 of `func_8013767C' makes integer from pointer without a cast
src/ov_SC03_014/ov_SC03_014_jr_8015C32C.c: In function `aF80161208':
src/ov_SC03_014/ov_SC03_014_jr_8015C32C.c:3289: warning: passing arg 1 makes integer from pointer without a cast
src/ov_SC03_014/ov_SC03_014_jr_8015C32C.c: In function `func_80161278':
src/ov_SC03_014/ov_SC03_014_jr_8015C32C.c:3295: warning: passing arg 1 of `func_80161374' makes integer from pointer without a cast
src/ov_SC03_014/ov_SC03_014_jr_8015C32C.c: In function `func_801612B8':
src/ov_SC03_014/ov_SC03_014_jr_8015C32C.c:3297: warning: assignment makes integer from pointer without a cast
src/ov_SC03_014/ov_SC03_014_jr_8015C32C.c: In function `func_80161418':
src/ov_SC03_014/ov_SC03_014_jr_8015C32C.c:3360: warning: passing arg 1 of `func_8016163C' makes integer from pointer without a cast
src/ov_SC03_014/ov_SC03_014_jr_8015C32C.c: In function `func_80161450':
src/ov_SC03_014/ov_SC03_014_jr_8015C32C.c:3362: warning: passing arg 1 of `func_80161774' makes integer from pointer without a cast
src/ov_SC03_014/ov_SC03_014_jr_8015C32C.c: In function `func_80161488':
src/ov_SC03_014/ov_SC03_014_jr_8015C32C.c:3364: warning: passing arg 1 of `func_80161774' makes integer from pointer without a cast
src/ov_SC03_014/ov_SC03_014_jr_8015C32C.c: In function `func_801614E4':
src/ov_SC03_014/ov_SC03_014_jr_8015C32C.c:3366: warning: passing arg 1 of `func_80161888' makes integer from pointer without a cast
src/ov_SC03_014/ov_SC03_014_jr_8015C32C.c: In function `func_80161554':
src/ov_SC03_014/ov_SC03_014_jr_8015C32C.c:3370: warning: passing arg 1 of `func_8016163C' makes integer from pointer without a cast
src/ov_SC03_014/ov_SC03_014_jr_8015C32C.c: In function `func_8016158C':
src/ov_SC03_014/ov_SC03_014_jr_8015C32C.c:3372: warning: passing arg 1 of `func_80161774' makes integer from pointer without a cast
src/ov_SC03_014/ov_SC03_014_jr_8015C32C.c: In function `func_801615C4':
src/ov_SC03_014/ov_SC03_014_jr_8015C32C.c:3374: warning: passing arg 1 of `func_80146D90' makes integer from pointer without a cast
src/ov_SC03_014/ov_SC03_014_jr_8015C32C.c:3374: warning: passing arg 1 makes integer from pointer without a cast
src/ov_SC03_014/ov_SC03_014_jr_8015C32C.c:3374: warning: passing arg 1 makes integer from pointer without a cast
src/ov_SC03_014/ov_SC03_014_jr_8015C32C.c: At top level:
src/ov_SC03_014/ov_SC03_014_jr_8015C32C.c:3752: warning: type mismatch with previous external decl
src/ov_SC03_014/ov_SC03_014_jr_8015C32C.c:3682: warning: previous external decl of `D_801E96F0'
src/ov_SC03_014/ov_SC03_014_jr_8015C32C.c:3774: warning: type mismatch with previous external decl
src/ov_SC03_014/ov_SC03_014_jr_8015C32C.c:3667: warning: previous external decl of `D_80078EB0'
src/ov_SC03_014/ov_SC03_014_jr_8015C32C.c: In function `func_801622C4':
src/ov_SC03_014/ov_SC03_014_jr_8015C32C.c:3843: warning: assignment from incompatible pointer type
src/ov_SC03_014/../shared/engine_core.h:185848: warning: "DEFINE_func_80181538" redefined
185848 | #define DEFINE_func_80181538() \
       | 
src/ov_SC03_014/../shared/engine_core.h:57282: note: this is the location of the previous definition
57282 | #define DEFINE_func_80181538() \
      | 
src/ov_SC03_014/ov_SC03_014_jr_80154C24.c:1265: warning: type mismatch with previous external decl
src/ov_SC03_014/ov_SC03_014_jr_80154C24.c:1211: warning: previous external decl of `func_801565C0'
src/ov_SC03_014/ov_SC03_014_jr_80154C24.c: In function `func_80156600':
src/ov_SC03_014/ov_SC03_014_jr_80154C24.c:1301: warning: return makes integer from pointer without a cast
src/ov_SC03_014/ov_SC03_014_jr_80154C24.c:1301: warning: return makes integer from pointer without a cast
src/ov_SC03_014/../shared/engine_core.h:190943: warning: "DEFINE_func_801808C4" redefined
190943 | #define DEFINE_func_801808C4() \
       | 
src/ov_SC03_014/ov_SC03_014_jr_8015C32C.c: src/ov_SC03_014/ov_SC03_014_jr_80154C24.c: At top level:
src/ov_SC03_014/ov_SC03_014_jr_8015C32C.c:4140: At top level:
warning: type mismatch with previous external decl
src/ov_SC03_014/ov_SC03_014_jr_8015C32C.c:4130: warning: src/ov_SC03_014/ov_SC03_014_jr_80154C24.c:1306: previous external decl of `warning: func_8016345C'
type mismatch with previous external decl
src/ov_SC03_014/ov_SC03_014_jr_80154C24.c:1207: warning: previous external decl of `func_80156670'
src/ov_SC03_014/../shared/engine_core.h:62377: note: this is the location of the previous definition
62377 | #define DEFINE_func_801808C4() \
      | 
src/ov_SC03_014/ov_SC03_014_jr_8015C32C.c: In function `func_8016345C':
src/ov_SC03_014/ov_SC03_014_jr_8015C32C.c:4140: warning: passing arg 6 of `func_80163534' makes pointer from integer without a cast
src/ov_SC03_014/ov_SC03_014_jr_8015C32C.c: At top level:
src/ov_SC03_014/ov_SC03_014_jr_8015C32C.c:4146: warning: type mismatch with previous external decl
src/ov_SC03_014/ov_SC03_014_jr_8015C32C.c:4131: warning: previous external decl of `D_801E8DBC'
src/ov_SC03_014/ov_SC03_014_jr_80154C24.c:1311: warning: type mismatch with previous external decl
src/ov_SC03_014/ov_SC03_014_jr_80154C24.c:1209: warning: previous external decl of `func_80156848'
src/ov_SC03_014/ov_SC03_014_jr_80154C24.c:1335: warning: type mismatch with previous external decl
src/ov_SC03_014/ov_SC03_014_jr_80154C24.c:1333: warning: previous external decl of `func_80156ECC'
src/ov_SC03_014/ov_SC03_014_jr_80154C24.c: In function `func_80156ECC':
src/ov_SC03_014/ov_SC03_014_jr_80154C24.c:1335: warning: passing arg 1 of `func_80156FA8' makes pointer from integer without a cast
src/ov_SC03_014/ov_SC03_014_jr_80154C24.c:1335: warning: passing arg 2 of `func_80156FA8' makes pointer from integer without a cast
src/ov_SC03_014/ov_SC03_014_jr_80154C24.c:1335: warning: passing arg 3 of `func_80156FA8' makes pointer from integer without a cast
src/ov_SC03_014/ov_SC03_014_jr_80154C24.c: At top level:
src/ov_SC03_014/ov_SC03_014_jr_80154C24.c:1343: warning: type mismatch with previous external decl
src/ov_SC03_014/ov_SC03_014_jr_80154C24.c:1340: warning: previous external decl of `func_801571C4'
src/ov_SC03_014/ov_SC03_014_jr_80154C24.c:1343: warning: type mismatch with previous implicit declaration
src/ov_SC03_014/ov_SC03_014_jr_80154C24.c:1340: warning: previous implicit declaration of `func_801571C4'
src/ov_SC03_014/ov_SC03_014_jr_80154C24.c:1343: warning: `func_801571C4' was previously implicitly declared to return `int'
src/ov_SC03_014/ov_SC03_014_jr_80154C24.c: In function `func_801571C4':
src/ov_SC03_014/ov_SC03_014_jr_80154C24.c:1343: warning: passing arg 3 of `func_80135260' makes pointer from integer without a cast
src/ov_SC03_014/ov_SC03_014_jr_80154C24.c:1343: warning: passing arg 4 of `func_80135260' makes pointer from integer without a cast
src/ov_SC03_014/ov_SC03_014_jr_80154C24.c: In function `func_8015773C':
src/ov_SC03_014/ov_SC03_014_jr_80154C24.c:1365: warning: passing arg 1 of `func_801553A8' from incompatible pointer type
src/ov_SC03_014/ov_SC03_014_jr_80154C24.c: In function `func_801577C8':
src/ov_SC03_014/ov_SC03_014_jr_80154C24.c:1388: warning: passing arg 1 of `func_80147078' makes pointer from integer without a cast
src/ov_SC03_014/ov_SC03_014_jr_80154C24.c: At top level:
src/ov_SC03_014/ov_SC03_014_jr_80154C24.c:1403: warning: type mismatch with previous external decl
src/ov_SC03_014/ov_SC03_014_jr_80154C24.c:1389: warning: previous external decl of `func_80157808'
src/ov_SC03_014/ov_SC03_014_jr_80154C24.c:1403: warning: type mismatch with previous implicit declaration
src/ov_SC03_014/ov_SC03_014_jr_80154C24.c:1389: warning: previous implicit declaration of `func_80157808'
src/ov_SC03_014/ov_SC03_014_jr_80154C24.c:1403: warning: `func_80157808' was previously implicitly declared to return `int'
src/ov_SC03_014/ov_SC03_014_o0e.c: In function `func_8013B6A0':
src/ov_SC03_014/ov_SC03_014_o0e.c:799: warning: type mismatch with previous external decl
src/ov_SC03_014/ov_SC03_014_o0e.c:785: warning: previous external decl of `D_801EAF18'
src/ov_SC03_014/ov_SC03_014_o0e.c: In function `func_8013B7AC':
src/ov_SC03_014/ov_SC03_014_o0e.c:811: warning: type mismatch with previous external decl
src/ov_SC03_014/ov_SC03_014_o0e.c:785: warning: previous external decl of `D_801EAF18'
src/ov_SC03_014/ov_SC03_014_o0e.c: At top level:
src/ov_SC03_014/ov_SC03_014_o0e.c:827: warning: type mismatch with previous external decl
src/ov_SC03_014/ov_SC03_014_o0e.c:820: warning: previous external decl of `func_8013B83C'
src/ov_SC03_014/ov_SC03_014_o0e.c:827: warning: type mismatch with previous implicit declaration
src/ov_SC03_014/ov_SC03_014_o0e.c:820: warning: previous implicit declaration of `func_8013B83C'
src/ov_SC03_014/ov_SC03_014_o0e.c:827: warning: `func_8013B83C' was previously implicitly declared to return `int'
src/ov_SC03_014/ov_SC03_014_o0e.c:959: warning: type mismatch with previous external decl
src/ov_SC03_014/ov_SC03_014_o0e.c:860: warning: previous external decl of `func_8013BD74'
src/ov_SC03_014/ov_SC03_014_o0e.c:959: warning: type mismatch with previous implicit declaration
src/ov_SC03_014/ov_SC03_014_o0e.c:949: warning: previous implicit declaration of `func_8013BD74'
src/ov_SC03_014/ov_SC03_014_o0e.c:959: warning: `func_8013BD74' was previously implicitly declared to return `int'
src/ov_SC03_014/ov_SC03_014_o0e.c:1018: warning: type mismatch with previous external decl
src/ov_SC03_014/ov_SC03_014_o0e.c:838: warning: previous external decl of `func_8013C08C'
src/ov_SC03_014/ov_SC03_014_jr_80154C24.c: In function `func_80158038':
src/ov_SC03_014/ov_SC03_014_jr_80154C24.c:1616: warning: passing arg 1 of `func_80154A74' makes integer from pointer without a cast
src/ov_SC03_014/ov_SC03_014_jr_80154C24.c:1619: warning: passing arg 2 of `func_80146994' makes integer from pointer without a cast
src/ov_SC03_014/ov_SC03_014_jr_8015C32C.c:4614: warning: type mismatch with previous external decl
src/ov_SC03_014/ov_SC03_014_jr_8015C32C.c:4592: warning: previous external decl of `D_801E97E8'
src/ov_SC03_014/ov_SC03_014_jr_8015C32C.c: In function `func_801651B8':
src/ov_SC03_014/ov_SC03_014_jr_8015C32C.c:4622: warning: assignment makes integer from pointer without a cast
src/ov_SC03_014/ov_SC03_014_jr_8015C32C.c: In function `func_80165CA0':
src/ov_SC03_014/ov_SC03_014_jr_8015C32C.c:4870: warning: assignment from incompatible pointer type
src/ov_SC03_014/ov_SC03_014_jr_8015C32C.c: In function `func_80165FA4':
src/ov_SC03_014/ov_SC03_014_jr_8015C32C.c:4883: warning: passing arg 2 of `ApplyMatrixSV' makes pointer from integer without a cast
src/ov_SC03_014/ov_SC03_014_jr_8015C32C.c:4883: warning: passing arg 3 of `ApplyMatrixSV' makes pointer from integer without a cast
src/ov_SC03_014/ov_SC03_014_jr_8015C32C.c:4883: warning: passing arg 2 of `ApplyMatrixSV' makes pointer from integer without a cast
src/ov_SC03_014/ov_SC03_014_jr_8015C32C.c:4883: warning: passing arg 3 of `ApplyMatrixSV' makes pointer from integer without a cast
src/ov_SC03_014/ov_SC03_014_jr_8015C32C.c: In function `func_801665B4':
src/ov_SC03_014/ov_SC03_014_jr_8015C32C.c:4917: warning: passing arg 1 of `func_80128ED8' makes integer from pointer without a cast
src/ov_SC03_014/ov_SC03_014_jr_8017EB7C.c:1528: warning: conflicting types for built-in function `memcpy'
src/ov_SC03_014/ov_SC03_014_jr_8015C32C.c: At top level:
src/ov_SC03_014/ov_SC03_014_jr_8015C32C.c:5701: warning: prototype for `func_80166994' follows
src/ov_SC03_014/ov_SC03_014_jr_8015C32C.c:5075: warning: non-prototype definition here
src/ov_SC03_014/ov_SC03_014_jr_8017EB7C.c:3375: warning: "gte_stsz4" redefined
 3375 | #define gte_stsz4(r0, r1, r2, r3) __asm__ volatile ( \
      | 
src/ov_SC03_014/ov_SC03_014_jr_8017EB7C.c:2787: note: this is the location of the previous definition
 2787 | #define gte_stsz4(r0, r1, r2, r3) __asm__ volatile ( \
      | 
src/ov_SC03_014/ov_SC03_014_jr_8015C32C.c: In function `func_80168A14':
src/ov_SC03_014/ov_SC03_014_jr_8015C32C.c:5841: warning: passing arg 2 of `func_80146A6C' makes pointer from integer without a cast
src/ov_SC03_014/ov_SC03_014_jr_8015C32C.c: In function `func_80169E44':
src/ov_SC03_014/ov_SC03_014_jr_8015C32C.c:6019: warning: passing arg 1 of `func_80128ED8' makes integer from pointer without a cast
src/ov_SC03_014/ov_SC03_014_jr_8015C32C.c: In function `func_80169FE0':
src/ov_SC03_014/ov_SC03_014_jr_8015C32C.c:6063: warning: passing arg 1 of `func_80128ED8' makes integer from pointer without a cast
src/ov_SC03_014/ov_SC03_014_jr_8017EB7C.c: In function `func_80181A50':
src/ov_SC03_014/ov_SC03_014_jr_8017EB7C.c:4626: warning: type mismatch with previous external decl
src/ov_SC03_014/ov_SC03_014_jr_8017EB7C.c:4351: warning: previous external decl of `D_801CFE18'
  LD      build/ov_SC03_015/ov_SC03_015.elf
  OBJCOPY build/ov_SC03_015/ov_SC03_015
  TRIM    build/ov_SC03_015/ov_SC03_015 (-1 B linker end-align pad)
[ OK ] build/ov_SC03_015/ov_SC03_015
       sha1 d84b01a2bd4c712e1127707f5cd2007d79f4afb0 == config/check.ov_SC03_015.sha  (BYTE-IDENTICAL)
