.venv/bin/python tools/progress.py --binary main --audit
.venv/bin/python tools/difficulty.py --binary main
.venv/bin/python tools/dup_report.py --binary main
# P33 A2: refresh main's build-derived sig before anything weighs main by it (a no-op message when
# main is not built; progress.py then falls back to the legacy Ghidra sig or fails loudly — R32).
make --no-print-directory sig-main
.venv/bin/python tools/dup_report.py --cross
# Fleet roll-up (Phase 15): deterministic per-binary table + fleet totals -> docs/progress.fleet.md.
.venv/bin/python tools/progress.py --fleet
# P33 D1/D3: the same numbers as DATA — docs/progress.json + the README block (never typed by hand)
.venv/bin/python tools/progress.py --json --readme
# P33.5 task 7: the dated timeline is generated from the committed digests (R75) — regenerated here, after
# progress.json, so its self-check against the last row sees the fresh data; audit-digest asserts it is fresh
.venv/bin/python tools/timeline.py
# Backlog compaction (Phase 29): the near-miss log is append-only, so it fills with already-banked
# noise (measured 6,867 rows, 98% banked). prune rewrites .run/backlog.jsonl to the open near-misses
# (drop-now-matched P9 + best-per-addr) so the ledger tracks reality instead of drifting stale.
.venv/bin/python tools/backlog.py prune
# Rename-drift gate (Phase 26-A): fail-closed if a symbols.us.txt rename left a func_<ADDR>
# ref dangling in committed src/ or src/shared/*.h — the R22 failure mode an incremental build
# masks (stale .o) but a genuinely-clean rebuild fails on. The ONLY detector for it.
.venv/bin/python tools/lint_symbol_refs.py
# Byte-honesty gate (Phase 11): fail-closed if any registered code-share drifted from its
# recorded signature hash. Last in the recipe, so a stale share fails `make report` (P9).
.venv/bin/python tools/dedup_integrate.py --check
# BFM matching progress  (generated by tools/progress.py — authoritative)

REAL substantive matches :   789   <- the Gen1-exit >=25 bar counts THIS
  (of which dedup-shared :     2   one body -> N sites, config/dedup.us.yaml)
LINKED real PsyQ objects :  1256   <- byte-identical via linked SDK objects
VERBATIM __asm__ bodies  :     3   <- §265: BYTES, NOT A DECOMPILE (byte-identical by construction, unexplained; NOT counted in REAL)
NON_MATCHING (near-miss) :     0
splat-auto empty no-ops  :    43
INCLUDE_ASM stubs        :     0
data blobs (excluded)    :     2
----------------------------------------
matchable functions      :  2091
REAL / matchable         : 789 / 2091 = 37.73%
byte-identical/ matchable: 2091 / 2091 = 100.00%   (REAL+LINKED+empties+VERBATIM)

LINKED subsegs: apicard1 apicard2 apicard3 apicard4 apicard5 apicard6 apicard7 libapi1 libapi2 libc2_1 libc2_2 libcd1 libcd2 libetc libgpu libgpu2 libgs1 libgs2 libgs3 libgs4 libgs5 libgs6 libgs7 libgs8 libgte1 libgte10 libgte11 libgte12 libgte13 libgte14 libgte15 libgte16 libgte17 libgte18 libgte19 libgte2 libgte20 libgte21 libgte22 libgte23 libgte24 libgte25 libgte26 libgte27 libgte28 libgte29 libgte3 libgte30 libgte4 libgte5 libgte6 libgte7 libgte8 libgte9 libmcrd1 libmcrd2 libpad1 libpad2 snd1 snd10 snd11 snd12 snd2 snd3 snd4 snd5 snd6 snd7 snd8 snd9  (1256 fns)
REAL matches: CdQueueBusy CdReadRequest CdReadSectorReadyCB CdReadStateMachine DebugMenuHandler DsDataCallback DsReadyCallback DsSyncCallback GameModeDispatch GsTMDfastF3GL GsTMDfastF3GNL GsTMDfastF4GL GsTMDfastF4GNL GsTMDfastG3GL GsTMDfastG3GNL GsTMDfastG4GL GsTMDfastG4GNL LoaderInitFileTable LoaderResetReadState LzssDecodeSector ResourceGetCdLoc ResourceLoadStateMachine SpuWrite SsGetMute SsUtReverbOff StreamLoadStateMachine _SsSndPlay aF800301A4 func_8001096C func_8001099C func_80010A08 func_80010A98 func_80010AE0 func_80010B10 func_80010BB4 func_80010C7C func_80010CEC func_80010D60 func_80010DA0 func_80010DE0 func_80010E14 func_80010E48 func_80010E7C func_80010ED4 func_80010F80 func_800110CC func_800111BC func_80011220 func_8001125C func_800112C8 func_80011320 func_80011350 func_80011380 func_80011680 func_800116E0 func_80011778 func_80011818 func_800118AC func_80011928 func_80011998 func_800119F0 func_80011A3C func_80011ADC func_80011B7C func_80011C10 func_80011C8C func_80011CFC func_80011D54 func_80011DA0 func_80011DCC func_80011DF4 func_80011E24 func_80011E84 func_80011EB4 func_800120DC func_8001212C func_800123F0 func_80012558 func_800126C4 func_8001282C func_800128B4 func_800128EC func_800129CC func_80012A60 func_80012AB0 func_80012ABC func_80012B04 func_80012B58 func_80012C6C func_80012CB8 func_80012D0C func_80012DBC func_80012E0C func_80012E6C func_80012F74 func_80012FC8 func_80013028 func_800130D0 func_8001311C func_80013154 func_80013200 func_80013228 func_80013294 func_800132BC func_80013328 func_80013350 func_800133BC func_800133E4 func_80013450 func_80013478 func_800134FC func_80013694 func_8001382C func_800139C8 func_80013B64 func_80013CFC func_80013E94 func_80013ED0 func_80013F3C func_80013F68 func_80013F98 func_80013FBC func_80013FE0 func_80014004 func_80014028 func_8001404C func_80014070 func_80014094 func_800140B8 func_80014128 func_80014148 func_80014168 func_800141AC func_800141F0 func_80014238 func_800142C8 func_80014338 func_80014390 func_800143AC func_80014444 func_800144D4 func_80014564 func_80014588 func_800145EC func_800146B0 func_80014774 func_800147B8 func_80014928 func_80014960 func_80014998 func_800149E0 func_80014B10 func_80014BFC func_80014C28 func_80014C54 func_80014CAC func_80014CF8 func_80014D30 func_80014D68 func_80014D94 func_80014DC0 func_80014DEC func_80014E24 func_80014E80 func_80014ED4 func_80015018 func_80015118 func_80015144 func_80015208 func_800152F4 func_80015310 func_8001534C func_800153A4 func_800153CC func_80015424 func_8001544C func_80015498 func_80015608 func_80015760 func_80015908 func_80015954 func_80015978 func_8001599C func_800159C0 func_800159E4 func_80015A08 func_80015A2C func_80015A50 func_80015A74 func_80015AD0 func_80015B6C func_80015D4C func_80015F04 func_80016110 func_80016224 func_80016450 func_80016638 func_800166E8 func_80016714 func_800167B8 func_800167F0 func_800168B4 func_800168C4 func_80016940 func_80016978 func_80016A3C func_80016A5C func_80016A7C func_80016B60 func_80016C28 func_80016D78 func_80016EB0 func_80016ED4 func_80016EF8 func_80016F18 func_80017168 func_80017254 func_80017274 func_80017294 func_8001739C func_800173BC func_800173DC func_800174DC func_800174FC func_8001751C func_800176F0 func_80017714 func_80017738 func_80017758 func_80017778 func_800178C8 func_800178EC func_80017910 func_80017930 func_80017B98 func_80017D98 func_80017DC4 func_80017DF8 func_80017E30 func_80017E68 func_80017E8C func_80017F14 func_80018094 func_80018194 func_8001820C func_80018384 func_800183E0 func_80018450 func_800184F0 func_80018918 func_800189A8 func_80018A20 func_80018C64 func_80018CE8 func_80018E78 func_80018E9C func_80018F20 func_80018F88 func_80018FC8 func_80019018 func_80019028 func_8001903C func_80019064 func_800190AC func_80019198 func_800191A8 func_800191BC func_800191D4 func_8001923C func_8001931C func_80019378 func_80019388 func_80019398 func_800193A8 func_800193B8 func_80019930 func_80019A10 func_8001A0FC func_8001A114 func_8001A9D8 func_8001A9F8 func_8001AA78 func_8001AA88 func_8001AAA0 func_8001AAD0 func_8001ABBC func_8001ACF0 func_8001AE90 func_8001AF04 func_8001AF34 func_8001B0D4 func_8001B22C func_8001B23C func_8001B26C func_8001B324 func_8001B34C func_8001B374 func_8001B384 func_8001B394 func_8001B710 func_8001B7C4 func_8001B85C func_8001B86C func_8001BA84 func_8001BADC func_8001BB60 func_8001BBBC func_8001BC6C func_8001BDA0 func_8001BE20 func_8001BE30 func_8001BFA0 func_8001BFB0 func_8001BFD0 func_8001BFE8 func_8001BFF8 func_8001C00C func_8001C044 func_8001C0C8 func_8001C14C func_8001C1E4 func_8001C214 func_8001C2C4 func_8001C320 func_8001C448 func_8001C4A4 func_8001C558 func_8001C5B8 func_8001C6E4 func_8001C744 func_8001C7B0 func_8001C810 func_8001C8C4 func_8001C924 func_8001C97C func_8001C9D0 func_8001CA1C func_8001CA88 func_8001CB00 func_8001CB6C func_8001CBDC func_8001CC3C func_8001CCA0 func_8001CD04 func_8001CD50 func_8001CD9C func_8001CDE8 func_8001CE28 func_8001CE68 func_8001CEC0 func_8001CF00 func_8001CF30 func_8001CF48 func_8001CFB8 func_8001CFDC_impl func_8001D050 func_8001D074_impl func_8001D0E8 func_8001D0F4 func_8001D130 func_8001D150 func_8001D16C func_8001D1C4 func_8001D388 func_8001D3FC func_8001D70C func_8001D8C4 func_8001DA34 func_8001E094 func_8001E378 func_8001E668 func_8001E7E0 func_8001EA14 func_8001EFE0 func_8001F730 func_8001F97C func_8001F9F8 func_8001FB8C func_8001FC08 func_80020248 func_80020598 func_80020A28 func_80020DA4 func_80020F34 func_80021008 func_80021050 func_8002109C func_80021120 func_80021174 func_80021284 func_800215F4 func_80021D38 func_800221A8 func_800226C0 func_80023138 func_800233CC func_800234E4 func_80023570 func_8002374C func_80023BF0 func_80024054 func_800241C0 func_800242D0 func_800243EC func_80024448 func_800249F0 func_80024BC0 func_80024DE8 func_80025000 func_8002528C func_80025504 func_80025818 func_80025A30 func_80025CBC func_80025EB8 func_80026128 func_800262D8 func_80026514 func_800268D0 func_80026D64 func_80027058 func_80027200 func_800273F4 func_800275BC func_800277DC func_800279AC func_80027BF0 func_80027C10 func_80027D20 func_80027F4C func_80028200 func_8002823C func_80028304 func_80028394 func_80028428 func_80028488 func_80028558 func_800285CC func_80028620 func_80028694 func_80028A48 func_80028C50 func_80028D58 func_80028D78 func_80028D9C func_80028DBC func_80028DE0 func_80028E00 func_80028E24 func_80028E44 func_80028E68 func_80028E88 func_80028EAC func_80028ECC func_80028EF0 func_80028F10 func_80028F34 func_80028F54 func_80028F78 func_80028F98 func_80028FBC func_80028FDC func_80029000 func_80029020 func_80029044 func_8002906C func_80029094 func_800290BC func_800290E0 func_80029104 func_80029124 func_80029178 func_800291A0 func_800291B4 func_800291C8 func_800291DC func_800291F0 func_80029204 func_80029218 func_80029240 func_80029254 func_80029264 func_80029274 func_8002931C func_80029344 func_8002941C func_80029444 func_80029504 func_80029514 func_80029524 func_8002953C func_8002954C func_8002955C func_8002957C func_8002958C func_8002959C func_800295D4 func_80029664 func_80029690 func_800296F8 func_80029774 func_800298BC func_8002992C func_80029A58 func_80029A94 func_80029AAC func_80029AF4 func_80029B4C func_80029BC8 func_80029C44 func_80029CD4 func_80029D3C func_80029DB4 func_80029E30 func_80029E94 func_80029EC0 func_80029ED4 func_80029FD4 func_80029FE4 func_8002A04C func_8002A088 func_8002A108 func_8002A1B4 func_8002A200 func_8002A234 func_8002A26C func_8002A27C func_8002A28C func_8002A2B0 func_8002A2D4 func_8002A354 func_8002A400 func_8002A44C func_8002A480 func_8002A4B8 func_8002A4C8 func_8002A4D8 func_8002A4FC func_8002A520 func_8002A544 func_8002A5C4 func_8002A670 func_8002A6BC func_8002A6F0 func_8002A728 func_8002A738 func_8002A748 func_8002A76C func_8002A790 func_8002A7B4 func_8002A834 func_8002A8E0 func_8002A92C func_8002A960 func_8002A998 func_8002A9A8 func_8002A9B8 func_8002A9DC func_8002AA00 func_8002AA3C func_8002AAB4 func_8002AB64 func_8002AC00 func_8002AC98 func_8002AE60 func_8002AED0 func_8002AEE4 func_8002AEF8 func_8002AF08 func_8002AF18 func_8002AF48 func_8002AF60 func_8002AF70 func_8002B00C func_8002B064 func_8002B08C func_8002B0B4 func_8002C320 func_8002C3B0 func_8002C410 func_8002C8BC func_8002C8F4 func_8002CC4C func_8002CCB4 func_8002CCD8 func_8002CDD8 func_8002CFE4 func_8002D034 func_8002D1F0 func_8002D240 func_8002D29C func_8002D320 func_8002D4B8 func_8002D4C8 func_8002D59C func_8002D678 func_8002D6D8 func_8002D7FC func_8002D80C func_8002D834 func_8002D844 func_8002D858 func_8002D8A8 func_8002D8D4 func_8002D904 func_8002DC68 func_8002DF80 func_8002E138 func_8002E5BC func_8002E5F8 func_8002E638 func_8002E700 func_8002E79C func_8002E818 func_8002E8DC func_8002E94C func_8002EA10 func_8002EAB0 func_8002EB10 func_8002EBAC func_8002EC10 func_8002ED90 func_8002EDE4 func_8002EE64 func_8002EE90 func_8002EEB8 func_8002EED8 func_8002EFD0 func_8002EFF8 func_8002F064 func_8002F0D0 func_8002F0F4 func_8002F12C func_8002F150 func_8002F1CC func_8002F248 func_8002F4E4 func_8002F5C8 func_8002F620 func_8002F648 func_8002F658 func_8002F67C func_8002F714 func_8002F80C func_8002FA3C func_8002FAE0 func_8002FB08 func_8002FC64 func_8002FD14 func_8002FDC8 func_8002FDE8 func_8002FF0C func_800301C8 func_80030470 func_800304C8 func_80030538 func_80030634 func_80030730 func_80030A14 func_80030CA4 func_80030D80 func_80030F80 func_800314DC func_800316F8 func_80031988 func_80031A98 func_80031B7C func_80031BE0 func_80031CC8 func_80031D70 func_80031DEC func_80031E94 func_80031F14 func_80031FC8 func_80032048 func_800322A8 func_800324A4 func_80032774 func_80032A74 func_8003310C func_800331D4 func_8003324C func_80033324 func_80033398 func_8003350C func_800335B8 func_800336A8 func_8003388C func_800342E8 func_80034314 func_80034650 func_800346D0 func_800347C8 func_80034844 func_800348A8 func_8003491C func_80034A54 func_80034A9C func_80034AE0 func_80034B0C func_80034B3C func_80034C24 func_80034CF0 func_80034DFC func_8003500C func_800351E8 func_80035210 func_80035270 func_800359B0 func_80035C4C func_8003602C func_80036130 func_800361CC func_8003621C func_80036260 func_80036AF8 func_80036D24 func_80036D58 func_80036EB4 func_80036EE8 func_80036F18 func_80036F98 func_80036FB0 func_80037004 func_80037028 func_80037144 func_80037334 func_80037358 func_80037368 func_800373D0 func_800374CC func_8003750C func_8003775C func_800377D8 func_80037CC8 func_80037CD8 func_80037D74 func_80037D98 func_80037EA0 func_80037F3C func_80037FC4 func_8003819C func_800381E4 func_80038210 func_80038308 func_8003834C func_8003836C func_800383A4 func_800384A8 func_800385C0 func_80038638 func_80038668 func_80038698 func_800387C0 func_80038838 func_800388E8 func_80038908 func_80038958 func_80038A00 func_80038A58 func_80038FC4 func_80038FFC func_8003916C func_800391D4 func_80039308 func_80039B20 func_80039C5C func_80039C70 func_80039DEC func_80039F14 func_80039F50 func_8003A098 func_8003A0D0 func_8003A0E4 func_8003A234 func_8003A3D8 func_8003A404 func_8003A424 func_8003D424 func_8003D630 func_8003DC90 func_8003DF8C func_8003FA54 func_80040DE8 func_80041354 func_800413B8 func_80041400 func_80041448 main
NON_MATCHING: 

build SHA1: 143dbb89f34491258bbc27810d0a12ec8b43a8dd  (byte-identical)

empties audit: 43/43 genuine jr;nop  (all clean)
# Unmatched difficulty inventory  (generated by tools/difficulty.py — harvest queue)

unmatched functions : 1256
trivial (<=5 ins)   : 267
non-jtbl leaves     : 834    (best harvest targets)
jump-table funcs    : 58    (deferred — need the rodata-island workflow, Task 2')

## Easiest 120 unmatched (score asc) — the work queue
| score | name | nins | br | calls | jtbl | leaf |
... full table -> docs/difficulty.md (top 120), CSV -> .run/difficulty.csv
# EXE-wide duplicate function groups  (generated by tools/dup_report.py)
# sig: .run/sig.main.jsonl  sha1=8bcb8eb2f6e3dc4562b39a6be9a0721bf0215fb3  (809 funcs, 718 with nins>=8)
# Match the representative once -> share the body to the duplicates (h_exact = guaranteed
# byte-match; h_norm = same source, re-point any single address constant).
## h_exact (byte-identical) — nins>=8: 8 groups, 8 redundant (collapsible)
## h_norm (structural) — nins>=8: 42 groups, 68 redundant (collapsible)
if [ -f "build/us/SLUS_007.26.map" ]; then
.venv/bin/python tools/main_seed_ends.py --map build/us/SLUS_007.26.map --out .run/seeds.main.txt
.venv/bin/python tools/sig_image.py --image extracted/retail/SLUS_007.26 --vram-base 0x8000F800 --seeds .run/seeds.main.txt --name main
echo "sig-main: signed $(wc -l < .run/seeds.main.txt) main game-code fns (build-true lengths, from the link map + objects) -> .run/sig.main.jsonl"
else
echo "sig-main: no main build (build/us/SLUS_007.26.map absent) — run 'make check BINARY=main' first; .run/sig.main.jsonl left as is"
fi
main_seed_ends: 809 functions / 45150 ins from 15 game-code objects (skipped 0 LINKED subseg objects + 268 build/psyq objects)
sig_image: 809 functions [0x8000f800..0x80074800) -> .run/sig.main.jsonl
sig-main: signed 809 main game-code fns (build-true lengths, from the link map + objects) -> .run/sig.main.jsonl
# Cross-binary duplicate function groups  (generated by tools/dup_report.py --cross)
# sources:
#   main       .run/sig.main.jsonl  sha1=8bcb8eb2f6e3dc4562b39a6be9a0721bf0215fb3
#   resident   .run/sig.resident.jsonl  sha1=76556f34476524f1c8160139f5993ad6d66d5f52
#   md_MAIN_013 .run/sig.md_MAIN_013.jsonl  sha1=7ef0aab887b13304929d00a324e50f883c30a903
#   md_MAIN_014 .run/sig.md_MAIN_014.jsonl  sha1=d67de8a37cbdb814e14360689965c68c8888ff97
#   md_MAIN_015 .run/sig.md_MAIN_015.jsonl  sha1=6630706504c43c403d20e71756d42f47004eb229
#   md_MAIN_016 .run/sig.md_MAIN_016.jsonl  sha1=0b94374d67397804d3086f8eb5e3b5ff8243c641
#   md_MAIN_017 .run/sig.md_MAIN_017.jsonl  sha1=4459498b5214040466bd80856d0fd4985cd37f52
#   md_MAIN_018 .run/sig.md_MAIN_018.jsonl  sha1=e898d3758ed5a3106fb9ec87521efe07d539d5ac
#   md_MAIN_019 .run/sig.md_MAIN_019.jsonl  sha1=ab97580aa15d72368f050fad2469231168b1f872
#   md_MAIN_020 .run/sig.md_MAIN_020.jsonl  sha1=c763c31db7d3616870d91c9cfedfadaebe2cbb0f
#   md_MAIN_021 .run/sig.md_MAIN_021.jsonl  sha1=f5148cf1822b7eddd1dcebaa295f35d6681d5154
#   md_MAIN_022 .run/sig.md_MAIN_022.jsonl  sha1=06553bc99d5f478d96f1be673df5cfabdffe1c57
#   md_MAIN_023 .run/sig.md_MAIN_023.jsonl  sha1=bbb6319e2a29c15f471964c2943380a6c6bf7202
#   md_MAIN_024 .run/sig.md_MAIN_024.jsonl  sha1=30e78b3a9bcd4b5a56f3c41d193a8869c997debf
#   md_MAIN_025 .run/sig.md_MAIN_025.jsonl  sha1=87bfd50e702289c99b0d139706510baa9b85b61c
#   md_MAIN_026 .run/sig.md_MAIN_026.jsonl  sha1=225a2fd20375ced7a83f17faa5de76c8ad291ab0
#   md_MAIN_027 .run/sig.md_MAIN_027.jsonl  sha1=cb4ae91b55d4aa4b4b07178c66fb60380281164a
#   md_MAIN_028 .run/sig.md_MAIN_028.jsonl  sha1=056dd72e871d1944b25cd0c74f1e376a43f1b6e8
#   md_MAIN_029 .run/sig.md_MAIN_029.jsonl  sha1=fe61c0e82a087c4ea79c2c63606ae471e9c52ca4
#   md_MAIN_030 .run/sig.md_MAIN_030.jsonl  sha1=ced3202a34dcf8bfe15b8dd6613eb6b975219f24
#   md_MAIN_031 .run/sig.md_MAIN_031.jsonl  sha1=01a4ea9a9f20a407f76b536394db5f00a791c2e1
#   md_MAIN_032 .run/sig.md_MAIN_032.jsonl  sha1=725e13cf872f740119ca3d673613dee278180887
#   md_MAIN_033 .run/sig.md_MAIN_033.jsonl  sha1=2fe65fcd8761b19612969a38043456f7dfd58c58
#   md_MAIN_034 .run/sig.md_MAIN_034.jsonl  sha1=06d2b217ffa58bce4c197edaa370f1b7e08ffde3
#   md_MAIN_035 .run/sig.md_MAIN_035.jsonl  sha1=abe999e11a37d2f866525b14855f768bc8232d53
#   md_MAIN_036 .run/sig.md_MAIN_036.jsonl  sha1=875193c8605f7ead21668e238df09fd640d28b28
#   md_MAIN_037 .run/sig.md_MAIN_037.jsonl  sha1=e149bac4d5d8049cc51f2fa664c298feac2e888b
#   md_MAIN_038 .run/sig.md_MAIN_038.jsonl  sha1=16c9ab7c00879c6005a190221df1abf8f9097b28
#   md_MAIN_039 .run/sig.md_MAIN_039.jsonl  sha1=97a562d238491f890250cf69589a7d7b6b8e0dd9
#   md_MAIN_040 .run/sig.md_MAIN_040.jsonl  sha1=395cc9b0ad96f7fc81bac808cd450980a9ca223a
#   md_MAIN_041 .run/sig.md_MAIN_041.jsonl  sha1=43cd6e6eee8a96c97f727293eca2db5da258dbbe
#   md_MAIN_042 .run/sig.md_MAIN_042.jsonl  sha1=2bb0f14bc0aee2e281322cc1793435248738c4ef
#   md_MAIN_043 .run/sig.md_MAIN_043.jsonl  sha1=90eb3ee32bc468db31c8c323c50e9ec77eb5186e
#   md_MAIN_044 .run/sig.md_MAIN_044.jsonl  sha1=ff79d95fc95d836ffe9fb432ee4f7b6805fce532
#   md_MAIN_045 .run/sig.md_MAIN_045.jsonl  sha1=97e499655a040ac0923488fe06240153c24790d7
#   md_MAIN_046 .run/sig.md_MAIN_046.jsonl  sha1=63b4821ee0960645ee402302bb9d1d553a7cb876
#   md_MAIN_047 .run/sig.md_MAIN_047.jsonl  sha1=63f8bfb5af126957574c0c3108a2885348989236
#   md_MAIN_001 .run/sig.md_MAIN_001.jsonl  sha1=3fcf391554345b10d22eed03f812bbcf3ede7dbd
#   md_MAIN_008 .run/sig.md_MAIN_008.jsonl  sha1=2a35ee2d5729265387e42abc7393999473f2c0a4
#   md_MAIN_011 .run/sig.md_MAIN_011.jsonl  sha1=5c7f07d04ecfb33a45070298018e2ca3b63eeb80
#   md_SC07_003 .run/sig.md_SC07_003.jsonl  sha1=8257c06af37b03c91c530b4a282483a13cd9a358
#   md_SC07_004 .run/sig.md_SC07_004.jsonl  sha1=52e4802e51f3d553b6fe66a1b8dbba81c87eb606
#   md_MAIN_003 .run/sig.md_MAIN_003.jsonl  sha1=ad8046e1c845a7083d07e5e1f7e0af03af2ed427
#   md_SC03_073 .run/sig.md_SC03_073.jsonl  sha1=aad07403b4a03004ba65d66960d47eb62821459a
#   md_SC03_074 .run/sig.md_SC03_074.jsonl  sha1=3c1972e1d6b2cf697009a17b36804793ed5be83c
#   md_SC03_075 .run/sig.md_SC03_075.jsonl  sha1=3c62c70ce633f253a6ed2b084dcca550d54ed8d9
#   md_SC03_076 .run/sig.md_SC03_076.jsonl  sha1=e742bd5654d8edd77013377a30487be1d43f2a4a
#   md_SC03_077 .run/sig.md_SC03_077.jsonl  sha1=c69bbe63121a108854f30e57fc7b668e5cc86ad0
#   md_SC03_078 .run/sig.md_SC03_078.jsonl  sha1=6de8ca98160b25b61f4fde45085b3f73e22ae365
#   md_SC03_079 .run/sig.md_SC03_079.jsonl  sha1=231a4686ee34c3ec7d0db9abddee71de1757a930
#   md_SC03_132 .run/sig.md_SC03_132.jsonl  sha1=b0cc41cb2c8c785de578ffa53b70e34d094b38d0
#   md_SC03_133 .run/sig.md_SC03_133.jsonl  sha1=93ca95b61ea0f5ab6a1e77e36df555a291cdd23e
#   md_SC03_134 .run/sig.md_SC03_134.jsonl  sha1=28e91f8c865a89e8da0289dd3a31135d05c83dde
#   md_SC03_135 .run/sig.md_SC03_135.jsonl  sha1=3cba00fe2706165faeaa71b496de5fbd73328e04
#   md_SC03_136 .run/sig.md_SC03_136.jsonl  sha1=17529813f89346c732f69a52a14d1a27591d7374
#   md_SC03_137 .run/sig.md_SC03_137.jsonl  sha1=7021ffbd1bd7fdeb08a3f567759d76ed77735d45
#   md_SC03_138 .run/sig.md_SC03_138.jsonl  sha1=9c0e7ac9e4eb3e3c30d493a52a0cd6ad419966ba
#   md_SC04_024 .run/sig.md_SC04_024.jsonl  sha1=3225fc7764cc164adaf31eb39ec6a12102278814
#   md_SC04_025 .run/sig.md_SC04_025.jsonl  sha1=e103dca8eeff608cde2bef8a54c67d6a64cb5108
#   md_SC04_026 .run/sig.md_SC04_026.jsonl  sha1=5b96c3f0f229ebbe1a25e858e914e0a4d1fb145e
#   md_SC04_027 .run/sig.md_SC04_027.jsonl  sha1=641fa59c5472f43af4bd5ae2e6e00cb6f1684a81
#   md_SC04_028 .run/sig.md_SC04_028.jsonl  sha1=da8059a0038c9434a6c1cf598a6fd8a2a8b8ffdd
#   md_SC04_029 .run/sig.md_SC04_029.jsonl  sha1=e13ba2db43e5209f743a8d6551fb039d643b63d2
#   md_SC04_030 .run/sig.md_SC04_030.jsonl  sha1=23ba483c07fd1963bb205ace84ea4146145debac
#   md_SC05_023 .run/sig.md_SC05_023.jsonl  sha1=b3d1437dd5dc54a6d64b50fb6256c5a2b1228dc5
#   md_SC05_024 .run/sig.md_SC05_024.jsonl  sha1=9d86259be19b54db8d1c3874dab5c7bff9716058
#   md_SC05_025 .run/sig.md_SC05_025.jsonl  sha1=c5fb5e5c6ad162602ccf785a18324774de8cee2f
#   md_SC05_026 .run/sig.md_SC05_026.jsonl  sha1=a85005e8663c338e76fad16d84294453188e2851
#   md_SC05_027 .run/sig.md_SC05_027.jsonl  sha1=d2fbd149b154b68e9d789ee648e8d4f22937d4a7
#   md_SC05_028 .run/sig.md_SC05_028.jsonl  sha1=76b99a3ffc7c9e3c942b65b1408b0a9081ed874c
#   md_SC05_029 .run/sig.md_SC05_029.jsonl  sha1=b0b01a503cb8e6ae34c7d8214b547011303024aa
#   md_SC02_009 .run/sig.md_SC02_009.jsonl  sha1=bcd1074efc742a78d2de5fda08887f9d91b719ea
#   md_MAIN_007 .run/sig.md_MAIN_007.jsonl  sha1=8b0afc8200b05fcf9b8c3e1000fe5fd0150ba439
#   md_MAIN_009 .run/sig.md_MAIN_009.jsonl  sha1=ebdd93ab0f5761b7538d6fa8ad534fc631074c8d
#   md_SC03_053 .run/sig.md_SC03_053.jsonl  sha1=2a1932d9d28dadf733a6198fbd490bf3bba66483
#   md_SC03_054 .run/sig.md_SC03_054.jsonl  sha1=fc092d8184734c34b5dfb1b0659fa26a13d81ec0
#   md_SC03_056 .run/sig.md_SC03_056.jsonl  sha1=7bb093a65a46b5c3b3e4287cef8817b38f9bdaf5
#   overlays   141x (named+sig_image, deduped, nins>=8)  set-sha1=17474a5aae730987d8cf2edd2816ddf598b6e4b8
# Collapsible bytes = (count-1)*nins*4 (bytes saved; one member stays the source).
# A cross-binary group (binaries>1) is the Phase-12/13 work queue; lead with h_exact
# (guaranteed byte-match), h_norm is candidate-only (byte-confirm via dedup_integrate).
# Overlay sigs are sig_image (Ghidra-free): h_exact is exact; h_norm is self-consistent.
# Each subsection lists the top 200 groups by collapsible bytes; totals are stated.
## h_exact (byte-identical)
### cross-binary  (binaries > 1) — 9658 groups, 30043444 collapsible bytes  (top 200 of 9658 shown)
### intra-binary — 181 groups, 28800 collapsible bytes
## h_norm (structural)
### cross-binary  (binaries > 1) — 9341 groups, 40286720 collapsible bytes  (top 200 of 9341 shown)
### intra-binary — 403 groups, 75116 collapsible bytes  (top 200 of 403 shown)
# BFM FLEET matching progress  (generated by tools/progress.py --fleet — authoritative)
# 218 binaries: main + resident + 216 location overlays. DETERMINISTIC,
# source-derived (committed src/*.c + config/dedup.us.yaml). Live byte gate: `make check-all`;
# cross-binary collapsible-byte leverage: docs/duplicates.cross.md.

# THREE progress metrics (all matter — see the labels):
FLEET fn-count byte-ident: 363680 / 363680 = 100.00%   (REAL+LINKED+empties; FUNCTION-count, ×134-inflated — one crack counts per overlay)
FLEET instr-weighted     : 13492113 / 13492113 = 100.0%   (shipped .text across main + resident + 216 overlays; the decomp.dev-DISPLAY number)
FLEET distinct-code(uniq): 5820205 / 5820205 = 100.0%   (90984/90984 unique fns; the DISTINCT-RE number)
MAIN game-code weighted  :   45150 / 45150 = 100.0%   (INCLUDED in the fleet numbers above since 2026-07-22 — roadmap §1 metrics contract; build-derived sig (make sig-main) dated 2026-09-09; boundaries INDEPENDENTLY VERIFIED since P31 S77 — `make sig-main-oracle` + `make audit-corpus`: 0 phantom, 0 truncated, 0 pad-tail)
  (fleet EXCLUDING main, for continuity with pre-2026-07-22 readings: 13446963 / 13446963 = 100.0%)

FLEET REAL substantive   : 350533   (of which dedup-shared 251903 via 3173 groups / 262573 instances)
FLEET LINKED PsyQ objs   :   1256
FLEET NON_MATCHING       :      0   (0 in any default build — G4)
FLEET INCLUDE_ASM stubs  :      0
FLEET matchable          : 363680
# BFM FLEET matching progress  (generated by tools/progress.py --fleet — authoritative)
# 218 binaries: main + resident + 216 location overlays. DETERMINISTIC,
# source-derived (committed src/*.c + config/dedup.us.yaml). Live byte gate: `make check-all`;
# cross-binary collapsible-byte leverage: docs/duplicates.cross.md.

# THREE progress metrics (all matter — see the labels):
FLEET fn-count byte-ident: 363680 / 363680 = 100.00%   (REAL+LINKED+empties; FUNCTION-count, ×134-inflated — one crack counts per overlay)
FLEET instr-weighted     : 13492113 / 13492113 = 100.0%   (shipped .text across main + resident + 216 overlays; the decomp.dev-DISPLAY number)
FLEET distinct-code(uniq): 5820205 / 5820205 = 100.0%   (90984/90984 unique fns; the DISTINCT-RE number)
MAIN game-code weighted  :   45150 / 45150 = 100.0%   (INCLUDED in the fleet numbers above since 2026-07-22 — roadmap §1 metrics contract; build-derived sig (make sig-main) dated 2026-09-09; boundaries INDEPENDENTLY VERIFIED since P31 S77 — `make sig-main-oracle` + `make audit-corpus`: 0 phantom, 0 truncated, 0 pad-tail)
  (fleet EXCLUDING main, for continuity with pre-2026-07-22 readings: 13446963 / 13446963 = 100.0%)

FLEET REAL substantive   : 350533   (of which dedup-shared 251903 via 3173 groups / 262573 instances)
FLEET LINKED PsyQ objs   :   1256
FLEET NON_MATCHING       :      0   (0 in any default build — G4)
FLEET INCLUDE_ASM stubs  :      0
FLEET matchable          : 363680
progress.py: docs/progress.json written; README block updated
timeline: 75 dated rows (2026-06-14 → 2026-09-09), self-check vs progress.json OK -> story-timeline.md, story-timeline.svg
backlog prune: 0 rows -> 0 open near-misses (dropped 0 banked/superseded)
[lint_symbol_refs] OK — no stale renamed func_<ADDR> refs in committed src/
[ OK ] I0_clearTbl40: 2 members [main] share h_exact a0744d60bfa1… (source src/shared/main/func_80037004.h)
[ OK ] D1_ov_dup_8012AD64: 141 members [141 binaries] share h_exact 89004be30998… (source src/shared/ov/func_8012AD64.h)
[ OK ] D2_ov_dup_8012BF4C: 2 members [ov_SC01_005,ov_SC01_006] share h_exact b039ed440779… (source src/shared/ov/func_8012BF4C.h)
[ OK ] D3_ov_dup_8012E27C: 2 members [ov_SC01_005,ov_SC01_006] share h_exact 98ab17e54d84… (source src/shared/ov/func_8012E27C.h)
[ OK ] E_func_80128EA8: 141 members [141 binaries] share h_exact 2905b55f46d5… (source src/shared/ov/func_80128EA8.h)
[ OK ] E_func_8012A568: 141 members [141 binaries] share h_exact bdb48359cd3a… (source src/shared/ov/func_8012A568.h)
[ OK ] E_func_80132EC4: 141 members [141 binaries] share h_exact 5d8b76ebf947… (source src/shared/ov/func_80132EC4.h)
[ OK ] E_func_80138C30: 141 members [141 binaries] share h_exact 9bda7673e95d… (source src/shared/ov/func_80138C30.h)
[ OK ] E_func_8012D3AC: 134 members [134 binaries] share h_exact 767854057419… (source src/shared/ov/func_8012D3AC.h)
[ OK ] E_func_8012D5DC: 134 members [134 binaries] share h_exact 767854057419… (source src/shared/ov/func_8012D5DC.h)
[ OK ] E_func_8012DFCC: 134 members [134 binaries] share h_exact 767854057419… (source src/shared/ov/func_8012DFCC.h)
[ OK ] E_func_8012E284: 134 members [134 binaries] share h_exact 767854057419… (source src/shared/ov/func_8012E284.h)
[ OK ] E_func_80131EE4: 134 members [134 binaries] share h_exact 767854057419… (source src/shared/ov/func_80131EE4.h)
[ OK ] E_func_801320D0: 134 members [134 binaries] share h_exact 767854057419… (source src/shared/ov/func_801320D0.h)
[ OK ] E_func_8013277C: 134 members [134 binaries] share h_exact 767854057419… (source src/shared/ov/func_8013277C.h)
[ OK ] E_func_80136C3C: 134 members [134 binaries] share h_exact 767854057419… (source src/shared/ov/func_80136C3C.h)
[ OK ] E_func_80136C44: 134 members [134 binaries] share h_exact 767854057419… (source src/shared/ov/func_80136C44.h)
[ OK ] E_func_80136C4C: 134 members [134 binaries] share h_exact 767854057419… (source src/shared/ov/func_80136C4C.h)
[ OK ] E_func_80136D00: 134 members [134 binaries] share h_exact 767854057419… (source src/shared/ov/func_80136D00.h)
[ OK ] E_func_80136EC4: 134 members [134 binaries] share h_exact 767854057419… (source src/shared/ov/func_80136EC4.h)
[ OK ] E_func_80139DEC: 134 members [134 binaries] share h_exact 767854057419… (source src/shared/ov/func_80139DEC.h)
[ OK ] E_func_8013A378: 134 members [134 binaries] share h_exact 767854057419… (source src/shared/ov/func_8013A378.h)
[ OK ] E_func_80141C04: 134 members [134 binaries] share h_exact 767854057419… (source src/shared/ov/func_80141C04.h)
[ OK ] E_func_801427DC: 134 members [134 binaries] share h_exact 767854057419… (source src/shared/ov/func_801427DC.h)
[ OK ] E_func_801427E4: 134 members [134 binaries] share h_exact 767854057419… (source src/shared/ov/func_801427E4.h)
[ OK ] E_func_80142C7C: 134 members [134 binaries] share h_exact 767854057419… (source src/shared/ov/func_80142C7C.h)
[ OK ] E_func_80143EA4: 134 members [134 binaries] share h_exact 767854057419… (source src/shared/ov/func_80143EA4.h)
[ OK ] E_func_80143EAC: 134 members [134 binaries] share h_exact 767854057419… (source src/shared/ov/func_80143EAC.h)
[ OK ] E_func_80143EB4: 134 members [134 binaries] share h_exact 767854057419… (source src/shared/ov/func_80143EB4.h)
[ OK ] E_func_80144A90: 134 members [134 binaries] share h_exact 767854057419… (source src/shared/ov/func_80144A90.h)
[ OK ] E_func_801458E0: 134 members [134 binaries] share h_exact 767854057419… (source src/shared/ov/func_801458E0.h)
[ OK ] E_func_80146074: 134 members [134 binaries] share h_exact 767854057419… (source src/shared/ov/func_80146074.h)
[ OK ] E_func_80146C98: 141 members [141 binaries] share h_exact 1a41e4df5c2f… (source src/shared/ov/func_80146C98.h)
[ OK ] E_func_80146E90: 141 members [141 binaries] share h_exact b039ed440779… (source src/shared/ov/func_80146E90.h)
[ OK ] E_func_8014704C: 141 members [141 binaries] share h_exact fe3dbb5a17b3… (source src/shared/ov/func_8014704C.h)
[ OK ] E_func_80147084: 141 members [141 binaries] share h_exact 2cd92c4be55f… (source src/shared/ov/func_80147084.h)
[ OK ] E_func_80147098: 141 members [141 binaries] share h_exact 7b4cc40b2280… (source src/shared/ov/func_80147098.h)
[ OK ] E_func_801470AC: 141 members [141 binaries] share h_exact 9891ddc26b42… (source src/shared/ov/func_801470AC.h)
[ OK ] E_func_80148C18: 141 members [141 binaries] share h_exact af99c5b3dbef… (source src/shared/ov/func_80148C18.h)
[ OK ] E_func_80148C7C: 141 members [141 binaries] share h_exact af99c5b3dbef… (source src/shared/ov/func_80148C7C.h)
[ OK ] E_func_80148CE4: 141 members [141 binaries] share h_exact af99c5b3dbef… (source src/shared/ov/func_80148CE4.h)
[ OK ] E_func_80148CEC: 141 members [141 binaries] share h_exact af99c5b3dbef… (source src/shared/ov/func_80148CEC.h)
[ OK ] E_func_80148D3C: 141 members [141 binaries] share h_exact af99c5b3dbef… (source src/shared/ov/func_80148D3C.h)
[ OK ] E_func_80148F60: 141 members [141 binaries] share h_exact 6ff945fc330f… (source src/shared/ov/func_80148F60.h)
[ OK ] E_func_80148F98: 141 members [141 binaries] share h_exact 6ff945fc330f… (source src/shared/ov/func_80148F98.h)
[ OK ] E_func_80148FD0: 141 members [141 binaries] share h_exact 6ff945fc330f… (source src/shared/ov/func_80148FD0.h)
[ OK ] E_func_80148FD8: 141 members [141 binaries] share h_exact 6ff945fc330f… (source src/shared/ov/func_80148FD8.h)
[ OK ] E_func_80149004: 141 members [141 binaries] share h_exact 6ff945fc330f… (source src/shared/ov/func_80149004.h)
[ OK ] E_func_801490E0: 141 members [141 binaries] share h_exact 302f4abe35aa… (source src/shared/ov/func_801490E0.h)
[ OK ] E_func_801490E8: 141 members [141 binaries] share h_exact 763b5eadbd94… (source src/shared/ov/func_801490E8.h)
[ OK ] E_func_801490F0: 141 members [141 binaries] share h_exact f881c47fd981… (source src/shared/ov/func_801490F0.h)
[ OK ] E_func_80149FA8: 134 members [134 binaries] share h_exact 767854057419… (source src/shared/ov/func_80149FA8.h)
[ OK ] E_func_8014B5B0: 141 members [141 binaries] share h_exact 39147793e88b… (source src/shared/ov/func_8014B5B0.h)
[ OK ] E_func_8014B5D0: 141 members [141 binaries] share h_exact 86830a0bdeb6… (source src/shared/ov/func_8014B5D0.h)
[ OK ] E_func_8014BDE0: 134 members [134 binaries] share h_exact 767854057419… (source src/shared/ov/func_8014BDE0.h)
[ OK ] E_func_80150B9C: 134 members [134 binaries] share h_exact 767854057419… (source src/shared/ov/func_80150B9C.h)
[ OK ] E_func_80150F78: 134 members [134 binaries] share h_exact 767854057419… (source src/shared/ov/func_80150F78.h)
[ OK ] E_func_801510B8: 134 members [134 binaries] share h_exact 767854057419… (source src/shared/ov/func_801510B8.h)
[ OK ] E_func_801510C0: 134 members [134 binaries] share h_exact 767854057419… (source src/shared/ov/func_801510C0.h)
[ OK ] E_func_80151130: 134 members [134 binaries] share h_exact 767854057419… (source src/shared/ov/func_80151130.h)
[ OK ] E_func_8015115C: 141 members [141 binaries] share h_exact d73c2c63ec24… (source src/shared/ov/func_8015115C.h)
[ OK ] E_func_80151878: 134 members [134 binaries] share h_exact 767854057419… (source src/shared/ov/func_80151878.h)
[ OK ] E_func_80155F58: 134 members [134 binaries] share h_exact 767854057419… (source src/shared/ov/func_80155F58.h)
[ OK ] E_func_80156A14: 141 members [141 binaries] share h_exact 860d6c084208… (source src/shared/ov/func_80156A14.h)
[ OK ] E_func_801585A4: 141 members [141 binaries] share h_exact 99d628f7b911… (source src/shared/ov/func_801585A4.h)
[ OK ] E_func_80158794: 134 members [134 binaries] share h_exact 767854057419… (source src/shared/ov/func_80158794.h)
[ OK ] E_func_80159874: 141 members [141 binaries] share h_exact af99c5b3dbef… (source src/shared/ov/func_80159874.h)
[ OK ] E_func_80159A18: 134 members [134 binaries] share h_exact 767854057419… (source src/shared/ov/func_80159A18.h)
[ OK ] E_func_8015C6A4: 134 members [134 binaries] share h_exact 767854057419… (source src/shared/ov/func_8015C6A4.h)
[ OK ] E_func_8015CBCC: 134 members [134 binaries] share h_exact 767854057419… (source src/shared/ov/func_8015CBCC.h)
[ OK ] E_func_8015CBD4: 134 members [134 binaries] share h_exact 767854057419… (source src/shared/ov/func_8015CBD4.h)
[ OK ] E_func_8015CBDC: 134 members [134 binaries] share h_exact 767854057419… (source src/shared/ov/func_8015CBDC.h)
[ OK ] E_func_8015CBE4: 134 members [134 binaries] share h_exact 767854057419… (source src/shared/ov/func_8015CBE4.h)
[ OK ] E_func_8015CBEC: 134 members [134 binaries] share h_exact 767854057419… (source src/shared/ov/func_8015CBEC.h)
[ OK ] E_func_8015CBF4: 134 members [134 binaries] share h_exact 767854057419… (source src/shared/ov/func_8015CBF4.h)
[ OK ] E_func_8015CBFC: 134 members [134 binaries] share h_exact 767854057419… (source src/shared/ov/func_8015CBFC.h)
[ OK ] E_func_8015CC04: 134 members [134 binaries] share h_exact 767854057419… (source src/shared/ov/func_8015CC04.h)
[ OK ] E_func_8015EF9C: 134 members [134 binaries] share h_exact 767854057419… (source src/shared/ov/func_8015EF9C.h)
[ OK ] E_func_8016032C: 134 members [134 binaries] share h_exact 767854057419… (source src/shared/ov/func_8016032C.h)
[ OK ] E_func_801610FC: 134 members [134 binaries] share h_exact 767854057419… (source src/shared/ov/func_801610FC.h)
[ OK ] E_func_80162CC4: 134 members [134 binaries] share h_exact 767854057419… (source src/shared/ov/func_80162CC4.h)
[ OK ] E_func_80164410: 134 members [134 binaries] share h_exact 767854057419… (source src/shared/ov/func_80164410.h)
[ OK ] E_func_80165A18: 134 members [134 binaries] share h_exact 767854057419… (source src/shared/ov/func_80165A18.h)
[ OK ] E_func_80165B08: 134 members [134 binaries] share h_exact 767854057419… (source src/shared/ov/func_80165B08.h)
[ OK ] E_func_80165B10: 134 members [134 binaries] share h_exact 767854057419… (source src/shared/ov/func_80165B10.h)
[ OK ] E_func_80165B18: 134 members [134 binaries] share h_exact 767854057419… (source src/shared/ov/func_80165B18.h)
[ OK ] E_func_80165B20: 134 members [134 binaries] share h_exact 767854057419… (source src/shared/ov/func_80165B20.h)
[ OK ] E_func_80167AD8: 134 members [134 binaries] share h_exact 767854057419… (source src/shared/ov/func_80167AD8.h)
[ OK ] E_func_8016F4F4: 134 members [134 binaries] share h_exact 767854057419… (source src/shared/ov/func_8016F4F4.h)
[ OK ] E_func_80171A80: 141 members [141 binaries] share h_exact 1cf120fd352a… (source src/shared/ov/func_80171A80.h)
[ OK ] E_func_80171B44: 141 members [141 binaries] share h_exact 703d398d81c2… (source src/shared/ov/func_80171B44.h)
[ OK ] E_func_80172588: 141 members [141 binaries] share h_exact 72e19b909c0c… (source src/shared/ov/func_80172588.h)
[ OK ] E_func_8017288C: 134 members [134 binaries] share h_exact 767854057419… (source src/shared/ov/func_8017288C.h)
[ OK ] E_func_801729A8: 134 members [134 binaries] share h_exact 767854057419… (source src/shared/ov/func_801729A8.h)
[ OK ] E_func_80172B0C: 134 members [134 binaries] share h_exact 767854057419… (source src/shared/ov/func_80172B0C.h)
[ OK ] E_func_80172C48: 134 members [134 binaries] share h_exact 767854057419… (source src/shared/ov/func_80172C48.h)
[ OK ] E_func_80172D60: 134 members [134 binaries] share h_exact 767854057419… (source src/shared/ov/func_80172D60.h)
[ OK ] E_func_80172E8C: 134 members [134 binaries] share h_exact 767854057419… (source src/shared/ov/func_80172E8C.h)
[ OK ] E_func_8017316C: 134 members [134 binaries] share h_exact 767854057419… (source src/shared/ov/func_8017316C.h)
[ OK ] E_func_80173294: 134 members [134 binaries] share h_exact 767854057419… (source src/shared/ov/func_80173294.h)
[ OK ] E_func_801736A8: 134 members [134 binaries] share h_exact 767854057419… (source src/shared/ov/func_801736A8.h)
[ OK ] E_func_801737B0: 134 members [134 binaries] share h_exact 767854057419… (source src/shared/ov/func_801737B0.h)
[ OK ] E_func_801738D4: 134 members [134 binaries] share h_exact 767854057419… (source src/shared/ov/func_801738D4.h)
[ OK ] E_func_80173A20: 134 members [134 binaries] share h_exact 767854057419… (source src/shared/ov/func_80173A20.h)
[ OK ] E_func_80174274: 134 members [134 binaries] share h_exact 767854057419… (source src/shared/ov/func_80174274.h)
[ OK ] E_func_80174354: 134 members [134 binaries] share h_exact 767854057419… (source src/shared/ov/func_80174354.h)
[ OK ] E_func_80174430: 134 members [134 binaries] share h_exact 767854057419… (source src/shared/ov/func_80174430.h)
[ OK ] E_func_80174524: 134 members [134 binaries] share h_exact 767854057419… (source src/shared/ov/func_80174524.h)
[ OK ] E_func_8017481C: 134 members [134 binaries] share h_exact 767854057419… (source src/shared/ov/func_8017481C.h)
[ OK ] E_func_801748E4: 134 members [134 binaries] share h_exact 767854057419… (source src/shared/ov/func_801748E4.h)
[ OK ] E_func_80175798: 134 members [134 binaries] share h_exact 767854057419… (source src/shared/ov/func_80175798.h)
[ OK ] E_func_8017BE9C: 122 members [122 binaries] share h_exact 767854057419… (source src/shared/ov/func_8017BE9C__76785405.h)
[ OK ] E_func_8017BEA4: 122 members [122 binaries] share h_exact 767854057419… (source src/shared/ov/func_8017BEA4.h)
[ OK ] E_func_8017BEAC: 122 members [122 binaries] share h_exact 767854057419… (source src/shared/ov/func_8017BEAC.h)
[ OK ] E_func_8017BEB4: 122 members [122 binaries] share h_exact 767854057419… (source src/shared/ov/func_8017BEB4.h)
[ OK ] E_func_8012AD44: 141 members [141 binaries] share h_exact 490c3fd9770f… (source src/shared/ov/func_8012AD44.h)
[ OK ] E_func_8013A8B0: 141 members [141 binaries] share h_exact e1d2542b8024… (source src/shared/ov/func_8013A8B0.h)
[ OK ] E_func_80142DB8: 141 members [141 binaries] share h_exact 7a2ada9f2e98… (source src/shared/ov/func_80142DB8.h)
[ OK ] E_func_80147078: 141 members [141 binaries] share h_exact af92b5cb5633… (source src/shared/ov/func_80147078.h)
[ OK ] E_func_801487F4: 141 members [141 binaries] share h_exact 39a330fb5b7a… (source src/shared/ov/func_801487F4.h)
[ OK ] E_func_80148800: 141 members [141 binaries] share h_exact fa593ea12231… (source src/shared/ov/func_80148800.h)
[ OK ] E_func_8014880C: 141 members [141 binaries] share h_exact 80595de0f3bd… (source src/shared/ov/func_8014880C.h)
[ OK ] E_func_80148818: 141 members [141 binaries] share h_exact b244b3a37495… (source src/shared/ov/func_80148818.h)
[ OK ] E_func_80148F68: 141 members [141 binaries] share h_exact f94f10df9d72… (source src/shared/ov/func_80148F68.h)
[ OK ] E_func_80148F74: 141 members [141 binaries] share h_exact 68f87554bbd9… (source src/shared/ov/func_80148F74.h)
[ OK ] E_func_80148F80: 141 members [141 binaries] share h_exact f03ed3956d8b… (source src/shared/ov/func_80148F80.h)
[ OK ] E_func_80148F8C: 141 members [141 binaries] share h_exact ca174befd504… (source src/shared/ov/func_80148F8C.h)
[ OK ] E_func_80148FA0: 141 members [141 binaries] share h_exact d40d6d4d5dba… (source src/shared/ov/func_80148FA0.h)
[ OK ] E_func_80148FAC: 141 members [141 binaries] share h_exact 68f87554bbd9… (source src/shared/ov/func_80148FAC.h)
[ OK ] E_func_80148FB8: 141 members [141 binaries] share h_exact 519baeec6671… (source src/shared/ov/func_80148FB8.h)
[ OK ] E_func_80148FC4: 141 members [141 binaries] share h_exact 74b6dce6de0f… (source src/shared/ov/func_80148FC4.h)
[ OK ] E_func_80148FE0: 141 members [141 binaries] share h_exact 657bacb081e7… (source src/shared/ov/func_80148FE0.h)
[ OK ] E_func_80148FEC: 141 members [141 binaries] share h_exact 519baeec6671… (source src/shared/ov/func_80148FEC.h)
[ OK ] E_func_80148FF8: 141 members [141 binaries] share h_exact e7778df9080b… (source src/shared/ov/func_80148FF8.h)
[ OK ] E_func_80149204: 141 members [141 binaries] share h_exact 5675deaccfbf… (source src/shared/ov/func_80149204.h)
[ OK ] E_func_80149284: 141 members [141 binaries] share h_exact 924defad806f… (source src/shared/ov/func_80149284.h)
[ OK ] E_func_8014A674: 141 members [141 binaries] share h_exact 423c7ab6705d… (source src/shared/ov/func_8014A674.h)
[ OK ] E_func_8014A69C: 141 members [141 binaries] share h_exact 18ad19808cf2… (source src/shared/ov/func_8014A69C.h)
[ OK ] E_func_8014B154: 141 members [141 binaries] share h_exact abf423f14b3b… (source src/shared/ov/func_8014B154.h)
[ OK ] E_func_8014B5B8: 141 members [141 binaries] share h_exact 34a80f743ef5… (source src/shared/ov/func_8014B5B8.h)
[ OK ] E_func_8014B5C4: 141 members [141 binaries] share h_exact 1f045cb1bb67… (source src/shared/ov/func_8014B5C4.h)
[ OK ] E_func_80162AC0: 141 members [141 binaries] share h_exact ce049185360b… (source src/shared/ov/func_80162AC0.h)
[ OK ] E_func_80171A04: 141 members [141 binaries] share h_exact 3143e16a6dcc… (source src/shared/ov/func_80171A04.h)
[ OK ] E_func_80171A10: 141 members [141 binaries] share h_exact bf2df7961190… (source src/shared/ov/func_80171A10.h)
[ OK ] E_func_80172304: 141 members [141 binaries] share h_exact a83a614ce137… (source src/shared/ov/func_80172304.h)
[ OK ] E_func_80172658: 141 members [141 binaries] share h_exact dd0c174ee530… (source src/shared/ov/func_80172658.h)
[ OK ] E_func_80172664: 141 members [141 binaries] share h_exact 71b1732c7e69… (source src/shared/ov/func_80172664.h)
[ OK ] E_func_80172670: 141 members [141 binaries] share h_exact c8d0a30e9bda… (source src/shared/ov/func_80172670.h)
[ OK ] E_func_8017267C: 141 members [141 binaries] share h_exact 31bf8dd2731a… (source src/shared/ov/func_8017267C.h)
[ OK ] E_func_80172688: 141 members [141 binaries] share h_exact 51fea2db52ba… (source src/shared/ov/func_80172688.h)
[ OK ] E_func_80172694: 141 members [141 binaries] share h_exact 16a60b5109b8… (source src/shared/ov/func_80172694.h)
[ OK ] E_func_801726A0: 141 members [141 binaries] share h_exact dd86cbbe736a… (source src/shared/ov/func_801726A0.h)
[ OK ] E_func_801726AC: 141 members [141 binaries] share h_exact ab77c3376839… (source src/shared/ov/func_801726AC.h)
[ OK ] E_func_801726B8: 141 members [141 binaries] share h_exact a798d457befe… (source src/shared/ov/func_801726B8.h)
[ OK ] E_func_801726C4: 141 members [141 binaries] share h_exact 0b9ee5ccb14c… (source src/shared/ov/func_801726C4.h)
[ OK ] E_func_801285D4: 141 members [141 binaries] share h_exact 7778d75c03df… (source src/shared/ov/func_801285D4.h)
[ OK ] E_func_80129248: 141 members [141 binaries] share h_exact 28e7a3b17a6a… (source src/shared/ov/func_80129248.h)
[ OK ] E_func_8012943C: 141 members [141 binaries] share h_exact 956c51c3f402… (source src/shared/ov/func_8012943C.h)
[ OK ] E_func_8012A100: 141 members [141 binaries] share h_exact e5e559c2b80e… (source src/shared/ov/func_8012A100.h)
[ OK ] E_func_8012A2F4: 141 members [141 binaries] share h_exact 1d6fedafe432… (source src/shared/ov/func_8012A2F4.h)
[ OK ] E_func_801379EC: 141 members [141 binaries] share h_exact ddcb10116561… (source src/shared/ov/func_801379EC.h)
[ OK ] E_func_80139A34: 141 members [141 binaries] share h_exact 5dfbbe6eb0ed… (source src/shared/ov/func_80139A34.h)
[ OK ] E_func_80146D80: 141 members [141 binaries] share h_exact 668dd7c31034… (source src/shared/ov/func_80146D80.h)
[ OK ] E_func_80146DE8: 141 members [141 binaries] share h_exact 4f76d722c817… (source src/shared/ov/func_80146DE8.h)
[ OK ] E_func_801472F0: 141 members [141 binaries] share h_exact eb3d235b56e6… (source src/shared/ov/func_801472F0.h)
[ OK ] E_func_801473DC: 141 members [141 binaries] share h_exact 668dd7c31034… (source src/shared/ov/func_801473DC.h)
[ OK ] E_func_8014B4C4: 141 members [141 binaries] share h_exact 0b05a90b69fc… (source src/shared/ov/func_8014B4C4.h)
[ OK ] E_func_8014C6C0: 141 members [141 binaries] share h_exact 6cfb88389550… (source src/shared/ov/func_8014C6C0.h)
[ OK ] E_func_8014C6D0: 141 members [141 binaries] share h_exact 6e600f09ee9a… (source src/shared/ov/func_8014C6D0.h)
[ OK ] E_func_8014C968: 141 members [141 binaries] share h_exact 6a109b1a2670… (source src/shared/ov/func_8014C968.h)
[ OK ] E_func_8014C98C: 141 members [141 binaries] share h_exact cfdb7a98d177… (source src/shared/ov/func_8014C98C.h)
[ OK ] E_func_8014CAFC: 141 members [141 binaries] share h_exact 020057947af0… (source src/shared/ov/func_8014CAFC.h)
[ OK ] E_func_8014CB0C: 141 members [141 binaries] share h_exact 2a4b2de9af3e… (source src/shared/ov/func_8014CB0C.h)
[ OK ] E_func_8014CB1C: 141 members [141 binaries] share h_exact 05c8a229a80b… (source src/shared/ov/func_8014CB1C.h)
[ OK ] E_func_8014CB58: 141 members [141 binaries] share h_exact 03dbb517f46e… (source src/shared/ov/func_8014CB58.h)
[ OK ] E_func_8014CB7C: 141 members [141 binaries] share h_exact 4ebce5637d5a… (source src/shared/ov/func_8014CB7C.h)
[ OK ] E_func_8014CB8C: 141 members [141 binaries] share h_exact b6e2882a9847… (source src/shared/ov/func_8014CB8C.h)
[ OK ] E_func_8014CBD8: 141 members [141 binaries] share h_exact cdd78a4bccb1… (source src/shared/ov/func_8014CBD8.h)
[ OK ] E_func_8014CBE8: 138 members [138 binaries] share h_exact 0f3f34484ff3… (source src/shared/ov/func_8014CBE8.h)
[ OK ] E_func_80153C8C: 141 members [141 binaries] share h_exact 3d2f106f3c00… (source src/shared/ov/func_80153C8C.h)
[ OK ] E_func_80153CBC: 141 members [141 binaries] share h_exact 254656700f24… (source src/shared/ov/func_80153CBC.h)
[ OK ] E_func_801632E0: 141 members [141 binaries] share h_exact bcf70b53f4ab… (source src/shared/ov/func_801632E0.h)
[ OK ] E_func_801658DC: 141 members [141 binaries] share h_exact 73dcbac04b44… (source src/shared/ov/func_801658DC.h)
[ OK ] E_func_80165978: 141 members [141 binaries] share h_exact 4658edf5330e… (source src/shared/ov/func_80165978.h)
[ OK ] E_func_801659A8: 141 members [141 binaries] share h_exact f6158f6d8ee9… (source src/shared/ov/func_801659A8.h)
[ OK ] E_func_801659CC: 141 members [141 binaries] share h_exact 9f0030212285… (source src/shared/ov/func_801659CC.h)
[ OK ] E_func_8016F388: 141 members [141 binaries] share h_exact b5dfe4f9bf84… (source src/shared/ov/func_8016F388.h)
[ OK ] E_func_8017196C: 141 members [141 binaries] share h_exact c24b066c3bff… (source src/shared/ov/func_8017196C.h)
[ OK ] E_func_80171A34: 141 members [141 binaries] share h_exact c24b066c3bff… (source src/shared/ov/func_80171A34.h)
[ OK ] E_func_80174674: 141 members [141 binaries] share h_exact c4884b44006a… (source src/shared/ov/func_80174674.h)
[ OK ] E_func_80174754: 141 members [141 binaries] share h_exact f841b883dd5f… (source src/shared/ov/func_80174754.h)
[ OK ] E_func_80174764: 141 members [141 binaries] share h_exact 899c75581e61… (source src/shared/ov/func_80174764.h)
[ OK ] E_func_80174774: 141 members [141 binaries] share h_exact d557c28b4b5c… (source src/shared/ov/func_80174774.h)
[ OK ] E_func_8012BF68: 141 members [141 binaries] share h_exact 46b4575f46cc… (source src/shared/ov/func_8012BF68.h)
[ OK ] E_func_801379D8: 141 members [141 binaries] share h_exact 0014bb5bf427… (source src/shared/ov/func_801379D8.h)
[ OK ] E_func_80138948: 141 members [141 binaries] share h_exact 94220a2056bd… (source src/shared/ov/func_80138948.h)
[ OK ] E_func_80146CA0: 141 members [141 binaries] share h_exact 981b4c9251c5… (source src/shared/ov/func_80146CA0.h)
[ OK ] E_func_80146CB4: 141 members [141 binaries] share h_exact b271f493c237… (source src/shared/ov/func_80146CB4.h)
[ OK ] E_func_801472B4: 141 members [141 binaries] share h_exact 6f2acfa1dfe8… (source src/shared/ov/func_801472B4.h)
[ OK ] E_func_801474D8: 141 members [141 binaries] share h_exact f0673b24fa3e… (source src/shared/ov/func_801474D8.h)
[ OK ] E_func_80148634: 141 members [141 binaries] share h_exact 22f712095236… (source src/shared/ov/func_80148634.h)
[ OK ] E_func_80148C20: 141 members [141 binaries] share h_exact 2b1abb85c9fd… (source src/shared/ov/func_80148C20.h)
[ OK ] E_func_8014900C: 141 members [141 binaries] share h_exact b57317730686… (source src/shared/ov/func_8014900C.h)
[ OK ] E_func_80149020: 141 members [141 binaries] share h_exact 81fc34e630f0… (source src/shared/ov/func_80149020.h)
[ OK ] E_func_80149034: 141 members [141 binaries] share h_exact ecbc5fcd9341… (source src/shared/ov/func_80149034.h)
[ OK ] E_func_80149048: 141 members [141 binaries] share h_exact 10fb5f621707… (source src/shared/ov/func_80149048.h)
[ OK ] E_func_8014B33C: 141 members [141 binaries] share h_exact ce387a9cc7d4… (source src/shared/ov/func_8014B33C.h)
[ OK ] E_func_8014C6AC: 141 members [141 binaries] share h_exact 4f47e513df28… (source src/shared/ov/func_8014C6AC.h)
[ OK ] E_func_8014C6E0: 141 members [141 binaries] share h_exact 7a00ff452fe6… (source src/shared/ov/func_8014C6E0.h)
[ OK ] E_func_8014C978: 141 members [141 binaries] share h_exact b0c8cd4ec868… (source src/shared/ov/func_8014C978.h)
[ OK ] E_func_8014CA00: 141 members [141 binaries] share h_exact 3657fbfec37e… (source src/shared/ov/func_8014CA00.h)
[ OK ] E_func_80171A58: 141 members [141 binaries] share h_exact 77923155c286… (source src/shared/ov/func_80171A58.h)
[ OK ] E_func_80171A6C: 141 members [141 binaries] share h_exact e0263069dd30… (source src/shared/ov/func_80171A6C.h)
[ OK ] E_func_80172590: 141 members [141 binaries] share h_exact 7d4c601dcbb6… (source src/shared/ov/func_80172590.h)
[ OK ] E_func_801725A4: 141 members [141 binaries] share h_exact 82bba1924c04… (source src/shared/ov/func_801725A4.h)
[ OK ] E_func_801725B8: 141 members [141 binaries] share h_exact cab451484693… (source src/shared/ov/func_801725B8.h)
[ OK ] E_func_801725CC: 141 members [141 binaries] share h_exact 0a2f68874f5e… (source src/shared/ov/func_801725CC.h)
[ OK ] E_func_801725E0: 141 members [141 binaries] share h_exact 1fe7da6edc63… (source src/shared/ov/func_801725E0.h)
[ OK ] E_func_801725F4: 141 members [141 binaries] share h_exact 6aac8f1431ae… (source src/shared/ov/func_801725F4.h)
[ OK ] E_func_80172608: 141 members [141 binaries] share h_exact 531e30b665e2… (source src/shared/ov/func_80172608.h)
[ OK ] E_func_8017261C: 141 members [141 binaries] share h_exact f6d541b6a5a4… (source src/shared/ov/func_8017261C.h)
[ OK ] E_func_80172630: 141 members [141 binaries] share h_exact 35f865d2ac3a… (source src/shared/ov/func_80172630.h)
[ OK ] E_func_80172644: 141 members [141 binaries] share h_exact 9875e035f6ef… (source src/shared/ov/func_80172644.h)
[ OK ] E_func_80174808: 141 members [141 binaries] share h_exact 0e3d12a08721… (source src/shared/ov/func_80174808.h)
[ OK ] E_func_80175494: 141 members [141 binaries] share h_exact 3b0128cc5c81… (source src/shared/ov/func_80175494.h)
[ OK ] E_func_80142C84: 141 members [141 binaries] share h_exact 5f521ee5875f… (source src/shared/ov/func_80142C84.h)
[ OK ] E_func_80147460: 141 members [141 binaries] share h_exact e3104997767a… (source src/shared/ov/func_80147460.h)
[ OK ] E_func_80148C34: 141 members [141 binaries] share h_exact f9b1883bf9f9… (source src/shared/ov/func_80148C34.h)
[ OK ] E_func_80148C4C: 141 members [141 binaries] share h_exact d32b10fc92eb… (source src/shared/ov/func_80148C4C.h)
[ OK ] E_func_80148C64: 141 members [141 binaries] share h_exact b7381679e853… (source src/shared/ov/func_80148C64.h)
[ OK ] E_func_80148C84: 141 members [141 binaries] share h_exact 645451d0dcd8… (source src/shared/ov/func_80148C84.h)
[ OK ] E_func_80148CB4: 141 members [141 binaries] share h_exact d04fb7176ee0… (source src/shared/ov/func_80148CB4.h)
[ OK ] E_func_80148CCC: 141 members [141 binaries] share h_exact b3cef787ad45… (source src/shared/ov/func_80148CCC.h)
[ OK ] E_func_80148CF4: 141 members [141 binaries] share h_exact d4ff85f0c95f… (source src/shared/ov/func_80148CF4.h)
[ OK ] E_func_80148D0C: 141 members [141 binaries] share h_exact d04fb7176ee0… (source src/shared/ov/func_80148D0C.h)
[ OK ] E_func_80149210: 141 members [141 binaries] share h_exact 6eedcb4a8568… (source src/shared/ov/func_80149210.h)
[ OK ] E_func_8014B2F8: 141 members [141 binaries] share h_exact 7f1c8f6b9c74… (source src/shared/ov/func_8014B2F8.h)
[ OK ] E_func_8014B598: 141 members [141 binaries] share h_exact 0a9344293fcc… (source src/shared/ov/func_8014B598.h)
[ OK ] E_func_8014BB0C: 141 members [141 binaries] share h_exact ff436bc11b68… (source src/shared/ov/func_8014BB0C.h)
[ OK ] E_func_8014BDC8: 141 members [141 binaries] share h_exact b56b71bc3422… (source src/shared/ov/func_8014BDC8.h)
[ OK ] E_func_8014CA70: 141 members [141 binaries] share h_exact bbba14fb7a70… (source src/shared/ov/func_8014CA70.h)
[ OK ] E_func_8014CAE4: 141 members [141 binaries] share h_exact 6e0975b00005… (source src/shared/ov/func_8014CAE4.h)
[ OK ] E_func_80153BD8: 141 members [141 binaries] share h_exact 2e0e3d6d9fbc… (source src/shared/ov/func_80153BD8.h)
[ OK ] E_func_80153C18: 141 members [141 binaries] share h_exact 528697be8429… (source src/shared/ov/func_80153C18.h)
[ OK ] E_func_80153C74: 141 members [141 binaries] share h_exact 2a73b5092d15… (source src/shared/ov/func_80153C74.h)
[ OK ] E_func_801553A8: 141 members [141 binaries] share h_exact a2861e75732c… (source src/shared/ov/func_801553A8.h)
[ OK ] E_func_80155440: 141 members [141 binaries] share h_exact 21f5b614ff5c… (source src/shared/ov/func_80155440.h)
[ OK ] E_func_8016F094: 141 members [141 binaries] share h_exact 1497e056c72b… (source src/shared/ov/func_8016F094.h)
[ OK ] E_func_8016F1AC: 141 members [141 binaries] share h_exact 2ea02c87bff7… (source src/shared/ov/func_8016F1AC.h)
[ OK ] E_func_80171A1C: 141 members [141 binaries] share h_exact 4f8603167f23… (source src/shared/ov/func_80171A1C.h)
[ OK ] E_func_8012ADE4: 141 members [141 binaries] share h_exact 68cfdf88db77… (source src/shared/ov/func_8012ADE4.h)
[ OK ] E_func_8012B200: 141 members [141 binaries] share h_exact ca33a38cca93… (source src/shared/ov/func_8012B200.h)
[ OK ] E_func_8012E88C: 141 members [141 binaries] share h_exact 8d47a3a26107… (source src/shared/ov/func_8012E88C.h)
[ OK ] E_func_8012E8A8: 141 members [141 binaries] share h_exact e562f27d8759… (source src/shared/ov/func_8012E8A8.h)
[ OK ] E_func_8012E8C4: 141 members [141 binaries] share h_exact 9ff619a4667e… (source src/shared/ov/func_8012E8C4.h)
[ OK ] E_func_8014905C: 141 members [141 binaries] share h_exact 5ef548c208ed… (source src/shared/ov/func_8014905C.h)
[ OK ] E_func_80149BEC: 141 members [141 binaries] share h_exact a55cd599433d… (source src/shared/ov/func_80149BEC.h)
[ OK ] E_func_8014A680: 141 members [141 binaries] share h_exact 8d816aaec0ed… (source src/shared/ov/func_8014A680.h)
[ OK ] E_func_8014A6A8: 141 members [141 binaries] share h_exact c60ba3cfdd4a… (source src/shared/ov/func_8014A6A8.h)
[ OK ] E_func_8014A71C: 141 members [141 binaries] share h_exact 2c9ffe88d5d7… (source src/shared/ov/func_8014A71C.h)
[ OK ] E_func_8014BFF4: 141 members [141 binaries] share h_exact c21a42454efe… (source src/shared/ov/func_8014BFF4.h)
[ OK ] E_func_801511A8: 141 members [141 binaries] share h_exact 7262cd86a26e… (source src/shared/ov/func_801511A8.h)
[ OK ] E_func_801511C4: 141 members [141 binaries] share h_exact 577575413c0d… (source src/shared/ov/func_801511C4.h)
[ OK ] E_func_80154134: 141 members [141 binaries] share h_exact 81453cc82b68… (source src/shared/ov/func_80154134.h)
[ OK ] E_func_80154B7C: 141 members [141 binaries] share h_exact 7c5dbb5a7c9c… (source src/shared/ov/func_80154B7C.h)
[ OK ] E_func_80154BC8: 141 members [141 binaries] share h_exact 8e28b9488876… (source src/shared/ov/func_80154BC8.h)
[ OK ] E_func_801596D4: 141 members [141 binaries] share h_exact ec17110054f2… (source src/shared/ov/func_801596D4.h)
[ OK ] E_func_80165124: 141 members [141 binaries] share h_exact c4e617b439ec… (source src/shared/ov/func_80165124.h)
[ OK ] E_func_8016BF34: 141 members [141 binaries] share h_exact e33c21ff04c3… (source src/shared/ov/func_8016BF34.h)
[ OK ] E_func_80174ED4: 141 members [141 binaries] share h_exact 2146c321436c… (source src/shared/ov/func_80174ED4.h)
[ OK ] E_func_80128158: 141 members [141 binaries] share h_exact 47e4d4313e9b… (source src/shared/ov/func_80128158.h)
[ OK ] E_func_80128178: 141 members [141 binaries] share h_exact 0c9df2635648… (source src/shared/ov/func_80128178.h)
[ OK ] E_func_80128198: 141 members [141 binaries] share h_exact 1b142c9160cc… (source src/shared/ov/func_80128198.h)
[ OK ] E_func_801281B8: 141 members [141 binaries] share h_exact 13ffbe357343… (source src/shared/ov/func_801281B8.h)
[ OK ] E_func_801281D8: 141 members [141 binaries] share h_exact ecaceeaaf402… (source src/shared/ov/func_801281D8.h)
[ OK ] E_func_801281F8: 141 members [141 binaries] share h_exact 23d6656e565c… (source src/shared/ov/func_801281F8.h)
[ OK ] E_func_80128228: 141 members [141 binaries] share h_exact cd90315a422f… (source src/shared/ov/func_80128228.h)
[ OK ] E_func_80128248: 141 members [141 binaries] share h_exact b788d0546852… (source src/shared/ov/func_80128248.h)
[ OK ] E_func_80128268: 141 members [141 binaries] share h_exact 117e332ead16… (source src/shared/ov/func_80128268.h)
[ OK ] E_func_801282CC: 141 members [141 binaries] share h_exact 6e21264d43d2… (source src/shared/ov/func_801282CC.h)
[ OK ] E_func_8012A8E8: 141 members [141 binaries] share h_exact 383ce6256d8d… (source src/shared/ov/func_8012A8E8.h)
[ OK ] E_func_8012B21C: 141 members [141 binaries] share h_exact 4efd45a90c3c… (source src/shared/ov/func_8012B21C.h)
[ OK ] E_func_8012D38C: 141 members [141 binaries] share h_exact 92557c1afac8… (source src/shared/ov/func_8012D38C.h)
[ OK ] E_func_8012FCA4: 141 members [141 binaries] share h_exact 7de2fbf0977c… (source src/shared/ov/func_8012FCA4.h)
[ OK ] E_func_80136C1C: 141 members [141 binaries] share h_exact 0ff6f3602676… (source src/shared/ov/func_80136C1C.h)
[ OK ] E_func_801376C8: 141 members [141 binaries] share h_exact 3d0b51275482… (source src/shared/ov/func_801376C8.h)
[ OK ] E_func_80146534: 141 members [141 binaries] share h_exact 7c139ccfb90d… (source src/shared/ov/func_80146534.h)
[ OK ] E_func_80147788: 141 members [141 binaries] share h_exact f879764cbf05… (source src/shared/ov/func_80147788.h)
[ OK ] E_func_801477A8: 141 members [141 binaries] share h_exact 97ec9a0d3877… (source src/shared/ov/func_801477A8.h)
[ OK ] E_func_801477C8: 141 members [141 binaries] share h_exact 89d8e94a3d36… (source src/shared/ov/func_801477C8.h)
[ OK ] E_func_80147928: 141 members [141 binaries] share h_exact e0c03a400ed5… (source src/shared/ov/func_80147928.h)
[ OK ] E_func_8014799C: 141 members [141 binaries] share h_exact e76f97408d23… (source src/shared/ov/func_8014799C.h)
[ OK ] E_func_80147A10: 141 members [141 binaries] share h_exact 3fd5c24442e8… (source src/shared/ov/func_80147A10.h)
[ OK ] E_func_80149704: 141 members [141 binaries] share h_exact 4d663e3d51bf… (source src/shared/ov/func_80149704.h)
[ OK ] E_func_80149724: 141 members [141 binaries] share h_exact c19bb3501390… (source src/shared/ov/func_80149724.h)
[ OK ] E_func_80149788: 141 members [141 binaries] share h_exact a99691d401e9… (source src/shared/ov/func_80149788.h)
[ OK ] E_func_80149864: 141 members [141 binaries] share h_exact 2ee9e7f52bef… (source src/shared/ov/func_80149864.h)
[ OK ] E_func_801498C0: 141 members [141 binaries] share h_exact 775ac54de921… (source src/shared/ov/func_801498C0.h)
[ OK ] E_func_80149C94: 141 members [141 binaries] share h_exact 7cb3bde69308… (source src/shared/ov/func_80149C94.h)
[ OK ] E_func_80149CB4: 141 members [141 binaries] share h_exact e052c60c5330… (source src/shared/ov/func_80149CB4.h)
[ OK ] E_func_8014A218: 141 members [141 binaries] share h_exact 4c7364a4c687… (source src/shared/ov/func_8014A218.h)
[ OK ] E_func_8014A4FC: 141 members [141 binaries] share h_exact 57ef6dd41e87… (source src/shared/ov/func_8014A4FC.h)
[ OK ] E_func_8014A830: 141 members [141 binaries] share h_exact 930b03695dd7… (source src/shared/ov/func_8014A830.h)
[ OK ] E_func_8014AB5C: 141 members [141 binaries] share h_exact 3983285f5d26… (source src/shared/ov/func_8014AB5C.h)
[ OK ] E_func_8014ABF0: 141 members [141 binaries] share h_exact 6fc4bf56792a… (source src/shared/ov/func_8014ABF0.h)
[ OK ] E_func_8014BEF8: 141 members [141 binaries] share h_exact 6d2f5ea6f554… (source src/shared/ov/func_8014BEF8.h)
[ OK ] E_func_8014BF6C: 141 members [141 binaries] share h_exact e11d1282f13a… (source src/shared/ov/func_8014BF6C.h)
[ OK ] E_func_8014BFD4: 141 members [141 binaries] share h_exact 83ef8ce77e59… (source src/shared/ov/func_8014BFD4.h)
[ OK ] E_func_80150150: 141 members [141 binaries] share h_exact 371aec6e38e4… (source src/shared/ov/func_80150150.h)
[ OK ] E_func_80150460: 141 members [141 binaries] share h_exact 371aec6e38e4… (source src/shared/ov/func_80150460.h)
[ OK ] E_func_80150CC4: 141 members [141 binaries] share h_exact 09e0a49aa49e… (source src/shared/ov/func_80150CC4.h)
[ OK ] E_func_80150CE4: 141 members [141 binaries] share h_exact 962d2e3e327d… (source src/shared/ov/func_80150CE4.h)
[ OK ] E_func_80150D04: 141 members [141 binaries] share h_exact a0e8f210813d… (source src/shared/ov/func_80150D04.h)
[ OK ] E_func_80150D24: 141 members [141 binaries] share h_exact cf8533886124… (source src/shared/ov/func_80150D24.h)
[ OK ] E_func_80150D44: 141 members [141 binaries] share h_exact b0b57f0579eb… (source src/shared/ov/func_80150D44.h)
[ OK ] E_func_80150D64: 141 members [141 binaries] share h_exact 2e878a362dca… (source src/shared/ov/func_80150D64.h)
[ OK ] E_func_80150D84: 141 members [141 binaries] share h_exact a68c762f4672… (source src/shared/ov/func_80150D84.h)
[ OK ] E_func_80150DA4: 141 members [141 binaries] share h_exact 66bdb7ebe555… (source src/shared/ov/func_80150DA4.h)
[ OK ] E_func_80150DC4: 141 members [141 binaries] share h_exact 401656e4174e… (source src/shared/ov/func_80150DC4.h)
[ OK ] E_func_80150DE4: 141 members [141 binaries] share h_exact 94672d399b76… (source src/shared/ov/func_80150DE4.h)
[ OK ] E_func_80150E04: 141 members [141 binaries] share h_exact c3f7edd6b417… (source src/shared/ov/func_80150E04.h)
[ OK ] E_func_80150E24: 141 members [141 binaries] share h_exact 4fcf4446125d… (source src/shared/ov/func_80150E24.h)
[ OK ] E_func_80150E44: 141 members [141 binaries] share h_exact 8bbe2219a3a3… (source src/shared/ov/func_80150E44.h)
[ OK ] E_func_80150E64: 141 members [141 binaries] share h_exact 6e347f4b2f65… (source src/shared/ov/func_80150E64.h)
[ OK ] E_func_80151110: 141 members [141 binaries] share h_exact 7ce79bc6b9d2… (source src/shared/ov/func_80151110.h)
[ OK ] E_func_80151164: 141 members [141 binaries] share h_exact c46d86bc16b3… (source src/shared/ov/func_80151164.h)
[ OK ] E_func_80151924: 141 members [141 binaries] share h_exact 9edcb30db947… (source src/shared/ov/func_80151924.h)
[ OK ] E_func_80153C9C: 141 members [141 binaries] share h_exact 19d197e4e8f7… (source src/shared/ov/func_80153C9C.h)
[ OK ] E_func_80155F60: 141 members [141 binaries] share h_exact 1c4e49d3ad8d… (source src/shared/ov/func_80155F60.h)
[ OK ] E_func_8015771C: 141 members [141 binaries] share h_exact d11ce8dea831… (source src/shared/ov/func_8015771C.h)
[ OK ] E_func_8015BE74: 141 members [141 binaries] share h_exact b5da19015b9a… (source src/shared/ov/func_8015BE74.h)
[ OK ] E_func_8015BEC4: 141 members [141 binaries] share h_exact 9829a6756ce3… (source src/shared/ov/func_8015BEC4.h)
[ OK ] E_func_8015BEE4: 141 members [141 binaries] share h_exact acc9223b06bc… (source src/shared/ov/func_8015BEE4.h)
[ OK ] E_func_8015CCB0: 141 members [141 binaries] share h_exact c176ee7304f6… (source src/shared/ov/func_8015CCB0.h)
[ OK ] E_func_8015CFFC: 141 members [141 binaries] share h_exact 2a01c1276db3… (source src/shared/ov/func_8015CFFC.h)
[ OK ] E_func_8015D524: 141 members [141 binaries] share h_exact a2d5f76b80ac… (source src/shared/ov/func_8015D524.h)
[ OK ] E_func_8015F360: 141 members [141 binaries] share h_exact d5af50d03955… (source src/shared/ov/func_8015F360.h)
[ OK ] E_func_8015FA24: 141 members [141 binaries] share h_exact a2d5f76b80ac… (source src/shared/ov/func_8015FA24.h)
[ OK ] E_func_80160EE0: 141 members [141 binaries] share h_exact b741723001cb… (source src/shared/ov/func_80160EE0.h)
[ OK ] E_func_80161104: 141 members [141 binaries] share h_exact 0f9e3fd65959… (source src/shared/ov/func_80161104.h)
[ OK ] E_func_80162F60: 141 members [141 binaries] share h_exact c32fb470ddfa… (source src/shared/ov/func_80162F60.h)
[ OK ] E_func_80162F80: 141 members [141 binaries] share h_exact 52fc01fe4bb8… (source src/shared/ov/func_80162F80.h)
[ OK ] E_func_80162FA0: 141 members [141 binaries] share h_exact c0b4eadce970… (source src/shared/ov/func_80162FA0.h)
[ OK ] E_func_80164DB0: 141 members [141 binaries] share h_exact 3baca933b06d… (source src/shared/ov/func_80164DB0.h)
[ OK ] E_func_80165938: 141 members [141 binaries] share h_exact 5f09890a0036… (source src/shared/ov/func_80165938.h)
[ OK ] E_func_80165958: 141 members [141 binaries] share h_exact e82de0d20374… (source src/shared/ov/func_80165958.h)
[ OK ] E_func_80165988: 141 members [141 binaries] share h_exact d228cf948bca… (source src/shared/ov/func_80165988.h)
[ OK ] E_func_80165C58: 141 members [141 binaries] share h_exact a2d5f76b80ac… (source src/shared/ov/func_80165C58.h)
[ OK ] E_func_80168A88: 134 members [134 binaries] share h_exact e5d62a31b595… (source src/shared/ov/func_80168A88.h)
[ OK ] E_func_8016B428: 141 members [141 binaries] share h_exact 5722d205310f… (source src/shared/ov/func_8016B428.h)
[ OK ] E_func_8016BA48: 141 members [141 binaries] share h_exact 544301d19381… (source src/shared/ov/func_8016BA48.h)
[ OK ] E_func_8016ED6C: 134 members [134 binaries] share h_exact e5d62a31b595… (source src/shared/ov/func_8016ED6C.h)
[ OK ] E_func_8016EFA8: 141 members [141 binaries] share h_exact b53995c3deb9… (source src/shared/ov/func_8016EFA8.h)
[ OK ] E_func_8016F288: 141 members [141 binaries] share h_exact 387610d5514e… (source src/shared/ov/func_8016F288.h)
[ OK ] E_func_8016F2A8: 141 members [141 binaries] share h_exact bc19d3268a1f… (source src/shared/ov/func_8016F2A8.h)
[ OK ] E_func_8016F2EC: 141 members [141 binaries] share h_exact 1a1c66c4d34c… (source src/shared/ov/func_8016F2EC.h)
[ OK ] E_func_8016F330: 141 members [141 binaries] share h_exact a172109ae603… (source src/shared/ov/func_8016F330.h)
[ OK ] E_func_801724EC: 141 members [141 binaries] share h_exact 5ff94663e5ef… (source src/shared/ov/func_801724EC.h)
[ OK ] E_func_80172760: 141 members [141 binaries] share h_exact 8532df7851b5… (source src/shared/ov/func_80172760.h)
[ OK ] E_func_80174188: 141 members [141 binaries] share h_exact 1ffc70772133… (source src/shared/ov/func_80174188.h)
[ OK ] E_func_80174630: 141 members [141 binaries] share h_exact e1efae8c2563… (source src/shared/ov/func_80174630.h)
[ OK ] E_func_801747AC: 141 members [141 binaries] share h_exact 2e1be8624a8c… (source src/shared/ov/func_801747AC.h)
[ OK ] E_func_801748C4: 141 members [141 binaries] share h_exact b5fb89b63a3c… (source src/shared/ov/func_801748C4.h)
[ OK ] E_func_801749A8: 141 members [141 binaries] share h_exact 2cf2bddd5cb2… (source src/shared/ov/func_801749A8.h)
[ OK ] E_func_80174C60: 141 members [141 binaries] share h_exact 91389657de4a… (source src/shared/ov/func_80174C60.h)
[ OK ] E_func_8017ADE8: 141 members [141 binaries] share h_exact a44051163943… (source src/shared/ov/func_8017ADE8.h)
[ OK ] E_func_80129258: 141 members [141 binaries] share h_exact 29ec542f1bed… (source src/shared/ov/func_80129258.h)
[ OK ] E_func_80129350: 141 members [141 binaries] share h_exact 1d48089004fb… (source src/shared/ov/func_80129350.h)
[ OK ] E_func_80129374: 141 members [141 binaries] share h_exact 0fbf466af438… (source src/shared/ov/func_80129374.h)
[ OK ] E_func_80129FF4: 141 members [141 binaries] share h_exact 45a14cf91cba… (source src/shared/ov/func_80129FF4.h)
[ OK ] E_func_8012B23C: 141 members [141 binaries] share h_exact dbbaaf68e47b… (source src/shared/ov/func_8012B23C.h)
[ OK ] E_func_8012C194: 141 members [141 binaries] share h_exact fd2fa91b0081… (source src/shared/ov/func_8012C194.h)
[ OK ] E_func_8012C1B8: 141 members [141 binaries] share h_exact 5d72630c0ef4… (source src/shared/ov/func_8012C1B8.h)
[ OK ] E_func_8012CC1C: 141 members [141 binaries] share h_exact 7674b8c6b1c7… (source src/shared/ov/func_8012CC1C.h)
[ OK ] E_func_8012CC40: 141 members [141 binaries] share h_exact d3ceaf30614f… (source src/shared/ov/func_8012CC40.h)
[ OK ] E_func_80139A44: 141 members [141 binaries] share h_exact c8ebab2c83e7… (source src/shared/ov/func_80139A44.h)
[ OK ] E_func_80139A68: 141 members [141 binaries] share h_exact 0e18d7e58b49… (source src/shared/ov/func_80139A68.h)
[ OK ] E_func_80139DC8: 141 members [141 binaries] share h_exact 4bf7cfca0323… (source src/shared/ov/func_80139DC8.h)
[ OK ] E_func_80143970: 141 members [141 binaries] share h_exact 810449024d5c… (source src/shared/ov/func_80143970.h)
[ OK ] E_func_80146554: 141 members [141 binaries] share h_exact f36b2e18ad30… (source src/shared/ov/func_80146554.h)
[ OK ] E_func_80146578: 141 members [141 binaries] share h_exact 1d1dcbaee00e… (source src/shared/ov/func_80146578.h)
[ OK ] E_func_8014659C: 141 members [141 binaries] share h_exact 87644ba86d86… (source src/shared/ov/func_8014659C.h)
[ OK ] E_func_801465C0: 141 members [141 binaries] share h_exact d8a69d1c70e1… (source src/shared/ov/func_801465C0.h)
[ OK ] E_func_801465E4: 141 members [141 binaries] share h_exact 06a9706ab2d7… (source src/shared/ov/func_801465E4.h)
[ OK ] E_func_80147290: 141 members [141 binaries] share h_exact c6e04c31064a… (source src/shared/ov/func_80147290.h)
[ OK ] E_func_80147300: 140 members [140 binaries] share h_exact 6d5164d17dbe… (source src/shared/ov/func_80147300.h)
[ OK ] E_func_80149350: 141 members [141 binaries] share h_exact 5aa2bbd6bc98… (source src/shared/ov/func_80149350.h)
[ OK ] E_func_8014942C: 141 members [141 binaries] share h_exact c1c9baa64256… (source src/shared/ov/func_8014942C.h)
[ OK ] E_func_8014AA04: 141 members [141 binaries] share h_exact c25c9d440f4b… (source src/shared/ov/func_8014AA04.h)
[ OK ] E_func_8014BE78: 141 members [141 binaries] share h_exact 1fd1c45ecca3… (source src/shared/ov/func_8014BE78.h)
[ OK ] E_func_8014BE9C: 141 members [141 binaries] share h_exact fc2571b4f663… (source src/shared/ov/func_8014BE9C.h)
[ OK ] E_func_8014BF48: 141 members [141 binaries] share h_exact ae1e8032e767… (source src/shared/ov/func_8014BF48.h)
[ OK ] E_func_8014BF8C: 141 members [141 binaries] share h_exact e5636897292e… (source src/shared/ov/func_8014BF8C.h)
[ OK ] E_func_8014BFB0: 141 members [141 binaries] share h_exact 31dd4fe6e808… (source src/shared/ov/func_8014BFB0.h)
[ OK ] E_func_80150CA0: 141 members [141 binaries] share h_exact 9795ebf5b25f… (source src/shared/ov/func_80150CA0.h)
[ OK ] E_func_80150FB4: 141 members [141 binaries] share h_exact 0fe989c98159… (source src/shared/ov/func_80150FB4.h)
[ OK ] E_func_80151014: 141 members [141 binaries] share h_exact 3f7b1290bb46… (source src/shared/ov/func_80151014.h)
[ OK ] E_func_80151070: 141 members [141 binaries] share h_exact 121872ec546a… (source src/shared/ov/func_80151070.h)
[ OK ] E_func_80151094: 141 members [141 binaries] share h_exact 52f8170f0c73… (source src/shared/ov/func_80151094.h)
[ OK ] E_func_801510C8: 141 members [141 binaries] share h_exact b075d42114e4… (source src/shared/ov/func_801510C8.h)
[ OK ] E_func_801510EC: 141 members [141 binaries] share h_exact 20fd96e6d05a… (source src/shared/ov/func_801510EC.h)
[ OK ] E_func_80151138: 141 members [141 binaries] share h_exact ef14479570cb… (source src/shared/ov/func_80151138.h)
[ OK ] E_func_801511E0: 141 members [141 binaries] share h_exact de87dfe66f7d… (source src/shared/ov/func_801511E0.h)
[ OK ] E_func_80155FB0: 141 members [141 binaries] share h_exact 90484de6d606… (source src/shared/ov/func_80155FB0.h)
[ OK ] E_func_80155FD4: 141 members [141 binaries] share h_exact 39364625208b… (source src/shared/ov/func_80155FD4.h)
[ OK ] E_func_801598BC: 141 members [141 binaries] share h_exact 25c5aa9bdbfa… (source src/shared/ov/func_801598BC.h)
[ OK ] E_func_80162414: 141 members [141 binaries] share h_exact 25c5aa9bdbfa… (source src/shared/ov/func_80162414.h)
[ OK ] E_func_80168640: 141 members [141 binaries] share h_exact 8c0cd28d1158… (source src/shared/ov/func_80168640.h)
[ OK ] E_func_8016F264: 141 members [141 binaries] share h_exact ed655b5979c8… (source src/shared/ov/func_8016F264.h)
[ OK ] E_func_8016F2C8: 141 members [141 binaries] share h_exact 6fb698f2be22… (source src/shared/ov/func_8016F2C8.h)
[ OK ] E_func_8016F30C: 141 members [141 binaries] share h_exact 639c78b73726… (source src/shared/ov/func_8016F30C.h)
[ OK ] E_func_8016F350: 141 members [141 binaries] share h_exact 6418f9d66204… (source src/shared/ov/func_8016F350.h)
[ OK ] E_func_8016F44C: 141 members [141 binaries] share h_exact 2589c989f4f4… (source src/shared/ov/func_8016F44C.h)
[ OK ] E_func_8016F470: 141 members [141 binaries] share h_exact 0f282fedf1b4… (source src/shared/ov/func_8016F470.h)
[ OK ] E_func_80171904: 141 members [141 binaries] share h_exact 6b6e667f5719… (source src/shared/ov/func_80171904.h)
[ OK ] E_func_80179DF8: 141 members [141 binaries] share h_exact 97e458bcbe78… (source src/shared/ov/func_80179DF8.h)
[ OK ] E_func_8012853C: 141 members [141 binaries] share h_exact a7a35d1a32f6… (source src/shared/ov/func_8012853C.h)
[ OK ] E_func_8012BD14: 141 members [141 binaries] share h_exact 864222512409… (source src/shared/ov/func_8012BD14.h)
[ OK ] E_func_801375EC: 141 members [141 binaries] share h_exact d6c9087ce680… (source src/shared/ov/func_801375EC.h)
[ OK ] E_func_80138DB8: 141 members [141 binaries] share h_exact 8e37b1093e88… (source src/shared/ov/func_80138DB8.h)
[ OK ] E_func_80139788: 141 members [141 binaries] share h_exact b3ac47e20a5d… (source src/shared/ov/func_80139788.h)
[ OK ] E_func_8013E814: 141 members [141 binaries] share h_exact 9a815451f4cc… (source src/shared/ov/func_8013E814.h)
[ OK ] E_func_80144A04: 141 members [141 binaries] share h_exact 1f4b49407d77… (source src/shared/ov/func_80144A04.h)
[ OK ] E_func_80144AEC: 141 members [141 binaries] share h_exact 7eace388da94… (source src/shared/ov/func_80144AEC.h)
[ OK ] E_func_801474EC: 141 members [141 binaries] share h_exact c43c4e2019b1… (source src/shared/ov/func_801474EC.h)
[ OK ] E_func_80147A84: 141 members [141 binaries] share h_exact 34c82f44d9d4… (source src/shared/ov/func_80147A84.h)
[ OK ] E_func_80147AAC: 141 members [141 binaries] share h_exact 269546ebd034… (source src/shared/ov/func_80147AAC.h)
[ OK ] E_func_80147F50: 141 members [141 binaries] share h_exact 10d8764e7296… (source src/shared/ov/func_80147F50.h)
[ OK ] E_func_8014ACC0: 141 members [141 binaries] share h_exact 018e2b51eee9… (source src/shared/ov/func_8014ACC0.h)
[ OK ] E_func_8014B00C: 141 members [141 binaries] share h_exact b6a90a2a2241… (source src/shared/ov/func_8014B00C.h)
[ OK ] E_func_80153BF0: 141 members [141 binaries] share h_exact a6a390412fad… (source src/shared/ov/func_80153BF0.h)
[ OK ] E_func_8015410C: 141 members [141 binaries] share h_exact b48f8df7292b… (source src/shared/ov/func_8015410C.h)
[ OK ] E_func_801627C0: 141 members [141 binaries] share h_exact ed0be3bb61da… (source src/shared/ov/func_801627C0.h)
[ OK ] E_func_80162AF4: 141 members [141 binaries] share h_exact efe40a0b6ba1… (source src/shared/ov/func_80162AF4.h)
[ OK ] E_func_80163234: 141 members [141 binaries] share h_exact 5c416d2bb145… (source src/shared/ov/func_80163234.h)
[ OK ] E_func_80165C78: 141 members [141 binaries] share h_exact bb819224192f… (source src/shared/ov/func_80165C78.h)
[ OK ] E_func_8016E8F0: 141 members [141 binaries] share h_exact 5c4673221344… (source src/shared/ov/func_8016E8F0.h)
[ OK ] E_func_80171238: 141 members [141 binaries] share h_exact a7e1b065a685… (source src/shared/ov/func_80171238.h)
[ OK ] E_func_80171884: 141 members [141 binaries] share h_exact 28cdfba6d273… (source src/shared/ov/func_80171884.h)
[ OK ] E_func_80172710: 141 members [141 binaries] share h_exact 9420c0f25e01… (source src/shared/ov/func_80172710.h)
[ OK ] E_func_80172ED4: 141 members [141 binaries] share h_exact 3fbe9cc5c3d2… (source src/shared/ov/func_80172ED4.h)
[ OK ] E_func_80172EFC: 141 members [141 binaries] share h_exact 94894be6b322… (source src/shared/ov/func_80172EFC.h)
[ OK ] E_func_80172F24: 141 members [141 binaries] share h_exact 1594daa83b44… (source src/shared/ov/func_80172F24.h)
[ OK ] E_func_8017329C: 141 members [141 binaries] share h_exact a867318eebcd… (source src/shared/ov/func_8017329C.h)
[ OK ] E_func_801732F4: 141 members [141 binaries] share h_exact 9acf295ef002… (source src/shared/ov/func_801732F4.h)
[ OK ] E_func_8017334C: 141 members [141 binaries] share h_exact 5771a2c7f26f… (source src/shared/ov/func_8017334C.h)
[ OK ] E_func_801733A4: 141 members [141 binaries] share h_exact 9acf295ef002… (source src/shared/ov/func_801733A4.h)
[ OK ] E_func_8017452C: 141 members [141 binaries] share h_exact 53892aa77e91… (source src/shared/ov/func_8017452C.h)
[ OK ] E_func_80174584: 141 members [141 binaries] share h_exact c0579096e9f4… (source src/shared/ov/func_80174584.h)
[ OK ] E_func_801745DC: 141 members [141 binaries] share h_exact 1b0c6fd1eb4a… (source src/shared/ov/func_801745DC.h)
[ OK ] E_func_80175668: 141 members [141 binaries] share h_exact 4b10323aae95… (source src/shared/ov/func_80175668.h)
[ OK ] E_func_80179F44: 141 members [141 binaries] share h_exact 111f193e78f9… (source src/shared/ov/func_80179F44.h)
[ OK ] E_func_8017A0F4: 141 members [141 binaries] share h_exact fd2c95a7fb14… (source src/shared/ov/func_8017A0F4.h)
[ OK ] E_func_8017A11C: 141 members [141 binaries] share h_exact 2c361a7df1e6… (source src/shared/ov/func_8017A11C.h)
[ OK ] E_func_8017A180: 141 members [141 binaries] share h_exact 0db61a93a257… (source src/shared/ov/func_8017A180.h)
[ OK ] E_func_8017A1A8: 141 members [141 binaries] share h_exact f71fad6d8965… (source src/shared/ov/func_8017A1A8.h)
[ OK ] E_func_8017A1D0: 141 members [141 binaries] share h_exact 386480537b1d… (source src/shared/ov/func_8017A1D0.h)
[ OK ] E_func_8017A1F8: 141 members [141 binaries] share h_exact 54b1b712d241… (source src/shared/ov/func_8017A1F8.h)
[ OK ] E_func_8017A298: 141 members [141 binaries] share h_exact 8ac54d834645… (source src/shared/ov/func_8017A298.h)
[ OK ] E_func_8017A2C0: 141 members [141 binaries] share h_exact 50db47d992fb… (source src/shared/ov/func_8017A2C0.h)
[ OK ] E_func_8017A2E8: 141 members [141 binaries] share h_exact c7a14a733f0b… (source src/shared/ov/func_8017A2E8.h)
[ OK ] E_func_8017A310: 141 members [141 binaries] share h_exact a1ab0821c58c… (source src/shared/ov/func_8017A310.h)
[ OK ] E_func_8017A338: 141 members [141 binaries] share h_exact 8bf3c1fcad29… (source src/shared/ov/func_8017A338.h)
[ OK ] E_func_8017A360: 141 members [141 binaries] share h_exact 1df00b66d257… (source src/shared/ov/func_8017A360.h)
[ OK ] E_func_8017A388: 141 members [141 binaries] share h_exact 7bb65e84b2fb… (source src/shared/ov/func_8017A388.h)
[ OK ] E_func_8012B14C: 141 members [141 binaries] share h_exact 968eab0530e5… (source src/shared/ov/func_8012B14C.h)
[ OK ] E_func_8012BF7C: 141 members [141 binaries] share h_exact d196e56d3cef… (source src/shared/ov/func_8012BF7C.h)
[ OK ] E_func_8012C724: 141 members [141 binaries] share h_exact 7207af3c2b91… (source src/shared/ov/func_8012C724.h)
[ OK ] E_func_8013E298: 141 members [141 binaries] share h_exact 811a219ef224… (source src/shared/ov/func_8013E298.h)
[ OK ] E_func_80143994: 141 members [141 binaries] share h_exact 640b5b602d21… (source src/shared/ov/func_80143994.h)
[ OK ] E_func_801477E8: 141 members [141 binaries] share h_exact d2f74e8f5bd6… (source src/shared/ov/func_801477E8.h)
[ OK ] E_func_80149AA8: 141 members [141 binaries] share h_exact d0967f299f7b… (source src/shared/ov/func_80149AA8.h)
[ OK ] E_func_8014B310: 141 members [141 binaries] share h_exact 20998685b7e9… (source src/shared/ov/func_8014B310.h)
[ OK ] E_func_8014C3A4: 141 members [141 binaries] share h_exact 1e2e52036bd3… (source src/shared/ov/func_8014C3A4.h)
[ OK ] E_func_8014CB2C: 141 members [141 binaries] share h_exact 726804f0fe98… (source src/shared/ov/func_8014CB2C.h)
[ OK ] E_func_80154AB4: 141 members [141 binaries] share h_exact 51f0c6667c8d… (source src/shared/ov/func_80154AB4.h)
[ OK ] E_func_80154B20: 141 members [141 binaries] share h_exact 4cdcd2cea498… (source src/shared/ov/func_80154B20.h)
[ OK ] E_func_801607B8: 141 members [141 binaries] share h_exact d1da8e42306c… (source src/shared/ov/func_801607B8.h)
[ OK ] E_func_801619A4: 141 members [141 binaries] share h_exact 97f3cab9ef4e… (source src/shared/ov/func_801619A4.h)
[ OK ] E_func_8016DA04: 141 members [141 binaries] share h_exact fb86de0b580d… (source src/shared/ov/func_8016DA04.h)
[ OK ] E_func_8016FB50: 141 members [141 binaries] share h_exact c687a5539fab… (source src/shared/ov/func_8016FB50.h)
[ OK ] E_func_8016FC64: 141 members [141 binaries] share h_exact c687a5539fab… (source src/shared/ov/func_8016FC64.h)
[ OK ] E_func_8017051C: 141 members [141 binaries] share h_exact ff0f4659df3f… (source src/shared/ov/func_8017051C.h)
[ OK ] E_func_80174604: 141 members [141 binaries] share h_exact a9de852d441f… (source src/shared/ov/func_80174604.h)
[ OK ] E_func_80179DCC: 141 members [141 binaries] share h_exact 45ab12df0c55… (source src/shared/ov/func_80179DCC.h)
[ OK ] E_func_80179E1C: 141 members [141 binaries] share h_exact 2a510fe5f4b6… (source src/shared/ov/func_80179E1C.h)
[ OK ] E_func_80179EE8: 141 members [141 binaries] share h_exact f1270556ac50… (source src/shared/ov/func_80179EE8.h)
[ OK ] E_func_80179F6C: 141 members [141 binaries] share h_exact 5a8cc6c5c7a1… (source src/shared/ov/func_80179F6C.h)
[ OK ] E_func_801391F0: 141 members [141 binaries] share h_exact a09742db3987… (source src/shared/ov/func_801391F0.h)
[ OK ] E_func_8013E558: 141 members [141 binaries] share h_exact f384220561f1… (source src/shared/ov/func_8013E558.h)
[ OK ] E_func_8013E67C: 141 members [141 binaries] share h_exact 42e20730b19f… (source src/shared/ov/func_8013E67C.h)
[ OK ] E_func_801496D4: 141 members [141 binaries] share h_exact a4d9cd338bab… (source src/shared/ov/func_801496D4.h)
[ OK ] E_func_8014B4D4: 141 members [141 binaries] share h_exact 54bfb72ababa… (source src/shared/ov/func_8014B4D4.h)
[ OK ] E_func_8014BD98: 141 members [141 binaries] share h_exact d0f543db4abb… (source src/shared/ov/func_8014BD98.h)
[ OK ] E_func_8014BF18: 141 members [141 binaries] share h_exact 59d7770cb15e… (source src/shared/ov/func_8014BF18.h)
[ OK ] E_func_8014CBF8: 141 members [141 binaries] share h_exact 0820809e3412… (source src/shared/ov/func_8014CBF8.h)
[ OK ] E_func_80154274: 141 members [141 binaries] share h_exact dac93a94d806… (source src/shared/ov/func_80154274.h)
[ OK ] E_func_801542DC: 141 members [141 binaries] share h_exact cbcabba43bce… (source src/shared/ov/func_801542DC.h)
[ OK ] E_func_80159404: 141 members [141 binaries] share h_exact b4164d406392… (source src/shared/ov/func_80159404.h)
[ OK ] E_func_80159434: 141 members [141 binaries] share h_exact e278b8df756e… (source src/shared/ov/func_80159434.h)
[ OK ] E_func_8016004C: 141 members [141 binaries] share h_exact a48dcd478d48… (source src/shared/ov/func_8016004C.h)
[ OK ] E_func_801619D0: 141 members [141 binaries] share h_exact 67bb638fba36… (source src/shared/ov/func_801619D0.h)
[ OK ] E_func_80161D58: 141 members [141 binaries] share h_exact 629a25e1ef87… (source src/shared/ov/func_80161D58.h)
[ OK ] E_func_80165770: 141 members [141 binaries] share h_exact 8263f830aa43… (source src/shared/ov/func_80165770.h)
[ OK ] E_func_80165A20: 141 members [141 binaries] share h_exact bcfdfabe3dc1… (source src/shared/ov/func_80165A20.h)
[ OK ] E_func_8016A05C: 141 members [141 binaries] share h_exact a1c05555a8af… (source src/shared/ov/func_8016A05C.h)
[ OK ] E_func_8016ED8C: 141 members [141 binaries] share h_exact 9e13bde86fa0… (source src/shared/ov/func_8016ED8C.h)
[ OK ] E_func_8016EDBC: 141 members [141 binaries] share h_exact e2f2d4d6c721… (source src/shared/ov/func_8016EDBC.h)
[ OK ] E_func_8016F494: 141 members [141 binaries] share h_exact d5cf508b418b… (source src/shared/ov/func_8016F494.h)
[ OK ] E_func_8016F804: 141 members [141 binaries] share h_exact 230a3ff4443d… (source src/shared/ov/func_8016F804.h)
[ OK ] E_func_8012A5F8: 141 members [141 binaries] share h_exact 06251e231034… (source src/shared/ov/func_8012A5F8.h)
[ OK ] E_func_801392C8: 141 members [141 binaries] share h_exact 590b0edb0200… (source src/shared/ov/func_801392C8.h)
[ OK ] E_func_801417C4: 141 members [141 binaries] share h_exact a2e16cc847b3… (source src/shared/ov/func_801417C4.h)
[ OK ] E_func_8014C59C: 141 members [141 binaries] share h_exact 60e5e4e3e4cc… (source src/shared/ov/func_8014C59C.h)
[ OK ] E_func_80151238: 141 members [141 binaries] share h_exact 2530eaf22b21… (source src/shared/ov/func_80151238.h)
[ OK ] E_func_80154418: 141 members [141 binaries] share h_exact 8aa066fdbbd7… (source src/shared/ov/func_80154418.h)
[ OK ] E_func_8015DC84: 141 members [141 binaries] share h_exact 2289c15888b5… (source src/shared/ov/func_8015DC84.h)
[ OK ] E_func_8015DFE4: 141 members [141 binaries] share h_exact fba9368c3464… (source src/shared/ov/func_8015DFE4.h)
[ OK ] E_func_8015ED6C: 141 members [141 binaries] share h_exact fd7de9879b4d… (source src/shared/ov/func_8015ED6C.h)
[ OK ] E_func_80162FC0: 141 members [141 binaries] share h_exact 194bedddb279… (source src/shared/ov/func_80162FC0.h)
[ OK ] E_func_80165840: 141 members [141 binaries] share h_exact f2064f5eca4e… (source src/shared/ov/func_80165840.h)
[ OK ] E_func_80170B14: 141 members [141 binaries] share h_exact b401759fbd56… (source src/shared/ov/func_80170B14.h)
[ OK ] E_func_80171B10: 141 members [141 binaries] share h_exact a47cc82d2908… (source src/shared/ov/func_80171B10.h)
[ OK ] E_func_8012A79C: 141 members [141 binaries] share h_exact 5df841112087… (source src/shared/ov/func_8012A79C.h)
[ OK ] E_func_8012B6D4: 141 members [141 binaries] share h_exact b6a37830c0bc… (source src/shared/ov/func_8012B6D4.h)
[ OK ] E_func_8012B70C: 141 members [141 binaries] share h_exact 8e7aeefdd86b… (source src/shared/ov/func_8012B70C.h)
[ OK ] E_func_8012B744: 141 members [141 binaries] share h_exact 6c580f8e57e5… (source src/shared/ov/func_8012B744.h)
[ OK ] E_func_8012E32C: 141 members [141 binaries] share h_exact 969f63847ba3… (source src/shared/ov/func_8012E32C.h)
[ OK ] E_func_801484B0: 141 members [141 binaries] share h_exact 57e465cfb040… (source src/shared/ov/func_801484B0.h)
[ OK ] E_func_80148534: 141 members [141 binaries] share h_exact 24fc6cda3415… (source src/shared/ov/func_80148534.h)
[ OK ] E_func_8014ADA8: 141 members [141 binaries] share h_exact ca0ea4bc9b55… (source src/shared/ov/func_8014ADA8.h)
[ OK ] E_func_8014BEC0: 141 members [141 binaries] share h_exact 4b98faf0fd5e… (source src/shared/ov/func_8014BEC0.h)
[ OK ] E_func_801599E0: 141 members [141 binaries] share h_exact 0db1103e0e8e… (source src/shared/ov/func_801599E0.h)
[ OK ] E_func_80161240: 141 members [141 binaries] share h_exact 6f854b6f9351… (source src/shared/ov/func_80161240.h)
[ OK ] E_func_80161418: 141 members [141 binaries] share h_exact 36e7cd40ae70… (source src/shared/ov/func_80161418.h)
[ OK ] E_func_80161450: 141 members [141 binaries] share h_exact b032dbf8e793… (source src/shared/ov/func_80161450.h)
[ OK ] E_func_801614E4: 141 members [141 binaries] share h_exact afaa2ea1dcbf… (source src/shared/ov/func_801614E4.h)
[ OK ] E_func_8016151C: 141 members [141 binaries] share h_exact 36d2ac01b677… (source src/shared/ov/func_8016151C.h)
[ OK ] E_func_80161554: 141 members [141 binaries] share h_exact b094761eb752… (source src/shared/ov/func_80161554.h)
[ OK ] E_func_8016158C: 141 members [141 binaries] share h_exact 731ef47ebdb9… (source src/shared/ov/func_8016158C.h)
[ OK ] E_func_801657A0: 141 members [141 binaries] share h_exact 3b9bc719d2be… (source src/shared/ov/func_801657A0.h)
[ OK ] E_func_80173A28: 141 members [141 binaries] share h_exact a97199301200… (source src/shared/ov/func_80173A28.h)
[ OK ] E_func_80174BBC: 141 members [141 binaries] share h_exact c6b2d4768c0c… (source src/shared/ov/func_80174BBC.h)
[ OK ] E_func_80177784: 141 members [141 binaries] share h_exact 32ad012de959… (source src/shared/ov/func_80177784.h)
[ OK ] E_func_801466B4: 141 members [141 binaries] share h_exact 273e9dc1bb8a… (source src/shared/ov/func_801466B4.h)
[ OK ] E_func_8014A638: 141 members [141 binaries] share h_exact cd1be7e12dde… (source src/shared/ov/func_8014A638.h)
[ OK ] E_func_8014B768: 141 members [141 binaries] share h_exact f4237e1d06f0… (source src/shared/ov/func_8014B768.h)
[ OK ] E_func_8014BC44: 141 members [141 binaries] share h_exact 9c835fc8a43f… (source src/shared/ov/func_8014BC44.h)
[ OK ] E_func_8014C88C: 141 members [141 binaries] share h_exact 952bfe45f732… (source src/shared/ov/func_8014C88C.h)
[ OK ] E_func_80157A8C: 141 members [141 binaries] share h_exact fcbffb31a5b9… (source src/shared/ov/func_80157A8C.h)
[ OK ] E_func_80165694: 141 members [141 binaries] share h_exact af8899433fd0… (source src/shared/ov/func_80165694.h)
[ OK ] E_func_8012D624: 141 members [141 binaries] share h_exact 2b11831ee017… (source src/shared/ov/func_8012D624.h)
[ OK ] E_func_8015369C: 141 members [141 binaries] share h_exact 692966359c10… (source src/shared/ov/func_8015369C.h)
[ OK ] E_func_80154BE4: 141 members [141 binaries] share h_exact dbfcdbbd137b… (source src/shared/ov/func_80154BE4.h)
[ OK ] E_func_8015987C: 141 members [141 binaries] share h_exact 8f942500028f… (source src/shared/ov/func_8015987C.h)
[ OK ] E_func_80178BB8: 141 members [141 binaries] share h_exact aa417877083f… (source src/shared/ov/func_80178BB8.h)
[ OK ] E_func_8012BE54: 141 members [141 binaries] share h_exact a922d429c7bd… (source src/shared/ov/func_8012BE54.h)
[ OK ] E_func_8013A9B4: 141 members [141 binaries] share h_exact 694d6dd607b2… (source src/shared/ov/func_8013A9B4.h)
[ OK ] E_func_80175624: 141 members [141 binaries] share h_exact 6fa48c7e49cf… (source src/shared/ov/func_80175624.h)
[ OK ] E_func_8014168C: 141 members [141 binaries] share h_exact 784941269e13… (source src/shared/ov/func_8014168C.h)
[ OK ] E_func_8012A048: 141 members [141 binaries] share h_exact dee370acbde7… (source src/shared/ov/func_8012A048.h)
[ OK ] E_func_80150E84: 141 members [141 binaries] share h_exact 6581c9f60518… (source src/shared/ov/func_80150E84.h)
[ OK ] E_func_80150EA4: 141 members [141 binaries] share h_exact fcb7757e4ded… (source src/shared/ov/func_80150EA4.h)
[ OK ] E_func_8012CC64: 141 members [141 binaries] share h_exact a092f7b49a96… (source src/shared/ov/func_8012CC64.h)
[ OK ] E_func_80143C74: 141 members [141 binaries] share h_exact 273da1455337… (source src/shared/ov/func_80143C74.h)
[ OK ] E_func_8012BEE8: 141 members [141 binaries] share h_exact 2c8a6eccbcec… (source src/shared/ov/func_8012BEE8.h)
[ OK ] E_func_80146E98: 141 members [141 binaries] share h_exact 1f7e636d51d9… (source src/shared/ov/func_80146E98.h)
[ OK ] E_func_8016197C: 141 members [141 binaries] share h_exact 9c46b293e815… (source src/shared/ov/func_8016197C.h)
[ OK ] E_func_80171A88: 141 members [141 binaries] share h_exact 157c01fe336a… (source src/shared/ov/func_80171A88.h)
[ OK ] E_func_80130AC4: 141 members [141 binaries] share h_exact d4a500b30d31… (source src/shared/ov/func_80130AC4.h)
[ OK ] E_func_8013A9F8: 141 members [141 binaries] share h_exact 763dccb15912… (source src/shared/ov/func_8013A9F8.h)
[ OK ] E_func_80131C78: 141 members [141 binaries] share h_exact ac0a5d19a385… (source src/shared/ov/func_80131C78.h)
[ OK ] E_func_80161A00: 141 members [141 binaries] share h_exact ae78f4942d78… (source src/shared/ov/func_80161A00.h)
[ OK ] E_func_80161A30: 141 members [141 binaries] share h_exact 8d71c657aed1… (source src/shared/ov/func_80161A30.h)
[ OK ] E_func_80161A60: 141 members [141 binaries] share h_exact 00488e7ed537… (source src/shared/ov/func_80161A60.h)
[ OK ] E_func_8015A1C8: 141 members [141 binaries] share h_exact cfeb47eb2a13… (source src/shared/ov/func_8015A1C8.h)
[ OK ] E_func_8015AC90: 141 members [141 binaries] share h_exact cfeb47eb2a13… (source src/shared/ov/func_8015AC90.h)
[ OK ] E_func_8015CF24: 141 members [141 binaries] share h_exact cfeb47eb2a13… (source src/shared/ov/func_8015CF24.h)
[ OK ] E_func_801284B8: 141 members [141 binaries] share h_exact 84212171ca8f… (source src/shared/ov/func_801284B8.h)
[ OK ] E_func_8012C31C: 141 members [141 binaries] share h_exact 7b266c494527… (source src/shared/ov/func_8012C31C.h)
[ OK ] E_func_8012E544: 141 members [141 binaries] share h_exact f280934ff2f5… (source src/shared/ov/func_8012E544.h)
[ OK ] E_func_8013E410: 141 members [141 binaries] share h_exact 734fbf89a749… (source src/shared/ov/func_8013E410.h)
[ OK ] E_func_8014BC0C: 141 members [141 binaries] share h_exact f11eeed5ca45… (source src/shared/ov/func_8014BC0C.h)
[ OK ] E_func_8014C278: 141 members [141 binaries] share h_exact 0d433e70872f… (source src/shared/ov/func_8014C278.h)
[ OK ] E_func_801632F0: 141 members [141 binaries] share h_exact 50f3905cffc9… (source src/shared/ov/func_801632F0.h)
[ OK ] E_func_8012B178: 141 members [141 binaries] share h_exact c8e802f608a0… (source src/shared/ov/func_8012B178.h)
[ OK ] E_func_8012BF10: 141 members [141 binaries] share h_exact e6f14df13dab… (source src/shared/ov/func_8012BF10.h)
[ OK ] E_func_8012C1DC: 141 members [141 binaries] share h_exact a7397612a44c… (source src/shared/ov/func_8012C1DC.h)
[ OK ] E_func_8012E4C8: 141 members [141 binaries] share h_exact c42e890e035a… (source src/shared/ov/func_8012E4C8.h)
[ OK ] E_func_8012EF34: 141 members [141 binaries] share h_exact 6fa7918e8e4c… (source src/shared/ov/func_8012EF34.h)
[ OK ] E_func_80149884: 141 members [141 binaries] share h_exact e871b50e40e8… (source src/shared/ov/func_80149884.h)
[ OK ] E_func_80149CD4: 141 members [141 binaries] share h_exact 2d82e9acc325… (source src/shared/ov/func_80149CD4.h)
[ OK ] E_func_80149D9C: 141 members [141 binaries] share h_exact 970fb761a6c0… (source src/shared/ov/func_80149D9C.h)
[ OK ] E_func_8016F410: 141 members [141 binaries] share h_exact 4cd92ed25387… (source src/shared/ov/func_8016F410.h)
[ OK ] E_func_801282EC: 141 members [141 binaries] share h_exact 07fd38b43d38… (source src/shared/ov/func_801282EC.h)
[ OK ] E_func_8012B864: 141 members [141 binaries] share h_exact e576eec49377… (source src/shared/ov/func_8012B864.h)
[ OK ] E_func_8012D5E4: 141 members [141 binaries] share h_exact 45a2d18d3c18… (source src/shared/ov/func_8012D5E4.h)
[ OK ] E_func_8012E504: 141 members [141 binaries] share h_exact 71744d84b205… (source src/shared/ov/func_8012E504.h)
[ OK ] E_func_80130360: 141 members [141 binaries] share h_exact 24a27bf0d4ba… (source src/shared/ov/func_80130360.h)
[ OK ] E_func_80130858: 141 members [141 binaries] share h_exact 684dec78f1ba… (source src/shared/ov/func_80130858.h)
[ OK ] E_func_8013A8BC: 141 members [141 binaries] share h_exact ea637cd0535f… (source src/shared/ov/func_8013A8BC.h)
[ OK ] E_func_80142414: 141 members [141 binaries] share h_exact 433656cc47a9… (source src/shared/ov/func_80142414.h)
[ OK ] E_func_80144988: 141 members [141 binaries] share h_exact 5a76fee4720a… (source src/shared/ov/func_80144988.h)
[ OK ] E_func_80149184: 141 members [141 binaries] share h_exact 5a1468d046e9… (source src/shared/ov/func_80149184.h)
[ OK ] E_func_801491C4: 141 members [141 binaries] share h_exact da28bc5eefc9… (source src/shared/ov/func_801491C4.h)
[ OK ] E_func_801526D4: 141 members [141 binaries] share h_exact 83f74bb19de1… (source src/shared/ov/func_801526D4.h)
[ OK ] E_func_801565C0: 141 members [141 binaries] share h_exact dbafe1e09068… (source src/shared/ov/func_801565C0.h)
[ OK ] E_func_80175454: 141 members [141 binaries] share h_exact d8ffcad5ab78… (source src/shared/ov/func_80175454.h)
[ OK ] E_func_801757A0: 141 members [141 binaries] share h_exact 21115cd910c3… (source src/shared/ov/func_801757A0.h)
[ OK ] E_func_801757E0: 141 members [141 binaries] share h_exact ca6741fea9e5… (source src/shared/ov/func_801757E0.h)
[ OK ] E_func_801399F0: 141 members [141 binaries] share h_exact b8c9276b7a9c… (source src/shared/ov/func_801399F0.h)
[ OK ] E_func_80134A28: 141 members [141 binaries] share h_exact ffd70f58a52c… (source src/shared/ov/func_80134A28.h)
[ OK ] E_func_80134FB8: 141 members [141 binaries] share h_exact ffd70f58a52c… (source src/shared/ov/func_80134FB8.h)
[ OK ] E_func_80147814: 141 members [141 binaries] share h_exact 61479027026f… (source src/shared/ov/func_80147814.h)
[ OK ] E_func_801518D8: 141 members [141 binaries] share h_exact 9602576604f3… (source src/shared/ov/func_801518D8.h)
[ OK ] E_func_80147948: 141 members [141 binaries] share h_exact 8ce3237d73b3… (source src/shared/ov/func_80147948.h)
[ OK ] E_func_801479BC: 141 members [141 binaries] share h_exact 3a20d067170e… (source src/shared/ov/func_801479BC.h)
[ OK ] E_func_80147A30: 141 members [141 binaries] share h_exact ef47624fb136… (source src/shared/ov/func_80147A30.h)
[ OK ] E_func_8012E470: 141 members [141 binaries] share h_exact 7d21c7fa6fb5… (source src/shared/ov/func_8012E470.h)
[ OK ] E_func_80136BC4: 141 members [141 binaries] share h_exact 20e578d3311c… (source src/shared/ov/func_80136BC4.h)
[ OK ] E_func_80138B88: 141 members [141 binaries] share h_exact 93b82718e284… (source src/shared/ov/func_80138B88.h)
[ OK ] E_func_801470C0: 141 members [141 binaries] share h_exact 2b1537f46b55… (source src/shared/ov/func_801470C0.h)
[ OK ] E_func_80151880: 141 members [141 binaries] share h_exact c0e868eb8aae… (source src/shared/ov/func_80151880.h)
[ OK ] E_func_80148038: 141 members [141 binaries] share h_exact a1d2a451e632… (source src/shared/ov/func_80148038.h)
[ OK ] E_func_80149228: 141 members [141 binaries] share h_exact 7a1c7e788284… (source src/shared/ov/func_80149228.h)
[ OK ] E_func_801489E8: 141 members [141 binaries] share h_exact 67d61a9f673a… (source src/shared/ov/func_801489E8.h)
[ OK ] E_func_8012AD80: 141 members [141 binaries] share h_exact ff4181498ed9… (source src/shared/ov/func_8012AD80.h)
[ OK ] E_func_8014891C: 141 members [141 binaries] share h_exact 855369c96685… (source src/shared/ov/func_8014891C.h)
[ OK ] E_func_80148A48: 141 members [141 binaries] share h_exact 713f8ceffdf7… (source src/shared/ov/func_80148A48.h)
[ OK ] E_func_8013435C: 141 members [141 binaries] share h_exact 3860aabf09f5… (source src/shared/ov/func_8013435C.h)
[ OK ] E_func_80148980: 141 members [141 binaries] share h_exact 654c631ede9e… (source src/shared/ov/func_80148980.h)
[ OK ] E_func_801783D0: 141 members [141 binaries] share h_exact 7933fb568904… (source src/shared/ov/func_801783D0.h)
[ OK ] E_func_8012B260: 141 members [141 binaries] share h_exact 6ec86c600d68… (source src/shared/ov/func_8012B260.h)
[ OK ] E_func_801473EC: 141 members [141 binaries] share h_exact 90df300c8981… (source src/shared/ov/func_801473EC.h)
[ OK ] E_func_801488A8: 141 members [141 binaries] share h_exact 0932c9ba261e… (source src/shared/ov/func_801488A8.h)
[ OK ] E_func_8017509C: 141 members [141 binaries] share h_exact d229cf679613… (source src/shared/ov/func_8017509C.h)
[ OK ] E_func_80139C7C: 141 members [141 binaries] share h_exact 5a48e553c01c… (source src/shared/ov/func_80139C7C.h)
[ OK ] E_func_80175014: 141 members [141 binaries] share h_exact 097427f41850… (source src/shared/ov/func_80175014.h)
[ OK ] E_func_80146DF8: 141 members [141 binaries] share h_exact 5d87d779c64f… (source src/shared/ov/func_80146DF8.h)
[ OK ] E_func_8012B608: 141 members [141 binaries] share h_exact 97bdbab60ebd… (source src/shared/ov/func_8012B608.h)
[ OK ] E_func_8013361C: 141 members [141 binaries] share h_exact f523834fc5b7… (source src/shared/ov/func_8013361C.h)
[ OK ] E_func_80137FD8: 141 members [141 binaries] share h_exact 0efd637369d9… (source src/shared/ov/func_80137FD8.h)
[ OK ] E_func_8016C374: 141 members [141 binaries] share h_exact c24c1e1903fb… (source src/shared/ov/func_8016C374.h)
[ OK ] E_func_80147118: 141 members [141 binaries] share h_exact 7336e83ee7da… (source src/shared/ov/func_80147118.h)
[ OK ] E_func_80129220: 141 members [141 binaries] share h_exact a0d1679d5442… (source src/shared/ov/func_80129220.h)
[ OK ] E_func_8012CBA4: 141 members [141 binaries] share h_exact 6cedd518aa49… (source src/shared/ov/func_8012CBA4.h)
[ OK ] E_func_8012CBCC: 141 members [141 binaries] share h_exact fb424e70b8a8… (source src/shared/ov/func_8012CBCC.h)
[ OK ] E_func_80179E48: 141 members [141 binaries] share h_exact e2042cd15690… (source src/shared/ov/func_80179E48.h)
[ OK ] E_func_80179E74: 141 members [141 binaries] share h_exact 8990fa5cb628… (source src/shared/ov/func_80179E74.h)
[ OK ] E_func_80170718: 141 members [141 binaries] share h_exact 72467d2ae189… (source src/shared/ov/func_80170718.h)
[ OK ] E_func_80170C14: 141 members [141 binaries] share h_exact 78e1b7b89fbf… (source src/shared/ov/func_80170C14.h)
[ OK ] E_func_8017115C: 141 members [141 binaries] share h_exact 395f4d61e716… (source src/shared/ov/func_8017115C.h)
[ OK ] E_func_801717F4: 141 members [141 binaries] share h_exact a9bd1204d49d… (source src/shared/ov/func_801717F4.h)
[ OK ] E_func_80171824: 141 members [141 binaries] share h_exact 2b98156ef6af… (source src/shared/ov/func_80171824.h)
[ OK ] E_func_80171854: 141 members [141 binaries] share h_exact 12d791885abe… (source src/shared/ov/func_80171854.h)
[ OK ] E_func_80172B14: 141 members [141 binaries] share h_exact a320d4fdb060… (source src/shared/ov/func_80172B14.h)
[ OK ] E_func_801733CC: 141 members [141 binaries] share h_exact 43762e03e26d… (source src/shared/ov/func_801733CC.h)
[ OK ] E_func_801737B8: 141 members [141 binaries] share h_exact 207a1e5ae0b6… (source src/shared/ov/func_801737B8.h)
[ OK ] E_func_801738DC: 141 members [141 binaries] share h_exact 23ad27a93c2e… (source src/shared/ov/func_801738DC.h)
[ OK ] E_func_80174158: 141 members [141 binaries] share h_exact 7747285b12c4… (source src/shared/ov/func_80174158.h)
[ OK ] E_func_801743C0: 141 members [141 binaries] share h_exact 648bba782488… (source src/shared/ov/func_801743C0.h)
[ OK ] E_func_801744B0: 141 members [141 binaries] share h_exact 946e66236354… (source src/shared/ov/func_801744B0.h)
[ OK ] E_func_80174C80: 141 members [141 binaries] share h_exact bb1095bd9e54… (source src/shared/ov/func_80174C80.h)
[ OK ] E_func_80179F14: 141 members [141 binaries] share h_exact 37c9c892fba9… (source src/shared/ov/func_80179F14.h)
[ OK ] E_func_8015F2F0: 141 members [141 binaries] share h_exact 54428b5de4e5… (source src/shared/ov/func_8015F2F0.h)
[ OK ] E_func_8015F738: 141 members [141 binaries] share h_exact b7ddc14ea35b… (source src/shared/ov/func_8015F738.h)
[ OK ] E_func_8015F76C: 141 members [141 binaries] share h_exact 565af8da5348… (source src/shared/ov/func_8015F76C.h)
[ OK ] E_func_8015FA44: 141 members [141 binaries] share h_exact 3ad8ff97c4dc… (source src/shared/ov/func_8015FA44.h)
[ OK ] E_func_8015FA78: 141 members [141 binaries] share h_exact 46194a3cc6cf… (source src/shared/ov/func_8015FA78.h)
[ OK ] E_func_801600D0: 141 members [141 binaries] share h_exact fec75d1506e6… (source src/shared/ov/func_801600D0.h)
[ OK ] E_func_80160104: 141 members [141 binaries] share h_exact 4d3a2c42be8c… (source src/shared/ov/func_80160104.h)
[ OK ] E_func_80160334: 141 members [141 binaries] share h_exact e46ff3d8f17d… (source src/shared/ov/func_80160334.h)
[ OK ] E_func_80160368: 141 members [141 binaries] share h_exact 19301effeee9… (source src/shared/ov/func_80160368.h)
[ OK ] E_func_801607E4: 141 members [141 binaries] share h_exact d01c1e2112f6… (source src/shared/ov/func_801607E4.h)
[ OK ] E_func_80160818: 141 members [141 binaries] share h_exact ab90081f03ac… (source src/shared/ov/func_80160818.h)
[ OK ] E_func_80160ACC: 141 members [141 binaries] share h_exact 50ebeabfbb18… (source src/shared/ov/func_80160ACC.h)
[ OK ] E_func_8012F75C: 141 members [141 binaries] share h_exact 25f2fd43e4b0… (source src/shared/ov/func_8012F75C.h)
[ OK ] E_func_80132E6C: 141 members [141 binaries] share h_exact 1a7a7a1cd88c… (source src/shared/ov/func_80132E6C.h)
[ OK ] E_func_80147860: 141 members [141 binaries] share h_exact 6e66afcda13a… (source src/shared/ov/func_80147860.h)
[ OK ] E_func_8014C2B0: 141 members [141 binaries] share h_exact e369b062180c… (source src/shared/ov/func_8014C2B0.h)
[ OK ] E_func_80165BFC: 141 members [141 binaries] share h_exact a7c4f31c2521… (source src/shared/ov/func_80165BFC.h)
[ OK ] E_func_8016E688: 141 members [141 binaries] share h_exact d643470dfa66… (source src/shared/ov/func_8016E688.h)
[ OK ] E_func_801735EC: 141 members [141 binaries] share h_exact 7a5663ab55af… (source src/shared/ov/func_801735EC.h)
[ OK ] E_func_801290DC: 141 members [141 binaries] share h_exact abb6f1fef34f… (source src/shared/ov/func_801290DC.h)
[ OK ] E_func_80142778: 141 members [141 binaries] share h_exact 9e5c3ca7517c… (source src/shared/ov/func_80142778.h)
[ OK ] E_func_8014C99C: 141 members [141 binaries] share h_exact 72a917edb804… (source src/shared/ov/func_8014C99C.h)
[ OK ] E_func_8017084C: 141 members [141 binaries] share h_exact 95e0f7a559ba… (source src/shared/ov/func_8017084C.h)
[ OK ] E_func_8016F95C: 141 members [141 binaries] share h_exact 9d42bc94ea8a… (source src/shared/ov/func_8016F95C.h)
[ OK ] E_func_801722CC: 141 members [141 binaries] share h_exact a86bc9a15929… (source src/shared/ov/func_801722CC.h)
[ OK ] E_func_8017280C: 141 members [141 binaries] share h_exact 9f3666a84fa3… (source src/shared/ov/func_8017280C.h)
[ OK ] E_func_80172920: 141 members [141 binaries] share h_exact c52da237ca5e… (source src/shared/ov/func_80172920.h)
[ OK ] E_func_80172CDC: 141 members [141 binaries] share h_exact 883420114d40… (source src/shared/ov/func_80172CDC.h)
[ OK ] E_func_80172DE8: 141 members [141 binaries] share h_exact 9230bc070af8… (source src/shared/ov/func_80172DE8.h)
[ OK ] E_func_80173580: 141 members [141 binaries] share h_exact b62e100b9d16… (source src/shared/ov/func_80173580.h)
[ OK ] E_func_80173738: 141 members [141 binaries] share h_exact 8a706c86d377… (source src/shared/ov/func_80173738.h)
[ OK ] E_func_80173824: 141 members [141 binaries] share h_exact 3a630a4c69f7… (source src/shared/ov/func_80173824.h)
[ OK ] E_func_80173948: 141 members [141 binaries] share h_exact 082e363fa1fc… (source src/shared/ov/func_80173948.h)
[ OK ] E_func_80173B88: 141 members [141 binaries] share h_exact 0502812a57dc… (source src/shared/ov/func_80173B88.h)
[ OK ] E_func_801742E0: 141 members [141 binaries] share h_exact 898f01e11914… (source src/shared/ov/func_801742E0.h)
[ OK ] E_func_8012DFD4: 141 members [141 binaries] share h_exact ffa5782a0ee9… (source src/shared/ov/func_8012DFD4.h)
[ OK ] E_func_80165374: 141 members [141 binaries] share h_exact 366f1d42d2e3… (source src/shared/ov/func_80165374.h)
[ OK ] E_func_8016E6E4: 141 members [141 binaries] share h_exact de77bc243eea… (source src/shared/ov/func_8016E6E4.h)
[ OK ] E_func_8016FA00: 141 members [141 binaries] share h_exact 2bee74ef0da3… (source src/shared/ov/func_8016FA00.h)
[ OK ] E_func_801744E0: 141 members [141 binaries] share h_exact a3f9226ee0d1… (source src/shared/ov/func_801744E0.h)
[ OK ] E_func_801284F0: 141 members [141 binaries] share h_exact 833f57edbb37… (source src/shared/ov/func_801284F0.h)
[ OK ] E_func_8012B1B4: 141 members [141 binaries] share h_exact 0019c45c4059… (source src/shared/ov/func_8012B1B4.h)
[ OK ] E_func_8012F87C: 141 members [141 binaries] share h_exact f577c35657fa… (source src/shared/ov/func_8012F87C.h)
[ OK ] E_func_8012F91C: 141 members [141 binaries] share h_exact fdb55867fb79… (source src/shared/ov/func_8012F91C.h)
[ OK ] E_func_8012FF00: 141 members [141 binaries] share h_exact 2a477a8982e5… (source src/shared/ov/func_8012FF00.h)
[ OK ] E_func_8012FF4C: 141 members [141 binaries] share h_exact 66f0ca142020… (source src/shared/ov/func_8012FF4C.h)
[ OK ] E_func_80130314: 141 members [141 binaries] share h_exact ae2c8decc686… (source src/shared/ov/func_80130314.h)
[ OK ] E_func_80160DEC: 141 members [141 binaries] share h_exact 8215bf054484… (source src/shared/ov/func_80160DEC.h)
[ OK ] E_func_80172F4C: 141 members [141 binaries] share h_exact 0eedbeeca4ec… (source src/shared/ov/func_80172F4C.h)
[ OK ] E_func_80172F9C: 141 members [141 binaries] share h_exact aff7fdc6783b… (source src/shared/ov/func_80172F9C.h)
[ OK ] E_func_80172FEC: 141 members [141 binaries] share h_exact 8f22a7fcc30e… (source src/shared/ov/func_80172FEC.h)
[ OK ] E_func_80174B6C: 141 members [141 binaries] share h_exact d9bde68262f5… (source src/shared/ov/func_80174B6C.h)
[ OK ] E_func_80151E78: 141 members [141 binaries] share h_exact a12d87659b8b… (source src/shared/ov/func_80151E78.h)
[ OK ] E_func_80157CCC: 141 members [141 binaries] share h_exact cd768a0655e7… (source src/shared/ov/func_80157CCC.h)
[ OK ] E_func_8016007C: 141 members [141 binaries] share h_exact 624feab2146a… (source src/shared/ov/func_8016007C.h)
[ OK ] E_func_80160FE0: 141 members [141 binaries] share h_exact c953e0b9aaed… (source src/shared/ov/func_80160FE0.h)
[ OK ] E_func_80179D78: 141 members [141 binaries] share h_exact 7cb8b14c2f97… (source src/shared/ov/func_80179D78.h)
[ OK ] E_func_801608C0: 141 members [141 binaries] share h_exact dc7d9e490d2e… (source src/shared/ov/func_801608C0.h)
[ OK ] E_func_80162D28: 141 members [141 binaries] share h_exact b5f54f056b5e… (source src/shared/ov/func_80162D28.h)
[ OK ] E_func_80162D88: 141 members [141 binaries] share h_exact b9567c7c57e5… (source src/shared/ov/func_80162D88.h)
[ OK ] E_func_80162DE8: 141 members [141 binaries] share h_exact 33dd96de83cf… (source src/shared/ov/func_80162DE8.h)
[ OK ] E_func_80162E48: 141 members [141 binaries] share h_exact 49c8c06be457… (source src/shared/ov/func_80162E48.h)
[ OK ] E_func_80162EA8: 141 members [141 binaries] share h_exact 0c6e8e20d3a6… (source src/shared/ov/func_80162EA8.h)
[ OK ] E_func_80165064: 141 members [141 binaries] share h_exact 9d2ae9aec374… (source src/shared/ov/func_80165064.h)
[ OK ] E_func_801650C4: 141 members [141 binaries] share h_exact 940976076eb8… (source src/shared/ov/func_801650C4.h)
[ OK ] E_func_8014C3D0: 141 members [141 binaries] share h_exact 5d0ca093d69d… (source src/shared/ov/func_8014C3D0.h)
[ OK ] E_func_80152194: 141 members [141 binaries] share h_exact 71fdce9c83d4… (source src/shared/ov/func_80152194.h)
[ OK ] E_func_80164CD4: 141 members [141 binaries] share h_exact e91aadd1b0cf… (source src/shared/ov/func_80164CD4.h)
[ OK ] E_func_8016D464: 141 members [141 binaries] share h_exact 678d835a85c7… (source src/shared/ov/func_8016D464.h)
[ OK ] E_func_8012A0E0: 141 members [141 binaries] share h_exact 9f500f2060d7… (source src/shared/ov/func_8012A0E0.h)
[ OK ] E_func_80150BA4: 141 members [141 binaries] share h_exact d68852225c5a… (source src/shared/ov/func_80150BA4.h)
[ OK ] E_func_8017A220: 141 members [141 binaries] share h_exact 766b8c64d3dd… (source src/shared/ov/func_8017A220.h)
[ OK ] E_func_8017A248: 141 members [141 binaries] share h_exact 4d272ec6944e… (source src/shared/ov/func_8017A248.h)
[ OK ] E_func_8017A270: 141 members [141 binaries] share h_exact 7fd5789aab38… (source src/shared/ov/func_8017A270.h)
[ OK ] E_func_801303EC: 141 members [141 binaries] share h_exact bb3308c06f04… (source src/shared/ov/func_801303EC.h)
[ OK ] E_func_8013767C: 141 members [141 binaries] share h_exact 5887ff3a7e64… (source src/shared/ov/func_8013767C.h)
[ OK ] E_func_801458E8: 141 members [141 binaries] share h_exact c9b055119383… (source src/shared/ov/func_801458E8.h)
[ OK ] E_func_801516F0: 141 members [141 binaries] share h_exact e86c328ef58a… (source src/shared/ov/func_801516F0.h)
[ OK ] E_func_80128D60: 141 members [141 binaries] share h_exact e08b51c3be7e… (source src/shared/ov/func_80128D60.h)
[ OK ] E_func_801292C8: 141 members [141 binaries] share h_exact 05a218ad9f0d… (source src/shared/ov/func_801292C8.h)
[ OK ] E_func_80139954: 141 members [141 binaries] share h_exact 0972af43b06a… (source src/shared/ov/func_80139954.h)
[ OK ] E_func_80141C50: 141 members [141 binaries] share h_exact 5cf539f16ea7… (source src/shared/ov/func_80141C50.h)
[ OK ] E_func_80143CD4: 141 members [141 binaries] share h_exact b290581ac702… (source src/shared/ov/func_80143CD4.h)
[ OK ] E_func_80173980: 141 members [141 binaries] share h_exact c0ab9406c294… (source src/shared/ov/func_80173980.h)
[ OK ] E_func_80174F64: 141 members [141 binaries] share h_exact 77b0bc904c0f… (source src/shared/ov/func_80174F64.h)
[ OK ] E_func_80174FBC: 141 members [141 binaries] share h_exact b74d9b6ba754… (source src/shared/ov/func_80174FBC.h)
[ OK ] E_func_8012F214: 141 members [141 binaries] share h_exact 0400cb373c1f… (source src/shared/ov/func_8012F214.h)
[ OK ] E_func_801428CC: 141 members [141 binaries] share h_exact c6b01ebe0e46… (source src/shared/ov/func_801428CC.h)
[ OK ] E_func_80142FFC: 141 members [141 binaries] share h_exact 3c33fbd442b3… (source src/shared/ov/func_80142FFC.h)
[ OK ] E_func_80143188: 141 members [141 binaries] share h_exact 9863d50f1f8d… (source src/shared/ov/func_80143188.h)
[ OK ] E_func_80143390: 141 members [141 binaries] share h_exact 07d63cd6276b… (source src/shared/ov/func_80143390.h)
[ OK ] E_func_80147478: 141 members [141 binaries] share h_exact 0ae6570e24f9… (source src/shared/ov/func_80147478.h)
[ OK ] E_func_8014A380: 141 members [141 binaries] share h_exact 16d0dd6ef980… (source src/shared/ov/func_8014A380.h)
[ OK ] E_func_8017C908: 2 members [ov_SC01_077,ov_SC03_030] share h_exact da26f0d2c5cb… (source src/shared/ov/func_8017C908.h)
[ OK ] E_func_80130740: 141 members [141 binaries] share h_exact f04c89c6772f… (source src/shared/ov/func_80130740.h)
[ OK ] E_func_80160BB4: 141 members [141 binaries] share h_exact 002c706ba17f… (source src/shared/ov/func_80160BB4.h)
[ OK ] E_func_801628F4: 141 members [141 binaries] share h_exact 470d03883861… (source src/shared/ov/func_801628F4.h)
[ OK ] E_func_8016F398: 141 members [141 binaries] share h_exact 35715f92bd04… (source src/shared/ov/func_8016F398.h)
[ OK ] E_func_80172414: 141 members [141 binaries] share h_exact a63c026a2f89… (source src/shared/ov/func_80172414.h)
[ OK ] E_func_80131AC8: 141 members [141 binaries] share h_exact a82785b8ea3f… (source src/shared/ov/func_80131AC8.h)
[ OK ] E_func_8014A454: 141 members [141 binaries] share h_exact 4f25dd673132… (source src/shared/ov/func_8014A454.h)
[ OK ] E_func_801426D4: 141 members [141 binaries] share h_exact 1e2afbeda885… (source src/shared/ov/func_801426D4.h)
[ OK ] E_func_80146F58: 135 members [135 binaries] share h_exact 8e3f8acd470a… (source src/shared/ov/func_80146F58.h)
[ OK ] E_func_80147718: 141 members [141 binaries] share h_exact 49482d9e17fe… (source src/shared/ov/func_80147718.h)
[ OK ] E_func_801478B8: 141 members [141 binaries] share h_exact 4f62990d1ae8… (source src/shared/ov/func_801478B8.h)
[ OK ] E_func_80147CC8: 141 members [141 binaries] share h_exact 8835c49dd98f… (source src/shared/ov/func_80147CC8.h)
[ OK ] E_func_80155B9C: 141 members [141 binaries] share h_exact fa7bd93a68b1… (source src/shared/ov/func_80155B9C.h)
[ OK ] E_func_80164DD0: 141 members [141 binaries] share h_exact 92afe6e50209… (source src/shared/ov/func_80164DD0.h)
[ OK ] E_func_8012F7B4: 141 members [141 binaries] share h_exact f2c10f620a18… (source src/shared/ov/func_8012F7B4.h)
[ OK ] E_func_80154218: 141 members [141 binaries] share h_exact 27abf1b1e85b… (source src/shared/ov/func_80154218.h)
[ OK ] E_func_8012F1A4: 141 members [141 binaries] share h_exact b845fef5ed43… (source src/shared/ov/func_8012F1A4.h)
[ OK ] E_func_8012FC30: 141 members [141 binaries] share h_exact 5e7855f139b2… (source src/shared/ov/func_8012FC30.h)
[ OK ] E_func_801746DC: 141 members [141 binaries] share h_exact f338f09d2e9e… (source src/shared/ov/func_801746DC.h)
[ OK ] E_func_8012B8A4: 141 members [141 binaries] share h_exact f56e3f4ebef5… (source src/shared/ov/func_8012B8A4.h)
[ OK ] E_func_80160B70: 141 members [141 binaries] share h_exact 84ea224e2ed1… (source src/shared/ov/func_80160B70.h)
[ OK ] E_func_8016F4FC: 141 members [141 binaries] share h_exact 17bcf43f7685… (source src/shared/ov/func_8016F4FC.h)
[ OK ] E_func_801702B8: 141 members [141 binaries] share h_exact 22788e91407e… (source src/shared/ov/func_801702B8.h)
[ OK ] E_func_80132EF4: 141 members [141 binaries] share h_exact 3dc0bf99c551… (source src/shared/ov/func_80132EF4.h)
[ OK ] E_func_801484E8: 141 members [141 binaries] share h_exact c4c30138e70f… (source src/shared/ov/func_801484E8.h)
[ OK ] E_func_8014856C: 141 members [141 binaries] share h_exact cc53cde2143a… (source src/shared/ov/func_8014856C.h)
[ OK ] E_func_80150C48: 141 members [141 binaries] share h_exact e576ed797823… (source src/shared/ov/func_80150C48.h)
[ OK ] E_func_801291C0: 141 members [141 binaries] share h_exact 203f8caeb3c1… (source src/shared/ov/func_801291C0.h)
[ OK ] E_func_80173648: 141 members [141 binaries] share h_exact 5d5e6f59139e… (source src/shared/ov/func_80173648.h)
[ OK ] E_func_80160F70: 141 members [141 binaries] share h_exact e2425cb22b6e… (source src/shared/ov/func_80160F70.h)
[ OK ] E_func_80168A14: 141 members [141 binaries] share h_exact 2fb7442f2883… (source src/shared/ov/func_80168A14.h)
[ OK ] E_func_8014462C: 141 members [141 binaries] share h_exact c5084991e59b… (source src/shared/ov/func_8014462C.h)
[ OK ] E_func_80152254: 141 members [141 binaries] share h_exact ba4426b0e110… (source src/shared/ov/func_80152254.h)
[ OK ] E_func_80152A50: 141 members [141 binaries] share h_exact 2ed12fb283ca… (source src/shared/ov/func_80152A50.h)
[ OK ] E_func_80152F44: 141 members [141 binaries] share h_exact 6dba20709721… (source src/shared/ov/func_80152F44.h)
[ OK ] E_func_80153204: 141 members [141 binaries] share h_exact 382328a68b79… (source src/shared/ov/func_80153204.h)
[ OK ] E_func_801534D8: 141 members [141 binaries] share h_exact 7ef7c38b6afb… (source src/shared/ov/func_801534D8.h)
[ OK ] E_func_8017AE08: 141 members [141 binaries] share h_exact 823efd3d5ca7… (source src/shared/ov/func_8017AE08.h)
[ OK ] E_func_8012CBF4: 141 members [141 binaries] share h_exact 2004c68a6852… (source src/shared/ov/func_8012CBF4.h)
[ OK ] E_func_80144A68: 141 members [141 binaries] share h_exact a090aa6f5f61… (source src/shared/ov/func_80144A68.h)
[ OK ] E_func_8014B12C: 141 members [141 binaries] share h_exact 5c78f7d9e872… (source src/shared/ov/func_8014B12C.h)
[ OK ] E_func_8014B2A8: 141 members [141 binaries] share h_exact a37793c2c616… (source src/shared/ov/func_8014B2A8.h)
[ OK ] E_func_8014B2D0: 141 members [141 binaries] share h_exact b07b1969cf0e… (source src/shared/ov/func_8014B2D0.h)
[ OK ] E_func_80156648: 141 members [141 binaries] share h_exact ce3eb435bb4c… (source src/shared/ov/func_80156648.h)
[ OK ] E_func_80172560: 141 members [141 binaries] share h_exact 4ee31a224153… (source src/shared/ov/func_80172560.h)
[ OK ] E_func_8014AD7C: 141 members [141 binaries] share h_exact 945e473600d9… (source src/shared/ov/func_8014AD7C.h)
[ OK ] E_func_80146DB8: 141 members [141 binaries] share h_exact e82a2fd4404b… (source src/shared/ov/func_80146DB8.h)
[ OK ] E_func_80154B4C: 141 members [141 binaries] share h_exact 48c87330938c… (source src/shared/ov/func_80154B4C.h)
[ OK ] E_func_80154B98: 141 members [141 binaries] share h_exact 62cd5e3d0869… (source src/shared/ov/func_80154B98.h)
[ OK ] E_func_80158AB4: 141 members [141 binaries] share h_exact 5c31e4612483… (source src/shared/ov/func_80158AB4.h)
[ OK ] E_func_8016EF78: 141 members [141 binaries] share h_exact 9b7ba73664e3… (source src/shared/ov/func_8016EF78.h)
[ OK ] E_func_8016F5B0: 141 members [141 binaries] share h_exact 829470083495… (source src/shared/ov/func_8016F5B0.h)
[ OK ] E_func_8016F5E0: 141 members [141 binaries] share h_exact af8ec62e2cf1… (source src/shared/ov/func_8016F5E0.h)
[ OK ] E_func_8016F7D4: 141 members [141 binaries] share h_exact 3804fe69e281… (source src/shared/ov/func_8016F7D4.h)
[ OK ] E_func_8017041C: 141 members [141 binaries] share h_exact bc5ef2c8f36c… (source src/shared/ov/func_8017041C.h)
[ OK ] E_func_801704EC: 141 members [141 binaries] share h_exact 47ccc89cd788… (source src/shared/ov/func_801704EC.h)
[ OK ] E_func_801706E8: 141 members [141 binaries] share h_exact 90d3a65393f1… (source src/shared/ov/func_801706E8.h)
[ OK ] E_func_80170C44: 141 members [141 binaries] share h_exact af8ec62e2cf1… (source src/shared/ov/func_80170C44.h)
[ OK ] E_func_80150F80: 141 members [141 binaries] share h_exact 65594f58dcf8… (source src/shared/ov/func_80150F80.h)
[ OK ] E_func_80155518: 141 members [141 binaries] share h_exact 1c4ec70e6314… (source src/shared/ov/func_80155518.h)
[ OK ] E_func_8015554C: 141 members [141 binaries] share h_exact f6c69b0cbb29… (source src/shared/ov/func_8015554C.h)
[ OK ] E_func_801574DC: 141 members [141 binaries] share h_exact 626d48a17ea7… (source src/shared/ov/func_801574DC.h)
[ OK ] E_func_80157510: 141 members [141 binaries] share h_exact 50096a8bec82… (source src/shared/ov/func_80157510.h)
[ OK ] E_func_8015A230: 141 members [141 binaries] share h_exact 41075ae88fb2… (source src/shared/ov/func_8015A230.h)
[ OK ] E_func_8015BF7C: 141 members [141 binaries] share h_exact 5e8b76a75386… (source src/shared/ov/func_8015BF7C.h)
[ OK ] E_func_8015C6E0: 141 members [141 binaries] share h_exact c48dfc149b9f… (source src/shared/ov/func_8015C6E0.h)
[ OK ] E_func_8015CC40: 141 members [141 binaries] share h_exact b49a6ac0b668… (source src/shared/ov/func_8015CC40.h)
[ OK ] E_func_8015CF8C: 141 members [141 binaries] share h_exact c7fdae025242… (source src/shared/ov/func_8015CF8C.h)
[ OK ] E_func_8015DA5C: 141 members [141 binaries] share h_exact fba9368c3464… (source src/shared/ov/func_8015DA5C.h)
[ OK ] E_func_8015DAC4: 141 members [141 binaries] share h_exact 71047f160819… (source src/shared/ov/func_8015DAC4.h)
[ OK ] E_func_8015DE24: 141 members [141 binaries] share h_exact ba1e1e0167a2… (source src/shared/ov/func_8015DE24.h)
[ OK ] E_func_8015E880: 141 members [141 binaries] share h_exact 31db89546a82… (source src/shared/ov/func_8015E880.h)
[ OK ] E_func_8015E8B4: 141 members [141 binaries] share h_exact 0bd06f75d437… (source src/shared/ov/func_8015E8B4.h)
[ OK ] E_func_8015EFD8: 141 members [141 binaries] share h_exact be6716263563… (source src/shared/ov/func_8015EFD8.h)
[ OK ] E_func_8015F2BC: 141 members [141 binaries] share h_exact 96974fbc8bec… (source src/shared/ov/func_8015F2BC.h)
[ OK ] E_func_80160E3C: 141 members [141 binaries] share h_exact 7315e482f578… (source src/shared/ov/func_80160E3C.h)
[ OK ] E_func_80160E70: 141 members [141 binaries] share h_exact 7806c563622c… (source src/shared/ov/func_80160E70.h)
[ OK ] E_func_80165624: 141 members [141 binaries] share h_exact 38098ef93824… (source src/shared/ov/func_80165624.h)
[ OK ] E_func_8016B3F4: 141 members [141 binaries] share h_exact 26a39e09be93… (source src/shared/ov/func_8016B3F4.h)
[ OK ] E_func_8016F764: 141 members [141 binaries] share h_exact b883cd28fb66… (source src/shared/ov/func_8016F764.h)
[ OK ] E_func_8016FFA8: 141 members [141 binaries] share h_exact a17ee33ac1ba… (source src/shared/ov/func_8016FFA8.h)
[ OK ] E_func_801735B8: 141 members [141 binaries] share h_exact e59728bd3c5a… (source src/shared/ov/func_801735B8.h)
[ OK ] E_func_80175150: 141 members [141 binaries] share h_exact 6549ee60a469… (source src/shared/ov/func_80175150.h)
[ OK ] E_func_8012A8B0: 141 members [141 binaries] share h_exact 5f61e1574e65… (source src/shared/ov/func_8012A8B0.h)
[ OK ] E_func_80151038: 141 members [141 binaries] share h_exact 44a05e1d2467… (source src/shared/ov/func_80151038.h)
[ OK ] E_func_801555BC: 141 members [141 binaries] share h_exact ccc49c068d78… (source src/shared/ov/func_801555BC.h)
[ OK ] E_func_80157E00: 141 members [141 binaries] share h_exact bf49a80f29fd… (source src/shared/ov/func_80157E00.h)
[ OK ] E_func_80158000: 141 members [141 binaries] share h_exact db67e7862e5c… (source src/shared/ov/func_80158000.h)
[ OK ] E_func_80158288: 141 members [141 binaries] share h_exact 9842ef0a3f46… (source src/shared/ov/func_80158288.h)
[ OK ] E_func_80159BAC: 141 members [141 binaries] share h_exact 6bc424fc9181… (source src/shared/ov/func_80159BAC.h)
[ OK ] E_func_8015A2A0: 141 members [141 binaries] share h_exact 9d1d46706a6e… (source src/shared/ov/func_8015A2A0.h)
[ OK ] E_func_8015AD78: 141 members [141 binaries] share h_exact cbe67f16e65f… (source src/shared/ov/func_8015AD78.h)
[ OK ] E_func_8015C08C: 141 members [141 binaries] share h_exact fbe6600e92cc… (source src/shared/ov/func_8015C08C.h)
[ OK ] E_func_8015C750: 141 members [141 binaries] share h_exact 3fa0f8581fc4… (source src/shared/ov/func_8015C750.h)
[ OK ] E_func_8015CB94: 141 members [141 binaries] share h_exact 148ad3e9c1f0… (source src/shared/ov/func_8015CB94.h)
[ OK ] E_func_8015D544: 141 members [141 binaries] share h_exact 7cf92d7ac7e5… (source src/shared/ov/func_8015D544.h)
[ OK ] E_func_8015DB34: 141 members [141 binaries] share h_exact bf49e44883a4… (source src/shared/ov/func_8015DB34.h)
[ OK ] E_func_8015DE94: 141 members [141 binaries] share h_exact 79e32168b09d… (source src/shared/ov/func_8015DE94.h)
[ OK ] E_func_8015E1F4: 141 members [141 binaries] share h_exact f296f7f9bd7e… (source src/shared/ov/func_8015E1F4.h)
[ OK ] E_func_8015E924: 141 members [141 binaries] share h_exact 6023460006cf… (source src/shared/ov/func_8015E924.h)
[ OK ] E_func_8015EE44: 141 members [141 binaries] share h_exact 181b7c2cf0bf… (source src/shared/ov/func_8015EE44.h)
[ OK ] E_func_8015F048: 141 members [141 binaries] share h_exact b34bdea4c9bf… (source src/shared/ov/func_8015F048.h)
[ OK ] E_func_8015F810: 141 members [141 binaries] share h_exact 2eed85aaacb0… (source src/shared/ov/func_8015F810.h)
[ OK ] E_func_80160174: 141 members [141 binaries] share h_exact 1a54f45787a5… (source src/shared/ov/func_80160174.h)
[ OK ] E_func_801601AC: 141 members [141 binaries] share h_exact 1ac6f1cd04bc… (source src/shared/ov/func_801601AC.h)
[ OK ] E_func_801603D8: 141 members [141 binaries] share h_exact 1e0011a0a3aa… (source src/shared/ov/func_801603D8.h)
[ OK ] E_func_80160888: 141 members [141 binaries] share h_exact e109fa9e931d… (source src/shared/ov/func_80160888.h)
[ OK ] E_func_8016533C: 141 members [141 binaries] share h_exact 99baead3ef81… (source src/shared/ov/func_8016533C.h)
[ OK ] E_func_8016F578: 141 members [141 binaries] share h_exact 774e9f10fdda… (source src/shared/ov/func_8016F578.h)
[ OK ] E_func_8016F610: 141 members [141 binaries] share h_exact aec0f47b6f28… (source src/shared/ov/func_8016F610.h)
[ OK ] E_func_8016F648: 141 members [141 binaries] share h_exact a0044fda542a… (source src/shared/ov/func_8016F648.h)
[ OK ] E_func_8016F8AC: 141 members [141 binaries] share h_exact 245d7503efb1… (source src/shared/ov/func_8016F8AC.h)
[ OK ] E_func_8016FD7C: 141 members [141 binaries] share h_exact 15b81be54e53… (source src/shared/ov/func_8016FD7C.h)
[ OK ] E_func_801439C0: 141 members [141 binaries] share h_exact 2b1fec6d8ce7… (source src/shared/ov/func_801439C0.h)
[ OK ] E_func_80150FD8: 141 members [141 binaries] share h_exact b6fa89692975… (source src/shared/ov/func_80150FD8.h)
[ OK ] E_func_80164270: 141 members [141 binaries] share h_exact c3cb69d09134… (source src/shared/ov/func_80164270.h)
[ OK ] E_func_8016F870: 141 members [141 binaries] share h_exact 4d0f6f6e534f… (source src/shared/ov/func_8016F870.h)
[ OK ] E_func_8016F920: 141 members [141 binaries] share h_exact 66638b80906e… (source src/shared/ov/func_8016F920.h)
[ OK ] E_func_8016FCCC: 141 members [141 binaries] share h_exact b4775ea4cfc0… (source src/shared/ov/func_8016FCCC.h)
[ OK ] E_func_8016FDF0: 141 members [141 binaries] share h_exact 575e9c8ef13b… (source src/shared/ov/func_8016FDF0.h)
[ OK ] E_func_8016FF6C: 141 members [141 binaries] share h_exact ded3cb77a706… (source src/shared/ov/func_8016FF6C.h)
[ OK ] E_func_8017018C: 141 members [141 binaries] share h_exact 891d92ce3a59… (source src/shared/ov/func_8017018C.h)
[ OK ] E_func_8017027C: 141 members [141 binaries] share h_exact 819697a2d046… (source src/shared/ov/func_8017027C.h)
[ OK ] E_func_80170338: 141 members [141 binaries] share h_exact 94bb26cf0fb4… (source src/shared/ov/func_80170338.h)
[ OK ] E_func_80170584: 141 members [141 binaries] share h_exact 9fc2c1d663e4… (source src/shared/ov/func_80170584.h)
[ OK ] E_func_80170670: 141 members [141 binaries] share h_exact 4588448c3563… (source src/shared/ov/func_80170670.h)
[ OK ] E_func_801707D4: 141 members [141 binaries] share h_exact 6c6b39b2a834… (source src/shared/ov/func_801707D4.h)
[ OK ] E_func_80170DA4: 141 members [141 binaries] share h_exact 8a43d3ee4a06… (source src/shared/ov/func_80170DA4.h)
[ OK ] E_func_80170E70: 141 members [141 binaries] share h_exact f57156c80aef… (source src/shared/ov/func_80170E70.h)
[ OK ] E_func_80170F74: 141 members [141 binaries] share h_exact 7238a8bb6ef8… (source src/shared/ov/func_80170F74.h)
[ OK ] E_func_80171028: 141 members [141 binaries] share h_exact 694c3814d1e6… (source src/shared/ov/func_80171028.h)
[ OK ] E_func_801710A0: 141 members [141 binaries] share h_exact 80428b9378b3… (source src/shared/ov/func_801710A0.h)
[ OK ] E_func_8017484C: 141 members [141 binaries] share h_exact 9b18efbe59e3… (source src/shared/ov/func_8017484C.h)
[ OK ] E_func_80175114: 141 members [141 binaries] share h_exact 12d06a3254b6… (source src/shared/ov/func_80175114.h)
[ OK ] E_func_80152C40: 141 members [141 binaries] share h_exact 0fcb8309801c… (source src/shared/ov/func_80152C40.h)
[ OK ] E_func_801541D8: 141 members [141 binaries] share h_exact cc56f5c92236… (source src/shared/ov/func_801541D8.h)
[ OK ] E_func_80154A74: 141 members [141 binaries] share h_exact c8386d855e5f… (source src/shared/ov/func_80154A74.h)
[ OK ] E_func_80154AE0: 141 members [141 binaries] share h_exact cf62c38daac0… (source src/shared/ov/func_80154AE0.h)
[ OK ] E_func_80157880: 141 members [141 binaries] share h_exact 225543065066… (source src/shared/ov/func_80157880.h)
[ OK ] E_func_801585AC: 141 members [141 binaries] share h_exact 8e35c11566b4… (source src/shared/ov/func_801585AC.h)
[ OK ] E_func_80161278: 141 members [141 binaries] share h_exact f1ff88ab5a2d… (source src/shared/ov/func_80161278.h)
[ OK ] E_func_80165024: 141 members [141 binaries] share h_exact 24edee62572e… (source src/shared/ov/func_80165024.h)
[ OK ] E_func_801655E4: 141 members [141 binaries] share h_exact 57c0fed776fd… (source src/shared/ov/func_801655E4.h)
[ OK ] E_func_8016FA44: 141 members [141 binaries] share h_exact 372fba9f069b… (source src/shared/ov/func_8016FA44.h)
[ OK ] E_func_8016FB10: 141 members [141 binaries] share h_exact 6bcc6e0742bf… (source src/shared/ov/func_8016FB10.h)
[ OK ] E_func_8016FC24: 141 members [141 binaries] share h_exact 4847286e199d… (source src/shared/ov/func_8016FC24.h)
[ OK ] E_func_80170CB0: 141 members [141 binaries] share h_exact 56339eabda0a… (source src/shared/ov/func_80170CB0.h)
[ OK ] E_func_80172A8C: 141 members [141 binaries] share h_exact bc24eefda922… (source src/shared/ov/func_80172A8C.h)
[ OK ] E_func_80172ACC: 141 members [141 binaries] share h_exact f865f9dd4d05… (source src/shared/ov/func_80172ACC.h)
[ OK ] E_func_80172E94: 141 members [141 binaries] share h_exact 31054b7ad469… (source src/shared/ov/func_80172E94.h)
[ OK ] E_func_80173770: 141 members [141 binaries] share h_exact fd69ed14b49a… (source src/shared/ov/func_80173770.h)
[ OK ] E_func_80174714: 141 members [141 binaries] share h_exact b4f7b74a78a0… (source src/shared/ov/func_80174714.h)
[ OK ] E_func_801751D8: 141 members [141 binaries] share h_exact ba880ced3a83… (source src/shared/ov/func_801751D8.h)
[ OK ] E_func_8012A68C: 141 members [141 binaries] share h_exact e7706f1ed492… (source src/shared/ov/func_8012A68C.h)
[ OK ] E_func_8012A758: 141 members [141 binaries] share h_exact d8da648a4759… (source src/shared/ov/func_8012A758.h)
[ OK ] E_func_80130898: 141 members [141 binaries] share h_exact 5d17703995d0… (source src/shared/ov/func_80130898.h)
[ OK ] E_func_80131E38: 141 members [141 binaries] share h_exact a082860f4cb6… (source src/shared/ov/func_80131E38.h)
[ OK ] E_func_8012EF70: 141 members [141 binaries] share h_exact 59d11e9c0fe6… (source src/shared/ov/func_8012EF70.h)
[ OK ] E_func_80151980: 141 members [141 binaries] share h_exact 89717461906a… (source src/shared/ov/func_80151980.h)
[ OK ] E_func_80152094: 141 members [141 binaries] share h_exact bf910f05519d… (source src/shared/ov/func_80152094.h)
[ OK ] E_func_8015220C: 141 members [141 binaries] share h_exact 376c5f93e9f7… (source src/shared/ov/func_8015220C.h)
[ OK ] E_func_801523AC: 141 members [141 binaries] share h_exact b8b7baca7423… (source src/shared/ov/func_801523AC.h)
[ OK ] E_func_80152868: 141 members [141 binaries] share h_exact 779884704929… (source src/shared/ov/func_80152868.h)
[ OK ] E_func_80152A08: 141 members [141 binaries] share h_exact 376c5f93e9f7… (source src/shared/ov/func_80152A08.h)
[ OK ] E_func_80152BA8: 141 members [141 binaries] share h_exact 7f38bf66941d… (source src/shared/ov/func_80152BA8.h)
[ OK ] E_func_80152D60: 141 members [141 binaries] share h_exact 75be5fc465a4… (source src/shared/ov/func_80152D60.h)
[ OK ] E_func_80152EFC: 141 members [141 binaries] share h_exact 376c5f93e9f7… (source src/shared/ov/func_80152EFC.h)
[ OK ] E_func_8015309C: 141 members [141 binaries] share h_exact 99649d202039… (source src/shared/ov/func_8015309C.h)
[ OK ] E_func_801531BC: 141 members [141 binaries] share h_exact 376c5f93e9f7… (source src/shared/ov/func_801531BC.h)
[ OK ] E_func_8015335C: 141 members [141 binaries] share h_exact adee2aa2c139… (source src/shared/ov/func_8015335C.h)
[ OK ] E_func_80153490: 141 members [141 binaries] share h_exact 376c5f93e9f7… (source src/shared/ov/func_80153490.h)
[ OK ] E_func_80153D34: 141 members [141 binaries] share h_exact 8b25d4c36c33… (source src/shared/ov/func_80153D34.h)
[ OK ] E_func_80154190: 141 members [141 binaries] share h_exact 66eda9913b65… (source src/shared/ov/func_80154190.h)
[ OK ] E_func_80165B6C: 141 members [141 binaries] share h_exact 50d4aaab6de9… (source src/shared/ov/func_80165B6C.h)
[ OK ] E_func_80165BB4: 141 members [141 binaries] share h_exact 31b5359aec24… (source src/shared/ov/func_80165BB4.h)
[ OK ] E_func_8016DBD8: 141 members [141 binaries] share h_exact 389779e86bfc… (source src/shared/ov/func_8016DBD8.h)
[ OK ] E_func_801700B8: 141 members [141 binaries] share h_exact 9427ade0f62b… (source src/shared/ov/func_801700B8.h)
[ OK ] E_func_80170B90: 141 members [141 binaries] share h_exact ef71fb01be56… (source src/shared/ov/func_80170B90.h)
[ OK ] E_func_80172310: 141 members [141 binaries] share h_exact 9525ccbcee7f… (source src/shared/ov/func_80172310.h)
[ OK ] E_func_80172844: 141 members [141 binaries] share h_exact 749b5d810e2b… (source src/shared/ov/func_80172844.h)
[ OK ] E_func_80172B80: 141 members [141 binaries] share h_exact 6eafeaf236f3… (source src/shared/ov/func_80172B80.h)
[ OK ] E_func_801731D8: 141 members [141 binaries] share h_exact 558b003329c0… (source src/shared/ov/func_801731D8.h)
[ OK ] E_func_801739D8: 141 members [141 binaries] share h_exact 327b373c1847… (source src/shared/ov/func_801739D8.h)
[ OK ] E_func_80179D30: 141 members [141 binaries] share h_exact d8c69912d41a… (source src/shared/ov/func_80179D30.h)
[ OK ] E_func_80179EA0: 141 members [141 binaries] share h_exact af16be006d4d… (source src/shared/ov/func_80179EA0.h)
[ OK ] E_func_8012927C: 141 members [141 binaries] share h_exact b7012f8f5dde… (source src/shared/ov/func_8012927C.h)
[ OK ] E_func_80150820: 141 members [141 binaries] share h_exact e4d590927252… (source src/shared/ov/func_80150820.h)
[ OK ] E_func_80155FF8: 141 members [141 binaries] share h_exact 58790e2d0996… (source src/shared/ov/func_80155FF8.h)
[ OK ] E_func_801585EC: 141 members [141 binaries] share h_exact 75da69175fe6… (source src/shared/ov/func_801585EC.h)
[ OK ] E_func_80160A28: 141 members [141 binaries] share h_exact 2120c89f515a… (source src/shared/ov/func_80160A28.h)
[ OK ] E_func_8016236C: 141 members [141 binaries] share h_exact 9d5c9feb0f43… (source src/shared/ov/func_8016236C.h)
[ OK ] E_func_80162714: 141 members [141 binaries] share h_exact cf4df967eaaa… (source src/shared/ov/func_80162714.h)
[ OK ] E_func_80168780: 141 members [141 binaries] share h_exact baa7c44a9ee0… (source src/shared/ov/func_80168780.h)
[ OK ] E_func_801752BC: 141 members [141 binaries] share h_exact 003d1544d98b… (source src/shared/ov/func_801752BC.h)
[ OK ] E_func_80179B28: 141 members [141 binaries] share h_exact 72ad176429c2… (source src/shared/ov/func_80179B28.h)
[ OK ] E_func_8013A860: 141 members [141 binaries] share h_exact 6177d8247c48… (source src/shared/ov/func_8013A860.h)
[ OK ] E_func_80148AAC: 141 members [141 binaries] share h_exact 297617417463… (source src/shared/ov/func_80148AAC.h)
[ OK ] E_func_80151D60: 141 members [141 binaries] share h_exact 8a229bd3664b… (source src/shared/ov/func_80151D60.h)
[ OK ] E_func_80157D74: 141 members [141 binaries] share h_exact d1410418043c… (source src/shared/ov/func_80157D74.h)
[ OK ] E_func_8016E728: 134 members [134 binaries] share h_exact 89a42c5ccac1… (source src/shared/ov/func_8016E728.h)
[ OK ] E_func_80170018: 141 members [141 binaries] share h_exact d4c03ef5cf59… (source src/shared/ov/func_80170018.h)
[ OK ] E_func_80170068: 141 members [141 binaries] share h_exact 9ff852f7b186… (source src/shared/ov/func_80170068.h)
[ OK ] E_func_80170100: 141 members [141 binaries] share h_exact 9ff852f7b186… (source src/shared/ov/func_80170100.h)
[ OK ] E_func_80173C64: 141 members [141 binaries] share h_exact 0cb398776c32… (source src/shared/ov/func_80173C64.h)
[ OK ] E_func_8012C044: 141 members [141 binaries] share h_exact d88e5bf5c3c5… (source src/shared/ov/func_8012C044.h)
[ OK ] E_func_80144A98: 141 members [141 binaries] share h_exact 6109627bef0b… (source src/shared/ov/func_80144A98.h)
[ OK ] E_func_8015F848: 141 members [141 binaries] share h_exact b2b08ed88cf5… (source src/shared/ov/func_8015F848.h)
[ OK ] E_func_801685EC: 141 members [141 binaries] share h_exact 25f13a15752d… (source src/shared/ov/func_801685EC.h)
[ OK ] E_func_801717A0: 141 members [141 binaries] share h_exact 5069366133d9… (source src/shared/ov/func_801717A0.h)
[ OK ] E_func_80179F98: 141 members [141 binaries] share h_exact 1c2c2100a609… (source src/shared/ov/func_80179F98.h)
[ OK ] E_func_80179FEC: 141 members [141 binaries] share h_exact 6b445c8395a9… (source src/shared/ov/func_80179FEC.h)
[ OK ] E_func_8017A040: 141 members [141 binaries] share h_exact c7c1e0752ca7… (source src/shared/ov/func_8017A040.h)
[ OK ] E_func_80155C0C: 141 members [141 binaries] share h_exact d62d91b59bd8… (source src/shared/ov/func_80155C0C.h)
[ OK ] E_func_80160A74: 141 members [141 binaries] share h_exact 335b001492c9… (source src/shared/ov/func_80160A74.h)
[ OK ] E_func_80162F08: 141 members [141 binaries] share h_exact bd924b4c3598… (source src/shared/ov/func_80162F08.h)
[ OK ] E_func_80164A74: 141 members [141 binaries] share h_exact 3c26b0df034e… (source src/shared/ov/func_80164A74.h)
[ OK ] E_func_80165718: 141 members [141 binaries] share h_exact edc0f24823ab… (source src/shared/ov/func_80165718.h)
[ OK ] E_func_8016629C: 141 members [141 binaries] share h_exact ea3a37a498f9… (source src/shared/ov/func_8016629C.h)
[ OK ] E_func_801662F4: 141 members [141 binaries] share h_exact da887e0c2fb0… (source src/shared/ov/func_801662F4.h)
[ OK ] E_func_8016634C: 141 members [141 binaries] share h_exact e9302d2d5764… (source src/shared/ov/func_8016634C.h)
[ OK ] E_func_801663A4: 141 members [141 binaries] share h_exact 3126ed5574f5… (source src/shared/ov/func_801663A4.h)
[ OK ] E_func_8016FE78: 141 members [141 binaries] share h_exact f7a5de7a1107… (source src/shared/ov/func_8016FE78.h)
[ OK ] E_func_80145BF8: 141 members [141 binaries] share h_exact a4cff9565b56… (source src/shared/ov/func_80145BF8.h)
[ OK ] E_func_8014CA14: 140 members [140 binaries] share h_exact 7576525bd5c7… (source src/shared/ov/func_8014CA14.h)
[ OK ] E_func_8014CA88: 141 members [141 binaries] share h_exact 4a4750c338e1… (source src/shared/ov/func_8014CA88.h)
[ OK ] E_func_8015C788: 141 members [141 binaries] share h_exact 837d3071359d… (source src/shared/ov/func_8015C788.h)
[ OK ] E_func_8015E22C: 141 members [141 binaries] share h_exact abafb4f25542… (source src/shared/ov/func_8015E22C.h)
[ OK ] E_func_8015F260: 141 members [141 binaries] share h_exact ded9a06acab1… (source src/shared/ov/func_8015F260.h)
[ OK ] E_func_80160CB4: 141 members [141 binaries] share h_exact eb74e19d501c… (source src/shared/ov/func_80160CB4.h)
[ OK ] E_func_80161488: 141 members [141 binaries] share h_exact 27836390581d… (source src/shared/ov/func_80161488.h)
[ OK ] E_func_801623B8: 141 members [141 binaries] share h_exact e4e04b3f6f2f… (source src/shared/ov/func_801623B8.h)
[ OK ] E_func_80157F64: 141 members [141 binaries] share h_exact 4aed16214e16… (source src/shared/ov/func_80157F64.h)
[ OK ] E_func_801601E4: 141 members [141 binaries] share h_exact 9d63aa59967e… (source src/shared/ov/func_801601E4.h)
[ OK ] E_func_80160244: 141 members [141 binaries] share h_exact 5bfdb1c995e8… (source src/shared/ov/func_80160244.h)
[ OK ] E_func_8016D5EC: 141 members [141 binaries] share h_exact 53a6e34a7909… (source src/shared/ov/func_8016D5EC.h)
[ OK ] E_func_8016F14C: 141 members [141 binaries] share h_exact edf31e68952a… (source src/shared/ov/func_8016F14C.h)
[ OK ] E_func_8016FED0: 141 members [141 binaries] share h_exact e00f3bf51bf9… (source src/shared/ov/func_8016FED0.h)
[ OK ] E_func_8015C0C4: 141 members [141 binaries] share h_exact 50441ee115ad… (source src/shared/ov/func_8015C0C4.h)
[ OK ] E_func_8012EECC: 141 members [141 binaries] share h_exact 6bab7bd49d32… (source src/shared/ov/func_8012EECC.h)
[ OK ] E_func_8013A1E8: 141 members [141 binaries] share h_exact 3c78e3286ab1… (source src/shared/ov/func_8013A1E8.h)
[ OK ] E_func_80149078: 141 members [141 binaries] share h_exact 756380c5e019… (source src/shared/ov/func_80149078.h)
[ OK ] E_func_8015DB6C: 141 members [141 binaries] share h_exact c7b8ee4ee1e8… (source src/shared/ov/func_8015DB6C.h)
[ OK ] E_func_8015DECC: 141 members [141 binaries] share h_exact 1e6523a26b73… (source src/shared/ov/func_8015DECC.h)
[ OK ] E_func_80161094: 141 members [141 binaries] share h_exact ca08e5472391… (source src/shared/ov/func_80161094.h)
[ OK ] E_func_8012C218: 141 members [141 binaries] share h_exact ce41e186c857… (source src/shared/ov/func_8012C218.h)
[ OK ] E_func_80161B18: 141 members [141 binaries] share h_exact 574a62a2fcc9… (source src/shared/ov/func_80161B18.h)
[ OK ] E_func_80163664: 141 members [141 binaries] share h_exact 0513c57f15bd… (source src/shared/ov/func_80163664.h)
[ OK ] E_func_8016FBB8: 141 members [141 binaries] share h_exact 714e5f8a33e0… (source src/shared/ov/func_8016FBB8.h)
[ OK ] E_func_801787D4: 141 members [141 binaries] share h_exact b406ba1fc1c7… (source src/shared/ov/func_801787D4.h)
[ OK ] E_func_8012C820: 141 members [141 binaries] share h_exact 244d37799afc… (source src/shared/ov/func_8012C820.h)
[ OK ] E_func_80146924: 141 members [141 binaries] share h_exact e116ed6b0f60… (source src/shared/ov/func_80146924.h)
[ OK ] E_func_801498E0: 141 members [141 binaries] share h_exact c7fd0d9310e5… (source src/shared/ov/func_801498E0.h)
[ OK ] E_func_8014CD0C: 140 members [140 binaries] share h_exact bd7388526b98… (source src/shared/ov/func_8014CD0C.h)
[ OK ] E_func_8015ABD4: 141 members [141 binaries] share h_exact e609793fa7c7… (source src/shared/ov/func_8015ABD4.h)
[ OK ] E_func_8016FD08: 141 members [141 binaries] share h_exact 7036de6d0612… (source src/shared/ov/func_8016FD08.h)
[ OK ] E_func_8017385C: 141 members [141 binaries] share h_exact c612942ea917… (source src/shared/ov/func_8017385C.h)
[ OK ] E_func_8012DEB8: 141 members [141 binaries] share h_exact 5214ae1f455d… (source src/shared/ov/func_8012DEB8.h)
[ OK ] E_func_8013A448: 141 members [141 binaries] share h_exact 46170b360639… (source src/shared/ov/func_8013A448.h)
[ OK ] E_func_801417F8: 141 members [141 binaries] share h_exact fa494c644736… (source src/shared/ov/func_801417F8.h)
[ OK ] E_func_80151F38: 141 members [141 binaries] share h_exact 7627ebffcd6b… (source src/shared/ov/func_80151F38.h)
[ OK ] E_func_80152714: 141 members [141 binaries] share h_exact 4ba4e3346efc… (source src/shared/ov/func_80152714.h)
[ OK ] E_func_80155B20: 141 members [141 binaries] share h_exact 5fa29aa02c30… (source src/shared/ov/func_80155B20.h)
[ OK ] E_func_8016345C: 141 members [141 binaries] share h_exact 162f2b3442d5… (source src/shared/ov/func_8016345C.h)
[ OK ] E_func_8016E26C: 141 members [141 binaries] share h_exact 46617185ebf3… (source src/shared/ov/func_8016E26C.h)
[ OK ] E_func_8012A908: 141 members [141 binaries] share h_exact 0eb9b74e34b3… (source src/shared/ov/func_8012A908.h)
[ OK ] E_func_80133060: 141 members [141 binaries] share h_exact d59a16872605… (source src/shared/ov/func_80133060.h)
[ OK ] E_func_80142D38: 141 members [141 binaries] share h_exact d2c087e190ba… (source src/shared/ov/func_80142D38.h)
[ OK ] E_func_80150BC8: 141 members [141 binaries] share h_exact b516ff15c6be… (source src/shared/ov/func_80150BC8.h)
[ OK ] E_func_80153410: 141 members [141 binaries] share h_exact 61c07dc9de72… (source src/shared/ov/func_80153410.h)
[ OK ] E_func_80153B58: 141 members [141 binaries] share h_exact 596dbad85734… (source src/shared/ov/func_80153B58.h)
[ OK ] E_func_801592CC: 141 members [141 binaries] share h_exact ec9e74305eba… (source src/shared/ov/func_801592CC.h)
[ OK ] E_func_801642AC: 141 members [141 binaries] share h_exact 94963a44ceb2… (source src/shared/ov/func_801642AC.h)
[ OK ] E_func_8016D984: 134 members [134 binaries] share h_exact 3ef37ce705e3… (source src/shared/ov/func_8016D984.h)
[ OK ] E_func_8017162C: 141 members [141 binaries] share h_exact c089d1e227a8… (source src/shared/ov/func_8017162C.h)
[ OK ] E_func_80128C14: 141 members [141 binaries] share h_exact 96d28a20379c… (source src/shared/ov/func_80128C14.h)
[ OK ] E_func_8012B030: 141 members [141 binaries] share h_exact 2654ea1999c4… (source src/shared/ov/func_8012B030.h)
[ OK ] E_func_8012FF98: 141 members [141 binaries] share h_exact bcfabc231b2e… (source src/shared/ov/func_8012FF98.h)
[ OK ] E_func_801305CC: 141 members [141 binaries] share h_exact 9a49b3150100… (source src/shared/ov/func_801305CC.h)
[ OK ] E_func_8015E9B8: 141 members [141 binaries] share h_exact c7ba891ba175… (source src/shared/ov/func_8015E9B8.h)
[ OK ] E_func_8012DF34: 141 members [141 binaries] share h_exact 934e4124614d… (source src/shared/ov/func_8012DF34.h)
[ OK ] E_func_80139E84: 141 members [141 binaries] share h_exact 7dcbec3c6e63… (source src/shared/ov/func_80139E84.h)
[ OK ] E_func_80146FC4: 141 members [141 binaries] share h_exact 47fba63bb18b… (source src/shared/ov/func_80146FC4.h)
[ OK ] E_func_8014D0A4: 141 members [141 binaries] share h_exact d852a554a17d… (source src/shared/ov/func_8014D0A4.h)
[ OK ] E_func_8014D438: 141 members [141 binaries] share h_exact 9151c10a263e… (source src/shared/ov/func_8014D438.h)
[ OK ] E_func_80158CD8: 141 members [141 binaries] share h_exact a810ff63a50f… (source src/shared/ov/func_80158CD8.h)
[ OK ] E_func_801598E0: 141 members [141 binaries] share h_exact c7959a6645a2… (source src/shared/ov/func_801598E0.h)
[ OK ] E_func_801741EC: 141 members [141 binaries] share h_exact 6d4886d59e31… (source src/shared/ov/func_801741EC.h)
[ OK ] E_func_8012F2E8: 141 members [141 binaries] share h_exact 9b145e507b52… (source src/shared/ov/func_8012F2E8.h)
[ OK ] E_func_801377B4: 141 members [141 binaries] share h_exact fd81cfb25403… (source src/shared/ov/func_801377B4.h)
[ OK ] E_func_80139A8C: 141 members [141 binaries] share h_exact a66e14d19114… (source src/shared/ov/func_80139A8C.h)
[ OK ] E_func_801490F8: 141 members [141 binaries] share h_exact 661924c38a17… (source src/shared/ov/func_801490F8.h)
[ OK ] E_func_8016829C: 134 members [134 binaries] share h_exact 9dda58b2de98… (source src/shared/ov/func_8016829C.h)
[ OK ] E_func_801684B4: 134 members [134 binaries] share h_exact fbef0f0b65fe… (source src/shared/ov/func_801684B4.h)
[ OK ] E_func_80168AE4: 141 members [141 binaries] share h_exact 8ee12b1de3e1… (source src/shared/ov/func_80168AE4.h)
[ OK ] E_func_8012F0BC: 141 members [141 binaries] share h_exact 2bfc096b977a… (source src/shared/ov/func_8012F0BC.h)
[ OK ] E_func_8014D790: 141 members [141 binaries] share h_exact 42c8a718882d… (source src/shared/ov/func_8014D790.h)
[ OK ] E_func_80178744: 141 members [141 binaries] share h_exact f083aa8ed203… (source src/shared/ov/func_80178744.h)
[ OK ] E_func_80142838: 141 members [141 binaries] share h_exact ddc23eaccef1… (source src/shared/ov/func_80142838.h)
[ OK ] E_func_80142F68: 141 members [141 binaries] share h_exact 7b00cd12de4b… (source src/shared/ov/func_80142F68.h)
[ OK ] E_func_801430F4: 141 members [141 binaries] share h_exact 4dd95886358e… (source src/shared/ov/func_801430F4.h)
[ OK ] E_func_8014B504: 141 members [141 binaries] share h_exact 6969ca26be83… (source src/shared/ov/func_8014B504.h)
[ OK ] E_func_801636D0: 141 members [141 binaries] share h_exact 176fa9de62df… (source src/shared/ov/func_801636D0.h)
[ OK ] E_func_80176D00: 141 members [141 binaries] share h_exact 259aeb442ad1… (source src/shared/ov/func_80176D00.h)
[ OK ] E_func_80178608: 141 members [141 binaries] share h_exact 1015df7612b0… (source src/shared/ov/func_80178608.h)
[ OK ] E_func_8017C0BC: 13 members [13 binaries] share h_exact dacfc3392a91… (source src/shared/ov/func_8017C0BC.h)
[ OK ] E_func_80128420: 141 members [141 binaries] share h_exact 8d82c97c06c1… (source src/shared/ov/func_80128420.h)
[ OK ] E_func_8012BDBC: 141 members [141 binaries] share h_exact 14852206fb22… (source src/shared/ov/func_8012BDBC.h)
[ OK ] E_func_8013E064: 141 members [141 binaries] share h_exact 827cf706489a… (source src/shared/ov/func_8013E064.h)
[ OK ] E_func_8013E0FC: 141 members [141 binaries] share h_exact 1108e87a4246… (source src/shared/ov/func_8013E0FC.h)
[ OK ] E_func_8013E194: 141 members [141 binaries] share h_exact 87b707bc5170… (source src/shared/ov/func_8013E194.h)
[ OK ] E_func_80146EC0: 141 members [141 binaries] share h_exact 4722b6530afb… (source src/shared/ov/func_80146EC0.h)
[ OK ] E_func_80158C40: 141 members [141 binaries] share h_exact 734b84ebee59… (source src/shared/ov/func_80158C40.h)
[ OK ] E_func_80128678: 141 members [141 binaries] share h_exact ea18ab824ce1… (source src/shared/ov/func_80128678.h)
[ OK ] E_func_80152790: 141 members [141 binaries] share h_exact 8455727d27e4… (source src/shared/ov/func_80152790.h)
[ OK ] E_func_8013E370: 141 members [141 binaries] share h_exact adcb98f1d08f… (source src/shared/ov/func_8013E370.h)
[ OK ] E_func_8014E514: 141 members [141 binaries] share h_exact e88ac80c5dde… (source src/shared/ov/func_8014E514.h)
[ OK ] E_func_8015B858: 138 members [138 binaries] share h_exact 05353a788c4a… (source src/shared/ov/func_8015B858.h)
[ OK ] E_func_80163194: 141 members [141 binaries] share h_exact a99f39f3d5d5… (source src/shared/ov/func_80163194.h)
[ OK ] E_func_8012B370: 141 members [141 binaries] share h_exact 889a0211429f… (source src/shared/ov/func_8012B370.h)
[ OK ] E_func_8012B414: 141 members [141 binaries] share h_exact 9b181a9ae2af… (source src/shared/ov/func_8012B414.h)
[ OK ] E_func_801469C8: 141 members [141 binaries] share h_exact 887af6753662… (source src/shared/ov/func_801469C8.h)
[ OK ] E_func_80152AC8: 141 members [141 binaries] share h_exact 5dc4521e4e34… (source src/shared/ov/func_80152AC8.h)
[ OK ] E_func_80152FBC: 141 members [141 binaries] share h_exact 5dc4521e4e34… (source src/shared/ov/func_80152FBC.h)
[ OK ] E_func_8015327C: 141 members [141 binaries] share h_exact 5dc4521e4e34… (source src/shared/ov/func_8015327C.h)
[ OK ] E_func_80153550: 141 members [141 binaries] share h_exact 5dc4521e4e34… (source src/shared/ov/func_80153550.h)
[ OK ] E_func_8015640C: 141 members [141 binaries] share h_exact d17a7fc16d10… (source src/shared/ov/func_8015640C.h)
[ OK ] E_func_8015B7B4: 141 members [141 binaries] share h_exact 0c167617f978… (source src/shared/ov/func_8015B7B4.h)
[ OK ] E_func_8015E40C: 141 members [141 binaries] share h_exact 07fb5ee4e7b4… (source src/shared/ov/func_8015E40C.h)
[ OK ] E_func_8015FDCC: 141 members [141 binaries] share h_exact 77b42930d102… (source src/shared/ov/func_8015FDCC.h)
[ OK ] E_func_8017C66C: 2 members [ov_SC01_077,ov_SC03_030] share h_exact dc415768c81a… (source src/shared/ov/func_8017C66C.h)
[ OK ] E_func_801307B0: 141 members [141 binaries] share h_exact b47c4a6bdc1b… (source src/shared/ov/func_801307B0.h)
[ OK ] E_func_80132DC4: 141 members [141 binaries] share h_exact 06db85cdb7d6… (source src/shared/ov/func_80132DC4.h)
[ OK ] E_func_80139220: 141 members [141 binaries] share h_exact 2a5159e3e6ba… (source src/shared/ov/func_80139220.h)
[ OK ] E_func_8017869C: 141 members [141 binaries] share h_exact d2e5c8ae3b12… (source src/shared/ov/func_8017869C.h)
[ OK ] E_func_80146608: 141 members [141 binaries] share h_exact 1580ccd08474… (source src/shared/ov/func_80146608.h)
[ OK ] E_func_80137840: 141 members [141 binaries] share h_exact 387fc7472ded… (source src/shared/ov/func_80137840.h)
[ OK ] E_func_80139F0C: 141 members [141 binaries] share h_exact 6a29ec2498c2… (source src/shared/ov/func_80139F0C.h)
[ OK ] E_func_80159070: 141 members [141 binaries] share h_exact ed5b882c48c0… (source src/shared/ov/func_80159070.h)
[ OK ] E_func_801638A0: 141 members [141 binaries] share h_exact 3da89c7662f4… (source src/shared/ov/func_801638A0.h)
[ OK ] E_func_80139FE8: 141 members [141 binaries] share h_exact f7f6f6956c80… (source src/shared/ov/func_80139FE8.h)
[ OK ] E_func_8015E288: 141 members [141 binaries] share h_exact 0f1950ec7507… (source src/shared/ov/func_8015E288.h)
[ OK ] E_func_80169E44: 141 members [141 binaries] share h_exact a2923d0db776… (source src/shared/ov/func_80169E44.h)
[ OK ] E_func_80149290: 141 members [141 binaries] share h_exact 5bcf2335d2be… (source src/shared/ov/func_80149290.h)
[ OK ] E_func_80157EA4: 141 members [141 binaries] share h_exact a32bf8897e81… (source src/shared/ov/func_80157EA4.h)
[ OK ] E_func_80154ED8: 141 members [141 binaries] share h_exact bd2f9eeb535a… (source src/shared/ov/func_80154ED8.h)
[ OK ] E_func_80158D60: 141 members [141 binaries] share h_exact 270e24b5537d… (source src/shared/ov/func_80158D60.h)
[ OK ] E_func_80139B18: 141 members [141 binaries] share h_exact fb9dd8cacbfc… (source src/shared/ov/func_80139B18.h)
[ OK ] E_func_80164864: 141 members [141 binaries] share h_exact de5b1632a55d… (source src/shared/ov/func_80164864.h)
[ OK ] E_func_80162FF4: 141 members [141 binaries] share h_exact af1aceb26914… (source src/shared/ov/func_80162FF4.h)
[ OK ] E_func_801630C4: 141 members [141 binaries] share h_exact b852714239b2… (source src/shared/ov/func_801630C4.h)
[ OK ] E_func_8016D778: 141 members [141 binaries] share h_exact a5aa4b51b19c… (source src/shared/ov/func_8016D778.h)
[ OK ] E_func_80164ACC: 141 members [141 binaries] share h_exact 60a8185e190d… (source src/shared/ov/func_80164ACC.h)
[ OK ] E_func_8012FB54: 141 members [141 binaries] share h_exact d27da4c59ef3… (source src/shared/ov/func_8012FB54.h)
[ OK ] E_func_80156A88: 141 members [141 binaries] share h_exact b45520c958ab… (source src/shared/ov/func_80156A88.h)
[ OK ] E_func_80176FF4: 141 members [141 binaries] share h_exact e3fda24e2573… (source src/shared/ov/func_80176FF4.h)
[ OK ] E_func_80177340: 141 members [141 binaries] share h_exact 484845ef4c7b… (source src/shared/ov/func_80177340.h)
[ OK ] E_func_80147628: 141 members [141 binaries] share h_exact f659c94d7055… (source src/shared/ov/func_80147628.h)
[ OK ] E_func_80158344: 141 members [141 binaries] share h_exact 46109ea72e5d… (source src/shared/ov/func_80158344.h)
[ OK ] E_func_8012CEB0: 141 members [141 binaries] share h_exact 729406619ed1… (source src/shared/ov/func_8012CEB0.h)
[ OK ] E_func_801580B4: 141 members [141 binaries] share h_exact f8ce1b8a0b75… (source src/shared/ov/func_801580B4.h)
[ OK ] E_func_80157BC8: 141 members [141 binaries] share h_exact 1769ca41ce6a… (source src/shared/ov/func_80157BC8.h)
[ OK ] E_func_80163950: 141 members [141 binaries] share h_exact 3f08c26ca12d… (source src/shared/ov/func_80163950.h)
[ OK ] E_func_80149954: 140 members [140 binaries] share h_exact 7921cb4a22e0… (source src/shared/ov/func_80149954.h)
[ OK ] E_func_801564B0: 141 members [141 binaries] share h_exact bb99dfa83ae7… (source src/shared/ov/func_801564B0.h)
[ OK ] E_func_8016D4DC: 141 members [141 binaries] share h_exact 70c20d8b0107… (source src/shared/ov/func_8016D4DC.h)
[ OK ] E_func_80165E90: 141 members [141 binaries] share h_exact 3b09d941f210… (source src/shared/ov/func_80165E90.h)
[ OK ] E_func_8014B190: 141 members [141 binaries] share h_exact 4491a46e47dd… (source src/shared/ov/func_8014B190.h)
[ OK ] E_func_8014B5D8: 141 members [141 binaries] share h_exact 0e33400c6e8e… (source src/shared/ov/func_8014B5D8.h)
[ OK ] E_func_80137BD8: 141 members [141 binaries] share h_exact 0680069116c0… (source src/shared/ov/func_80137BD8.h)
[ OK ] E_func_8013AA24: 141 members [141 binaries] share h_exact 79bd864d2f47… (source src/shared/ov/func_8013AA24.h)
[ OK ] E_func_8014AA28: 141 members [141 binaries] share h_exact 14044f34fbd8… (source src/shared/ov/func_8014AA28.h)
[ OK ] E_func_8015E714: 141 members [141 binaries] share h_exact 288bb7edbebe… (source src/shared/ov/func_8015E714.h)
[ OK ] E_func_8016D848: 134 members [134 binaries] share h_exact cc6b91ad3dbd… (source src/shared/ov/func_8016D848.h)
[ OK ] E_func_8013895C: 141 members [141 binaries] share h_exact 30d23db2634a… (source src/shared/ov/func_8013895C.h)
[ OK ] E_func_80154F9C: 141 members [141 binaries] share h_exact 9fb7a0c8c404… (source src/shared/ov/func_80154F9C.h)
[ OK ] E_func_80171384: 141 members [141 binaries] share h_exact 6eb604470cf7… (source src/shared/ov/func_80171384.h)
[ OK ] E_func_8016986C: 135 members [135 binaries] share h_exact 4dd276719f6c… (source src/shared/ov/func_8016986C.h)
[ OK ] E_func_8016AFB0: 141 members [141 binaries] share h_exact fa06c03532e9… (source src/shared/ov/func_8016AFB0.h)
[ OK ] E_func_80166438: 141 members [141 binaries] share h_exact fda8ed5be7f4… (source src/shared/ov/func_80166438.h)
[ OK ] E_func_8013240C: 141 members [141 binaries] share h_exact 8dc27dfe776c… (source src/shared/ov/func_8013240C.h)
[ OK ] E_func_80148648: 141 members [141 binaries] share h_exact 935427e601a7… (source src/shared/ov/func_80148648.h)
[ OK ] E_func_80159120: 141 members [141 binaries] share h_exact 3d32b871a103… (source src/shared/ov/func_80159120.h)
[ OK ] E_func_8013AB54: 141 members [141 binaries] share h_exact ff32a6ba03e6… (source src/shared/ov/func_8013AB54.h)
[ OK ] E_func_80172738: 141 members [141 binaries] share h_exact e37a9ee53bab… (source src/shared/ov/func_80172738.h)
[ OK ] E_func_80173174: 141 members [141 binaries] share h_exact 59589684a79e… (source src/shared/ov/func_80173174.h)
[ OK ] E_func_8017427C: 141 members [141 binaries] share h_exact 09faf82a8344… (source src/shared/ov/func_8017427C.h)
[ OK ] E_func_8017435C: 141 members [141 binaries] share h_exact 0a7ada7102ab… (source src/shared/ov/func_8017435C.h)
[ OK ] E_func_80174784: 141 members [141 binaries] share h_exact c675dbe1b426… (source src/shared/ov/func_80174784.h)
[ OK ] E_func_80174824: 141 members [141 binaries] share h_exact 0c985c28a905… (source src/shared/ov/func_80174824.h)
[ OK ] E_func_80159B08: 141 members [141 binaries] share h_exact da702795b878… (source src/shared/ov/func_80159B08.h)
[ OK ] E_func_8015A1FC: 141 members [141 binaries] share h_exact f3ca7922b86c… (source src/shared/ov/func_8015A1FC.h)
[ OK ] E_func_8015BF48: 141 members [141 binaries] share h_exact cc67b9fb369f… (source src/shared/ov/func_8015BF48.h)
[ OK ] E_func_8015C6AC: 141 members [141 binaries] share h_exact 00ccd358e0c3… (source src/shared/ov/func_8015C6AC.h)
[ OK ] E_func_8015D480: 141 members [141 binaries] share h_exact 593894079729… (source src/shared/ov/func_8015D480.h)
[ OK ] E_func_8015DA90: 141 members [141 binaries] share h_exact b2e0c85fb8f1… (source src/shared/ov/func_8015DA90.h)
[ OK ] E_func_8015DDF0: 141 members [141 binaries] share h_exact 0b97a973a69d… (source src/shared/ov/func_8015DDF0.h)
[ OK ] E_func_8015E150: 141 members [141 binaries] share h_exact 413c5d187f7d… (source src/shared/ov/func_8015E150.h)
[ OK ] E_func_8015E84C: 141 members [141 binaries] share h_exact a2cedf307ce6… (source src/shared/ov/func_8015E84C.h)
[ OK ] E_func_8015EDA0: 141 members [141 binaries] share h_exact 5893556c7c64… (source src/shared/ov/func_8015EDA0.h)
[ OK ] E_func_8015EFA4: 141 members [141 binaries] share h_exact 59d79e56ace5… (source src/shared/ov/func_8015EFA4.h)
[ OK ] E_func_80174E9C: 141 members [141 binaries] share h_exact 6007f0564fda… (source src/shared/ov/func_80174E9C.h)
[ OK ] E_func_80174EF0: 141 members [141 binaries] share h_exact bfc27ca57e45… (source src/shared/ov/func_80174EF0.h)
[ OK ] E_func_80170634: 141 members [141 binaries] share h_exact 1714b0594617… (source src/shared/ov/func_80170634.h)
[ OK ] E_func_80170F38: 141 members [141 binaries] share h_exact bb8c59cd35f5… (source src/shared/ov/func_80170F38.h)
[ OK ] E_func_80170FEC: 141 members [141 binaries] share h_exact 0963c8b88436… (source src/shared/ov/func_80170FEC.h)
[ OK ] E_func_80174438: 141 members [141 binaries] share h_exact 976702b1853f… (source src/shared/ov/func_80174438.h)
[ OK ] E_func_801729B0: 141 members [141 binaries] share h_exact b9f3ba0aef3d… (source src/shared/ov/func_801729B0.h)
[ OK ] E_func_80147AD4: 141 members [141 binaries] share h_exact 3e1daedfcfab… (source src/shared/ov/func_80147AD4.h)
[ OK ] E_func_8016F71C: 141 members [141 binaries] share h_exact df105843d186… (source src/shared/ov/func_8016F71C.h)
[ OK ] E_func_80170928: 141 members [141 binaries] share h_exact 19fb9b8fd0f0… (source src/shared/ov/func_80170928.h)
[ OK ] E_func_80170970: 141 members [141 binaries] share h_exact 2d6dafd3eb98… (source src/shared/ov/func_80170970.h)
[ OK ] E_func_801709B8: 141 members [141 binaries] share h_exact 4687a9f94df1… (source src/shared/ov/func_801709B8.h)
[ OK ] E_func_80170A00: 141 members [141 binaries] share h_exact 53864e6cc8a9… (source src/shared/ov/func_80170A00.h)
[ OK ] E_func_80170A48: 141 members [141 binaries] share h_exact 88494ff2e310… (source src/shared/ov/func_80170A48.h)
[ OK ] E_func_80170A90: 141 members [141 binaries] share h_exact 0ad8fbc6aa6b… (source src/shared/ov/func_80170A90.h)
[ OK ] E_func_801736B0: 141 members [141 binaries] share h_exact 88b8795a6f71… (source src/shared/ov/func_801736B0.h)
[ OK ] E_func_8016FAC0: 141 members [141 binaries] share h_exact 81a39fc405d0… (source src/shared/ov/func_8016FAC0.h)
[ OK ] E_func_80170784: 141 members [141 binaries] share h_exact e3c0e81b17b9… (source src/shared/ov/func_80170784.h)
[ OK ] E_func_8017250C: 141 members [141 binaries] share h_exact 11db5e809b1d… (source src/shared/ov/func_8017250C.h)
[ OK ] E_func_8015E95C: 141 members [141 binaries] share h_exact 508521501333… (source src/shared/ov/func_8015E95C.h)
[ OK ] E_func_8014A1B0: 141 members [141 binaries] share h_exact 7012b59defcc… (source src/shared/ov/func_8014A1B0.h)
[ OK ] E_func_801748EC: 141 members [141 binaries] share h_exact 79386ba50343… (source src/shared/ov/func_801748EC.h)
[ OK ] E_func_8014E48C: 141 members [141 binaries] share h_exact b608acbd3916… (source src/shared/ov/func_8014E48C.h)
[ OK ] E_func_80149D10: 141 members [141 binaries] share h_exact 2511bb943b5b… (source src/shared/ov/func_80149D10.h)
[ OK ] E_func_801432FC: 141 members [141 binaries] share h_exact 1286cbd438a0… (source src/shared/ov/func_801432FC.h)
[ OK ] E_func_801472C8: 141 members [141 binaries] share h_exact ad15917f493f… (source src/shared/ov/func_801472C8.h)
[ OK ] E_func_8014C8F0: 141 members [141 binaries] share h_exact c734ae056122… (source src/shared/ov/func_8014C8F0.h)
[ OK ] E_func_80139FBC: 141 members [141 binaries] share h_exact 9267af04d40a… (source src/shared/ov/func_80139FBC.h)
[ OK ] E_func_8014C860: 141 members [141 binaries] share h_exact 2750c2a2abb2… (source src/shared/ov/func_8014C860.h)
[ OK ] E_func_8012931C: 141 members [141 binaries] share h_exact 194bedddb279… (source src/shared/ov/func_8012931C.h)
[ OK ] E_func_8015BE04: 141 members [141 binaries] share h_exact 24e88d56837d… (source src/shared/ov/func_8015BE04.h)
[ OK ] E_func_8016F540: 141 members [141 binaries] share h_exact affb5c185438… (source src/shared/ov/func_8016F540.h)
[ OK ] E_func_8014C010: 141 members [141 binaries] share h_exact a8c18c00da24… (source src/shared/ov/func_8014C010.h)
[ OK ] E_func_8014AD30: 141 members [141 binaries] share h_exact a1e0a452bc13… (source src/shared/ov/func_8014AD30.h)
[ OK ] E_func_801504D8: 141 members [141 binaries] share h_exact 2a5244b73f4f… (source src/shared/ov/func_801504D8.h)
[ OK ] E_func_80172780: 141 members [141 binaries] share h_exact 42c657942442… (source src/shared/ov/func_80172780.h)
[ OK ] E_func_80172894: 141 members [141 binaries] share h_exact 5b7bc6deb97d… (source src/shared/ov/func_80172894.h)
[ OK ] E_func_80143BDC: 141 members [141 binaries] share h_exact 78b3d886028b… (source src/shared/ov/func_80143BDC.h)
[ OK ] E_func_80173460: 141 members [141 binaries] share h_exact 232843bf8734… (source src/shared/ov/func_80173460.h)
[ OK ] E_func_80131E7C: 141 members [141 binaries] share h_exact 288abbc9cfb6… (source src/shared/ov/func_80131E7C.h)
[ OK ] E_func_801433F0: 141 members [141 binaries] share h_exact 3964cb5f6141… (source src/shared/ov/func_801433F0.h)
[ OK ] E_func_8012BC60: 141 members [141 binaries] share h_exact 34a25b325540… (source src/shared/ov/func_8012BC60.h)
[ OK ] E_func_8013A250: 141 members [141 binaries] share h_exact e163cc8fbd32… (source src/shared/ov/func_8013A250.h)
[ OK ] E_func_8013A4C4: 141 members [141 binaries] share h_exact 2db7165de05b… (source src/shared/ov/func_8013A4C4.h)
[ OK ] E_func_8013E22C: 141 members [141 binaries] share h_exact 16e22033f4a1… (source src/shared/ov/func_8013E22C.h)
[ OK ] E_func_8014FDF4: 141 members [141 binaries] share h_exact fa2e74153338… (source src/shared/ov/func_8014FDF4.h)
[ OK ] E_func_80151ECC: 141 members [141 binaries] share h_exact bc1cdab454cc… (source src/shared/ov/func_80151ECC.h)
[ OK ] E_func_80153150: 141 members [141 binaries] share h_exact 87f4ab69e5c6… (source src/shared/ov/func_80153150.h)
[ OK ] E_func_80172358: 141 members [141 binaries] share h_exact 7e92fd5b9bf8… (source src/shared/ov/func_80172358.h)
[ OK ] E_func_80136ECC: 141 members [141 binaries] share h_exact d16b428bf589… (source src/shared/ov/func_80136ECC.h)
[ OK ] E_func_801730FC: 141 members [141 binaries] share h_exact 5beb8dad7992… (source src/shared/ov/func_801730FC.h)
[ OK ] E_func_8014350C: 141 members [141 binaries] share h_exact f81e8c3743d2… (source src/shared/ov/func_8014350C.h)
[ OK ] E_func_8012FE70: 141 members [141 binaries] share h_exact 684e947ebb0d… (source src/shared/ov/func_8012FE70.h)
[ OK ] E_func_8014ED80: 141 members [141 binaries] share h_exact fce3e1ebe12c… (source src/shared/ov/func_8014ED80.h)
[ OK ] E_func_8014F24C: 141 members [141 binaries] share h_exact 9687d3e37eb7… (source src/shared/ov/func_8014F24C.h)
[ OK ] E_func_8016380C: 141 members [141 binaries] share h_exact ffd7edfde43d… (source src/shared/ov/func_8016380C.h)
[ OK ] E_func_8014E6F8: 141 members [141 binaries] share h_exact 8b71d48d265c… (source src/shared/ov/func_8014E6F8.h)
[ OK ] E_func_80152E4C: 141 members [141 binaries] share h_exact 01abd8496262… (source src/shared/ov/func_80152E4C.h)
[ OK ] E_func_8015294C: 141 members [141 binaries] share h_exact cf34981ab894… (source src/shared/ov/func_8015294C.h)
[ OK ] E_func_8012AE00: 141 members [141 binaries] share h_exact a0992d250655… (source src/shared/ov/func_8012AE00.h)
[ OK ] E_func_80171520: 141 members [141 binaries] share h_exact d575d1e7ec12… (source src/shared/ov/func_80171520.h)
[ OK ] E_func_8012AF0C: 141 members [141 binaries] share h_exact b46ce263f0d9… (source src/shared/ov/func_8012AF0C.h)
[ OK ] E_func_80138D58: 141 members [141 binaries] share h_exact 9e12464b058b… (source src/shared/ov/func_80138D58.h)
[ OK ] E_func_80146014: 141 members [141 binaries] share h_exact 7eb4113a9231… (source src/shared/ov/func_80146014.h)
[ OK ] E_func_801582C0: 141 members [141 binaries] share h_exact 5694cb60d0df… (source src/shared/ov/func_801582C0.h)
[ OK ] E_func_80139DF4: 141 members [141 binaries] share h_exact 8974153e0b2c… (source src/shared/ov/func_80139DF4.h)
[ OK ] E_func_8016E3CC: 141 members [141 binaries] share h_exact de282f34e6b1… (source src/shared/ov/func_8016E3CC.h)
[ OK ] E_func_8012F374: 141 members [141 binaries] share h_exact 40cefd72ca0e… (source src/shared/ov/func_8012F374.h)
[ OK ] E_func_801308DC: 141 members [141 binaries] share h_exact b789abbd2e36… (source src/shared/ov/func_801308DC.h)
[ OK ] E_func_8015F080: 141 members [141 binaries] share h_exact 5fbc6a60b374… (source src/shared/ov/func_8015F080.h)
[ OK ] E_func_8012A110: 141 members [141 binaries] share h_exact 447e428ca181… (source src/shared/ov/func_8012A110.h)
[ OK ] E_func_801653F4: 141 members [141 binaries] share h_exact 2f02778b2f77… (source src/shared/ov/func_801653F4.h)
[ OK ] E_func_80129010: 141 members [141 binaries] share h_exact eb19da204efd… (source src/shared/ov/func_80129010.h)
[ OK ] E_func_80138AB4: 141 members [141 binaries] share h_exact edbc3bbda9de… (source src/shared/ov/func_80138AB4.h)
[ OK ] E_func_8014B350: 141 members [141 binaries] share h_exact 026711d20e02… (source src/shared/ov/func_8014B350.h)
[ OK ] E_func_80143640: 141 members [141 binaries] share h_exact b99172e9d405… (source src/shared/ov/func_80143640.h)
[ OK ] E_func_801437D8: 141 members [141 binaries] share h_exact d5542b9f9ef8… (source src/shared/ov/func_801437D8.h)
[ OK ] E_func_80143EBC: 141 members [141 binaries] share h_exact 1f774dcebe0f… (source src/shared/ov/func_80143EBC.h)
[ OK ] E_func_80162B1C: 141 members [141 binaries] share h_exact 433ff414cdd2… (source src/shared/ov/func_80162B1C.h)
[ OK ] E_func_80147054: 141 members [141 binaries] share h_exact 08c8e0b3e082… (source src/shared/ov/func_80147054.h)
[ OK ] E_func_801470A0: 141 members [141 binaries] share h_exact 2d1e52587590… (source src/shared/ov/func_801470A0.h)
[ OK ] E_func_8012DFBC: 141 members [141 binaries] share h_exact 4633308cd4ea… (source src/shared/ov/func_8012DFBC.h)
[ OK ] E_func_80165900: 141 members [141 binaries] share h_exact cdd870d33037… (source src/shared/ov/func_80165900.h)
[ OK ] E_func_80129428: 141 members [141 binaries] share h_exact 202a2c9d7b8d… (source src/shared/ov/func_80129428.h)
[ OK ] E_func_8012AD6C: 141 members [141 binaries] share h_exact e3188d66f866… (source src/shared/ov/func_8012AD6C.h)
[ OK ] E_func_8012BF54: 141 members [141 binaries] share h_exact 849b9b85b7fc… (source src/shared/ov/func_8012BF54.h)
[ OK ] E_func_801472DC: 141 members [141 binaries] share h_exact b370e07f726c… (source src/shared/ov/func_801472DC.h)
[ OK ] E_func_801658EC: 141 members [141 binaries] share h_exact 1af2df4578e4… (source src/shared/ov/func_801658EC.h)
[ OK ] E_func_80148D24: 141 members [141 binaries] share h_exact 6231396095e4… (source src/shared/ov/func_80148D24.h)
[ OK ] E_func_8012A304: 141 members [141 binaries] share h_exact c947fc5a4a9f… (source src/shared/ov/func_8012A304.h)
[ OK ] E_func_80147264: 141 members [141 binaries] share h_exact ad0476c355e1… (source src/shared/ov/func_80147264.h)
[ OK ] E_func_8016F680: 141 members [141 binaries] share h_exact d1d877659537… (source src/shared/ov/func_8016F680.h)
[ OK ] E_func_8016F6B0: 141 members [141 binaries] share h_exact e83d07046d02… (source src/shared/ov/func_8016F6B0.h)
[ OK ] E_func_8015BDD0: 141 members [141 binaries] share h_exact 05039a2debdc… (source src/shared/ov/func_8015BDD0.h)
[ OK ] E_func_8014C050: 141 members [141 binaries] share h_exact d9a7e628a331… (source src/shared/ov/func_8014C050.h)
[ OK ] E_func_8014BD24: 141 members [141 binaries] share h_exact 04790f9ab956… (source src/shared/ov/func_8014BD24.h)
[ OK ] E_func_80149AD4: 141 members [141 binaries] share h_exact fe7498e06070… (source src/shared/ov/func_80149AD4.h)
[ OK ] E_func_80149B14: 141 members [141 binaries] share h_exact 06806d92353c… (source src/shared/ov/func_80149B14.h)
[ OK ] E_func_80149BAC: 141 members [141 binaries] share h_exact 0e5161ead46c… (source src/shared/ov/func_80149BAC.h)
[ OK ] E_func_8014BC80: 141 members [141 binaries] share h_exact d382a5c20313… (source src/shared/ov/func_8014BC80.h)
[ OK ] E_func_8014C088: 141 members [141 binaries] share h_exact 6b14b5f24480… (source src/shared/ov/func_8014C088.h)
[ OK ] E_func_80169FE0: 134 members [134 binaries] share h_exact 5d5ada925fc2… (source src/shared/ov/func_80169FE0.h)
[ OK ] E_func_8016DEE0: 134 members [134 binaries] share h_exact 5d5ada925fc2… (source src/shared/ov/func_8016DEE0.h)
[ OK ] E_func_80149A64: 141 members [141 binaries] share h_exact 0b8da7ea4a43… (source src/shared/ov/func_80149A64.h)
[ OK ] E_func_8012BCCC: 141 members [141 binaries] share h_exact 2f5797b1a9c6… (source src/shared/ov/func_8012BCCC.h)
[ OK ] E_func_80146AB4: 141 members [141 binaries] share h_exact 0c04108ed085… (source src/shared/ov/func_80146AB4.h)
[ OK ] E_func_8014A4B4: 141 members [141 binaries] share h_exact 37fed24a98d7… (source src/shared/ov/func_8014A4B4.h)
[ OK ] E_func_8014ACE8: 141 members [141 binaries] share h_exact e5c6980fdd23… (source src/shared/ov/func_8014ACE8.h)
[ OK ] E_func_8012A094: 141 members [141 binaries] share h_exact 133fc0f6a419… (source src/shared/ov/func_8012A094.h)
[ OK ] E_func_80139634: 141 members [141 binaries] share h_exact 20545451aecd… (source src/shared/ov/func_80139634.h)
[ OK ] E_func_80162120: 141 members [141 binaries] share h_exact d51a273bef54… (source src/shared/ov/func_80162120.h)
[ OK ] E_func_8012A860: 141 members [141 binaries] share h_exact 991046b9200a… (source src/shared/ov/func_8012A860.h)
[ OK ] E_func_8012E57C: 141 members [141 binaries] share h_exact f24a0b0c7e60… (source src/shared/ov/func_8012E57C.h)
[ OK ] E_func_80146D30: 141 members [141 binaries] share h_exact 42f2f95e7fa8… (source src/shared/ov/func_80146D30.h)
[ OK ] E_func_8014C0C8: 141 members [141 binaries] share h_exact cf1123124665… (source src/shared/ov/func_8014C0C8.h)
[ OK ] E_func_8014C918: 141 members [141 binaries] share h_exact 9b204ab47540… (source src/shared/ov/func_8014C918.h)
[ OK ] E_func_801552F4: 141 members [141 binaries] share h_exact 3d478d051e58… (source src/shared/ov/func_801552F4.h)
[ OK ] E_func_80155344: 141 members [141 binaries] share h_exact a58bff3df3ac… (source src/shared/ov/func_80155344.h)
[ OK ] E_func_8014A6C4: 141 members [141 binaries] share h_exact 22e1e42e77db… (source src/shared/ov/func_8014A6C4.h)
[ OK ] E_func_8015AB7C: 141 members [141 binaries] share h_exact 70b23b1b4685… (source src/shared/ov/func_8015AB7C.h)
[ OK ] E_func_801620C4: 141 members [141 binaries] share h_exact 11673a7024f9… (source src/shared/ov/func_801620C4.h)
[ OK ] E_func_801626B8: 141 members [141 binaries] share h_exact c9b29013a17a… (source src/shared/ov/func_801626B8.h)
[ OK ] E_func_801633A8: 141 members [141 binaries] share h_exact a4be12c0225a… (source src/shared/ov/func_801633A8.h)
[ OK ] E_func_8017C230: 13 members [13 binaries] share h_exact 0d563d451696… (source src/shared/ov/func_8017C230.h)
[ OK ] E_func_80146CC8: 141 members [141 binaries] share h_exact e555ecf83e14… (source src/shared/ov/func_80146CC8.h)
[ OK ] E_func_801657D8: 141 members [141 binaries] share h_exact a2d99471f537… (source src/shared/ov/func_801657D8.h)
[ OK ] E_func_80165874: 141 members [141 binaries] share h_exact 5b5892dd87ef… (source src/shared/ov/func_80165874.h)
[ OK ] E_func_8013001C: 141 members [141 binaries] share h_exact 9047781a5e3e… (source src/shared/ov/func_8013001C.h)
[ OK ] E_func_80130088: 141 members [141 binaries] share h_exact 337954326d7a… (source src/shared/ov/func_80130088.h)
[ OK ] E_func_80128564: 141 members [141 binaries] share h_exact af411ba9a871… (source src/shared/ov/func_80128564.h)
[ OK ] E_func_801691B8: 141 members [141 binaries] share h_exact 298645a7a22e… (source src/shared/ov/func_801691B8.h)
[ OK ] E_func_8016E2E8: 141 members [141 binaries] share h_exact 0f87b8a67e9a… (source src/shared/ov/func_8016E2E8.h)
[ OK ] E_func_8016B984: 141 members [141 binaries] share h_exact c20da3b02570… (source src/shared/ov/func_8016B984.h)
[ OK ] E_func_8016E358: 141 members [141 binaries] share h_exact c9083af682ce… (source src/shared/ov/func_8016E358.h)
[ OK ] E_func_8014B6F0: 141 members [141 binaries] share h_exact dc27727130e6… (source src/shared/ov/func_8014B6F0.h)
[ OK ] E_func_8012BD3C: 141 members [141 binaries] share h_exact 763aedb8f654… (source src/shared/ov/func_8012BD3C.h)
[ OK ] E_func_8012CAE4: 141 members [141 binaries] share h_exact 2820a65d8873… (source src/shared/ov/func_8012CAE4.h)
[ OK ] E_func_801553C0: 141 members [141 binaries] share h_exact 6459cdbf717d… (source src/shared/ov/func_801553C0.h)
[ OK ] E_func_8012CE2C: 141 members [141 binaries] share h_exact 5563d2c5623c… (source src/shared/ov/func_8012CE2C.h)
[ OK ] E_func_80147DC0: 141 members [141 binaries] share h_exact 423ef84e2fc4… (source src/shared/ov/func_80147DC0.h)
[ OK ] E_func_8016325C: 141 members [141 binaries] share h_exact 7eaa565887f9… (source src/shared/ov/func_8016325C.h)
[ OK ] E_func_8013F1BC: 141 members [141 binaries] share h_exact 4bfd5f8f7fb6… (source src/shared/ov/func_8013F1BC.h)
[ OK ] E_func_8014CC28: 141 members [141 binaries] share h_exact 90056bd966a1… (source src/shared/ov/func_8014CC28.h)
[ OK ] E_func_801567BC: 141 members [141 binaries] share h_exact bec5d9c6e9f4… (source src/shared/ov/func_801567BC.h)
[ OK ] E_func_80142454: 141 members [141 binaries] share h_exact ea50e5b58f31… (source src/shared/ov/func_80142454.h)
[ OK ] E_func_801581AC: 141 members [141 binaries] share h_exact 94a631a26170… (source src/shared/ov/func_801581AC.h)
[ OK ] E_func_8016E1CC: 141 members [141 binaries] share h_exact cef71d90f44a… (source src/shared/ov/func_8016E1CC.h)
[ OK ] E_func_8013914C: 141 members [141 binaries] share h_exact 636de43ab92d… (source src/shared/ov/func_8013914C.h)
[ OK ] E_func_8013ED6C: 141 members [141 binaries] share h_exact cba4af6096f9… (source src/shared/ov/func_8013ED6C.h)
[ OK ] E_func_801505FC: 141 members [141 binaries] share h_exact 4370c660a03a… (source src/shared/ov/func_801505FC.h)
[ OK ] E_func_80149DD8: 141 members [141 binaries] share h_exact 2a6a0a352f86… (source src/shared/ov/func_80149DD8.h)
[ OK ] E_func_8014E98C: 141 members [141 binaries] share h_exact 3abe6ffe660f… (source src/shared/ov/func_8014E98C.h)
[ OK ] E_func_801575E4: 141 members [141 binaries] share h_exact 0e84cbe453d7… (source src/shared/ov/func_801575E4.h)
[ OK ] E_func_8016BADC: 141 members [141 binaries] share h_exact b24d5275a924… (source src/shared/ov/func_8016BADC.h)
[ OK ] E_func_8012C354: 141 members [141 binaries] share h_exact c3abcfd9590f… (source src/shared/ov/func_8012C354.h)
[ OK ] E_func_8012C438: 141 members [141 binaries] share h_exact 26de808c6769… (source src/shared/ov/func_8012C438.h)
[ OK ] E_func_8014FA70: 141 members [141 binaries] share h_exact 2d0215264ad4… (source src/shared/ov/func_8014FA70.h)
[ OK ] E_func_80172170: 141 members [141 binaries] share h_exact 938c5a61d871… (source src/shared/ov/func_80172170.h)
[ OK ] E_func_8014BCC0: 141 members [141 binaries] share h_exact 4055e35f0214… (source src/shared/ov/func_8014BCC0.h)
[ OK ] E_func_8014B160: 141 members [141 binaries] share h_exact 12194e05c6f7… (source src/shared/ov/func_8014B160.h)
[ OK ] E_func_80174318: 141 members [141 binaries] share h_exact 12747cc8fa20… (source src/shared/ov/func_80174318.h)
[ OK ] E_func_8015B8F8: 141 members [141 binaries] share h_exact 94eda48058d8… (source src/shared/ov/func_8015B8F8.h)
[ OK ] E_func_80161B84: 141 members [141 binaries] share h_exact f35acb39f613… (source src/shared/ov/func_80161B84.h)
[ OK ] E_func_80168EC4: 141 members [141 binaries] share h_exact b7b15fe18f0b… (source src/shared/ov/func_80168EC4.h)
[ OK ] E_func_80172BC8: 141 members [141 binaries] share h_exact 13280ca24ff4… (source src/shared/ov/func_80172BC8.h)
[ OK ] E_func_80151FB4: 141 members [141 binaries] share h_exact 5dc4521e4e34… (source src/shared/ov/func_80151FB4.h)
[ OK ] E_func_8014B084: 141 members [141 binaries] share h_exact bbc5441e07c5… (source src/shared/ov/func_8014B084.h)
[ OK ] E_func_80149744: 141 members [141 binaries] share h_exact 13b4f28ec33f… (source src/shared/ov/func_80149744.h)
[ OK ] E_func_8014A3E0: 141 members [141 binaries] share h_exact 2b0c6f411727… (source src/shared/ov/func_8014A3E0.h)
[ OK ] E_func_80163328: 141 members [141 binaries] share h_exact 6830db403d8c… (source src/shared/ov/func_80163328.h)
[ OK ] E_func_8013A164: 141 members [141 binaries] share h_exact ccd63ab9301c… (source src/shared/ov/func_8013A164.h)
[ OK ] E_func_8014BDE8: 141 members [141 binaries] share h_exact db10e0529b23… (source src/shared/ov/func_8014BDE8.h)
[ OK ] E_func_8012A4BC: 141 members [141 binaries] share h_exact bb9bde6ea0d2… (source src/shared/ov/func_8012A4BC.h)
[ OK ] E_func_80150EC4: 141 members [141 binaries] share h_exact f04f51c21388… (source src/shared/ov/func_80150EC4.h)
[ OK ] E_func_8013A0A4: 141 members [141 binaries] share h_exact baf65af94ddb… (source src/shared/ov/func_8013A0A4.h)
[ OK ] E_func_80147060: 141 members [141 binaries] share h_exact 6a3562029687… (source src/shared/ov/func_80147060.h)
[ OK ] E_func_8014CB68: 141 members [141 binaries] share h_exact 5cbbc7d5890a… (source src/shared/ov/func_8014CB68.h)
[ OK ] E_func_80153C30: 141 members [141 binaries] share h_exact ff122ce5d926… (source src/shared/ov/func_80153C30.h)
[ OK ] E_func_80155394: 141 members [141 binaries] share h_exact ce2e8c5dc84b… (source src/shared/ov/func_80155394.h)
[ OK ] E_func_80162ACC: 141 members [141 binaries] share h_exact c78255fdbf10… (source src/shared/ov/func_80162ACC.h)
[ OK ] E_func_80162AE0: 141 members [141 binaries] share h_exact 347517c3f9f3… (source src/shared/ov/func_80162AE0.h)
[ OK ] E_func_801659B8: 141 members [141 binaries] share h_exact e428a4cdc1d7… (source src/shared/ov/func_801659B8.h)
[ OK ] E_func_8016F250: 141 members [141 binaries] share h_exact 8a6ff3fa92b4… (source src/shared/ov/func_8016F250.h)
[ OK ] E_func_8016F374: 141 members [141 binaries] share h_exact bf27fb12fe8a… (source src/shared/ov/func_8016F374.h)
[ OK ] E_func_8017197C: 141 members [141 binaries] share h_exact c78eaf58e4ed… (source src/shared/ov/func_8017197C.h)
[ OK ] E_func_80171990: 141 members [141 binaries] share h_exact 77923155c286… (source src/shared/ov/func_80171990.h)
[ OK ] E_func_80171A44: 141 members [141 binaries] share h_exact c78eaf58e4ed… (source src/shared/ov/func_80171A44.h)
[ OK ] E_func_80146D90: 141 members [141 binaries] share h_exact f55bac35c68e… (source src/shared/ov/func_80146D90.h)
[ OK ] E_func_80165910: 141 members [141 binaries] share h_exact f3d22be9427a… (source src/shared/ov/func_80165910.h)
[ OK ] E_func_80151204: 141 members [141 binaries] share h_exact 48bd34d5cb3e… (source src/shared/ov/func_80151204.h)
[ OK ] E_func_80159B3C: 141 members [141 binaries] share h_exact efc17c5e2bce… (source src/shared/ov/func_80159B3C.h)
[ OK ] E_func_8017118C: 141 members [141 binaries] share h_exact 0fae0b937954… (source src/shared/ov/func_8017118C.h)
[ OK ] E_func_8012A828: 141 members [141 binaries] share h_exact 5f61e1574e65… (source src/shared/ov/func_8012A828.h)
[ OK ] E_func_8014BCEC: 141 members [141 binaries] share h_exact 3e099a2e36b8… (source src/shared/ov/func_8014BCEC.h)
[ OK ] E_func_8014CB9C: 141 members [141 binaries] share h_exact 9af355c48ff7… (source src/shared/ov/func_8014CB9C.h)
[ OK ] E_func_8017303C: 141 members [141 binaries] share h_exact d62e186f0315… (source src/shared/ov/func_8017303C.h)
[ OK ] E_func_80154150: 141 members [141 binaries] share h_exact 2ad8c33c8ec9… (source src/shared/ov/func_80154150.h)
[ OK ] E_func_801743F0: 141 members [141 binaries] share h_exact 5ab9497dab45… (source src/shared/ov/func_801743F0.h)
[ OK ] E_func_80147B18: 141 members [141 binaries] share h_exact e033e50ae267… (source src/shared/ov/func_80147B18.h)
[ OK ] E_func_801508B4: 141 members [141 binaries] share h_exact c54c2b229bb8… (source src/shared/ov/func_801508B4.h)
[ OK ] E_func_8015173C: 141 members [141 binaries] share h_exact c6add8b668ec… (source src/shared/ov/func_8015173C.h)
[ OK ] E_func_8015BD8C: 141 members [141 binaries] share h_exact e59dc56c9742… (source src/shared/ov/func_8015BD8C.h)
[ OK ] E_func_8015BF04: 141 members [141 binaries] share h_exact e59dc56c9742… (source src/shared/ov/func_8015BF04.h)
[ OK ] E_func_8015BFB0: 141 members [141 binaries] share h_exact a0a4720075c2… (source src/shared/ov/func_8015BFB0.h)
[ OK ] E_func_80172D68: 141 members [141 binaries] share h_exact 214c5e8e740f… (source src/shared/ov/func_80172D68.h)
[ OK ] E_func_8012C284: 141 members [141 binaries] share h_exact f450e581866c… (source src/shared/ov/func_8012C284.h)
[ OK ] E_func_8016FE2C: 141 members [141 binaries] share h_exact ec4659aff251… (source src/shared/ov/func_8016FE2C.h)
[ OK ] E_func_80172D14: 141 members [141 binaries] share h_exact 6aa89ac7fafb… (source src/shared/ov/func_80172D14.h)
[ OK ] E_func_8014B034: 141 members [141 binaries] share h_exact 4a864eafb919… (source src/shared/ov/func_8014B034.h)
[ OK ] E_func_80152BF0: 141 members [141 binaries] share h_exact 1da4cc8c1bdf… (source src/shared/ov/func_80152BF0.h)
[ OK ] E_func_80172958: 141 members [141 binaries] share h_exact bcb1fe7d874f… (source src/shared/ov/func_80172958.h)
[ OK ] E_func_801508F8: 141 members [141 binaries] share h_exact 3974efd40e82… (source src/shared/ov/func_801508F8.h)
[ OK ] E_func_80171CC4: 141 members [141 binaries] share h_exact 5f5df581ed57… (source src/shared/ov/func_80171CC4.h)
[ OK ] E_func_80171D1C: 141 members [141 binaries] share h_exact 8f6725ed2c51… (source src/shared/ov/func_80171D1C.h)
[ OK ] E_func_801665B4: 141 members [141 binaries] share h_exact 883ec57a1349… (source src/shared/ov/func_801665B4.h)
[ OK ] E_func_8017044C: 141 members [141 binaries] share h_exact 88ab0f480e45… (source src/shared/ov/func_8017044C.h)
[ OK ] E_func_801533A4: 141 members [141 binaries] share h_exact 2ddaebea05d4… (source src/shared/ov/func_801533A4.h)
[ OK ] E_func_80157E38: 141 members [141 binaries] share h_exact a59074022783… (source src/shared/ov/func_80157E38.h)
[ OK ] E_func_8015D57C: 141 members [141 binaries] share h_exact 5662145b191f… (source src/shared/ov/func_8015D57C.h)
[ OK ] E_func_80170374: 141 members [141 binaries] share h_exact d314b53f8326… (source src/shared/ov/func_80170374.h)
[ OK ] E_func_8013B204: 141 members [141 binaries] share h_exact 13888a347077… (source src/shared/ov/func_8013B204.h)
[ OK ] E_func_8014C43C: 141 members [141 binaries] share h_exact e7c6d0504834… (source src/shared/ov/func_8014C43C.h)
[ OK ] E_func_801701C8: 141 members [141 binaries] share h_exact 5d39e0fdc5ff… (source src/shared/ov/func_801701C8.h)
[ OK ] E_func_8015E0D4: 141 members [141 binaries] share h_exact 5953c40c7040… (source src/shared/ov/func_8015E0D4.h)
[ OK ] E_func_80147D38: 141 members [141 binaries] share h_exact 8c9cfeabe514… (source src/shared/ov/func_80147D38.h)
[ OK ] E_func_80129398: 141 members [141 binaries] share h_exact 25784e1dec94… (source src/shared/ov/func_80129398.h)
[ OK ] E_func_80171D78: 141 members [141 binaries] share h_exact 0d330bd8f36b… (source src/shared/ov/func_80171D78.h)
[ OK ] E_func_801776EC: 141 members [141 binaries] share h_exact b6119a8c166e… (source src/shared/ov/func_801776EC.h)
[ OK ] E_func_8012B2CC: 141 members [141 binaries] share h_exact bda8e42f620e… (source src/shared/ov/func_8012B2CC.h)
[ OK ] E_func_801525F4: 141 members [141 binaries] share h_exact 5dc4521e4e34… (source src/shared/ov/func_801525F4.h)
[ OK ] E_func_8014C5FC: 141 members [141 binaries] share h_exact e2aa596f482b… (source src/shared/ov/func_8014C5FC.h)
[ OK ] E_func_8014FC18: 141 members [141 binaries] share h_exact c7b7e790dfc4… (source src/shared/ov/func_8014FC18.h)
[ OK ] E_func_80161124: 138 members [138 binaries] share h_exact cca105be1acc… (source src/shared/ov/func_80161124.h)
[ OK ] E_func_8016EE94: 141 members [141 binaries] share h_exact 0a90673f9b53… (source src/shared/ov/func_8016EE94.h)
[ OK ] E_func_8014BB24: 141 members [141 binaries] share h_exact 79d6924b3539… (source src/shared/ov/func_8014BB24.h)
[ OK ] E_func_8015E5B0: 141 members [141 binaries] share h_exact 2d57884c73c9… (source src/shared/ov/func_8015E5B0.h)
[ OK ] E_func_80172E20: 141 members [141 binaries] share h_exact 946b56ed47e1… (source src/shared/ov/func_80172E20.h)
[ OK ] E_func_8014706C: 141 members [141 binaries] share h_exact c83c902ffb22… (source src/shared/ov/func_8014706C.h)
[ OK ] E_func_8014708C: 141 members [141 binaries] share h_exact 6b0cbcd59447… (source src/shared/ov/func_8014708C.h)
[ OK ] E_func_801470B4: 141 members [141 binaries] share h_exact 5885db796916… (source src/shared/ov/func_801470B4.h)
[ OK ] E_func_8012AD50: 141 members [141 binaries] share h_exact 545fa3d77eb6… (source src/shared/ov/func_8012AD50.h)
[ OK ] E_func_80151184: 141 members [141 binaries] share h_exact 718e4df49acf… (source src/shared/ov/func_80151184.h)
[ OK ] E_func_80139914: 141 members [141 binaries] share h_exact b62f6b5d21f4… (source src/shared/ov/func_80139914.h)
[ OK ] E_func_80147324: 140 members [140 binaries] share h_exact f42005211641… (source src/shared/ov/func_80147324.h)
[ OK ] E_func_80165A78: 141 members [141 binaries] share h_exact 533abb8969a9… (source src/shared/ov/func_80165A78.h)
[ OK ] E_func_801554B8: 141 members [141 binaries] share h_exact 935863b18d66… (source src/shared/ov/func_801554B8.h)
[ OK ] E_func_801530E4: 141 members [141 binaries] share h_exact 2ddaebea05d4… (source src/shared/ov/func_801530E4.h)
[ OK ] E_func_8016B448: 141 members [141 binaries] share h_exact 163199bd80c6… (source src/shared/ov/func_8016B448.h)
[ OK ] E_func_801485B8: 141 members [141 binaries] share h_exact 5ab3182a339b… (source src/shared/ov/func_801485B8.h)
[ OK ] E_func_8014E790: 141 members [141 binaries] share h_exact dbe2dc59f93c… (source src/shared/ov/func_8014E790.h)
[ OK ] E_func_8012D3B4: 140 members [140 binaries] share h_exact c56e1eba19b3… (source src/shared/ov/func_8012D3B4.h)
[ OK ] E_func_801303A0: 141 members [141 binaries] share h_exact 2699b5175a00… (source src/shared/ov/func_801303A0.h)
[ OK ] E_func_8015773C: 141 members [141 binaries] share h_exact 75da69175fe6… (source src/shared/ov/func_8015773C.h)
[ OK ] E_func_8012BE98: 141 members [141 binaries] share h_exact 63eedc41df0a… (source src/shared/ov/func_8012BE98.h)
[ OK ] E_func_8012A7D4: 141 members [141 binaries] share h_exact c6a8b03118ea… (source src/shared/ov/func_8012A7D4.h)
[ OK ] E_func_8012C51C: 141 members [141 binaries] share h_exact ad674b4e59ff… (source src/shared/ov/func_8012C51C.h)
[ OK ] E_func_801301E8: 141 members [141 binaries] share h_exact 48ada76c6ad9… (source src/shared/ov/func_801301E8.h)
[ OK ] E_func_80130278: 141 members [141 binaries] share h_exact bb4d85230c74… (source src/shared/ov/func_80130278.h)
[ OK ] E_func_8012C588: 141 members [141 binaries] share h_exact 83148c15bfa5… (source src/shared/ov/func_8012C588.h)
[ OK ] E_func_80147B5C: 141 members [141 binaries] share h_exact 5d6f454766e3… (source src/shared/ov/func_80147B5C.h)
[ OK ] E_func_8012E8E0: 141 members [141 binaries] share h_exact dc672e824473… (source src/shared/ov/func_8012E8E0.h)
[ OK ] E_func_8012832C: 141 members [141 binaries] share h_exact 0c4914b60925… (source src/shared/ov/func_8012832C.h)
[ OK ] E_func_8012A988: 141 members [141 binaries] share h_exact 41c556bf1af5… (source src/shared/ov/func_8012A988.h)
[ OK ] E_func_801399A8: 141 members [141 binaries] share h_exact 6a9c3d329703… (source src/shared/ov/func_801399A8.h)
[ OK ] E_func_8012B8E4: 141 members [141 binaries] share h_exact 018880c8aa64… (source src/shared/ov/func_8012B8E4.h)
[ OK ] E_func_8012CB64: 141 members [141 binaries] share h_exact 00da39780e38… (source src/shared/ov/func_8012CB64.h)
[ OK ] E_func_801319E0: 141 members [141 binaries] share h_exact 8f5613a88e0b… (source src/shared/ov/func_801319E0.h)
[ OK ] E_func_80143B6C: 141 members [141 binaries] share h_exact 0911480d42a7… (source src/shared/ov/func_80143B6C.h)
[ OK ] E_func_80149B54: 141 members [141 binaries] share h_exact fc2a0a65b997… (source src/shared/ov/func_80149B54.h)
[ OK ] E_func_801468C8: 141 members [141 binaries] share h_exact ef82362de353… (source src/shared/ov/func_801468C8.h)
[ OK ] E_func_80146994: 141 members [141 binaries] share h_exact f19dbbb7b0fd… (source src/shared/ov/func_80146994.h)
[ OK ] E_func_80149544: 141 members [141 binaries] share h_exact 7b9ce63f61f8… (source src/shared/ov/func_80149544.h)
[ OK ] E_func_8012913C: 141 members [141 binaries] share h_exact 7b5905d9abfc… (source src/shared/ov/func_8012913C.h)
[ OK ] E_func_80149584: 141 members [141 binaries] share h_exact 050bd70447e2… (source src/shared/ov/func_80149584.h)
[ OK ] E_func_8013A380: 141 members [141 binaries] share h_exact 175c37a4f677… (source src/shared/ov/func_8013A380.h)
[ OK ] E_func_8012F5F4: 141 members [141 binaries] share h_exact 98a010f2087d… (source src/shared/ov/func_8012F5F4.h)
[ OK ] E_func_8013A8FC: 141 members [141 binaries] share h_exact aa10f517740c… (source src/shared/ov/func_8013A8FC.h)
[ OK ] E_func_801788B8: 141 members [141 binaries] share h_exact 3555a568b31f… (source src/shared/ov/func_801788B8.h)
[ OK ] E_func_80171E08: 141 members [141 binaries] share h_exact 363bc17badf6… (source src/shared/ov/func_80171E08.h)
[ OK ] E_func_8014E83C: 141 members [141 binaries] share h_exact 37b0c83011d7… (source src/shared/ov/func_8014E83C.h)
[ OK ] E_func_8014DF94: 141 members [141 binaries] share h_exact ffc0ad5da3d9… (source src/shared/ov/func_8014DF94.h)
[ OK ] E_func_80154358: 141 members [141 binaries] share h_exact dcc19ff5cd28… (source src/shared/ov/func_80154358.h)
[ OK ] E_func_80171EC8: 141 members [141 binaries] share h_exact 0dfc2a4fbecb… (source src/shared/ov/func_80171EC8.h)
[ OK ] E_func_8012BB3C: 141 members [141 binaries] share h_exact d4f9dd59a97c… (source src/shared/ov/func_8012BB3C.h)
[ OK ] E_func_80164F44: 141 members [141 binaries] share h_exact 7c08fd67f9cb… (source src/shared/ov/func_80164F44.h)
[ OK ] E_func_80139680: 141 members [141 binaries] share h_exact 9c5025b74553… (source src/shared/ov/func_80139680.h)
[ OK ] E_func_801298F4: 141 members [141 binaries] share h_exact 66d5a6ea8733… (source src/shared/ov/func_801298F4.h)
[ OK ] E_func_80139D04: 141 members [141 binaries] share h_exact 38fb7f4a3844… (source src/shared/ov/func_80139D04.h)
[ OK ] E_func_8016B114: 141 members [141 binaries] share h_exact 2f685822b42c… (source src/shared/ov/func_8016B114.h)
[ OK ] E_func_80169A4C: 141 members [141 binaries] share h_exact 99f670732a51… (source src/shared/ov/func_80169A4C.h)
[ OK ] E_func_8016C74C: 141 members [141 binaries] share h_exact b41b10afaad2… (source src/shared/ov/func_8016C74C.h)
[ OK ] E_func_8012F68C: 141 members [141 binaries] share h_exact 309768b16af6… (source src/shared/ov/func_8012F68C.h)
[ OK ] E_func_80164D4C: 141 members [141 binaries] share h_exact b1e906d14169… (source src/shared/ov/func_80164D4C.h)
[ OK ] E_func_8016A890: 141 members [141 binaries] share h_exact b24f1263a251… (source src/shared/ov/func_8016A890.h)
[ OK ] E_func_8014AB7C: 141 members [141 binaries] share h_exact d8ca00511c7e… (source src/shared/ov/func_8014AB7C.h)
[ OK ] E_func_80165FA4: 135 members [135 binaries] share h_exact e9c9fa5bf6c5… (source src/shared/ov/func_80165FA4.h)
[ OK ] E_func_801615C4: 141 members [141 binaries] share h_exact b4822f790d6d… (source src/shared/ov/func_801615C4.h)
[ OK ] E_func_8015DD74: 141 members [141 binaries] share h_exact fa1d5e09ccd3… (source src/shared/ov/func_8015DD74.h)
[ OK ] E_func_801699D0: 141 members [141 binaries] share h_exact 03cde5819187… (source src/shared/ov/func_801699D0.h)
[ OK ] E_func_80148824: 141 members [141 binaries] share h_exact 1767f7bcca13… (source src/shared/ov/func_80148824.h)
[ OK ] E_func_80149C08: 141 members [141 binaries] share h_exact 24c0559ce34f… (source src/shared/ov/func_80149C08.h)
[ OK ] E_func_80160C28: 141 members [141 binaries] share h_exact c58d9ce0e365… (source src/shared/ov/func_80160C28.h)
[ OK ] E_func_8016E5F4: 141 members [141 binaries] share h_exact 6dfa7d5035d6… (source src/shared/ov/func_8016E5F4.h)
[ OK ] E_func_80175590: 141 members [141 binaries] share h_exact c797fafa0cb3… (source src/shared/ov/func_80175590.h)
[ OK ] E_func_80145C54: 141 members [141 binaries] share h_exact aead7f637171… (source src/shared/ov/func_80145C54.h)
[ OK ] E_func_80149E94: 141 members [141 binaries] share h_exact 4e8df088bfbf… (source src/shared/ov/func_80149E94.h)
[ OK ] E_func_80142C9C: 141 members [141 binaries] share h_exact e5f200239e55… (source src/shared/ov/func_80142C9C.h)
[ OK ] E_func_8014A2E4: 141 members [141 binaries] share h_exact 1fea1b7a46ef… (source src/shared/ov/func_8014A2E4.h)
[ OK ] E_func_8014C308: 141 members [141 binaries] share h_exact a78b069d1329… (source src/shared/ov/func_8014C308.h)
[ OK ] E_func_80146B9C: 141 members [141 binaries] share h_exact 8ac9e1b1986a… (source src/shared/ov/func_80146B9C.h)
[ OK ] E_func_80168540: 141 members [141 binaries] share h_exact 2fc5326f58bc… (source src/shared/ov/func_80168540.h)
[ OK ] E_func_8014AC10: 141 members [141 binaries] share h_exact f5d1e453eae0… (source src/shared/ov/func_8014AC10.h)
[ OK ] E_func_80168328: 141 members [141 binaries] share h_exact a26f1e54b169… (source src/shared/ov/func_80168328.h)
[ OK ] E_func_801756E4: 141 members [141 binaries] share h_exact 55dfa77c3914… (source src/shared/ov/func_801756E4.h)
[ OK ] E_func_8017209C: 141 members [141 binaries] share h_exact 90614cf02897… (source src/shared/ov/func_8017209C.h)
[ OK ] E_func_801696D8: 141 members [141 binaries] share h_exact 3004310244a2… (source src/shared/ov/func_801696D8.h)
[ OK ] E_func_8016E460: 141 members [141 binaries] share h_exact 58c6901041b6… (source src/shared/ov/func_8016E460.h)
[ OK ] E_func_8015AD08: 141 members [141 binaries] share h_exact 1e2a84828b16… (source src/shared/ov/func_8015AD08.h)
[ OK ] E_func_8015D4B4: 141 members [141 binaries] share h_exact 6684cc7c9096… (source src/shared/ov/func_8015D4B4.h)
[ OK ] E_func_8015E184: 141 members [141 binaries] share h_exact 40bc5e292362… (source src/shared/ov/func_8015E184.h)
[ OK ] E_func_8015EDD4: 141 members [141 binaries] share h_exact 5dd675b3606d… (source src/shared/ov/func_8015EDD4.h)
[ OK ] E_func_8015F7A0: 141 members [141 binaries] share h_exact 32a4f5779a0c… (source src/shared/ov/func_8015F7A0.h)
[ OK ] E_func_80160B00: 141 members [141 binaries] share h_exact 409d0e5e1d13… (source src/shared/ov/func_80160B00.h)
[ OK ] E_func_8015ACC4: 141 members [141 binaries] share h_exact 853378e17109… (source src/shared/ov/func_8015ACC4.h)
[ OK ] E_func_8015430C: 141 members [141 binaries] share h_exact b574296a904c… (source src/shared/ov/func_8015430C.h)
[ OK ] E_func_8014DCE0: 141 members [141 binaries] share h_exact 2728f3d9d5cd… (source src/shared/ov/func_8014DCE0.h)
[ OK ] E_func_80147514: 141 members [141 binaries] share h_exact 875787c341d9… (source src/shared/ov/func_80147514.h)
[ OK ] E_func_80148C9C: 141 members [141 binaries] share h_exact f9b1883bf9f9… (source src/shared/ov/func_80148C9C.h)
[ OK ] E_func_801593E4: 141 members [141 binaries] share h_exact f4c9d49f230a… (source src/shared/ov/func_801593E4.h)
[ OK ] E_func_8016B964: 141 members [141 binaries] share h_exact 184b927b6a71… (source src/shared/ov/func_8016B964.h)
[ OK ] E_func_8014C118: 141 members [141 binaries] share h_exact d3691ae42f60… (source src/shared/ov/func_8014C118.h)
[ OK ] E_func_80153978: 141 members [141 binaries] share h_exact d1eecebeda1a… (source src/shared/ov/func_80153978.h)
[ OK ] E_func_8013E4B4: 141 members [141 binaries] share h_exact 8d40ae9b62d9… (source src/shared/ov/func_8013E4B4.h)
[ OK ] E_func_8014A238: 141 members [141 binaries] share h_exact 01dbf78c5855… (source src/shared/ov/func_8014A238.h)
[ OK ] E_func_8017AD0C: 141 members [141 binaries] share h_exact ef683a348e46… (source src/shared/ov/func_8017AD0C.h)
[ OK ] E_func_80168664: 138 members [138 binaries] share h_exact b5c37d414338… (source src/shared/ov/func_80168664.h)
[ OK ] E_func_80155F80: 141 members [141 binaries] share h_exact 31791b27f492… (source src/shared/ov/func_80155F80.h)
[ OK ] E_func_8015CC0C: 141 members [141 binaries] share h_exact 44a0e721e549… (source src/shared/ov/func_8015CC0C.h)
[ OK ] E_func_8014C168: 141 members [141 binaries] share h_exact dbf14d454f9f… (source src/shared/ov/func_8014C168.h)
[ OK ] E_func_8016E918: 141 members [141 binaries] share h_exact 0c243aadfeeb… (source src/shared/ov/func_8016E918.h)
[ OK ] E_func_8015CCD0: 141 members [141 binaries] share h_exact b57fcdbb96f7… (source src/shared/ov/func_8015CCD0.h)
[ OK ] E_func_8016C83C: 141 members [141 binaries] share h_exact 26450efeb9d6… (source src/shared/ov/func_8016C83C.h)
[ OK ] E_func_801539F8: 141 members [141 binaries] share h_exact c9a06d9fe663… (source src/shared/ov/func_801539F8.h)
[ OK ] E_func_80153C44: 141 members [141 binaries] share h_exact a4684cebb8ce… (source src/shared/ov/func_80153C44.h)
[ OK ] E_func_8015CF58: 141 members [141 binaries] share h_exact cb0a08f2c202… (source src/shared/ov/func_8015CF58.h)
[ OK ] E_func_801711FC: 141 members [141 binaries] share h_exact c0248414d8d6… (source src/shared/ov/func_801711FC.h)
[ OK ] E_func_80161BE0: 138 members [138 binaries] share h_exact 2e065293dab4… (source src/shared/ov/func_80161BE0.h)
[ OK ] E_func_801683D8: 141 members [141 binaries] share h_exact 597ff7e70874… (source src/shared/ov/func_801683D8.h)
[ OK ] E_func_801710DC: 141 members [141 binaries] share h_exact 5e55aacfbf17… (source src/shared/ov/func_801710DC.h)
[ OK ] E_func_801612B8: 141 members [141 binaries] share h_exact 5fffbf1ed956… (source src/shared/ov/func_801612B8.h)
[ OK ] E_func_8015616C: 141 members [141 binaries] share h_exact 9fff1f2faf52… (source src/shared/ov/func_8015616C.h)
[ OK ] E_func_80164530: 141 members [141 binaries] share h_exact 9aa82e982a06… (source src/shared/ov/func_80164530.h)
[ OK ] E_func_80156FA8: 141 members [141 binaries] share h_exact a904aac154d1… (source src/shared/ov/func_80156FA8.h)
[ OK ] E_func_8017742C: 141 members [141 binaries] share h_exact eb5a34904390… (source src/shared/ov/func_8017742C.h)
[ OK ] E_func_80153800: 141 members [141 binaries] share h_exact 22b73ecc1229… (source src/shared/ov/func_80153800.h)
[ OK ] E_func_80168070: 135 members [135 binaries] share h_exact 0d18ee0d06ee… (source src/shared/ov/func_80168070.h)
[ OK ] E_func_8014B7A4: 141 members [141 binaries] share h_exact 1193dabfc8f9… (source src/shared/ov/func_8014B7A4.h)
[ OK ] E_func_8014A850: 141 members [141 binaries] share h_exact 962e53b59cbe… (source src/shared/ov/func_8014A850.h)
[ OK ] E_func_80169584: 141 members [141 binaries] share h_exact c462f0a59886… (source src/shared/ov/func_80169584.h)
[ OK ] E_func_80162968: 141 members [141 binaries] share h_exact a44c8b39f4e6… (source src/shared/ov/func_80162968.h)
[ OK ] E_func_80169058: 135 members [135 binaries] share h_exact 238e26f72fd2… (source src/shared/ov/func_80169058.h)
[ OK ] E_func_80146128: 141 members [141 binaries] share h_exact b9a704823caa… (source src/shared/ov/func_80146128.h)
[ OK ] E_func_801519C8: 141 members [141 binaries] share h_exact 74a72f914ba3… (source src/shared/ov/func_801519C8.h)
[ OK ] E_func_801536DC: 141 members [141 binaries] share h_exact fddaaac29fca… (source src/shared/ov/func_801536DC.h)
[ OK ] E_func_80160410: 141 members [141 binaries] share h_exact 6a51c7ffb3c8… (source src/shared/ov/func_80160410.h)
[ OK ] E_func_80168D94: 135 members [135 binaries] share h_exact 29e6564223b4… (source src/shared/ov/func_80168D94.h)
[ OK ] E_func_80178298: 141 members [141 binaries] share h_exact d8d556f51e41… (source src/shared/ov/func_80178298.h)
[ OK ] E_func_8016A08C: 141 members [141 binaries] share h_exact cc17e4fede5a… (source src/shared/ov/func_8016A08C.h)
[ OK ] E_func_8016EDEC: 141 members [141 binaries] share h_exact 45ec89cefd11… (source src/shared/ov/func_8016EDEC.h)
[ OK ] E_func_8016EE40: 141 members [141 binaries] share h_exact 5f6b9cf53965… (source src/shared/ov/func_8016EE40.h)
[ OK ] E_func_8013EA54: 141 members [141 binaries] share h_exact cb003877acea… (source src/shared/ov/func_8013EA54.h)
[ OK ] E_func_80152500: 141 members [141 binaries] share h_exact f1ab3cc497ac… (source src/shared/ov/func_80152500.h)
[ OK ] E_func_8013F244: 141 members [141 binaries] share h_exact d65dd63cdfba… (source src/shared/ov/func_8013F244.h)
[ OK ] E_func_80155C64: 141 members [141 binaries] share h_exact 1cd0519ce8a8… (source src/shared/ov/func_80155C64.h)
[ OK ] E_func_80169408: 135 members [135 binaries] share h_exact e2c32e595074… (source src/shared/ov/func_80169408.h)
[ OK ] E_func_8016432C: 141 members [141 binaries] share h_exact fd83c2fd2eb2… (source src/shared/ov/func_8016432C.h)
[ OK ] E_func_8017849C: 141 members [141 binaries] share h_exact f9ea4ce3dd11… (source src/shared/ov/func_8017849C.h)
[ OK ] E_func_80168BDC: 135 members [135 binaries] share h_exact 0964d4c65814… (source src/shared/ov/func_80168BDC.h)
[ OK ] E_func_80155A44: 141 members [141 binaries] share h_exact fe3ef0c1bb17… (source src/shared/ov/func_80155A44.h)
[ OK ] E_func_80158E24: 141 members [141 binaries] share h_exact a6b2616cbd95… (source src/shared/ov/func_80158E24.h)
[ OK ] E_func_8016AA50: 141 members [141 binaries] share h_exact 68ec3141f168… (source src/shared/ov/func_8016AA50.h)
[ OK ] E_func_801439FC: 141 members [141 binaries] share h_exact 8890d24d0e3f… (source src/shared/ov/func_801439FC.h)
[ OK ] E_func_801415C0: 141 members [141 binaries] share h_exact 5a2a3909cc62… (source src/shared/ov/func_801415C0.h)
[ OK ] E_func_80144558: 141 members [141 binaries] share h_exact bdf0919acea3… (source src/shared/ov/func_80144558.h)
[ OK ] E_func_80145B24: 141 members [141 binaries] share h_exact c2f43c610db2… (source src/shared/ov/func_80145B24.h)
[ OK ] E_func_801446A4: 141 members [141 binaries] share h_exact 107c10002593… (source src/shared/ov/func_801446A4.h)
[ OK ] E_func_80173E1C: 141 members [141 binaries] share h_exact 20877d862e51… (source src/shared/ov/func_80173E1C.h)
[ OK ] E_func_801716AC: 141 members [141 binaries] share h_exact 357e4888e056… (source src/shared/ov/func_801716AC.h)
[ OK ] E_func_80155D70: 141 members [141 binaries] share h_exact fafec7537556… (source src/shared/ov/func_80155D70.h)
[ OK ] E_func_80151DB0: 141 members [141 binaries] share h_exact 955c85ce2d5b… (source src/shared/ov/func_80151DB0.h)
[ OK ] E_func_8014B944: 141 members [141 binaries] share h_exact 7918269af89f… (source src/shared/ov/func_8014B944.h)
[ OK ] E_func_8014A59C: 141 members [141 binaries] share h_exact ab964bfaf4e4… (source src/shared/ov/func_8014A59C.h)
[ OK ] E_func_80157AC8: 141 members [141 binaries] share h_exact a8971892354a… (source src/shared/ov/func_80157AC8.h)
[ OK ] E_func_80151AE4: 141 members [141 binaries] share h_exact d502e5b6361c… (source src/shared/ov/func_80151AE4.h)
[ OK ] E_func_80155EA4: 141 members [141 binaries] share h_exact f17235d22134… (source src/shared/ov/func_80155EA4.h)
[ OK ] E_func_80177F84: 141 members [141 binaries] share h_exact 8041750b9240… (source src/shared/ov/func_80177F84.h)
[ OK ] E_func_80147C30: 141 members [141 binaries] share h_exact 33569688f91b… (source src/shared/ov/func_80147C30.h)
[ OK ] E_func_8014FD54: 141 members [141 binaries] share h_exact dd6c8313e5d8… (source src/shared/ov/func_8014FD54.h)
[ OK ] E_func_801416D4: 141 members [141 binaries] share h_exact 7589d537e8d4… (source src/shared/ov/func_801416D4.h)
[ OK ] E_func_8015B6F4: 141 members [141 binaries] share h_exact f543534ad22a… (source src/shared/ov/func_8015B6F4.h)
[ OK ] E_func_8013E448: 141 members [141 binaries] share h_exact b48f87bfa88d… (source src/shared/ov/func_8013E448.h)
[ OK ] E_func_801493D0: 141 members [141 binaries] share h_exact 34e1bcfb00f7… (source src/shared/ov/func_801493D0.h)
[ OK ] E_func_80175414: 141 members [141 binaries] share h_exact 89f3232d5d23… (source src/shared/ov/func_80175414.h)
[ OK ] E_func_80171928: 141 members [141 binaries] share h_exact d6fa4f05632a… (source src/shared/ov/func_80171928.h)
[ OK ] E_func_8014BD60: 141 members [141 binaries] share h_exact 12f027259581… (source src/shared/ov/func_8014BD60.h)
[ OK ] E_func_80173EF8: 141 members [141 binaries] share h_exact a861b6c209bd… (source src/shared/ov/func_80173EF8.h)
[ OK ] E_func_80141CA4: 141 members [141 binaries] share h_exact 826f5416b800… (source src/shared/ov/func_80141CA4.h)
[ OK ] E_func_80171C64: 141 members [141 binaries] share h_exact e8f717a72494… (source src/shared/ov/func_80171C64.h)
[ OK ] E_func_80158548: 141 members [141 binaries] share h_exact cb20cb05ebe3… (source src/shared/ov/func_80158548.h)
[ OK ] E_func_801687CC: 141 members [141 binaries] share h_exact 28712a6891ad… (source src/shared/ov/func_801687CC.h)
[ OK ] E_func_8013E588: 141 members [141 binaries] share h_exact 6f79cf5ad369… (source src/shared/ov/func_8013E588.h)
[ OK ] E_func_80171AB0: 141 members [141 binaries] share h_exact 081f4c972e4e… (source src/shared/ov/func_80171AB0.h)
[ OK ] E_func_80172A2C: 141 members [141 binaries] share h_exact fd7fe6408367… (source src/shared/ov/func_80172A2C.h)
[ OK ] E_func_8016951C: 141 members [141 binaries] share h_exact 70b8e5ac8b46… (source src/shared/ov/func_8016951C.h)
[ OK ] E_func_80156370: 141 members [141 binaries] share h_exact f3bd412fdc1b… (source src/shared/ov/func_80156370.h)
[ OK ] E_func_8016DB34: 141 members [141 binaries] share h_exact 5e5b01461273… (source src/shared/ov/func_8016DB34.h)
[ OK ] E_func_8013E2C4: 141 members [141 binaries] share h_exact c25f1351e0f8… (source src/shared/ov/func_8013E2C4.h)
[ OK ] E_func_8016A1CC: 141 members [141 binaries] share h_exact d4c8dd1e1f54… (source src/shared/ov/func_8016A1CC.h)
[ OK ] E_func_80158AE4: 141 members [141 binaries] share h_exact 97ed2dea7d62… (source src/shared/ov/func_80158AE4.h)
[ OK ] E_func_80151780: 141 members [141 binaries] share h_exact 87ab762c2c72… (source src/shared/ov/func_80151780.h)
[ OK ] E_func_80155150: 141 members [141 binaries] share h_exact 109982dde0e0… (source src/shared/ov/func_80155150.h)
[ OK ] E_func_80165A50: 141 members [141 binaries] share h_exact e5bf86d8cfc6… (source src/shared/ov/func_80165A50.h)
[ OK ] E_func_8016F4C4: 141 members [141 binaries] share h_exact 3b02d0dc1833… (source src/shared/ov/func_8016F4C4.h)
[ OK ] E_func_80142740: 141 members [141 binaries] share h_exact 3ec3edde387d… (source src/shared/ov/func_80142740.h)
[ OK ] E_func_801746A4: 141 members [141 binaries] share h_exact fb33806ff642… (source src/shared/ov/func_801746A4.h)
[ OK ] E_func_8016D64C: 141 members [141 binaries] share h_exact 77d41c2986e4… (source src/shared/ov/func_8016D64C.h)
[ OK ] E_func_801726D0: 141 members [141 binaries] share h_exact 27e107b4a430… (source src/shared/ov/func_801726D0.h)
[ OK ] E_func_801741A8: 141 members [141 binaries] share h_exact 19b723b78412… (source src/shared/ov/func_801741A8.h)
[ OK ] E_func_8015086C: 141 members [141 binaries] share h_exact 6d9aa956a03b… (source src/shared/ov/func_8015086C.h)
[ OK ] E_func_801730B4: 141 members [141 binaries] share h_exact 4477489a72e1… (source src/shared/ov/func_801730B4.h)
[ OK ] E_func_801723C4: 141 members [141 binaries] share h_exact 6fc8c3eb5940… (source src/shared/ov/func_801723C4.h)
[ OK ] E_func_80157B74: 141 members [141 binaries] share h_exact c3e70a00fc48… (source src/shared/ov/func_80157B74.h)
[ OK ] E_func_80170DE0: 141 members [141 binaries] share h_exact 9b32f76e7cb0… (source src/shared/ov/func_80170DE0.h)
[ OK ] E_func_80170EAC: 141 members [141 binaries] share h_exact 6ac99ae34f80… (source src/shared/ov/func_80170EAC.h)
[ OK ] E_func_80142BB4: 135 members [135 binaries] share h_exact dd5bb9d1dc90… (source src/shared/ov/func_80142BB4.h)
[ OK ] E_func_80153E00: 141 members [141 binaries] share h_exact d8de78ab7c15… (source src/shared/ov/func_80153E00.h)
[ OK ] E_func_80128DB4: 141 members [141 binaries] share h_exact ea0b61639d14… (source src/shared/ov/func_80128DB4.h)
[ OK ] E_func_801300F4: 141 members [141 binaries] share h_exact 9a31add0233f… (source src/shared/ov/func_801300F4.h)
[ OK ] E_func_80136D08: 141 members [141 binaries] share h_exact 341646b1e3ef… (source src/shared/ov/func_80136D08.h)
[ OK ] E_func_80130AF0: 141 members [141 binaries] share h_exact 8e41f83f1435… (source src/shared/ov/func_80130AF0.h)
[ OK ] E_func_8012944C: 141 members [141 binaries] share h_exact be6759df403b… (source src/shared/ov/func_8012944C.h)
[ OK ] E_func_8012D4B4: 140 members [140 binaries] share h_exact c5e872b09551… (source src/shared/ov/func_8012D4B4.h)
[ OK ] E_func_80137030: 141 members [141 binaries] share h_exact 9b08c5e5c158… (source src/shared/ov/func_80137030.h)
[ OK ] E_func_80132288: 141 members [141 binaries] share h_exact aa58fb495e58… (source src/shared/ov/func_80132288.h)
[ OK ] E_func_8012DBD0: 141 members [141 binaries] share h_exact e4bcf01ddd72… (source src/shared/ov/func_8012DBD0.h)
[ OK ] E_func_8013339C: 141 members [141 binaries] share h_exact f8dd95c2cbaa… (source src/shared/ov/func_8013339C.h)
[ OK ] E_func_80130514: 141 members [141 binaries] share h_exact f6519009fae1… (source src/shared/ov/func_80130514.h)
[ OK ] E_func_8013A2BC: 141 members [141 binaries] share h_exact 0640f150dd5c… (source src/shared/ov/func_8013A2BC.h)
[ OK ] E_func_80130438: 141 members [141 binaries] share h_exact 5d57e32b4d11… (source src/shared/ov/func_80130438.h)
[ OK ] E_func_8012C2D0: 141 members [141 binaries] share h_exact 4516d04464a8… (source src/shared/ov/func_8012C2D0.h)
[ OK ] E_func_8012B0B4: 141 members [141 binaries] share h_exact fcda221c9f85… (source src/shared/ov/func_8012B0B4.h)
[ OK ] E_func_8012E28C: 141 members [141 binaries] share h_exact fbc845194420… (source src/shared/ov/func_8012E28C.h)
[ OK ] E_func_8012E688: 140 members [140 binaries] share h_exact 9c43d3fca3b1… (source src/shared/ov/func_8012E688.h)
[ OK ] E_func_8012BFA8: 141 members [141 binaries] share h_exact 96500dd9a74d… (source src/shared/ov/func_8012BFA8.h)
[ OK ] E_func_80130974: 141 members [141 binaries] share h_exact 69c020fd52e0… (source src/shared/ov/func_80130974.h)
[ OK ] E_func_8012F968: 141 members [141 binaries] share h_exact 8f98afeb4e34… (source src/shared/ov/func_8012F968.h)
[ OK ] E_func_8012D714: 141 members [141 binaries] share h_exact 6c9f5e3f6433… (source src/shared/ov/func_8012D714.h)
[ OK ] E_func_8012F568: 141 members [141 binaries] share h_exact d302f6edaf06… (source src/shared/ov/func_8012F568.h)
[ OK ] E_func_8015126C: 141 members [141 binaries] share h_exact 59d8e87837d3… (source src/shared/ov/func_8015126C.h)
[ OK ] E_func_80156B74: 141 members [141 binaries] share h_exact 892f5585ef35… (source src/shared/ov/func_80156B74.h)
[ OK ] E_func_80163C2C: 141 members [141 binaries] share h_exact ac5193f0df21… (source src/shared/ov/func_80163C2C.h)
[ OK ] E_func_8012A62C: 141 members [141 binaries] share h_exact 9f719075488e… (source src/shared/ov/func_8012A62C.h)
[ OK ] E_func_801661CC: 141 members [141 binaries] share h_exact 204babba05ed… (source src/shared/ov/func_801661CC.h)
[ OK ] E_func_8015ADB0: 141 members [141 binaries] share h_exact 6363dfded650… (source src/shared/ov/func_8015ADB0.h)
[ OK ] E_func_80156ECC: 141 members [141 binaries] share h_exact 4f7da89fdcf1… (source src/shared/ov/func_80156ECC.h)
[ OK ] E_func_8012CFA8: 141 members [141 binaries] share h_exact fdd408372fbc… (source src/shared/ov/func_8012CFA8.h)
[ OK ] E_func_80147E44: 141 members [141 binaries] share h_exact 35af89dcee21… (source src/shared/ov/func_80147E44.h)
[ OK ] E_func_80166054: 141 members [141 binaries] share h_exact a49844042bce… (source src/shared/ov/func_80166054.h)
[ OK ] E_func_8017CE24: 3 members [ov_SC01_000,ov_SC01_001,ov_SC07_007] share h_exact 511a8b68802b… (source src/shared/ov/func_8017CE24.h)
[ OK ] E_func_801705C0: 141 members [141 binaries] share h_exact 1395c589d1e3… (source src/shared/ov/func_801705C0.h)
[ OK ] E_func_8017C048: 2 members [ov_SC01_005,ov_SC01_006] share h_exact 767854057419… (source src/shared/ov/func_8017C048__76785405.h)
[ OK ] E_func_8017C120: 2 members [ov_SC01_005,ov_SC01_006] share h_exact 767854057419… (source src/shared/ov/func_8017C120__76785405.h)
[ OK ] E_func_8017C238: 2 members [ov_SC01_005,ov_SC01_006] share h_exact 767854057419… (source src/shared/ov/func_8017C238.h)
[ OK ] E_func_8017C338: 2 members [ov_SC01_005,ov_SC01_006] share h_exact 767854057419… (source src/shared/ov/func_8017C338__76785405.h)
[ OK ] E_func_8017D5CC: 2 members [ov_SC01_005,ov_SC01_006] share h_exact 98ab17e54d84… (source src/shared/ov/func_8017D5CC__98ab17e5.h)
[ OK ] E_func_801805A0: 2 members [ov_SC01_005,ov_SC01_006] share h_exact 767854057419… (source src/shared/ov/func_801805A0__76785405.h)
[ OK ] E_func_80180800: 2 members [ov_SC01_005,ov_SC01_006] share h_exact 767854057419… (source src/shared/ov/func_80180800__76785405.h)
[ OK ] E_func_80180A30: 2 members [ov_SC01_005,ov_SC01_006] share h_exact 767854057419… (source src/shared/ov/func_80180A30__76785405.h)
[ OK ] E_func_80180B04: 2 members [ov_SC01_005,ov_SC01_006] share h_exact ff05b638ac92… (source src/shared/ov/func_80180B04__ff05b638.h)
[ OK ] E_func_80180B14: 2 members [ov_SC01_005,ov_SC01_006] share h_exact 7ab3d5f0fa1e… (source src/shared/ov/func_80180B14__7ab3d5f0.h)
[ OK ] E_func_8017DA84: 2 members [ov_SC01_005,ov_SC01_006] share h_exact 7438ad3e28f7… (source src/shared/ov/func_8017DA84__7438ad3e.h)
[ OK ] E_func_801807E8: 2 members [ov_SC01_005,ov_SC01_006] share h_exact e97c73bdd79e… (source src/shared/ov/func_801807E8__e97c73bd.h)
[ OK ] E_func_8017D464: 2 members [ov_SC01_005,ov_SC01_006] share h_exact 4e0fdb97b17b… (source src/shared/ov/func_8017D464__4e0fdb97.h)
[ OK ] E_func_8017E0EC: 2 members [ov_SC01_005,ov_SC01_006] share h_exact a05128332cc0… (source src/shared/ov/func_8017E0EC__a0512833.h)
[ OK ] E_func_8017D7E0: 2 members [ov_SC01_005,ov_SC01_006] share h_exact ee6ee2e0d5fc… (source src/shared/ov/func_8017D7E0__ee6ee2e0.h)
[ OK ] E_func_8017CDFC: 2 members [ov_SC01_009,ov_SC01_074] share h_exact 511a8b68802b… (source src/shared/ov/func_8017CDFC.h)
[ OK ] E_func_80181DE0: 2 members [ov_SC02_000,ov_SC02_003] share h_exact 767854057419… (source src/shared/ov/func_80181DE0__76785405.h)
[ OK ] E_func_8018258C: 2 members [ov_SC02_000,ov_SC02_003] share h_exact 767854057419… (source src/shared/ov/func_8018258C__76785405.h)
[ OK ] E_func_80183010: 2 members [ov_SC02_000,ov_SC02_003] share h_exact 767854057419… (source src/shared/ov/func_80183010__76785405.h)
[ OK ] E_func_80183A78: 2 members [ov_SC02_000,ov_SC02_003] share h_exact 703d398d81c2… (source src/shared/ov/func_80183A78.h)
[ OK ] E_func_80183C94: 2 members [ov_SC02_000,ov_SC02_003] share h_exact 703d398d81c2… (source src/shared/ov/func_80183C94__703d398d.h)
[ OK ] E_func_8018535C: 2 members [ov_SC02_000,ov_SC02_003] share h_exact 767854057419… (source src/shared/ov/func_8018535C__76785405.h)
[ OK ] E_func_801854C4: 2 members [ov_SC02_000,ov_SC02_003] share h_exact 767854057419… (source src/shared/ov/func_801854C4__76785405.h)
[ OK ] E_func_80188DF0: 2 members [ov_SC02_000,ov_SC02_003] share h_exact 767854057419… (source src/shared/ov/func_80188DF0.h)
[ OK ] E_func_80189950: 2 members [ov_SC02_000,ov_SC02_003] share h_exact 767854057419… (source src/shared/ov/func_80189950.h)
[ OK ] E_func_80184164: 2 members [ov_SC02_000,ov_SC02_003] share h_exact 3a6e48b9f8b0… (source src/shared/ov/func_80184164__3a6e48b9.h)
[ OK ] E_func_8018A650: 2 members [ov_SC02_000,ov_SC02_003] share h_exact d6b0cf6fa2e6… (source src/shared/ov/func_8018A650.h)
[ OK ] E_func_8017FC9C: 2 members [ov_SC02_000,ov_SC02_003] share h_exact 7de2e2a3e307… (source src/shared/ov/func_8017FC9C.h)
[ OK ] E_func_80184B00: 2 members [ov_SC02_000,ov_SC02_003] share h_exact 981b4c9251c5… (source src/shared/ov/func_80184B00__981b4c92.h)
[ OK ] E_func_80185364: 2 members [ov_SC02_000,ov_SC02_003] share h_exact e014632012b2… (source src/shared/ov/func_80185364__e0146320.h)
[ OK ] E_func_80180394: 2 members [ov_SC02_000,ov_SC02_003] share h_exact 93666547fd3c… (source src/shared/ov/func_80180394__93666547.h)
[ OK ] E_func_801803B0: 2 members [ov_SC02_000,ov_SC02_003] share h_exact c0330a347bf7… (source src/shared/ov/func_801803B0__c0330a34.h)
[ OK ] E_func_80181914: 2 members [ov_SC02_000,ov_SC02_003] share h_exact e88cba9aa01e… (source src/shared/ov/func_80181914__e88cba9a.h)
[ OK ] E_func_8018621C: 2 members [ov_SC02_000,ov_SC02_003] share h_exact cd1fab6b6869… (source src/shared/ov/func_8018621C__cd1fab6b.h)
[ OK ] E_func_80182338: 2 members [ov_SC02_000,ov_SC02_003] share h_exact 25c5aa9bdbfa… (source src/shared/ov/func_80182338__25c5aa9b.h)
[ OK ] E_func_801823F0: 2 members [ov_SC02_000,ov_SC02_003] share h_exact 511a8b68802b… (source src/shared/ov/func_801823F0__511a8b68.h)
[ OK ] E_func_801824A8: 2 members [ov_SC02_000,ov_SC02_003] share h_exact 511a8b68802b… (source src/shared/ov/func_801824A8__511a8b68.h)
[ OK ] E_func_80184174: 2 members [ov_SC02_000,ov_SC02_003] share h_exact 81949fd06dce… (source src/shared/ov/func_80184174__81949fd0.h)
[ OK ] E_func_80188F08: 2 members [ov_SC02_000,ov_SC02_003] share h_exact 7dfff3b1d179… (source src/shared/ov/func_80188F08__7dfff3b1.h)
[ OK ] E_func_80181CE0: 2 members [ov_SC02_000,ov_SC02_003] share h_exact de11b66c086a… (source src/shared/ov/func_80181CE0__de11b66c.h)
[ OK ] E_func_8018623C: 2 members [ov_SC02_000,ov_SC02_003] share h_exact e7ce2fe1a085… (source src/shared/ov/func_8018623C__e7ce2fe1.h)
[ OK ] E_func_80180210: 2 members [ov_SC02_011,ov_SC04_015] share h_exact 767854057419… (source src/shared/ov/func_80180210__76785405.h)
[ OK ] E_func_80183808: 2 members [ov_SC02_031,ov_SC03_002] share h_exact 767854057419… (source src/shared/ov/func_80183808.h)
[ OK ] E_func_80170B48: 141 members [141 binaries] share h_exact b583bc184f30… (source src/shared/ov/func_80170B48.h)
[ OK ] E_func_8015F948: 141 members [141 binaries] share h_exact 299a7ca52aa3… (source src/shared/ov/func_8015F948.h)
[ OK ] E_func_80155E30: 141 members [141 binaries] share h_exact 10692cc0d1d5… (source src/shared/ov/func_80155E30.h)
[ OK ] E_func_801576A8: 141 members [141 binaries] share h_exact cb63f9832986… (source src/shared/ov/func_801576A8.h)
[ OK ] E_func_80168F40: 138 members [138 binaries] share h_exact 75c3bc8284cb… (source src/shared/ov/func_80168F40.h)
[ OK ] E_func_80163A94: 141 members [141 binaries] share h_exact 205796bacac0… (source src/shared/ov/func_80163A94.h)
[ OK ] E_func_80156848: 141 members [141 binaries] share h_exact 6818a35cfaa0… (source src/shared/ov/func_80156848.h)
[ OK ] E_func_8012FDA8: 141 members [141 binaries] share h_exact 703b833660be… (source src/shared/ov/func_8012FDA8.h)
[ OK ] E_func_8012BA10: 141 members [141 binaries] share h_exact 8bd6fb17caa2… (source src/shared/ov/func_8012BA10.h)
[ OK ] E_func_80181D2C: 2 members [ov_SC02_000,ov_SC02_003] share h_exact e868b79b29fa… (source src/shared/ov/func_80181D2C__e868b79b.h)
[ OK ] E_func_80182D00: 2 members [ov_SC02_000,ov_SC02_003] share h_exact ed044b295b10… (source src/shared/ov/func_80182D00__ed044b29.h)
[ OK ] E_func_801868D4: 2 members [ov_SC02_000,ov_SC02_003] share h_exact b24f319e7193… (source src/shared/ov/func_801868D4.h)
[ OK ] E_func_801863E8: 2 members [ov_SC02_000,ov_SC02_003] share h_exact 40bd924934aa… (source src/shared/ov/func_801863E8__40bd9249.h)
[ OK ] E_func_8017BF98: 6 members [ov_SC03_014,ov_SC03_015,ov_SC03_024,ov_SC03_118,ov_SC03_119,ov_SC06_000] share h_exact 767854057419… (source src/shared/ov/func_8017BF98.h)
[ OK ] E_func_8017C07C: 6 members [ov_SC03_014,ov_SC03_015,ov_SC03_024,ov_SC03_118,ov_SC03_119,ov_SC06_000] share h_exact 767854057419… (source src/shared/ov/func_8017C07C.h)
[ OK ] E_func_8017C14C: 6 members [ov_SC03_014,ov_SC03_015,ov_SC03_024,ov_SC03_118,ov_SC03_119,ov_SC06_000] share h_exact 767854057419… (source src/shared/ov/func_8017C14C.h)
[ OK ] E_func_8017DD74: 6 members [ov_SC03_014,ov_SC03_015,ov_SC03_024,ov_SC03_118,ov_SC03_119,ov_SC06_000] share h_exact 767854057419… (source src/shared/ov/func_8017DD74__76785405.h)
[ OK ] E_func_8017DF7C: 6 members [ov_SC03_014,ov_SC03_015,ov_SC03_024,ov_SC03_118,ov_SC03_119,ov_SC06_000] share h_exact 767854057419… (source src/shared/ov/func_8017DF7C__76785405.h)
[ OK ] E_func_80180714: 2 members [ov_SC03_014,ov_SC03_015] share h_exact 767854057419… (source src/shared/ov/func_80180714__76785405.h)
[ OK ] E_func_80188470: 2 members [ov_SC03_014,ov_SC03_015] share h_exact 767854057419… (source src/shared/ov/func_80188470__76785405.h)
[ OK ] E_func_801892D4: 2 members [ov_SC03_014,ov_SC03_015] share h_exact 767854057419… (source src/shared/ov/func_801892D4.h)
[ OK ] E_func_801892DC: 2 members [ov_SC03_014,ov_SC03_015] share h_exact 767854057419… (source src/shared/ov/func_801892DC.h)
[ OK ] E_func_80189C74: 2 members [ov_SC03_014,ov_SC03_015] share h_exact 767854057419… (source src/shared/ov/func_80189C74.h)
[ OK ] E_func_80189104: 2 members [ov_SC03_014,ov_SC03_015] share h_exact 8917e2f1a95a… (source src/shared/ov/func_80189104.h)
[ OK ] E_func_801890F8: 2 members [ov_SC03_014,ov_SC03_015] share h_exact 7c97457dadac… (source src/shared/ov/func_801890F8__7c97457d.h)
[ OK ] E_func_8018918C: 2 members [ov_SC03_014,ov_SC03_015] share h_exact ce25fd3e4ebd… (source src/shared/ov/func_8018918C.h)
[ OK ] E_func_80188F18: 2 members [ov_SC03_014,ov_SC03_015] share h_exact 1a763dd04ffe… (source src/shared/ov/func_80188F18.h)
[ OK ] E_func_8017F49C: 2 members [ov_SC03_118,ov_SC03_119] share h_exact 767854057419… (source src/shared/ov/func_8017F49C__76785405.h)
[ OK ] E_func_80182ADC: 2 members [ov_SC03_118,ov_SC03_119] share h_exact 767854057419… (source src/shared/ov/func_80182ADC.h)
[ OK ] E_func_80182AE4: 2 members [ov_SC03_118,ov_SC03_119] share h_exact 767854057419… (source src/shared/ov/func_80182AE4__76785405.h)
[ OK ] E_func_80183AF8: 2 members [ov_SC03_118,ov_SC03_119] share h_exact 767854057419… (source src/shared/ov/func_80183AF8__76785405.h)
[ OK ] E_func_80183C50: 2 members [ov_SC03_118,ov_SC03_119] share h_exact 767854057419… (source src/shared/ov/func_80183C50__76785405.h)
[ OK ] E_func_80187D04: 2 members [ov_SC03_118,ov_SC03_119] share h_exact 767854057419… (source src/shared/ov/func_80187D04.h)
[ OK ] E_func_80189274: 2 members [ov_SC03_118,ov_SC03_119] share h_exact 767854057419… (source src/shared/ov/func_80189274.h)
[ OK ] E_func_80182910: 2 members [ov_SC03_118,ov_SC03_119] share h_exact 8917e2f1a95a… (source src/shared/ov/func_80182910__8917e2f1.h)
[ OK ] E_func_80182904: 2 members [ov_SC03_118,ov_SC03_119] share h_exact 7c97457dadac… (source src/shared/ov/func_80182904__7c97457d.h)
[ OK ] E_func_8017F224: 3 members [ov_SC03_126,ov_SC04_021,ov_SC05_019] share h_exact 767854057419… (source src/shared/ov/func_8017F224__76785405.h)
[ OK ] E_func_8018235C: 2 members [ov_SC02_000,ov_SC02_003] share h_exact 9422daebbf87… (source src/shared/ov/func_8018235C__9422daeb.h)
[ OK ] E_func_801831A8: 2 members [ov_SC02_000,ov_SC02_003] share h_exact 2e98bb22dcc9… (source src/shared/ov/func_801831A8__2e98bb22.h)
[ OK ] E_func_801856B4: 2 members [ov_SC03_014,ov_SC03_015] share h_exact 6b65368d6562… (source src/shared/ov/func_801856B4__6b65368d.h)
[ OK ] E_func_80182988: 2 members [ov_SC03_118,ov_SC03_119] share h_exact ce25fd3e4ebd… (source src/shared/ov/func_80182988__ce25fd3e.h)
[ OK ] E_func_8017D6A8: 3 members [ov_SC04_018,ov_SC04_019,ov_SC05_017] share h_exact 767854057419… (source src/shared/ov/func_8017D6A8__76785405.h)
[ OK ] E_func_8018015C: 2 members [ov_SC04_018,ov_SC04_019] share h_exact 767854057419… (source src/shared/ov/func_8018015C__76785405.h)
[ OK ] E_func_80184B68: 2 members [ov_SC04_018,ov_SC04_019] share h_exact 767854057419… (source src/shared/ov/func_80184B68__76785405.h)
[ OK ] E_func_80184CB0: 2 members [ov_SC04_018,ov_SC04_019] share h_exact 3aa0211c9ea3… (source src/shared/ov/func_80184CB0__3aa0211c.h)
[ OK ] E_func_801851F0: 2 members [ov_SC04_018,ov_SC04_019] share h_exact 767854057419… (source src/shared/ov/func_801851F0.h)
[ OK ] E_func_801851F8: 2 members [ov_SC04_018,ov_SC04_019] share h_exact 767854057419… (source src/shared/ov/func_801851F8.h)
[ OK ] E_func_80185200: 2 members [ov_SC04_018,ov_SC04_019] share h_exact 767854057419… (source src/shared/ov/func_80185200__76785405.h)
[ OK ] E_func_80185208: 2 members [ov_SC04_018,ov_SC04_019] share h_exact 767854057419… (source src/shared/ov/func_80185208__76785405.h)
[ OK ] E_func_80185210: 2 members [ov_SC04_018,ov_SC04_019] share h_exact 767854057419… (source src/shared/ov/func_80185210.h)
[ OK ] E_func_8018525C: 2 members [ov_SC04_018,ov_SC04_019] share h_exact 767854057419… (source src/shared/ov/func_8018525C__76785405.h)
[ OK ] E_func_8018A988: 2 members [ov_SC04_018,ov_SC04_019] share h_exact 767854057419… (source src/shared/ov/func_8018A988__76785405.h)
[ OK ] E_func_8018C69C: 2 members [ov_SC04_018,ov_SC04_019] share h_exact 767854057419… (source src/shared/ov/func_8018C69C.h)
[ OK ] E_func_8018CDDC: 2 members [ov_SC04_018,ov_SC04_019] share h_exact 767854057419… (source src/shared/ov/func_8018CDDC.h)
[ OK ] E_func_8018CDE4: 2 members [ov_SC04_018,ov_SC04_019] share h_exact 767854057419… (source src/shared/ov/func_8018CDE4.h)
[ OK ] E_func_8018AFE8: 2 members [ov_SC04_018,ov_SC04_019] share h_exact 6ff945fc330f… (source src/shared/ov/func_8018AFE8.h)
[ OK ] E_func_80187E28: 2 members [ov_SC03_014,ov_SC03_015] share h_exact 981b4c9251c5… (source src/shared/ov/func_80187E28.h)
[ OK ] E_func_80182704: 2 members [ov_SC03_118,ov_SC03_119] share h_exact 1a763dd04ffe… (source src/shared/ov/func_80182704__1a763dd0.h)
[ OK ] E_func_8017F190: 3 members [ov_SC03_126,ov_SC04_021,ov_SC05_019] share h_exact efda0d44c131… (source src/shared/ov/func_8017F190__efda0d44.h)
[ OK ] E_func_8017E264: 2 members [ov_SC04_018,ov_SC04_019] share h_exact b79d8a2ab53c… (source src/shared/ov/func_8017E264__b79d8a2a.h)
[ OK ] E_func_8018B868: 2 members [ov_SC04_018,ov_SC04_019] share h_exact 7c97457dadac… (source src/shared/ov/func_8018B868__7c97457d.h)
[ OK ] E_func_8017C090: 4 members [ov_SC06_018,ov_SC06_020,ov_SC06_032,ov_SC06_033] share h_exact 981b4c9251c5… (source src/shared/ov/func_8017C090.h)
[ OK ] E_func_8018248C: 2 members [ov_SC03_118,ov_SC03_119] share h_exact 7dae7530ad8d… (source src/shared/ov/func_8018248C__7dae7530.h)
[ OK ] E_func_8018B564: 2 members [ov_SC04_018,ov_SC04_019] share h_exact 7c97457dadac… (source src/shared/ov/func_8018B564__7c97457d.h)
[ OK ] E_func_8018B6E8: 2 members [ov_SC04_018,ov_SC04_019] share h_exact 7c97457dadac… (source src/shared/ov/func_8018B6E8__7c97457d.h)
[ OK ] E_func_8017DEA4: 2 members [ov_SC03_001,ov_SC06_018] share h_exact 767854057419… (source src/shared/ov/func_8017DEA4__76785405.h)
[ OK ] E_func_8017D12C: 2 members [ov_SC06_018,ov_SC06_020] share h_exact 79ff94814358… (source src/shared/ov/func_8017D12C__79ff9481.h)
[ OK ] E_func_8018B9D0: 2 members [ov_SC04_018,ov_SC04_019] share h_exact 7c97457dadac… (source src/shared/ov/func_8018B9D0.h)
[ OK ] E_func_8017E0FC: 2 members [ov_SC04_018,ov_SC04_019] share h_exact 0e3d12a08721… (source src/shared/ov/func_8017E0FC__0e3d12a0.h)
[ OK ] E_func_8017E074: 2 members [ov_SC04_018,ov_SC04_019] share h_exact 0e3d12a08721… (source src/shared/ov/func_8017E074__0e3d12a0.h)
[ OK ] E_func_80181998: 2 members [ov_SC04_018,ov_SC04_019] share h_exact 73cc22e8943a… (source src/shared/ov/func_80181998__73cc22e8.h)
[ OK ] E_func_80183958: 2 members [ov_SC03_014,ov_SC03_015] share h_exact eaf324b89a25… (source src/shared/ov/func_80183958.h)
[ OK ] E_func_801819B0: 2 members [ov_SC04_018,ov_SC04_019] share h_exact 32bb12da0636… (source src/shared/ov/func_801819B0__32bb12da.h)
[ OK ] E_func_8018071C: 2 members [ov_SC03_014,ov_SC03_015] share h_exact a19e9b10804a… (source src/shared/ov/func_8018071C__a19e9b10.h)
[ OK ] E_func_80183930: 2 members [ov_SC03_014,ov_SC03_015] share h_exact 20a4f42e7ee4… (source src/shared/ov/func_80183930__20a4f42e.h)
[ OK ] E_func_801892E4: 2 members [ov_SC03_014,ov_SC03_015] share h_exact 1c9e6f308a8c… (source src/shared/ov/func_801892E4.h)
[ OK ] E_func_80184440: 2 members [ov_SC03_014,ov_SC03_015] share h_exact 2c4a16e5625c… (source src/shared/ov/func_80184440.h)
[ OK ] E_func_801819EC: 2 members [ov_SC03_118,ov_SC03_119] share h_exact 68a6381c3681… (source src/shared/ov/func_801819EC__68a6381c.h)
[ OK ] E_func_80181A3C: 2 members [ov_SC03_118,ov_SC03_119] share h_exact 6b1b152572d4… (source src/shared/ov/func_80181A3C.h)
[ OK ] E_func_801819C4: 2 members [ov_SC03_118,ov_SC03_119] share h_exact 1e7aa7f50293… (source src/shared/ov/func_801819C4__1e7aa7f5.h)
[ OK ] E_func_8017F4A4: 2 members [ov_SC03_118,ov_SC03_119] share h_exact 092cef339f87… (source src/shared/ov/func_8017F4A4__092cef33.h)
[ OK ] E_func_801835C4: 2 members [ov_SC03_014,ov_SC03_015] share h_exact 515d76d5fe72… (source src/shared/ov/func_801835C4.h)
[ OK ] E_func_8018BF08: 2 members [ov_SC04_018,ov_SC04_019] share h_exact 4ab0fc7a4435… (source src/shared/ov/func_8018BF08.h)
[ OK ] E_func_801848E4: 2 members [ov_SC03_014,ov_SC03_015] share h_exact dac153f25f8f… (source src/shared/ov/func_801848E4__dac153f2.h)
[ OK ] E_func_8018553C: 2 members [ov_SC03_014,ov_SC03_015] share h_exact 3d02f43efb87… (source src/shared/ov/func_8018553C__3d02f43e.h)
[ OK ] E_func_801838E0: 2 members [ov_SC03_118,ov_SC03_119] share h_exact f06cf5c8f17b… (source src/shared/ov/func_801838E0__f06cf5c8.h)
[ OK ] E_func_8018385C: 2 members [ov_SC03_014,ov_SC03_015] share h_exact d74f31e7d9da… (source src/shared/ov/func_8018385C.h)
[ OK ] E_func_801838A4: 2 members [ov_SC03_118,ov_SC03_119] share h_exact fdb4a3131b5f… (source src/shared/ov/func_801838A4__fdb4a313.h)
[ OK ] E_func_80183B00: 2 members [ov_SC03_118,ov_SC03_119] share h_exact 94d66b298ab6… (source src/shared/ov/func_80183B00.h)
[ OK ] E_func_8018AF00: 2 members [ov_SC04_018,ov_SC04_019] share h_exact 82100dfe0ccc… (source src/shared/ov/func_8018AF00.h)
[ OK ] E_func_8016B91C: 141 members [141 binaries] share h_exact 8dc4cbd5edd2… (source src/shared/ov/func_8016B91C.h)
[ OK ] E_func_8017248C: 141 members [141 binaries] share h_exact 9efabaa284a3… (source src/shared/ov/func_8017248C.h)
[ OK ] E_func_8017C5CC: 2 members [ov_SC04_018,ov_SC04_019] share h_exact 41d6324c9653… (source src/shared/ov/func_8017C5CC__41d6324c.h)
[ OK ] E_func_8018AB3C: 2 members [ov_SC04_018,ov_SC04_019] share h_exact cd04ab981ea3… (source src/shared/ov/func_8018AB3C.h)
[ OK ] E_func_80186084: 2 members [ov_SC04_018,ov_SC04_019] share h_exact a92965d5e1da… (source src/shared/ov/func_80186084.h)
[ OK ] E_func_8017D6B0: 2 members [ov_SC04_018,ov_SC04_019] share h_exact 03c35bc37641… (source src/shared/ov/func_8017D6B0__03c35bc3.h)
[ OK ] E_func_8018233C: 2 members [ov_SC04_018,ov_SC04_019] share h_exact 1efa928fe953… (source src/shared/ov/func_8018233C__1efa928f.h)
[ OK ] E_func_8018A740: 2 members [ov_SC04_018,ov_SC04_019] share h_exact 95bfc71bed55… (source src/shared/ov/func_8018A740.h)
[ OK ] E_func_8018A898: 2 members [ov_SC04_018,ov_SC04_019] share h_exact 4a8440b55138… (source src/shared/ov/func_8018A898.h)
[ OK ] E_func_8017F058: 2 members [ov_SC04_018,ov_SC04_019] share h_exact c1e50dcd8438… (source src/shared/ov/func_8017F058__c1e50dcd.h)
[ OK ] E_func_801800E0: 2 members [ov_SC04_018,ov_SC04_019] share h_exact 9337da840d60… (source src/shared/ov/func_801800E0__9337da84.h)
[ OK ] E_func_8014EE14: 141 members [141 binaries] share h_exact d6ee7093b8d7… (source src/shared/ov/func_8014EE14.h)
[ OK ] E_func_80150528: 141 members [141 binaries] share h_exact 16c084efe7d6… (source src/shared/ov/func_80150528.h)
[ OK ] E_func_8014F2E0: 141 members [141 binaries] share h_exact 9991296c5a8f… (source src/shared/ov/func_8014F2E0.h)
[ OK ] E_func_80149374: 141 members [141 binaries] share h_exact 26721d910614… (source src/shared/ov/func_80149374.h)
[ OK ] E_func_80132784: 141 members [141 binaries] share h_exact 040f7b5107c6… (source src/shared/ov/func_80132784.h)
[ OK ] E_func_801542A4: 141 members [141 binaries] share h_exact c86eb0e71146… (source src/shared/ov/func_801542A4.h)
[ OK ] E_func_8015BE94: 141 members [141 binaries] share h_exact 05b435332750… (source src/shared/ov/func_8015BE94.h)
[ OK ] E_func_8015F380: 141 members [141 binaries] share h_exact 9e46a0ac9587… (source src/shared/ov/func_8015F380.h)
[ OK ] E_func_80160F00: 141 members [141 binaries] share h_exact 5957f663ab24… (source src/shared/ov/func_80160F00.h)
[ OK ] E_func_801653B8: 141 members [141 binaries] share h_exact c08b20fc67bb… (source src/shared/ov/func_801653B8.h)
[ OK ] E_func_80166244: 141 members [141 binaries] share h_exact eadf51e888b3… (source src/shared/ov/func_80166244.h)
[ OK ] E_func_8016E778: 141 members [141 binaries] share h_exact 7d88873eafbb… (source src/shared/ov/func_8016E778.h)
[ OK ] E_func_801732C4: 141 members [141 binaries] share h_exact 473235700bb0… (source src/shared/ov/func_801732C4.h)
[ OK ] E_func_8017331C: 141 members [141 binaries] share h_exact c50bd2124b53… (source src/shared/ov/func_8017331C.h)
[ OK ] E_func_80173374: 141 members [141 binaries] share h_exact abb483e19740… (source src/shared/ov/func_80173374.h)
[ OK ] E_func_80174554: 141 members [141 binaries] share h_exact 32c867659cef… (source src/shared/ov/func_80174554.h)
[ OK ] E_func_801745AC: 141 members [141 binaries] share h_exact 905697a4c29e… (source src/shared/ov/func_801745AC.h)
[ OK ] E_func_8014F74C: 141 members [141 binaries] share h_exact f969fea3b8fa… (source src/shared/ov/func_8014F74C.h)
[ OK ] E_func_8014E048: 141 members [141 binaries] share h_exact eab8167ecd40… (source src/shared/ov/func_8014E048.h)
[ OK ] E_func_80157580: 141 members [141 binaries] share h_exact d10465375201… (source src/shared/ov/func_80157580.h)
[ OK ] E_func_80129CF8: 141 members [141 binaries] share h_exact 3602e5f8bc86… (source src/shared/ov/func_80129CF8.h)
[ OK ] E_func_80138ED0: 141 members [141 binaries] share h_exact 241c39640d58… (source src/shared/ov/func_80138ED0.h)
[ OK ] E_func_8012D098: 141 members [141 binaries] share h_exact 182a812c8f35… (source src/shared/ov/func_8012D098.h)
[ OK ] E_func_8012EC04: 141 members [141 binaries] share h_exact 32bb75a91c92… (source src/shared/ov/func_8012EC04.h)
[ OK ] E_func_801392FC: 141 members [141 binaries] share h_exact f712e6904e23… (source src/shared/ov/func_801392FC.h)
[ OK ] E_func_8013A530: 141 members [141 binaries] share h_exact 4ab0c4ef025f… (source src/shared/ov/func_8013A530.h)
[ OK ] E_func_8013AF20: 141 members [141 binaries] share h_exact c7ed6f700887… (source src/shared/ov/func_8013AF20.h)
[ OK ] E_func_801571C4: 141 members [141 binaries] share h_exact b04b8b2c4c0b… (source src/shared/ov/func_801571C4.h)
[ OK ] E_func_8014EA4C: 141 members [141 binaries] share h_exact 3d0eaf2f51c0… (source src/shared/ov/func_8014EA4C.h)
[ OK ] E_func_80176D94: 141 members [141 binaries] share h_exact 9a53081e0483… (source src/shared/ov/func_80176D94.h)
[ OK ] E_func_80148094: 141 members [141 binaries] share h_exact 8fd8787a07d0… (source src/shared/ov/func_80148094.h)
[ OK ] E_func_80144B9C: 141 members [141 binaries] share h_exact 74186b97e5d9… (source src/shared/ov/func_80144B9C.h)
[ OK ] E_func_801770E0: 141 members [141 binaries] share h_exact bb5717880c3a… (source src/shared/ov/func_801770E0.h)
[ OK ] E_func_801372B0: 141 members [141 binaries] share h_exact 009f12cb1c24… (source src/shared/ov/func_801372B0.h)
[ OK ] E_func_80174650: 141 members [141 binaries] share h_exact af8128df5ff6… (source src/shared/ov/func_80174650.h)
[ OK ] E_func_8014C8C8: 141 members [141 binaries] share h_exact 84590790e784… (source src/shared/ov/func_8014C8C8.h)
[ OK ] E_func_8012C098: 141 members [141 binaries] share h_exact df79b18a903e… (source src/shared/ov/func_8012C098.h)
[ OK ] E_func_8012F14C: 141 members [141 binaries] share h_exact 9a2982b698fb… (source src/shared/ov/func_8012F14C.h)
[ OK ] E_func_80157158: 141 members [141 binaries] share h_exact 36d80e76c478… (source src/shared/ov/func_80157158.h)
[ OK ] E_func_8012F038: 141 members [141 binaries] share h_exact b4078382239b… (source src/shared/ov/func_8012F038.h)
[ OK ] E_func_8014964C: 141 members [141 binaries] share h_exact fffcefd2cb95… (source src/shared/ov/func_8014964C.h)
[ OK ] E_func_8012C0EC: 141 members [141 binaries] share h_exact e05b7bff0ee2… (source src/shared/ov/func_8012C0EC.h)
[ OK ] E_func_8012E5CC: 140 members [140 binaries] share h_exact 62ab8c1ddf81… (source src/shared/ov/func_8012E5CC.h)
[ OK ] E_func_8012C750: 141 members [141 binaries] share h_exact 0789df8727b7… (source src/shared/ov/func_8012C750.h)
[ OK ] E_func_80128ED8: 141 members [141 binaries] share h_exact e40952016218… (source src/shared/ov/func_80128ED8.h)
[ OK ] E_func_80177EA4: 141 members [141 binaries] share h_exact cae296e75d60… (source src/shared/ov/func_80177EA4.h)
[ OK ] E_func_8016A8FC: 138 members [138 binaries] share h_exact 5793cdffdeb2… (source src/shared/ov/func_8016A8FC.h)
[ OK ] E_func_8014A048: 141 members [141 binaries] share h_exact e56821e1a578… (source src/shared/ov/func_8014A048.h)
[ OK ] E_func_801678F0: 141 members [141 binaries] share h_exact b2dc4b7dabeb… (source src/shared/ov/func_801678F0.h)
[ OK ] E_func_8014DD8C: 141 members [141 binaries] share h_exact 500465632aae… (source src/shared/ov/func_8014DD8C.h)
[ OK ] E_func_8017C710: 2 members [ov_SC01_077,ov_SC03_030] share h_exact e2fbbbec6efc… (source src/shared/ov/func_8017C710__e2fbbbec.h)
[ OK ] E_func_80130650: 141 members [141 binaries] share h_exact 3767c0111687… (source src/shared/ov/func_80130650.h)
[ OK ] E_func_80149450: 141 members [141 binaries] share h_exact bef71548def1… (source src/shared/ov/func_80149450.h)
[ OK ] E_func_80174684: 141 members [141 binaries] share h_exact 1d3fce0c7029… (source src/shared/ov/func_80174684.h)
[ OK ] E_func_80129C40: 141 members [141 binaries] share h_exact a2a5c189fbe5… (source src/shared/ov/func_80129C40.h)
[ OK ] E_func_8012A6D0: 141 members [141 binaries] share h_exact 9aca37ff7a45… (source src/shared/ov/func_8012A6D0.h)
[ OK ] E_func_80130A18: 141 members [141 binaries] share h_exact f655639fbeb6… (source src/shared/ov/func_80130A18.h)
[ OK ] E_func_80131D68: 141 members [141 binaries] share h_exact 4640feb0959a… (source src/shared/ov/func_80131D68.h)
[ OK ] E_func_80136DFC: 141 members [141 binaries] share h_exact 6abee49ee468… (source src/shared/ov/func_80136DFC.h)
[ OK ] E_func_80146C3C: 141 members [141 binaries] share h_exact 0f47073c9f6c… (source src/shared/ov/func_80146C3C.h)
[ OK ] E_func_80147F78: 141 members [141 binaries] share h_exact 9eb3a5c0c1fd… (source src/shared/ov/func_80147F78.h)
[ OK ] E_func_801494CC: 141 members [141 binaries] share h_exact 07fe2d7e60e6… (source src/shared/ov/func_801494CC.h)
[ OK ] E_func_80149F2C: 138 members [138 binaries] share h_exact 6d45bcfe1c7b… (source src/shared/ov/func_80149F2C.h)
[ OK ] E_func_8014C1C8: 141 members [141 binaries] share h_exact a06d5493cf5c… (source src/shared/ov/func_8014C1C8.h)
[ OK ] E_func_80152C80: 141 members [141 binaries] share h_exact 5dc4521e4e34… (source src/shared/ov/func_80152C80.h)
[ OK ] E_func_801719A4: 141 members [141 binaries] share h_exact 7890648e9bc9… (source src/shared/ov/func_801719A4.h)
[ OK ] E_func_80173BC0: 141 members [141 binaries] share h_exact a2c3e96623cb… (source src/shared/ov/func_80173BC0.h)
[ OK ] E_func_80173CB4: 141 members [141 binaries] share h_exact fc7be8bd1fe5… (source src/shared/ov/func_80173CB4.h)
[ OK ] E_func_8014ADE0: 141 members [141 binaries] share h_exact 8e362b781739… (source src/shared/ov/func_8014ADE0.h)
[ OK ] E_func_801325B8: 141 members [141 binaries] share h_exact 8fd22bf4c10f… (source src/shared/ov/func_801325B8.h)
[ OK ] E_func_801387B8: 141 members [141 binaries] share h_exact c8e301b8de1d… (source src/shared/ov/func_801387B8.h)
[ OK ] E_func_8014F4C0: 141 members [141 binaries] share h_exact c378aa0123ea… (source src/shared/ov/func_8014F4C0.h)
[ OK ] E_func_8014E284: 141 members [141 binaries] share h_exact 8425223edca5… (source src/shared/ov/func_8014E284.h)
[ OK ] E_func_80137DD4: 141 members [141 binaries] share h_exact 9b03676a7a34… (source src/shared/ov/func_80137DD4.h)
[ OK ] E_func_80150170: 141 members [141 binaries] share h_exact c6cae37c69f9… (source src/shared/ov/func_80150170.h)
[ OK ] E_func_80141B90: 141 members [141 binaries] share h_exact a8e23f5486ac… (source src/shared/ov/func_80141B90.h)
[ OK ] E_func_80167714: 141 members [141 binaries] share h_exact a7f0e3d635df… (source src/shared/ov/func_80167714.h)
[ OK ] E_func_80165CA0: 141 members [141 binaries] share h_exact 0b19faae66ff… (source src/shared/ov/func_80165CA0.h)
[ OK ] E_func_8014CD80: 141 members [141 binaries] share h_exact 4da9c2dae868… (source src/shared/ov/func_8014CD80.h)
[ OK ] E_func_80130C08: 141 members [141 binaries] share h_exact 88d6ca22622d… (source src/shared/ov/func_80130C08.h)
[ OK ] E_func_80137178: 141 members [141 binaries] share h_exact f5d8c9a98232… (source src/shared/ov/func_80137178.h)
[ OK ] E_func_8012E138: 141 members [141 binaries] share h_exact 11b77ce574e0… (source src/shared/ov/func_8012E138.h)
[ OK ] E_func_80175308: 141 members [141 binaries] share h_exact c722f77f0022… (source src/shared/ov/func_80175308.h)
[ OK ] E_func_8014C568: 141 members [141 binaries] share h_exact 1fad7d90b5c6… (source src/shared/ov/func_8014C568.h)
[ OK ] E_func_8012A418: 141 members [141 binaries] share h_exact 2de4ec2a6187… (source src/shared/ov/func_8012A418.h)
[ OK ] E_func_80134310: 141 members [141 binaries] share h_exact ffd70f58a52c… (source src/shared/ov/func_80134310.h)
[ OK ] E_func_801395D4: 141 members [141 binaries] share h_exact 16b2a1021f15… (source src/shared/ov/func_801395D4.h)
[ OK ] E_func_80171FFC: 141 members [141 binaries] share h_exact 9aea5b9c3dd8… (source src/shared/ov/func_80171FFC.h)
[ OK ] E_func_801522CC: 141 members [141 binaries] share h_exact 5dc4521e4e34… (source src/shared/ov/func_801522CC.h)
[ OK ] E_func_801497A8: 141 members [141 binaries] share h_exact a3d1ef667b8c… (source src/shared/ov/func_801497A8.h)
[ OK ] E_func_8012C658: 141 members [141 binaries] share h_exact c0654b3fbb3b… (source src/shared/ov/func_8012C658.h)
[ OK ] E_func_8016EFC8: 141 members [141 binaries] share h_exact 39bb5dee196c… (source src/shared/ov/func_8016EFC8.h)
[ OK ] E_func_801775E0: 141 members [141 binaries] share h_exact 5b683ae44990… (source src/shared/ov/func_801775E0.h)
[ OK ] E_func_80164418: 141 members [141 binaries] share h_exact 1db8c7d32ffe… (source src/shared/ov/func_80164418.h)
[ OK ] E_func_801379FC: 141 members [141 binaries] share h_exact c5517b87d82c… (source src/shared/ov/func_801379FC.h)
[ OK ] E_func_8012EA90: 141 members [141 binaries] share h_exact fae868085bf6… (source src/shared/ov/func_8012EA90.h)
[ OK ] E_func_8012E778: 141 members [141 binaries] share h_exact fba658ee01eb… (source src/shared/ov/func_8012E778.h)
[ OK ] E_func_8012A464: 141 members [141 binaries] share h_exact 7bec4d364164… (source src/shared/ov/func_8012A464.h)
[ OK ] E_func_8014FFDC: 141 members [141 binaries] share h_exact 8e65f9efbd00… (source src/shared/ov/func_8014FFDC.h)
[ OK ] E_func_801502EC: 141 members [141 binaries] share h_exact 8e65f9efbd00… (source src/shared/ov/func_801502EC.h)
[ OK ] E_func_80136F3C: 141 members [141 binaries] share h_exact d6334f65a52e… (source src/shared/ov/func_80136F3C.h)
[ OK ] E_func_80180710: 2 members [ov_SC01_005,ov_SC01_006] share h_exact d000df43eb6a… (source src/shared/ov/func_80180710__d000df43.h)
[ OK ] E_func_8014A51C: 141 members [141 binaries] share h_exact bc569e9cd2f0… (source src/shared/ov/func_8014A51C.h)
[ OK ] E_func_801483E8: 141 members [141 binaries] share h_exact e947d4763471… (source src/shared/ov/func_801483E8.h)
[ OK ] E_func_8014680C: 141 members [141 binaries] share h_exact 41135668e041… (source src/shared/ov/func_8014680C.h)
[ OK ] E_func_8017129C: 141 members [141 binaries] share h_exact 86403336f739… (source src/shared/ov/func_8017129C.h)
[ OK ] E_func_80177AD4: 141 members [141 binaries] share h_exact c3e9fff455a4… (source src/shared/ov/func_80177AD4.h)
[ OK ] E_func_80177940: 141 members [141 binaries] share h_exact 1bed0717bdfb… (source src/shared/ov/func_80177940.h)
[ OK ] E_func_8012B4B8: 141 members [141 binaries] share h_exact fe8e098421e0… (source src/shared/ov/func_8012B4B8.h)
[ OK ] E_func_80169228: 141 members [141 binaries] share h_exact fedcb0b472c3… (source src/shared/ov/func_80169228.h)
[ OK ] E_func_80174CB0: 138 members [138 binaries] share h_exact 5fd1ad068440… (source src/shared/ov/func_80174CB0.h)
[ OK ] E_func_801777BC: 141 members [141 binaries] share h_exact 203623683312… (source src/shared/ov/func_801777BC.h)
[ OK ] E_func_8014D4C0: 141 members [141 binaries] share h_exact acc0ee6da878… (source src/shared/ov/func_8014D4C0.h)
[ OK ] E_func_8014F3E8: 141 members [141 binaries] share h_exact 2ccf344dee03… (source src/shared/ov/func_8014F3E8.h)
[ OK ] E_func_8012E014: 141 members [141 binaries] share h_exact 18eeac9eedc3… (source src/shared/ov/func_8012E014.h)
[ OK ] E_func_80151C54: 141 members [141 binaries] share h_exact 1902c5e63d48… (source src/shared/ov/func_80151C54.h)
[ OK ] E_func_8012F49C: 140 members [140 binaries] share h_exact c9866fcb8607… (source src/shared/ov/func_8012F49C.h)
[ OK ] E_func_80151B98: 141 members [141 binaries] share h_exact d225cfe6779e… (source src/shared/ov/func_80151B98.h)
[ OK ] E_func_8017BF34: 10 members [10 binaries] share h_exact 952c5c0012f6… (source src/shared/ov/func_8017BF34__952c5c00.h)
[ OK ] E_func_8017C560: 10 members [10 binaries] share h_exact f93a4aa39125… (source src/shared/ov/func_8017C560.h)
[ OK ] E_func_8017C1CC: 10 members [10 binaries] share h_exact 14ad452713e2… (source src/shared/ov/func_8017C1CC__14ad4527.h)
[ OK ] E_func_8017C770: 10 members [10 binaries] share h_exact daeb5195207e… (source src/shared/ov/func_8017C770.h)
[ OK ] E_func_8017C8B4: 10 members [10 binaries] share h_exact 3d8efbf9d677… (source src/shared/ov/func_8017C8B4__3d8efbf9.h)
[ OK ] E_func_80182190: 2 members [ov_SC02_000,ov_SC02_003] share h_exact 07c10fc38720… (source src/shared/ov/func_80182190__07c10fc3.h)
[ OK ] E_func_80187060: 2 members [ov_SC02_000,ov_SC02_003] share h_exact 71935dc160b5… (source src/shared/ov/func_80187060__71935dc1.h)
[ OK ] E_func_80186FDC: 2 members [ov_SC02_000,ov_SC02_003] share h_exact edd8502ee448… (source src/shared/ov/func_80186FDC__edd8502e.h)
[ OK ] E_func_80183A80: 2 members [ov_SC02_000,ov_SC02_003] share h_exact ef4ae028783b… (source src/shared/ov/func_80183A80__ef4ae028.h)
[ OK ] E_func_801805F8: 2 members [ov_SC03_014,ov_SC03_015] share h_exact fe6ef275e4eb… (source src/shared/ov/func_801805F8__fe6ef275.h)
[ OK ] E_func_80180B84: 2 members [ov_SC03_014,ov_SC03_015] share h_exact 5c8b46bfa61d… (source src/shared/ov/func_80180B84__5c8b46bf.h)
[ OK ] E_func_801898BC: 2 members [ov_SC03_014,ov_SC03_015] share h_exact 00c057a5ca16… (source src/shared/ov/func_801898BC.h)
[ OK ] E_func_801718AC: 141 members [141 binaries] share h_exact 42c81ec59056… (source src/shared/ov/func_801718AC.h)
[ OK ] E_func_80185978: 2 members [ov_SC04_018,ov_SC04_019] share h_exact f66a4435ed8d… (source src/shared/ov/func_80185978__f66a4435.h)
[ OK ] E_func_8013C360: 141 members [141 binaries] share h_exact 7c1b3bb8401a… (source src/shared/ov/func_8013C360.h)
[ OK ] E_func_80147364: 141 members [141 binaries] share h_exact 813729d8b465… (source src/shared/ov/func_80147364.h)
[ OK ] E_func_8016BA68: 141 members [141 binaries] share h_exact 1e79f41859ed… (source src/shared/ov/func_8016BA68.h)
[ OK ] E_func_8012A598: 141 members [141 binaries] share h_exact 1bfd8874d4bd… (source src/shared/ov/func_8012A598.h)
[ OK ] E_func_8012F274: 140 members [140 binaries] share h_exact 0bfaee44dc40… (source src/shared/ov/func_8012F274.h)
[ OK ] E_func_801466F0: 141 members [141 binaries] share h_exact f24b6aa1ffe1… (source src/shared/ov/func_801466F0.h)
[ OK ] E_func_801758FC: 141 members [141 binaries] share h_exact 960695ee9dfd… (source src/shared/ov/func_801758FC.h)
[ OK ] E_func_8017BEE0: 7 members [7 binaries] share h_exact 3c9a6d8e20bb… (source src/shared/ov/func_8017BEE0.h)
[ OK ] E_func_80176144: 141 members [141 binaries] share h_exact 036f6784472c… (source src/shared/ov/func_80176144.h)
[ OK ] E_func_8018625C: 2 members [ov_SC04_018,ov_SC04_019] share h_exact 3b4847517d5f… (source src/shared/ov/func_8018625C.h)
[ OK ] E_func_80182BD4: 2 members [ov_SC03_014,ov_SC03_015] share h_exact 97cafd5a05d9… (source src/shared/ov/func_80182BD4__97cafd5a.h)
[ OK ] E_func_80182BB0: 2 members [ov_SC03_014,ov_SC03_015] share h_exact a88cb6e7620d… (source src/shared/ov/func_80182BB0__a88cb6e7.h)
[ OK ] E_func_80188F90: 2 members [ov_SC03_118,ov_SC03_119] share h_exact 0ac0e5e6754a… (source src/shared/ov/func_80188F90.h)
[ OK ] E_func_801880F8: 2 members [ov_SC03_014,ov_SC03_015] share h_exact 53ccaf0755a5… (source src/shared/ov/func_801880F8.h)
[ OK ] E_func_8017D174: 4 members [ov_SC02_016,ov_SC02_017,ov_SC03_006,ov_SC03_029] share h_exact 63f2a03f4527… (source src/shared/ov/func_8017D174__63f2a03f.h)
[ OK ] E_func_80168B70: 141 members [141 binaries] share h_exact 93d5fccdcc7f… (source src/shared/ov/func_80168B70.h)
[ OK ] E_func_8017CC60: 9 members [9 binaries] share h_exact c05e46830b4f… (source src/shared/ov/func_8017CC60.h)
[ OK ] E_func_8017E914: 2 members [ov_SC02_037,ov_SC03_110] share h_exact 37f67f3adb2e… (source src/shared/ov/func_8017E914__37f67f3a.h)
[ OK ] E_func_8017E7F8: 5 members [ov_SC02_037,ov_SC03_110,ov_SC05_001,ov_SC05_005,ov_SC05_006] share h_exact 511a8b68802b… (source src/shared/ov/func_8017E7F8__511a8b68.h)
[ OK ] E_func_8017D378: 9 members [9 binaries] share h_exact f93a4aa39125… (source src/shared/ov/func_8017D378__f93a4aa3.h)
[ OK ] E_func_80156600: 141 members [141 binaries] share h_exact f3a9a8b677be… (source src/shared/ov/func_80156600.h)
[ OK ] E_func_80142B2C: 141 members [141 binaries] share h_exact 76607a3381cf… (source src/shared/ov/func_80142B2C.h)
[ OK ] E_func_80144B14: 141 members [141 binaries] share h_exact 87f3b7300bbe… (source src/shared/ov/func_80144B14.h)
[ OK ] E_func_8017D428: 9 members [9 binaries] share h_exact db5240903f19… (source src/shared/ov/func_8017D428__db524090.h)
[ OK ] E_func_80161888: 141 members [141 binaries] share h_exact 28282182732d… (source src/shared/ov/func_80161888.h)
[ OK ] E_func_801535F4: 141 members [141 binaries] share h_exact 9333ce9ec58c… (source src/shared/ov/func_801535F4.h)
[ OK ] E_func_80163764: 141 members [141 binaries] share h_exact fa4fafa0e54c… (source src/shared/ov/func_80163764.h)
[ OK ] E_func_80146750: 141 members [141 binaries] share h_exact ee236ac924bf… (source src/shared/ov/func_80146750.h)
[ OK ] E_func_80161774: 141 members [141 binaries] share h_exact 3576d059c2cc… (source src/shared/ov/func_80161774.h)
[ OK ] E_func_8016163C: 141 members [141 binaries] share h_exact d743c21bd979… (source src/shared/ov/func_8016163C.h)
[ OK ] E_func_8014D2A0: 141 members [141 binaries] share h_exact 18749e1aa54b… (source src/shared/ov/func_8014D2A0.h)
[ OK ] E_func_8014CF04: 140 members [140 binaries] share h_exact 225792366f1c… (source src/shared/ov/func_8014CF04.h)
[ OK ] E_func_80156670: 141 members [141 binaries] share h_exact 65803f4f440b… (source src/shared/ov/func_80156670.h)
[ OK ] E_func_80158638: 141 members [141 binaries] share h_exact 6a497e0fd827… (source src/shared/ov/func_80158638.h)
[ OK ] E_func_8017CE7C: 9 members [9 binaries] share h_exact 5c1a68674a61… (source src/shared/ov/func_8017CE7C__5c1a6867.h)
[ OK ] E_func_8014C6F4: 141 members [141 binaries] share h_exact 1ac65d841297… (source src/shared/ov/func_8014C6F4.h)
[ OK ] E_func_8017D728: 9 members [9 binaries] share h_exact 81ba1d708b3b… (source src/shared/ov/func_8017D728__81ba1d70.h)
[ OK ] E_func_8014D12C: 141 members [141 binaries] share h_exact 45432249ba64… (source src/shared/ov/func_8014D12C.h)
[ OK ] E_func_8014FE60: 141 members [141 binaries] share h_exact 70e7a6e197fd… (source src/shared/ov/func_8014FE60.h)
[ OK ] E_func_801463A0: 141 members [141 binaries] share h_exact f5c34dee9e6b… (source src/shared/ov/func_801463A0.h)
[ OK ] E_func_8012CC88: 141 members [141 binaries] share h_exact b65d64030a49… (source src/shared/ov/func_8012CC88.h)
[ OK ] E_func_801330E0: 141 members [141 binaries] share h_exact 3f5678dc4259… (source src/shared/ov/func_801330E0.h)
[ OK ] E_func_80155800: 141 members [141 binaries] share h_exact ac3af9dde7e3… (source src/shared/ov/func_80155800.h)
[ OK ] E_func_80178004: 141 members [141 binaries] share h_exact e1b70e9fa528… (source src/shared/ov/func_80178004.h)
[ OK ] E_func_801412A8: 141 members [141 binaries] share h_exact 280fa04f0709… (source src/shared/ov/func_801412A8.h)
[ OK ] E_func_801EF790: 4 members [md_SC03_073,md_SC03_074,md_SC03_075,md_SC03_078] share h_exact 767854057419… (source src/shared/slot_801EF468/func_801EF790.h)
[ OK ] E_func_801EF85C: 4 members [md_SC03_073,md_SC03_074,md_SC03_075,md_SC03_078] share h_exact 767854057419… (source src/shared/slot_801EF468/func_801EF85C.h)
[ OK ] E_func_801EF5D4: 4 members [md_SC03_073,md_SC03_074,md_SC03_075,md_SC03_078] share h_exact 37f67f3adb2e… (source src/shared/slot_801EF468/func_801EF5D4.h)
[ OK ] E_func_801EF7D4: 4 members [md_SC03_073,md_SC03_074,md_SC03_075,md_SC03_078] share h_exact 88741b5adb4e… (source src/shared/slot_801EF468/func_801EF7D4.h)
[ OK ] E_func_801EF4D4: 4 members [md_SC03_073,md_SC03_074,md_SC03_075,md_SC03_078] share h_exact 511a8b68802b… (source src/shared/slot_801EF468/func_801EF4D4.h)
[ OK ] E_func_801EF6A8: 4 members [md_SC03_073,md_SC03_074,md_SC03_075,md_SC03_078] share h_exact b9caea59f74f… (source src/shared/slot_801EF468/func_801EF6A8.h)
[ OK ] E_func_801EF4F8: 4 members [md_SC03_073,md_SC03_074,md_SC03_075,md_SC03_078] share h_exact 54f18e02ce1c… (source src/shared/slot_801EF468/func_801EF4F8.h)
[ OK ] E_func_801EF544: 3 members [md_SC03_073,md_SC03_074,md_SC03_075] share h_exact f054e0c42760… (source src/shared/slot_801EF468/func_801EF544.h)
[ OK ] E_func_801EF864: 4 members [md_SC03_073,md_SC03_074,md_SC03_075,md_SC03_078] share h_exact 9d4f47042e9a… (source src/shared/slot_801EF468/func_801EF864.h)
[ OK ] E_func_8017E518: 2 members [ov_SC02_011,ov_SC07_010] share h_exact 767854057419… (source src/shared/ov/func_8017E518__76785405.h)
[ OK ] E_func_8012A018: 141 members [141 binaries] share h_exact 6d717730b636… (source src/shared/ov/func_8012A018.h)
[ OK ] E_func_80131CA8: 141 members [141 binaries] share h_exact 2c9ae3cd2149… (source src/shared/ov/func_80131CA8.h)
[ OK ] E_func_80172C50: 140 members [140 binaries] share h_exact d50cc5103cf6… (source src/shared/ov/func_80172C50.h)
[ OK ] E_func_8016BF50: 137 members [137 binaries] share h_exact 1c5bc11f816e… (source src/shared/ov/func_8016BF50.h)
[ OK ] E_func_8015C030: 141 members [141 binaries] share h_exact 6ff3d32fd8d8… (source src/shared/ov/func_8015C030.h)
[ OK ] E_func_80162CCC: 141 members [141 binaries] share h_exact 14311349434d… (source src/shared/ov/func_80162CCC.h)
[ OK ] E_func_8016191C: 141 members [141 binaries] share h_exact 64d215dba640… (source src/shared/ov/func_8016191C.h)
[ OK ] E_func_801733FC: 141 members [141 binaries] share h_exact 3e4f009550da… (source src/shared/ov/func_801733FC.h)
[ OK ] E_func_80137614: 141 members [141 binaries] share h_exact d0c883314e83… (source src/shared/ov/func_80137614.h)
[ OK ] E_func_8016F0E4: 141 members [141 binaries] share h_exact 72d01994cf9f… (source src/shared/ov/func_8016F0E4.h)
[ OK ] E_func_8013C08C: 140 members [140 binaries] share h_exact f769ff8982ba… (source src/shared/ov/func_8013C08C.h)
[ OK ] E_func_80131CF4: 141 members [141 binaries] share h_exact 9d2db9ce3c15… (source src/shared/ov/func_80131CF4.h)
[ OK ] E_func_8016706C: 134 members [134 binaries] share h_exact e0963a4b81c4… (source src/shared/ov/func_8016706C.h)
[ OK ] E_func_801708B0: 141 members [141 binaries] share h_exact 07865805ddd6… (source src/shared/ov/func_801708B0.h)
[ OK ] E_func_80170CF0: 141 members [141 binaries] share h_exact 763e8b3b2726… (source src/shared/ov/func_80170CF0.h)
[ OK ] E_func_8012EFB8: 141 members [141 binaries] share h_exact 26e46daf8053… (source src/shared/ov/func_8012EFB8.h)
[ OK ] E_func_801495C4: 141 members [141 binaries] share h_exact 53d8b268573d… (source src/shared/ov/func_801495C4.h)
[ OK ] E_func_8012F40C: 140 members [140 binaries] share h_exact d63a10fab8ca… (source src/shared/ov/func_8012F40C.h)
[ OK ] E_func_80131A34: 141 members [141 binaries] share h_exact d5151bada3bc… (source src/shared/ov/func_80131A34.h)
[ OK ] E_func_801778A8: 141 members [141 binaries] share h_exact 3ca961dede12… (source src/shared/ov/func_801778A8.h)
[ OK ] E_func_80161374: 141 members [141 binaries] share h_exact 8868d139b43b… (source src/shared/ov/func_80161374.h)
[ OK ] E_func_8014C4AC: 141 members [141 binaries] share h_exact 41904b3e5c3f… (source src/shared/ov/func_8014C4AC.h)
[ OK ] E_func_801376E8: 137 members [137 binaries] share h_exact 7529ad8f17b7… (source src/shared/ov/func_801376E8.h)
[ OK ] E_func_80175820: 141 members [141 binaries] share h_exact 8d29c3b272b4… (source src/shared/ov/func_80175820.h)
[ OK ] E_func_801759D8: 140 members [140 binaries] share h_exact 20aa0ffd5a2d… (source src/shared/ov/func_801759D8.h)
[ OK ] E_func_8012B77C: 141 members [141 binaries] share h_exact 5c649b513794… (source src/shared/ov/func_8012B77C.h)
[ OK ] E_func_8014E5B4: 141 members [141 binaries] share h_exact 4ed201dcd22f… (source src/shared/ov/func_8014E5B4.h)
[ OK ] E_func_80173A60: 140 members [140 binaries] share h_exact d62e1dd55726… (source src/shared/ov/func_80173A60.h)
[ OK ] E_func_80138DE0: 141 members [141 binaries] share h_exact b21f8e9cd786… (source src/shared/ov/func_80138DE0.h)
[ OK ] E_func_8014A738: 141 members [141 binaries] share h_exact b51a4f8cea14… (source src/shared/ov/func_8014A738.h)
[ OK ] E_func_80133298: 141 members [141 binaries] share h_exact dd5916cc5c13… (source src/shared/ov/func_80133298.h)
[ OK ] E_func_8014D610: 141 members [141 binaries] share h_exact 9af217fd231a… (source src/shared/ov/func_8014D610.h)
[ OK ] E_func_80163534: 141 members [141 binaries] share h_exact dcf9ec7e921a… (source src/shared/ov/func_80163534.h)
[ OK ] E_func_8012A1BC: 141 members [141 binaries] share h_exact 497f8cc90696… (source src/shared/ov/func_8012A1BC.h)
[ OK ] E_func_801749C8: 138 members [138 binaries] share h_exact 7e04ee1875d8… (source src/shared/ov/func_801749C8.h)
[ OK ] E_func_8017BEBC: 8 members [8 binaries] share h_exact 29f8286ddb37… (source src/shared/ov/func_8017BEBC__29f8286d.h)
[ OK ] E_func_8017CCD4: 9 members [9 binaries] share h_exact 17211c2c3e65… (source src/shared/ov/func_8017CCD4.h)
[ OK ] E_func_8017C8F4: 9 members [9 binaries] share h_exact c080143662be… (source src/shared/ov/func_8017C8F4.h)
[ OK ] E_func_8017CFE4: 8 members [8 binaries] share h_exact 5b6b96825169… (source src/shared/ov/func_8017CFE4__5b6b9682.h)
[ OK ] E_func_8017CD4C: 9 members [9 binaries] share h_exact 952c5c0012f6… (source src/shared/ov/func_8017CD4C.h)
[ OK ] E_func_8017CC80: 9 members [9 binaries] share h_exact 229aadd95835… (source src/shared/ov/func_8017CC80__229aadd9.h)
[ OK ] E_func_8017D588: 8 members [8 binaries] share h_exact 3a43941d56d4… (source src/shared/ov/func_8017D588__3a43941d.h)
[ OK ] E_func_8017CD9C: 9 members [9 binaries] share h_exact 85f5930d17fd… (source src/shared/ov/func_8017CD9C__85f5930d.h)
[ OK ] E_func_8017D6CC: 8 members [8 binaries] share h_exact 86843ed5657f… (source src/shared/ov/func_8017D6CC__86843ed5.h)
[ OK ] E_func_8017CB68: 7 members [7 binaries] share h_exact 2b90244a0dab… (source src/shared/ov/func_8017CB68.h)
[ OK ] E_func_8017D3B8: 9 members [9 binaries] share h_exact 55df41346db0… (source src/shared/ov/func_8017D3B8__55df4134.h)
[ OK ] E_func_8017CA34: 9 members [9 binaries] share h_exact 0dc7d970a3a5… (source src/shared/ov/func_8017CA34.h)
[ OK ] E_func_8017CDF8: 9 members [9 binaries] share h_exact 6241b634feb8… (source src/shared/ov/func_8017CDF8__6241b634.h)
[ OK ] E_func_8017CBD4: 9 members [9 binaries] share h_exact 6f36e2136074… (source src/shared/ov/func_8017CBD4__6f36e213.h)
[ OK ] E_func_8017CAB4: 9 members [9 binaries] share h_exact efc4ec9f7e85… (source src/shared/ov/func_8017CAB4.h)
[ OK ] E_func_8017D618: 9 members [9 binaries] share h_exact 744f54516fb9… (source src/shared/ov/func_8017D618__744f5451.h)
[ OK ] E_func_8017D4B4: 9 members [9 binaries] share h_exact 7ab6a3b95253… (source src/shared/ov/func_8017D4B4__7ab6a3b9.h)
[ OK ] E_func_8017C940: 9 members [9 binaries] share h_exact ac2eda3f6a38… (source src/shared/ov/func_8017C940.h)
[ OK ] E_func_8017E678: 3 members [ov_SC03_125,ov_SC04_020,ov_SC05_018] share h_exact 37f67f3adb2e… (source src/shared/ov/func_8017E678__37f67f3a.h)
[ OK ] E_func_8017E534: 3 members [ov_SC03_125,ov_SC04_020,ov_SC05_018] share h_exact 511a8b68802b… (source src/shared/ov/func_8017E534__511a8b68.h)
[ OK ] E_func_8017D5C4: 4 members [ov_SC03_002,ov_SC03_125,ov_SC04_020,ov_SC05_018] share h_exact cfafd7008ad5… (source src/shared/ov/func_8017D5C4__cfafd700.h)
[ OK ] E_func_8017E698: 3 members [ov_SC03_125,ov_SC04_020,ov_SC05_018] share h_exact 6cd03b3b44a9… (source src/shared/ov/func_8017E698__6cd03b3b.h)
[ OK ] E_func_8017CF6C: 4 members [ov_SC03_002,ov_SC03_125,ov_SC04_020,ov_SC05_018] share h_exact 4771362e4429… (source src/shared/ov/func_8017CF6C__4771362e.h)
[ OK ] E_func_8017E6EC: 2 members [ov_SC03_125,ov_SC04_020] share h_exact 4d9ac626bf24… (source src/shared/ov/func_8017E6EC__4d9ac626.h)
[ OK ] E_func_8017E5C8: 3 members [ov_SC03_125,ov_SC04_020,ov_SC05_018] share h_exact fc81e68ce00b… (source src/shared/ov/func_8017E5C8__fc81e68c.h)
[ OK ] E_func_8017D0BC: 4 members [ov_SC03_002,ov_SC03_125,ov_SC04_020,ov_SC05_018] share h_exact 4f23330c1f0b… (source src/shared/ov/func_8017D0BC__4f23330c.h)
[ OK ] E_func_80181A98: 2 members [ov_SC03_121,ov_SC04_003] share h_exact 767854057419… (source src/shared/ov/func_80181A98__76785405.h)
[ OK ] E_func_8017CFDC: 2 members [ov_SC04_003,ov_SC04_006] share h_exact 37f67f3adb2e… (source src/shared/ov/func_8017CFDC__37f67f3a.h)
[ OK ] E_func_8017CEFC: 2 members [ov_SC04_003,ov_SC04_006] share h_exact 511a8b68802b… (source src/shared/ov/func_8017CEFC__511a8b68.h)
[ OK ] E_func_8017CF20: 2 members [ov_SC04_003,ov_SC04_006] share h_exact b2f519b347f7… (source src/shared/ov/func_8017CF20__b2f519b3.h)
[ OK ] E_func_8017CEB8: 2 members [ov_SC04_003,ov_SC04_006] share h_exact d06a6e548463… (source src/shared/ov/func_8017CEB8__d06a6e54.h)
[ OK ] E_func_8017D038: 2 members [ov_SC04_003,ov_SC04_006] share h_exact 46004117858e… (source src/shared/ov/func_8017D038__46004117.h)
[ OK ] E_func_8017CF60: 2 members [ov_SC04_003,ov_SC04_006] share h_exact b4142e5af3b1… (source src/shared/ov/func_8017CF60__b4142e5a.h)
[ OK ] E_func_80183838: 2 members [ov_SC04_018,ov_SC04_019] share h_exact 66d459f2aad2… (source src/shared/ov/func_80183838__66d459f2.h)
[ OK ] E_func_8018B388: 2 members [ov_SC04_018,ov_SC04_019] share h_exact 0db09bbf152f… (source src/shared/ov/func_8018B388.h)
[ OK ] E_func_8017DBC4: 6 members [ov_SC03_014,ov_SC03_015,ov_SC03_024,ov_SC03_118,ov_SC03_119,ov_SC06_000] share h_exact de7db63b6c91… (source src/shared/ov/func_8017DBC4__de7db63b.h)
[ OK ] E_func_80188748: 2 members [ov_SC03_118,ov_SC03_119] share h_exact 326f37d3013a… (source src/shared/ov/func_80188748.h)
[ OK ] E_func_80188990: 2 members [ov_SC03_118,ov_SC03_119] share h_exact c539b69f6800… (source src/shared/ov/func_80188990.h)
[ OK ] E_func_8018042C: 2 members [ov_SC04_018,ov_SC04_019] share h_exact 52a02918a36e… (source src/shared/ov/func_8018042C__52a02918.h)
[ OK ] E_func_80182C24: 2 members [ov_SC04_018,ov_SC04_019] share h_exact 7cc27ccd2a02… (source src/shared/ov/func_80182C24__7cc27ccd.h)
[ OK ] E_func_80180954: 2 members [ov_SC04_018,ov_SC04_019] share h_exact 9759cc1ec688… (source src/shared/ov/func_80180954__9759cc1e.h)
[ OK ] E_func_801EF964: 4 members [md_SC03_073,md_SC03_074,md_SC03_075,md_SC03_078] share h_exact 865db01cad41… (source src/shared/slot_801EF468/func_801EF964.h)
[ OK ] E_func_801E2AF4: 4 members [md_SC03_133,md_SC03_134,md_SC03_137,md_SC03_138] share h_exact 2574c89bb8d0… (source src/shared/slot_801E25E8/func_801E2AF4.h)
[ OK ] E_func_80181538: 2 members [ov_SC02_000,ov_SC02_003] share h_exact 27797037a8f8… (source src/shared/ov/func_80181538__27797037.h)
[ OK ] E_func_80180190: 2 members [ov_SC04_018,ov_SC04_019] share h_exact d5684f9b3608… (source src/shared/ov/func_80180190__d5684f9b.h)
[ OK ] E_func_801811F4: 2 members [ov_SC04_018,ov_SC04_019] share h_exact 918d992642b6… (source src/shared/ov/func_801811F4__918d9926.h)
[ OK ] E_func_80182A7C: 2 members [ov_SC04_018,ov_SC04_019] share h_exact 9673e25819a0… (source src/shared/ov/func_80182A7C__9673e258.h)
[ OK ] E_func_80183890: 2 members [ov_SC04_018,ov_SC04_019] share h_exact 726365517100… (source src/shared/ov/func_80183890__72636551.h)
[ OK ] E_func_80184374: 2 members [ov_SC04_018,ov_SC04_019] share h_exact f6605f79d7b0… (source src/shared/ov/func_80184374__f6605f79.h)
[ OK ] E_func_8017DEA0: 2 members [ov_SC04_018,ov_SC04_019] share h_exact 4d9ac626bf24… (source src/shared/ov/func_8017DEA0__4d9ac626.h)
[ OK ] E_func_8017E0C0: 2 members [ov_SC04_018,ov_SC04_019] share h_exact c2be32926c4c… (source src/shared/ov/func_8017E0C0__c2be3292.h)
[ OK ] E_func_8017DDBC: 6 members [ov_SC03_014,ov_SC03_015,ov_SC03_024,ov_SC03_118,ov_SC03_119,ov_SC06_000] share h_exact de40f942c0fd… (source src/shared/ov/func_8017DDBC__de40f942.h)
[ OK ] E_func_80180B20: 2 members [ov_SC03_014,ov_SC03_015] share h_exact c32e6d39f6e6… (source src/shared/ov/func_80180B20.h)
[ OK ] E_func_801894BC: 2 members [ov_SC03_014,ov_SC03_015] share h_exact 4f9271b278e4… (source src/shared/ov/func_801894BC__4f9271b2.h)
[ OK ] E_func_8017DCD8: 3 members [ov_SC04_000,ov_SC04_004,ov_SC04_007] share h_exact b2ff7ffd438b… (source src/shared/ov/func_8017DCD8__b2ff7ffd.h)
[ OK ] E_func_8017CCF8: 2 members [ov_SC02_031,ov_SC03_031] share h_exact 0dc7d970a3a5… (source src/shared/ov/func_8017CCF8__0dc7d970.h)
[ OK ] E_func_8017F4F8: 2 members [ov_SC03_118,ov_SC03_119] share h_exact fb05278a1d11… (source src/shared/ov/func_8017F4F8__fb05278a.h)
[ OK ] E_func_8017F8A8: 2 members [ov_SC03_118,ov_SC03_119] share h_exact c4911ca708aa… (source src/shared/ov/func_8017F8A8__c4911ca7.h)
[ OK ] E_func_801817FC: 2 members [ov_SC03_118,ov_SC03_119] share h_exact eb4731f85540… (source src/shared/ov/func_801817FC.h)
[ OK ] E_func_80188074: 2 members [ov_SC03_118,ov_SC03_119] share h_exact fc13d13ecddf… (source src/shared/ov/func_80188074.h)
[ OK ] E_func_80183A08: 2 members [ov_SC04_018,ov_SC04_019] share h_exact e2c7e6d94f4a… (source src/shared/ov/func_80183A08__e2c7e6d9.h)
[ OK ] E_func_80182120: 2 members [ov_SC04_018,ov_SC04_019] share h_exact 7705efc3609a… (source src/shared/ov/func_80182120__7705efc3.h)
[ OK ] E_func_8017D964: 2 members [ov_SC07_000,ov_SC07_001] share h_exact 511a8b68802b… (source src/shared/ov/func_8017D964__511a8b68.h)
[ OK ] E_func_80182D0C: 2 members [ov_SC04_018,ov_SC04_019] share h_exact b5a16a9cd09d… (source src/shared/ov/func_80182D0C__b5a16a9c.h)
[ OK ] E_func_8017F390: 2 members [ov_SC02_000,ov_SC02_003] share h_exact 589360ffb2f1… (source src/shared/ov/func_8017F390__589360ff.h)
[ OK ] E_func_8017CE0C: 4 members [ov_SC02_016,ov_SC02_017,ov_SC03_006,ov_SC03_029] share h_exact 0dc7d970a3a5… (source src/shared/ov/func_8017CE0C__0dc7d970.h)
[ OK ] E_func_8017CF5C: 2 members [ov_SC01_008,ov_SC06_006] share h_exact 37f67f3adb2e… (source src/shared/ov/func_8017CF5C__37f67f3a.h)
[ OK ] E_func_8017D808: 2 members [ov_SC01_005,ov_SC01_006] share h_exact 89463c3facc6… (source src/shared/ov/func_8017D808__89463c3f.h)
[ OK ] E_func_8017E404: 2 members [ov_SC02_000,ov_SC02_003] share h_exact 7c41de81900f… (source src/shared/ov/func_8017E404__7c41de81.h)
[ OK ] E_func_8017C628: 3 members [ov_SC03_010,ov_SC03_011,ov_SC03_013] share h_exact af037f848b04… (source src/shared/ov/func_8017C628__af037f84.h)
[ OK ] E_func_8017C1E8: 2 members [ov_SC01_005,ov_SC01_006] share h_exact 72bf44a01e74… (source src/shared/ov/func_8017C1E8.h)
[ OK ] E_func_8017BF70: 2 members [ov_SC01_005,ov_SC01_006] share h_exact 4f6b64907be7… (source src/shared/ov/func_8017BF70__4f6b6490.h)
[ OK ] E_func_801810AC: 2 members [ov_SC01_005,ov_SC01_006] share h_exact 274a42ec7b96… (source src/shared/ov/func_801810AC__274a42ec.h)
[ OK ] E_func_80185F24: 2 members [ov_SC02_000,ov_SC02_003] share h_exact 8834878f292a… (source src/shared/ov/func_80185F24.h)
[ OK ] E_func_8017DD7C: 3 members [ov_SC04_018,ov_SC04_019,ov_SC05_017] share h_exact fc81e68ce00b… (source src/shared/ov/func_8017DD7C__fc81e68c.h)
[ OK ] E_func_8017E5CC: 2 members [ov_SC04_018,ov_SC04_019] share h_exact b6fb6be2648a… (source src/shared/ov/func_8017E5CC__b6fb6be2.h)
[ OK ] E_func_8018B158: 2 members [ov_SC04_018,ov_SC04_019] share h_exact d5ee5732b43b… (source src/shared/ov/func_8018B158.h)
[ OK ] E_func_801847FC: 2 members [ov_SC03_118,ov_SC03_119] share h_exact e1e6f7cb402f… (source src/shared/ov/func_801847FC__e1e6f7cb.h)
[ OK ] E_func_8017DAAC: 2 members [ov_SC01_005,ov_SC01_006] share h_exact 2dcb64aea6c0… (source src/shared/ov/func_8017DAAC__2dcb64ae.h)
[ OK ] E_func_80180D48: 2 members [ov_SC01_005,ov_SC01_006] share h_exact 2a146fffef42… (source src/shared/ov/func_80180D48__2a146fff.h)
[ OK ] E_func_8017DC4C: 2 members [ov_SC03_014,ov_SC03_015] share h_exact 48877b49f72a… (source src/shared/ov/func_8017DC4C__48877b49.h)
[ OK ] E_func_8018942C: 2 members [ov_SC03_014,ov_SC03_015] share h_exact 10e3ce27daa6… (source src/shared/ov/func_8018942C.h)
[ OK ] E_func_801878B8: 2 members [ov_SC03_118,ov_SC03_119] share h_exact e765f85ad086… (source src/shared/ov/func_801878B8.h)
[ OK ] E_func_80187E78: 2 members [ov_SC03_118,ov_SC03_119] share h_exact e97c35bd5b19… (source src/shared/ov/func_80187E78.h)
[ OK ] E_func_80188418: 2 members [ov_SC03_118,ov_SC03_119] share h_exact cd77976e8c0d… (source src/shared/ov/func_80188418.h)
[ OK ] E_func_8018BA18: 2 members [ov_SC04_018,ov_SC04_019] share h_exact 74d72221c82a… (source src/shared/ov/func_8018BA18.h)
[ OK ] E_func_8018B7FC: 2 members [ov_SC04_018,ov_SC04_019] share h_exact 0297d8806ce2… (source src/shared/ov/func_8018B7FC.h)
[ OK ] E_func_8018C038: 2 members [ov_SC04_018,ov_SC04_019] share h_exact a0f48779d8fd… (source src/shared/ov/func_8018C038.h)
[ OK ] E_func_8018B0AC: 2 members [ov_SC04_018,ov_SC04_019] share h_exact f9bb0ccf0d12… (source src/shared/ov/func_8018B0AC.h)
[ OK ] E_func_80189DDC: 2 members [ov_SC04_018,ov_SC04_019] share h_exact c7faab2630b1… (source src/shared/ov/func_80189DDC.h)
[ OK ] E_func_8017BFEC: 2 members [ov_SC01_005,ov_SC01_006] share h_exact 1fb2571d8e19… (source src/shared/ov/func_8017BFEC__1fb2571d.h)
[ OK ] E_func_80189898: 2 members [ov_SC02_000,ov_SC02_003] share h_exact 5af4cb243657… (source src/shared/ov/func_80189898.h)
[ OK ] E_func_80182630: 2 members [ov_SC02_000,ov_SC02_003] share h_exact 8c5875d38295… (source src/shared/ov/func_80182630__8c5875d3.h)
[ OK ] E_func_8017EBC8: 3 members [ov_SC03_126,ov_SC04_021,ov_SC05_019] share h_exact d0406d9f2746… (source src/shared/ov/func_8017EBC8__d0406d9f.h)
[ OK ] E_func_8017DBDC: 3 members [ov_SC04_018,ov_SC04_019,ov_SC05_017] share h_exact c01f555083f7… (source src/shared/ov/func_8017DBDC__c01f5550.h)
[ OK ] E_func_8017F174: 2 members [ov_SC04_018,ov_SC04_019] share h_exact 4af830585dfd… (source src/shared/ov/func_8017F174__4af83058.h)
[ OK ] E_func_8017FAAC: 2 members [ov_SC04_018,ov_SC04_019] share h_exact 53873d54c5a8… (source src/shared/ov/func_8017FAAC__53873d54.h)
[ OK ] E_func_8017FD88: 2 members [ov_SC04_018,ov_SC04_019] share h_exact 559099715d6e… (source src/shared/ov/func_8017FD88__55909971.h)
[ OK ] E_func_8017FD28: 2 members [ov_SC04_018,ov_SC04_019] share h_exact 3467556588c4… (source src/shared/ov/func_8017FD28__34675565.h)
[ OK ] E_func_80183604: 2 members [ov_SC04_018,ov_SC04_019] share h_exact 79e7b5c80f8c… (source src/shared/ov/func_80183604__79e7b5c8.h)
[ OK ] E_func_80181648: 2 members [ov_SC04_018,ov_SC04_019] share h_exact de5da31c3577… (source src/shared/ov/func_80181648__de5da31c.h)
[ OK ] E_func_801803BC: 2 members [ov_SC04_018,ov_SC04_019] share h_exact b5a1123a68cd… (source src/shared/ov/func_801803BC__b5a1123a.h)
[ OK ] E_func_8018BDA4: 2 members [ov_SC04_018,ov_SC04_019] share h_exact 42c9d75ce03d… (source src/shared/ov/func_8018BDA4.h)
[ OK ] E_func_8018B660: 2 members [ov_SC04_018,ov_SC04_019] share h_exact 92e9a1efdbf7… (source src/shared/ov/func_8018B660__92e9a1ef.h)
[ OK ] E_func_8018B614: 2 members [ov_SC04_018,ov_SC04_019] share h_exact d4ff463109b6… (source src/shared/ov/func_8018B614.h)
[ OK ] E_func_8018C1E0: 2 members [ov_SC04_018,ov_SC04_019] share h_exact 5fb4815cc3aa… (source src/shared/ov/func_8018C1E0__5fb4815c.h)
[ OK ] E_func_8018C3F0: 2 members [ov_SC04_018,ov_SC04_019] share h_exact 52d19dc60744… (source src/shared/ov/func_8018C3F0__52d19dc6.h)
[ OK ] E_func_8017DAC4: 3 members [ov_SC04_018,ov_SC04_019,ov_SC05_017] share h_exact 6a956abc8488… (source src/shared/ov/func_8017DAC4__6a956abc.h)
[ OK ] E_func_8017FA58: 2 members [ov_SC04_018,ov_SC04_019] share h_exact 6c1baed5f876… (source src/shared/ov/func_8017FA58__6c1baed5.h)
[ OK ] E_func_801815DC: 2 members [ov_SC04_018,ov_SC04_019] share h_exact e8e5dd815f2c… (source src/shared/ov/func_801815DC__e8e5dd81.h)
[ OK ] E_func_801898C8: 2 members [ov_SC02_000,ov_SC02_003] share h_exact ffb6e8f4bb22… (source src/shared/ov/func_801898C8__ffb6e8f4.h)
[ OK ] E_func_8018AD3C: 2 members [ov_SC04_018,ov_SC04_019] share h_exact f58c91922126… (source src/shared/ov/func_8018AD3C__f58c9192.h)
[ OK ] E_func_80187354: 2 members [ov_SC02_000,ov_SC02_003] share h_exact de9edbad0229… (source src/shared/ov/func_80187354.h)
[ OK ] E_func_80187F30: 2 members [ov_SC02_000,ov_SC02_003] share h_exact 1d8b61606669… (source src/shared/ov/func_80187F30.h)
[ OK ] E_func_8018419C: 2 members [ov_SC02_000,ov_SC02_003] share h_exact 9b1d32bc47bd… (source src/shared/ov/func_8018419C__9b1d32bc.h)
[ OK ] E_func_80181C10: 2 members [ov_SC02_000,ov_SC02_003] share h_exact c5e707fbb45d… (source src/shared/ov/func_80181C10.h)
[ OK ] E_func_801819F4: 2 members [ov_SC02_000,ov_SC02_003] share h_exact 77651e743ba3… (source src/shared/ov/func_801819F4__77651e74.h)
[ OK ] E_func_80182894: 2 members [ov_SC02_000,ov_SC02_003] share h_exact d93adf008748… (source src/shared/ov/func_80182894.h)
[ OK ] E_func_80184B14: 2 members [ov_SC02_000,ov_SC02_003] share h_exact 6a947e565c4e… (source src/shared/ov/func_80184B14.h)
[ OK ] E_func_801829F8: 2 members [ov_SC02_000,ov_SC02_003] share h_exact d45e43eec4a5… (source src/shared/ov/func_801829F8__d45e43ee.h)
[ OK ] E_func_80186D88: 2 members [ov_SC02_000,ov_SC02_003] share h_exact 6ce35974c320… (source src/shared/ov/func_80186D88.h)
[ OK ] E_func_80186CE8: 2 members [ov_SC02_000,ov_SC02_003] share h_exact da9c4677fb9c… (source src/shared/ov/func_80186CE8.h)
[ OK ] E_func_80184250: 2 members [ov_SC02_000,ov_SC02_003] share h_exact 7fb030ab4a2d… (source src/shared/ov/func_80184250__7fb030ab.h)
[ OK ] E_func_801854CC: 2 members [ov_SC02_000,ov_SC02_003] share h_exact 7fb030ab4a2d… (source src/shared/ov/func_801854CC__7fb030ab.h)
[ OK ] E_func_80188028: 2 members [ov_SC02_000,ov_SC02_003] share h_exact 87fb19645959… (source src/shared/ov/func_80188028.h)
[ OK ] E_func_80188134: 2 members [ov_SC02_000,ov_SC02_003] share h_exact 7cb1faa0949b… (source src/shared/ov/func_80188134__7cb1faa0.h)
[ OK ] E_func_80186424: 2 members [ov_SC02_000,ov_SC02_003] share h_exact fac91b25bc68… (source src/shared/ov/func_80186424__fac91b25.h)
[ OK ] E_func_80183814: 2 members [ov_SC02_000,ov_SC02_003] share h_exact 7a31a7eddbb1… (source src/shared/ov/func_80183814__7a31a7ed.h)
[ OK ] E_func_8018512C: 2 members [ov_SC02_000,ov_SC02_003] share h_exact 7d4d544e7b71… (source src/shared/ov/func_8018512C.h)
[ OK ] E_func_8018825C: 2 members [ov_SC02_000,ov_SC02_003] share h_exact bd445f888c97… (source src/shared/ov/func_8018825C__bd445f88.h)
[ OK ] E_func_80188790: 2 members [ov_SC02_000,ov_SC02_003] share h_exact 61b78167872c… (source src/shared/ov/func_80188790.h)
[ OK ] E_func_80181820: 2 members [ov_SC02_000,ov_SC02_003] share h_exact 07c2791e5f29… (source src/shared/ov/func_80181820.h)
[ OK ] E_func_80181934: 2 members [ov_SC02_000,ov_SC02_003] share h_exact 0bff66299afd… (source src/shared/ov/func_80181934__0bff6629.h)
[ OK ] E_func_801860E4: 2 members [ov_SC02_000,ov_SC02_003] share h_exact 93576b99d220… (source src/shared/ov/func_801860E4__93576b99.h)
[ OK ] E_func_80183754: 2 members [ov_SC02_000,ov_SC02_003] share h_exact 243cfc6173a6… (source src/shared/ov/func_80183754__243cfc61.h)
[ OK ] E_func_80184A08: 2 members [ov_SC02_000,ov_SC02_003] share h_exact 5f634e86043f… (source src/shared/ov/func_80184A08__5f634e86.h)
[ OK ] E_func_80186E6C: 2 members [ov_SC02_000,ov_SC02_003] share h_exact 621bba09bb15… (source src/shared/ov/func_80186E6C.h)
[ OK ] E_func_801884FC: 2 members [ov_SC02_000,ov_SC02_003] share h_exact bb479f6828d6… (source src/shared/ov/func_801884FC.h)
[ OK ] E_func_80187DB8: 2 members [ov_SC02_000,ov_SC02_003] share h_exact 2dfcb44952b0… (source src/shared/ov/func_80187DB8.h)
[ OK ] E_func_80187738: 2 members [ov_SC02_000,ov_SC02_003] share h_exact 6f24f1e1e11b… (source src/shared/ov/func_80187738.h)
[ OK ] E_func_80186764: 2 members [ov_SC02_000,ov_SC02_003] share h_exact d67a63760710… (source src/shared/ov/func_80186764.h)
[ OK ] E_func_80181B4C: 2 members [ov_SC02_000,ov_SC02_003] share h_exact 86367a0393bb… (source src/shared/ov/func_80181B4C__86367a03.h)
[ OK ] E_func_80186C44: 2 members [ov_SC02_000,ov_SC02_003] share h_exact 684a4f85204b… (source src/shared/ov/func_80186C44__684a4f85.h)
[ OK ] E_func_801808C4: 2 members [ov_SC02_000,ov_SC02_003] share h_exact 088fcd065456… (source src/shared/ov/func_801808C4__088fcd06.h)
[ OK ] E_func_80184BAC: 2 members [ov_SC04_018,ov_SC04_019] share h_exact b3bec0e2c144… (source src/shared/ov/func_80184BAC__b3bec0e2.h)
[ OK ] E_func_8018A1B4: 2 members [ov_SC03_014,ov_SC03_015] share h_exact 27abf959f939… (source src/shared/ov/func_8018A1B4__27abf959.h)
[ OK ] E_func_80181170: 2 members [ov_SC03_014,ov_SC03_015] share h_exact 7a7ab4e9cbb4… (source src/shared/ov/func_80181170__7a7ab4e9.h)
[ OK ] E_func_80188478: 2 members [ov_SC03_014,ov_SC03_015] share h_exact 82a7b5891b50… (source src/shared/ov/func_80188478__82a7b589.h)
[ OK ] E_func_80187300: 2 members [ov_SC03_014,ov_SC03_015] share h_exact 0080a71204ea… (source src/shared/ov/func_80187300.h)
[ OK ] E_func_80188828: 2 members [ov_SC03_014,ov_SC03_015] share h_exact 6519c0248710… (source src/shared/ov/func_80188828__6519c024.h)
[ OK ] E_func_801867F8: 2 members [ov_SC03_014,ov_SC03_015] share h_exact e9c8174e6a68… (source src/shared/ov/func_801867F8.h)
[ OK ] E_func_80187090: 2 members [ov_SC03_014,ov_SC03_015] share h_exact 64eea3056f79… (source src/shared/ov/func_80187090.h)
[ OK ] E_func_80188670: 2 members [ov_SC03_014,ov_SC03_015] share h_exact 9b98ab28ec20… (source src/shared/ov/func_80188670.h)
[ OK ] E_func_8018655C: 2 members [ov_SC03_014,ov_SC03_015] share h_exact 5fb026342ab3… (source src/shared/ov/func_8018655C__5fb02634.h)
[ OK ] E_func_801860C0: 2 members [ov_SC04_018,ov_SC04_019] share h_exact e5cac5b36df8… (source src/shared/ov/func_801860C0__e5cac5b3.h)
[ OK ] E_func_80184B94: 2 members [ov_SC03_118,ov_SC03_119] share h_exact e527d31f7e87… (source src/shared/ov/func_80184B94__e527d31f.h)
[ OK ] E_func_80181E58: 2 members [ov_SC03_118,ov_SC03_119] share h_exact beb530efb1ef… (source src/shared/ov/func_80181E58__beb530ef.h)
[ OK ] E_func_8018178C: 2 members [ov_SC04_018,ov_SC04_019] share h_exact 5b1ba7c9b95e… (source src/shared/ov/func_8018178C__5b1ba7c9.h)
[ OK ] E_func_80184E4C: 2 members [ov_SC03_014,ov_SC03_015] share h_exact c7844ae02017… (source src/shared/ov/func_80184E4C__c7844ae0.h)
[ OK ] E_func_8017D484: 2 members [ov_SC02_039,ov_SC03_108] share h_exact c0e31b07b7a3… (source src/shared/ov/func_8017D484__c0e31b07.h)
[ OK ] E_func_8017E024: 2 members [ov_SC04_018,ov_SC04_019] share h_exact f5893a74f07a… (source src/shared/ov/func_8017E024__f5893a74.h)
[ OK ] E_func_801828A0: 2 members [ov_SC03_014,ov_SC03_015] share h_exact 1dce6de42971… (source src/shared/ov/func_801828A0__1dce6de4.h)
[ OK ] E_func_8018048C: 2 members [ov_SC04_018,ov_SC04_019] share h_exact dd6bf8ab91fb… (source src/shared/ov/func_8018048C__dd6bf8ab.h)
[ OK ] E_func_8017F154: 3 members [ov_SC03_126,ov_SC04_021,ov_SC05_019] share h_exact b6bbf0a0bb12… (source src/shared/ov/func_8017F154__b6bbf0a0.h)
[ OK ] E_func_801812FC: 2 members [ov_SC04_018,ov_SC04_019] share h_exact bbf6fb1791f5… (source src/shared/ov/func_801812FC__bbf6fb17.h)
[ OK ] E_func_8017ED5C: 2 members [ov_SC01_005,ov_SC01_006] share h_exact d800c6d033d9… (source src/shared/ov/func_8017ED5C__d800c6d0.h)
[ OK ] E_func_8017D4F0: 2 members [ov_SC05_001,ov_SC05_006] share h_exact 233ab6ca3923… (source src/shared/ov/func_8017D4F0__233ab6ca.h)
[ OK ] E_func_801805BC: 2 members [ov_SC03_014,ov_SC03_015] share h_exact 80f87779766f… (source src/shared/ov/func_801805BC__80f87779.h)
[ OK ] E_func_80185D10: 2 members [ov_SC04_018,ov_SC04_019] share h_exact 501b28459c94… (source src/shared/ov/func_80185D10__501b2845.h)
[ OK ] E_func_80180D38: 2 members [ov_SC04_018,ov_SC04_019] share h_exact 505c2aa4153b… (source src/shared/ov/func_80180D38__505c2aa4.h)
[ OK ] E_func_80184460: 2 members [ov_SC04_018,ov_SC04_019] share h_exact 8a34c85574c2… (source src/shared/ov/func_80184460__8a34c855.h)
[ OK ] E_func_8017C530: 6 members [ov_SC01_080,ov_SC02_004,ov_SC03_007,ov_SC03_012,ov_SC03_023,ov_SC07_010] share h_exact da26f0d2c5cb… (source src/shared/ov/func_8017C530.h)
[ OK ] E_func_8017C294: 6 members [ov_SC01_080,ov_SC02_004,ov_SC03_007,ov_SC03_012,ov_SC03_023,ov_SC07_010] share h_exact dc415768c81a… (source src/shared/ov/func_8017C294__dc415768.h)
[ OK ] E_func_8017C12C: 6 members [ov_SC03_014,ov_SC03_015,ov_SC03_024,ov_SC03_118,ov_SC03_119,ov_SC06_000] share h_exact 62aecbade196… (source src/shared/ov/func_8017C12C.h)
[ OK ] E_func_8017DC28: 6 members [ov_SC03_014,ov_SC03_015,ov_SC03_024,ov_SC03_118,ov_SC03_119,ov_SC06_000] share h_exact 3e3c23006639… (source src/shared/ov/func_8017DC28__3e3c2300.h)
[ OK ] E_func_8017BFA0: 6 members [ov_SC03_014,ov_SC03_015,ov_SC03_024,ov_SC03_118,ov_SC03_119,ov_SC06_000] share h_exact 9402da978168… (source src/shared/ov/func_8017BFA0.h)
[ OK ] E_func_8017C104: 6 members [ov_SC03_014,ov_SC03_015,ov_SC03_024,ov_SC03_118,ov_SC03_119,ov_SC06_000] share h_exact e68b7f247513… (source src/shared/ov/func_8017C104.h)
[ OK ] E_func_8017BF20: 6 members [ov_SC03_014,ov_SC03_015,ov_SC03_024,ov_SC03_118,ov_SC03_119,ov_SC06_000] share h_exact 52c88e350231… (source src/shared/ov/func_8017BF20.h)
[ OK ] E_func_8017C004: 6 members [ov_SC03_014,ov_SC03_015,ov_SC03_024,ov_SC03_118,ov_SC03_119,ov_SC06_000] share h_exact c05880f4dfd5… (source src/shared/ov/func_8017C004__c05880f4.h)
[ OK ] E_func_8017DB3C: 6 members [ov_SC03_014,ov_SC03_015,ov_SC03_024,ov_SC03_118,ov_SC03_119,ov_SC06_000] share h_exact ba932e267ae3… (source src/shared/ov/func_8017DB3C__ba932e26.h)
[ OK ] E_func_8017C624: 6 members [ov_SC03_014,ov_SC03_015,ov_SC03_024,ov_SC03_118,ov_SC03_119,ov_SC06_000] share h_exact 0a1ec951b44a… (source src/shared/ov/func_8017C624.h)
[ OK ] E_func_8017C084: 6 members [ov_SC03_014,ov_SC03_015,ov_SC03_024,ov_SC03_118,ov_SC03_119,ov_SC06_000] share h_exact b487987f8c10… (source src/shared/ov/func_8017C084.h)
[ OK ] E_func_8017CE10: 6 members [ov_SC03_014,ov_SC03_015,ov_SC03_024,ov_SC03_118,ov_SC03_119,ov_SC06_000] share h_exact 320105d77cbe… (source src/shared/ov/func_8017CE10.h)
[ OK ] E_func_8017D098: 6 members [ov_SC03_014,ov_SC03_015,ov_SC03_024,ov_SC03_118,ov_SC03_119,ov_SC06_000] share h_exact 3292d1a8f773… (source src/shared/ov/func_8017D098__3292d1a8.h)
[ OK ] E_func_8017D5F8: 6 members [ov_SC03_014,ov_SC03_015,ov_SC03_024,ov_SC03_118,ov_SC03_119,ov_SC06_000] share h_exact 911ddbe16dba… (source src/shared/ov/func_8017D5F8__911ddbe1.h)
[ OK ] E_func_8017CCC4: 6 members [ov_SC03_014,ov_SC03_015,ov_SC03_024,ov_SC03_118,ov_SC03_119,ov_SC06_000] share h_exact bd4481ec92fb… (source src/shared/ov/func_8017CCC4.h)
[ OK ] E_func_8017D194: 6 members [ov_SC03_014,ov_SC03_015,ov_SC03_024,ov_SC03_118,ov_SC03_119,ov_SC06_000] share h_exact b55f2b3bac9c… (source src/shared/ov/func_8017D194__b55f2b3b.h)
[ OK ] E_func_8017DB74: 6 members [ov_SC03_014,ov_SC03_015,ov_SC03_024,ov_SC03_118,ov_SC03_119,ov_SC06_000] share h_exact 0cb398776c32… (source src/shared/ov/func_8017DB74__0cb39877.h)
[ OK ] E_func_8017D118: 6 members [ov_SC03_014,ov_SC03_015,ov_SC03_024,ov_SC03_118,ov_SC03_119,ov_SC06_000] share h_exact bfd94459dcad… (source src/shared/ov/func_8017D118__bfd94459.h)
[ OK ] E_func_8017CC44: 6 members [ov_SC03_014,ov_SC03_015,ov_SC03_024,ov_SC03_118,ov_SC03_119,ov_SC06_000] share h_exact 4de1fad1d209… (source src/shared/ov/func_8017CC44__4de1fad1.h)
[ OK ] E_func_8017D804: 6 members [ov_SC03_014,ov_SC03_015,ov_SC03_024,ov_SC03_118,ov_SC03_119,ov_SC06_000] share h_exact ef7c957e5e38… (source src/shared/ov/func_8017D804__ef7c957e.h)
[ OK ] E_func_8017C814: 6 members [ov_SC03_014,ov_SC03_015,ov_SC03_024,ov_SC03_118,ov_SC03_119,ov_SC06_000] share h_exact 729960531cc3… (source src/shared/ov/func_8017C814.h)
[ OK ] E_func_8017BF08: 7 members [7 binaries] share h_exact 429ed3b35426… (source src/shared/ov/func_8017BF08.h)
[ OK ] E_func_8017BFBC: 7 members [7 binaries] share h_exact fef24ee24496… (source src/shared/ov/func_8017BFBC.h)
[ OK ] E_func_8017C010: 7 members [7 binaries] share h_exact 60e983912c05… (source src/shared/ov/func_8017C010.h)
[ OK ] E_func_8017C068: 7 members [7 binaries] share h_exact e4701d13fc74… (source src/shared/ov/func_8017C068.h)
[ OK ] E_func_80161A90: 141 members [141 binaries] share h_exact 7604e5daf100… (source src/shared/ov/func_80161A90.h)
[ OK ] E_func_8012A328: 141 members [141 binaries] share h_exact 6f62feba3542… (source src/shared/ov/func_8012A328.h)
[ OK ] E_func_80144090: 138 members [138 binaries] share h_exact 47b7d4a04815… (source src/shared/ov/func_80144090.h)
[ OK ] E_func_800CAE78: 5 members [md_MAIN_015,md_MAIN_019,md_MAIN_023,md_MAIN_032,md_MAIN_041] share h_exact a79b87eeb550… (source src/shared/slot_800CAE08/func_800CAE78__a79b87ee.h)
[ OK ] E_func_80132F40: 141 members [141 binaries] share h_exact c5b3a460c6fe… (source src/shared/ov/func_80132F40.h)
[ OK ] E_func_8017BF84: 10 members [10 binaries] share h_exact 83fe509de755… (source src/shared/ov/func_8017BF84.h)
[ OK ] E_func_8017C5A0: 10 members [10 binaries] share h_exact 348e565cf48b… (source src/shared/ov/func_8017C5A0.h)
[ OK ] E_func_8017BFE0: 10 members [10 binaries] share h_exact 9aa3999b278e… (source src/shared/ov/func_8017BFE0.h)
[ OK ] E_func_8017C610: 10 members [10 binaries] share h_exact 8b587d3c36a7… (source src/shared/ov/func_8017C610.h)
[ OK ] E_func_8017C800: 10 members [10 binaries] share h_exact 82e4577a4bd5… (source src/shared/ov/func_8017C800.h)
[ OK ] E_func_8017C69C: 10 members [10 binaries] share h_exact 930d41594f4b… (source src/shared/ov/func_8017C69C.h)
[ OK ] E_func_8017C064: 10 members [10 binaries] share h_exact aded4d04a82f… (source src/shared/ov/func_8017C064.h)
[ OK ] E_func_8017C910: 10 members [10 binaries] share h_exact 78b65cae4a17… (source src/shared/ov/func_8017C910.h)
[ OK ] E_func_8017D328: 2 members [ov_SC02_015,ov_SC02_021] share h_exact 37f67f3adb2e… (source src/shared/ov/func_8017D328.h)
[ OK ] E_func_8017D1F4: 2 members [ov_SC02_015,ov_SC02_021] share h_exact 511a8b68802b… (source src/shared/ov/func_8017D1F4.h)
[ OK ] E_func_8017D254: 2 members [ov_SC02_015,ov_SC02_021] share h_exact aa2bf03928c5… (source src/shared/ov/func_8017D254__aa2bf039.h)
[ OK ] E_func_8017D1B0: 2 members [ov_SC02_015,ov_SC02_021] share h_exact 0ded1b800251… (source src/shared/ov/func_8017D1B0__0ded1b80.h)
[ OK ] E_func_8017D53C: 2 members [ov_SC02_015,ov_SC02_021] share h_exact 94735cda00de… (source src/shared/ov/func_8017D53C__94735cda.h)
[ OK ] E_func_8017D468: 2 members [ov_SC02_015,ov_SC02_021] share h_exact f3b49c43cccc… (source src/shared/ov/func_8017D468__f3b49c43.h)
[ OK ] E_func_8017CE1C: 10 members [10 binaries] share h_exact 511a8b68802b… (source src/shared/ov/func_8017CE1C__511a8b68.h)
[ OK ] E_func_8017CE40: 2 members [ov_SC02_039,ov_SC03_108] share h_exact f22164568f95… (source src/shared/ov/func_8017CE40__f2216456.h)
[ OK ] E_func_8017CDD8: 2 members [ov_SC02_039,ov_SC03_108] share h_exact ca104e40d4fe… (source src/shared/ov/func_8017CDD8__ca104e40.h)
[ OK ] E_func_8017CF58: 2 members [ov_SC02_039,ov_SC03_108] share h_exact 46004117858e… (source src/shared/ov/func_8017CF58__46004117.h)
[ OK ] E_func_8017CE80: 2 members [ov_SC02_039,ov_SC03_108] share h_exact b4142e5af3b1… (source src/shared/ov/func_8017CE80__b4142e5a.h)
[ OK ] E_func_8017D5F4: 2 members [ov_SC02_039,ov_SC03_108] share h_exact 014cbc20a5ff… (source src/shared/ov/func_8017D5F4__014cbc20.h)
[ OK ] E_func_8017D6AC: 2 members [ov_SC02_039,ov_SC03_108] share h_exact 703b5fd075eb… (source src/shared/ov/func_8017D6AC__703b5fd0.h)
[ OK ] E_func_80181B84: 2 members [ov_SC03_093,ov_SC07_007] share h_exact 767854057419… (source src/shared/ov/func_80181B84__76785405.h)
[ OK ] E_func_8016F0AC: 141 members [141 binaries] share h_exact 8eaa5e59bf16… (source src/shared/ov/func_8016F0AC.h)
[ OK ] E_func_80181270: 2 members [ov_SC04_018,ov_SC04_019] share h_exact 8fb47979c405… (source src/shared/ov/func_80181270__8fb47979.h)
[ OK ] E_func_80182AF8: 2 members [ov_SC04_018,ov_SC04_019] share h_exact f54d97698772… (source src/shared/ov/func_80182AF8__f54d9769.h)
[ OK ] S_func_801681FC: 2 members [ov_SC04_008,ov_SC05_009] share h_exact c1c085b28d16… (source src/shared/ov/func_801681FC__c1c085b2.h)
[ OK ] S_func_80167540: 141 members [141 binaries] share h_exact 145695c0e285… (source src/shared/ov/func_80167540.h)
[ OK ] S_func_8016A73C: 141 members [141 binaries] share h_exact 02a5d43c4c4a… (source src/shared/ov/func_8016A73C.h)
[ OK ] S_func_80140D68: 140 members [140 binaries] share h_exact 2e822a8f62d3… (source src/shared/ov/func_80140D68.h)
[ OK ] S_func_80146AFC: 141 members [141 binaries] share h_exact ee1ca268ea86… (source src/shared/ov/func_80146AFC.h)
[ OK ] S_func_80151664: 141 members [141 binaries] share h_exact 6b5a009ab3b4… (source src/shared/ov/func_80151664.h)
[ OK ] S_func_8016130C: 141 members [141 binaries] share h_exact 00d3cc4178e3… (source src/shared/ov/func_8016130C.h)
[ OK ] S_func_80146A6C: 141 members [141 binaries] share h_exact 9e73259da074… (source src/shared/ov/func_80146A6C.h)
[ OK ] S_func_80161208: 141 members [141 binaries] share h_exact c050759133b7… (source src/shared/ov/func_80161208.h)
[ OK ] S_func_8017C120: 8 members [8 binaries] share h_exact c2ebbc57c684… (source src/shared/ov/func_8017C120__c2ebbc57.h)
[ OK ] S_func_8017BEBC: 7 members [7 binaries] share h_exact 8998596f0ffb… (source src/shared/ov/func_8017BEBC__8998596f.h)
[ OK ] S_func_8017BEBC: 6 members [ov_SC01_080,ov_SC02_004,ov_SC03_007,ov_SC03_012,ov_SC03_023,ov_SC07_010] share h_exact b0ea1ff18411… (source src/shared/ov/func_8017BEBC__b0ea1ff1.h)
[ OK ] S_func_8017C338: 6 members [ov_SC01_080,ov_SC02_004,ov_SC03_007,ov_SC03_012,ov_SC03_023,ov_SC07_010] share h_exact ec532abc8132… (source src/shared/ov/func_8017C338__ec532abc.h)
[ OK ] S_func_8017DA98: 6 members [ov_SC03_014,ov_SC03_015,ov_SC03_024,ov_SC03_118,ov_SC03_119,ov_SC06_000] share h_exact 082ea387fa65… (source src/shared/ov/func_8017DA98.h)
[ OK ] S_func_800CAE78: 6 members [md_MAIN_014,md_MAIN_020,md_MAIN_021,md_MAIN_022,md_MAIN_024,md_MAIN_035] share h_exact 3873a7ac1d23… (source src/shared/slot_800CAE08/func_800CAE78__3873a7ac.h)
[ OK ] S_func_8017BEBC: 6 members [ov_SC03_014,ov_SC03_015,ov_SC03_024,ov_SC03_118,ov_SC03_119,ov_SC06_000] share h_exact 1116e72d6871… (source src/shared/ov/func_8017BEBC__1116e72d.h)
[ OK ] S_func_801EDDAC: 5 members [md_SC05_023,md_SC05_024,md_SC05_025,md_SC05_028,md_SC05_029] share h_exact 9b8c9d66da1c… (source src/shared/slot_801ED988/func_801EDDAC.h)
[ OK ] S_func_8017C538: 5 members [ov_SC03_001,ov_SC03_124,ov_SC04_018,ov_SC04_019,ov_SC05_017] share h_exact 2c8ff8b7464f… (source src/shared/ov/func_8017C538.h)
[ OK ] S_func_8017C6AC: 5 members [ov_SC03_001,ov_SC03_124,ov_SC04_018,ov_SC04_019,ov_SC05_017] share h_exact 62ba3c4c35bd… (source src/shared/ov/func_8017C6AC.h)
[ OK ] S_func_801EDA18: 5 members [md_SC05_023,md_SC05_024,md_SC05_025,md_SC05_028,md_SC05_029] share h_exact 2524024986c5… (source src/shared/slot_801ED988/func_801EDA18.h)
[ OK ] S_func_800CAE88: 5 members [md_MAIN_017,md_MAIN_026,md_MAIN_027,md_MAIN_028,md_MAIN_030] share h_exact 3eeb9c919809… (source src/shared/slot_800CAE08/func_800CAE88__3eeb9c91.h)
[ OK ] S_func_801EDEAC: 5 members [md_SC05_023,md_SC05_024,md_SC05_025,md_SC05_028,md_SC05_029] share h_exact adf2e85a0e44… (source src/shared/slot_801ED988/func_801EDEAC.h)
[ OK ] S_func_8017C014: 4 members [ov_SC03_003,ov_SC03_126,ov_SC04_021,ov_SC05_019] share h_exact 5968117d8837… (source src/shared/ov/func_8017C014.h)
[ OK ] S_func_8017C490: 4 members [ov_SC03_003,ov_SC03_126,ov_SC04_021,ov_SC05_019] share h_exact 3d4ccee9fdd8… (source src/shared/ov/func_8017C490__3d4ccee9.h)
[ OK ] S_func_8017DB00: 4 members [ov_SC02_016,ov_SC02_017,ov_SC03_006,ov_SC03_029] share h_exact 5f7aa778fa40… (source src/shared/ov/func_8017DB00__5f7aa778.h)
[ OK ] S_func_8017D254: 4 members [ov_SC02_016,ov_SC02_017,ov_SC03_006,ov_SC03_029] share h_exact 6005a28170c8… (source src/shared/ov/func_8017D254__6005a281.h)
[ OK ] S_func_8017CD18: 4 members [ov_SC02_016,ov_SC02_017,ov_SC03_006,ov_SC03_029] share h_exact 90fe9ae5729e… (source src/shared/ov/func_8017CD18.h)
[ OK ] S_func_8017D88C: 4 members [ov_SC02_016,ov_SC02_017,ov_SC03_006,ov_SC03_029] share h_exact 5e749510134b… (source src/shared/ov/func_8017D88C__5e749510.h)
[ OK ] S_func_801E29F4: 4 members [md_SC03_133,md_SC03_134,md_SC03_137,md_SC03_138] share h_exact 0da834debcbe… (source src/shared/slot_801E25E8/func_801E29F4.h)
[ OK ] S_func_801E7F34: 4 members [md_SC04_025,md_SC04_026,md_SC04_029,md_SC04_030] share h_exact c1dc0156bfa4… (source src/shared/slot_801E7B28/func_801E7F34.h)
[ OK ] S_func_8017D9F0: 4 members [ov_SC02_016,ov_SC02_017,ov_SC03_006,ov_SC03_029] share h_exact 0eb8e2b43b7d… (source src/shared/ov/func_8017D9F0__0eb8e2b4.h)
[ OK ] S_func_8017E844: 4 members [ov_SC03_003,ov_SC03_126,ov_SC04_021,ov_SC05_019] share h_exact b9fed6ce2fa3… (source src/shared/ov/func_8017E844__b9fed6ce.h)
[ OK ] S_func_8017D800: 4 members [ov_SC02_016,ov_SC02_017,ov_SC03_006,ov_SC03_029] share h_exact 263d9dd94ae6… (source src/shared/ov/func_8017D800__263d9dd9.h)
[ OK ] S_func_8017D1D0: 4 members [ov_SC02_016,ov_SC02_017,ov_SC03_006,ov_SC03_029] share h_exact 4cb1b80eab57… (source src/shared/ov/func_8017D1D0__4cb1b80e.h)
[ OK ] S_func_8017C0A4: 4 members [ov_SC06_018,ov_SC06_020,ov_SC06_032,ov_SC06_033] share h_exact e00a45914fc9… (source src/shared/ov/func_8017C0A4.h)
[ OK ] S_func_8017D790: 4 members [ov_SC02_016,ov_SC02_017,ov_SC03_006,ov_SC03_029] share h_exact 42dfaf58146c… (source src/shared/ov/func_8017D790__42dfaf58.h)
[ OK ] S_func_8017C1DC: 4 members [ov_SC06_018,ov_SC06_020,ov_SC06_032,ov_SC06_033] share h_exact b126e240a7fa… (source src/shared/ov/func_8017C1DC.h)
[ OK ] S_func_8017BFA4: 4 members [ov_SC03_003,ov_SC03_126,ov_SC04_021,ov_SC05_019] share h_exact e032a8b31a8e… (source src/shared/ov/func_8017BFA4.h)
[ OK ] S_func_8017DAA4: 4 members [ov_SC02_016,ov_SC02_017,ov_SC03_006,ov_SC03_029] share h_exact afe985ed028d… (source src/shared/ov/func_8017DAA4__afe985ed.h)
[ OK ] S_func_8017D058: 4 members [ov_SC02_016,ov_SC02_017,ov_SC03_006,ov_SC03_029] share h_exact 2a8e3f107faf… (source src/shared/ov/func_8017D058__2a8e3f10.h)
[ OK ] S_func_8017D960: 4 members [ov_SC02_016,ov_SC02_017,ov_SC03_006,ov_SC03_029] share h_exact c5477afdc7b5… (source src/shared/ov/func_8017D960__c5477afd.h)
[ OK ] S_func_8017E7B8: 4 members [ov_SC03_003,ov_SC03_126,ov_SC04_021,ov_SC05_019] share h_exact a697eca0c075… (source src/shared/ov/func_8017E7B8__a697eca0.h)
[ OK ] S_func_801E2678: 4 members [md_SC03_133,md_SC03_134,md_SC03_137,md_SC03_138] share h_exact 82049d6544e8… (source src/shared/slot_801E25E8/func_801E2678.h)
[ OK ] S_func_8017D3BC: 4 members [ov_SC02_016,ov_SC02_017,ov_SC03_006,ov_SC03_029] share h_exact ba800c4d34b8… (source src/shared/ov/func_8017D3BC__ba800c4d.h)
[ OK ] S_func_801E7BB8: 4 members [md_SC04_025,md_SC04_026,md_SC04_029,md_SC04_030] share h_exact d0af0330c9ed… (source src/shared/slot_801E7B28/func_801E7BB8.h)
[ OK ] S_func_8017CDF4: 4 members [ov_SC02_041,ov_SC03_121,ov_SC04_002,ov_SC04_005] share h_exact 5508e9781fd0… (source src/shared/ov/func_8017CDF4__5508e978.h)
[ OK ] S_func_8017E5EC: 4 members [ov_SC03_003,ov_SC03_126,ov_SC04_021,ov_SC05_019] share h_exact 7429aed11ae9… (source src/shared/ov/func_8017E5EC.h)
[ OK ] S_func_8017E808: 4 members [ov_SC03_003,ov_SC03_126,ov_SC04_021,ov_SC05_019] share h_exact 7af1f6e06e0b… (source src/shared/ov/func_8017E808__7af1f6e0.h)
[ OK ] S_func_8017E8E8: 4 members [ov_SC03_003,ov_SC03_126,ov_SC04_021,ov_SC05_019] share h_exact efd7c3b26869… (source src/shared/ov/func_8017E8E8__efd7c3b2.h)
[ OK ] S_func_801E8034: 4 members [md_SC04_025,md_SC04_026,md_SC04_029,md_SC04_030] share h_exact 007d064eddb4… (source src/shared/slot_801E7B28/func_801E8034.h)
[ OK ] S_func_8017D5C0: 3 members [ov_SC03_126,ov_SC04_021,ov_SC05_019] share h_exact e98d5a3706cb… (source src/shared/ov/func_8017D5C0__e98d5a37.h)
[ OK ] S_func_8017C6F4: 3 members [ov_SC03_126,ov_SC04_021,ov_SC05_019] share h_exact 362c87a727e5… (source src/shared/ov/func_8017C6F4__362c87a7.h)
[ OK ] S_func_80178D40: 3 members [ov_SC03_126,ov_SC04_021,ov_SC05_019] share h_exact 7a0f8b4c0df5… (source src/shared/ov/func_80178D40__7a0f8b4c.h)
[ OK ] S_func_8015AE2C: 3 members [ov_SC03_126,ov_SC04_021,ov_SC05_019] share h_exact b080550c6111… (source src/shared/ov/func_8015AE2C__b080550c.h)
[ OK ] S_func_8017A4AC: 3 members [ov_SC03_126,ov_SC04_021,ov_SC05_019] share h_exact 2a8590dcbd0b… (source src/shared/ov/func_8017A4AC__2a8590dc.h)
[ OK ] S_func_8015A3C8: 3 members [ov_SC03_126,ov_SC04_021,ov_SC05_019] share h_exact a4d009b41c75… (source src/shared/ov/func_8015A3C8__a4d009b4.h)
[ OK ] S_func_8013F350: 3 members [ov_SC03_126,ov_SC04_021,ov_SC05_019] share h_exact ac64fadffa87… (source src/shared/ov/func_8013F350__ac64fadf.h)
[ OK ] S_func_801380E0: 3 members [ov_SC03_126,ov_SC04_021,ov_SC05_019] share h_exact 0f3b7f183d64… (source src/shared/ov/func_801380E0__0f3b7f18.h)
[ OK ] S_func_80131340: 3 members [ov_SC03_126,ov_SC04_021,ov_SC05_019] share h_exact 0021791e915a… (source src/shared/ov/func_80131340__0021791e.h)
[ OK ] S_func_80133CD4: 3 members [ov_SC03_126,ov_SC04_021,ov_SC05_019] share h_exact de6ea26c03bf… (source src/shared/ov/func_80133CD4__de6ea26c.h)
[ OK ] S_func_80176734: 3 members [ov_SC03_126,ov_SC04_021,ov_SC05_019] share h_exact 6bc421127a8d… (source src/shared/ov/func_80176734__6bc42112.h)
[ OK ] S_func_80166994: 3 members [ov_SC03_126,ov_SC04_021,ov_SC05_019] share h_exact f9f79a43c532… (source src/shared/ov/func_80166994__f9f79a43.h)
[ OK ] S_func_8015444C: 3 members [ov_SC03_126,ov_SC04_021,ov_SC05_019] share h_exact 55a5d1210f33… (source src/shared/ov/func_8015444C__55a5d121.h)
[ OK ] S_func_80159C84: 3 members [ov_SC03_126,ov_SC04_021,ov_SC05_019] share h_exact e2cb2ce3b110… (source src/shared/ov/func_80159C84__e2cb2ce3.h)
[ OK ] S_func_8013C414: 3 members [ov_SC03_126,ov_SC04_021,ov_SC05_019] share h_exact 6f066d2fe42c… (source src/shared/ov/func_8013C414__6f066d2f.h)
[ OK ] S_func_80176218: 3 members [ov_SC03_126,ov_SC04_021,ov_SC05_019] share h_exact 5d76d659a681… (source src/shared/ov/func_80176218__5d76d659.h)
[ OK ] S_func_8013FAF8: 3 members [ov_SC03_126,ov_SC04_021,ov_SC05_019] share h_exact d2e6da010c9f… (source src/shared/ov/func_8013FAF8__d2e6da01.h)
[ OK ] S_func_8014D820: 3 members [ov_SC03_126,ov_SC04_021,ov_SC05_019] share h_exact ce76d0081149… (source src/shared/ov/func_8014D820__ce76d008.h)
[ OK ] S_func_80135EB0: 3 members [ov_SC03_126,ov_SC04_021,ov_SC05_019] share h_exact c9438c1251ba… (source src/shared/ov/func_80135EB0__c9438c12.h)
[ OK ] S_func_8016A290: 3 members [ov_SC03_126,ov_SC04_021,ov_SC05_019] share h_exact 8947ff4664d6… (source src/shared/ov/func_8016A290__8947ff46.h)
[ OK ] S_func_801670E4: 3 members [ov_SC03_126,ov_SC04_021,ov_SC05_019] share h_exact 07fc245bbdad… (source src/shared/ov/func_801670E4__07fc245b.h)
[ OK ] S_func_8013B83C: 3 members [ov_SC03_126,ov_SC04_021,ov_SC05_019] share h_exact f872e5800819… (source src/shared/ov/func_8013B83C__f872e580.h)
[ OK ] S_func_8015B950: 3 members [ov_SC03_126,ov_SC04_021,ov_SC05_019] share h_exact efc7e09fa5e4… (source src/shared/ov/func_8015B950__efc7e09f.h)
[ OK ] S_func_80130D48: 3 members [ov_SC03_126,ov_SC04_021,ov_SC05_019] share h_exact f3dfe4ca535d… (source src/shared/ov/func_80130D48__f3dfe4ca.h)
[ OK ] S_func_80140958: 3 members [ov_SC03_126,ov_SC04_021,ov_SC05_019] share h_exact 8c3b3d1b81d6… (source src/shared/ov/func_80140958__8c3b3d1b.h)
[ OK ] S_func_80135480: 3 members [ov_SC03_126,ov_SC04_021,ov_SC05_019] share h_exact ddef201bd56d… (source src/shared/ov/func_80135480__ddef201b.h)
[ OK ] S_func_8013CB84: 3 members [ov_SC03_126,ov_SC04_021,ov_SC05_019] share h_exact 8d303dd8c635… (source src/shared/ov/func_8013CB84__8d303dd8.h)
[ OK ] S_func_8013D53C: 3 members [ov_SC03_126,ov_SC04_021,ov_SC05_019] share h_exact 93ed523907e4… (source src/shared/ov/func_8013D53C__93ed5239.h)
[ OK ] S_func_80163EC8: 3 members [ov_SC03_126,ov_SC04_021,ov_SC05_019] share h_exact 070a59a13694… (source src/shared/ov/func_80163EC8__070a59a1.h)
[ OK ] S_func_80175DA8: 3 members [ov_SC03_126,ov_SC04_021,ov_SC05_019] share h_exact 53d6c606c96f… (source src/shared/ov/func_80175DA8__53d6c606.h)
[ OK ] S_func_80134C20: 3 members [ov_SC03_126,ov_SC04_021,ov_SC05_019] share h_exact b2c5a2f94904… (source src/shared/ov/func_80134C20__b2c5a2f9.h)
[ OK ] S_func_8012956C: 3 members [ov_SC03_126,ov_SC04_021,ov_SC05_019] share h_exact 3fa9093d955b… (source src/shared/ov/func_8012956C__3fa9093d.h)
[ OK ] S_func_8015C32C: 3 members [ov_SC03_126,ov_SC04_021,ov_SC05_019] share h_exact 11445a3f1c55… (source src/shared/ov/func_8015C32C__11445a3f.h)
[ OK ] S_func_8013FFD8: 3 members [ov_SC03_126,ov_SC04_021,ov_SC05_019] share h_exact 59084898356b… (source src/shared/ov/func_8013FFD8__59084898.h)
[ OK ] S_func_8016CBC0: 3 members [ov_SC03_126,ov_SC04_021,ov_SC05_019] share h_exact 96ab648e79f4… (source src/shared/ov/func_8016CBC0__96ab648e.h)
[ OK ] S_func_8015EA3C: 3 members [ov_SC03_126,ov_SC04_021,ov_SC05_019] share h_exact cadf3ee3a8a9… (source src/shared/ov/func_8015EA3C__cadf3ee3.h)
[ OK ] S_func_80133784: 3 members [ov_SC03_126,ov_SC04_021,ov_SC05_019] share h_exact bcb919664d0d… (source src/shared/ov/func_80133784__bcb91966.h)
[ OK ] S_func_8015D738: 3 members [ov_SC03_126,ov_SC04_021,ov_SC05_019] share h_exact 6e729a105d5d… (source src/shared/ov/func_8015D738__6e729a10.h)
[ OK ] S_func_8013BD74: 3 members [ov_SC03_126,ov_SC04_021,ov_SC05_019] share h_exact 85c0b52f3cb7… (source src/shared/ov/func_8013BD74__85c0b52f.h)
[ OK ] S_func_80166690: 3 members [ov_SC03_126,ov_SC04_021,ov_SC05_019] share h_exact 8e3d791413ea… (source src/shared/ov/func_80166690__8e3d7914.h)
[ OK ] S_func_8013B274: 3 members [ov_SC03_126,ov_SC04_021,ov_SC05_019] share h_exact 28562738cb5e… (source src/shared/ov/func_8013B274__28562738.h)
[ OK ] S_func_8015F448: 3 members [ov_SC03_126,ov_SC04_021,ov_SC05_019] share h_exact add714ee0101… (source src/shared/ov/func_8015F448__add714ee.h)
[ OK ] S_func_80175AB8: 3 members [ov_SC03_126,ov_SC04_021,ov_SC05_019] share h_exact b505c89e400d… (source src/shared/ov/func_80175AB8__b505c89e.h)
[ OK ] S_func_8016AB6C: 3 members [ov_SC03_126,ov_SC04_021,ov_SC05_019] share h_exact d9b480d35428… (source src/shared/ov/func_8016AB6C__d9b480d3.h)
[ OK ] S_func_8013DD68: 3 members [ov_SC03_126,ov_SC04_021,ov_SC05_019] share h_exact 5d222fe200a7… (source src/shared/ov/func_8013DD68__5d222fe2.h)
[ OK ] S_func_80167AE0: 3 members [ov_SC03_126,ov_SC04_021,ov_SC05_019] share h_exact 7a5ad569460a… (source src/shared/ov/func_80167AE0__7a5ad569.h)
[ OK ] S_func_8014032C: 3 members [ov_SC03_126,ov_SC04_021,ov_SC05_019] share h_exact ba377f7b8082… (source src/shared/ov/func_8014032C__ba377f7b.h)
[ OK ] S_func_80135A4C: 3 members [ov_SC03_126,ov_SC04_021,ov_SC05_019] share h_exact e01292867f5b… (source src/shared/ov/func_80135A4C__e0129286.h)
[ OK ] S_func_80161E08: 3 members [ov_SC03_126,ov_SC04_021,ov_SC05_019] share h_exact c58c620ae3ba… (source src/shared/ov/func_80161E08__c58c620a.h)
[ OK ] S_func_8017AE2C: 3 members [ov_SC03_126,ov_SC04_021,ov_SC05_019] share h_exact 4b146efbf9b4… (source src/shared/ov/func_8017AE2C__4b146efb.h)
[ OK ] S_func_80154C24: 3 members [ov_SC03_126,ov_SC04_021,ov_SC05_019] share h_exact 9e672a7099c1… (source src/shared/ov/func_80154C24__9e672a70.h)
[ OK ] S_func_80167DBC: 3 members [ov_SC03_126,ov_SC04_021,ov_SC05_019] share h_exact a1f70bee41d1… (source src/shared/ov/func_80167DBC__a1f70bee.h)
[ OK ] S_func_8016C49C: 3 members [ov_SC03_126,ov_SC04_021,ov_SC05_019] share h_exact 0db10db01c5a… (source src/shared/ov/func_8016C49C__0db10db0.h)
[ OK ] S_func_8016CF04: 3 members [ov_SC03_126,ov_SC04_021,ov_SC05_019] share h_exact 6c10baf64d82… (source src/shared/ov/func_8016CF04__6c10baf6.h)
[ OK ] S_func_80169BBC: 3 members [ov_SC03_126,ov_SC04_021,ov_SC05_019] share h_exact 974035e4525e… (source src/shared/ov/func_80169BBC__974035e4.h)
[ OK ] S_func_801347A0: 3 members [ov_SC03_126,ov_SC04_021,ov_SC05_019] share h_exact af5381fb090b… (source src/shared/ov/func_801347A0__af5381fb.h)
[ OK ] S_func_8016DC20: 3 members [ov_SC03_126,ov_SC04_021,ov_SC05_019] share h_exact 6e0651588cf8… (source src/shared/ov/func_8016DC20__6e065158.h)
[ OK ] S_func_80160534: 3 members [ov_SC03_126,ov_SC04_021,ov_SC05_019] share h_exact c72b33ac75a3… (source src/shared/ov/func_80160534__c72b33ac.h)
[ OK ] S_func_80136334: 3 members [ov_SC03_126,ov_SC04_021,ov_SC05_019] share h_exact ecfcc6f1ae82… (source src/shared/ov/func_80136334__ecfcc6f1.h)
[ OK ] S_func_80162438: 3 members [ov_SC03_126,ov_SC04_021,ov_SC05_019] share h_exact e113e3040fcb… (source src/shared/ov/func_80162438__e113e304.h)
[ OK ] S_func_801299C8: 3 members [ov_SC03_126,ov_SC04_021,ov_SC05_019] share h_exact f9a41b0d88cd… (source src/shared/ov/func_801299C8__f9a41b0d.h)
[ OK ] S_func_80136824: 3 members [ov_SC03_126,ov_SC04_021,ov_SC05_019] share h_exact 39ec06c3b3d2… (source src/shared/ov/func_80136824__39ec06c3.h)
[ OK ] S_func_8016DF5C: 3 members [ov_SC03_126,ov_SC04_021,ov_SC05_019] share h_exact a8a4aea43920… (source src/shared/ov/func_8016DF5C__a8a4aea4.h)
[ OK ] S_func_801365B8: 3 members [ov_SC03_126,ov_SC04_021,ov_SC05_019] share h_exact e5db37c596b8… (source src/shared/ov/func_801365B8__e5db37c5.h)
[ OK ] S_func_8013C0F8: 3 members [ov_SC03_126,ov_SC04_021,ov_SC05_019] share h_exact 6e43c7c8d3e2… (source src/shared/ov/func_8013C0F8__6e43c7c8.h)
[ OK ] S_func_8012C890: 3 members [ov_SC03_126,ov_SC04_021,ov_SC05_019] share h_exact 1bddfa154c4e… (source src/shared/ov/func_8012C890__1bddfa15.h)
[ OK ] S_func_8016D1D8: 3 members [ov_SC03_126,ov_SC04_021,ov_SC05_019] share h_exact ba427904af46… (source src/shared/ov/func_8016D1D8__ba427904.h)
[ OK ] S_func_80177B5C: 3 members [ov_SC03_126,ov_SC04_021,ov_SC05_019] share h_exact ef97c1cadbbd… (source src/shared/ov/func_80177B5C__ef97c1ca.h)
[ OK ] S_func_8013D9B0: 3 members [ov_SC03_126,ov_SC04_021,ov_SC05_019] share h_exact 4b66f7ea98d7… (source src/shared/ov/func_8013D9B0__4b66f7ea.h)
[ OK ] S_func_80133AB0: 3 members [ov_SC03_126,ov_SC04_021,ov_SC05_019] share h_exact 49df14d88804… (source src/shared/ov/func_80133AB0__49df14d8.h)
[ OK ] S_func_80135260: 3 members [ov_SC03_126,ov_SC04_021,ov_SC05_019] share h_exact 5a2e0670e63b… (source src/shared/ov/func_80135260__5a2e0670.h)
[ OK ] S_func_801555F4: 3 members [ov_SC03_126,ov_SC04_021,ov_SC05_019] share h_exact 84a82e59f10f… (source src/shared/ov/func_801555F4__84a82e59.h)
[ OK ] S_func_8015C128: 3 members [ov_SC03_126,ov_SC04_021,ov_SC05_019] share h_exact 0adf2a0346bd… (source src/shared/ov/func_8015C128__0adf2a03.h)
[ OK ] S_func_8015CD20: 3 members [ov_SC03_126,ov_SC04_021,ov_SC05_019] share h_exact d8c58cdbfd4f… (source src/shared/ov/func_8015CD20__d8c58cdb.h)
[ OK ] S_func_80140F00: 3 members [ov_SC03_126,ov_SC04_021,ov_SC05_019] share h_exact 318e016db113… (source src/shared/ov/func_80140F00__318e016d.h)
[ OK ] S_func_80145CEC: 3 members [ov_SC03_126,ov_SC04_021,ov_SC05_019] share h_exact 786de7def669… (source src/shared/ov/func_80145CEC__786de7de.h)
[ OK ] S_func_8012AAAC: 3 members [ov_SC03_126,ov_SC04_021,ov_SC05_019] share h_exact 8ccde9207a9e… (source src/shared/ov/func_8012AAAC__8ccde920.h)
[ OK ] S_func_8013EB7C: 3 members [ov_SC03_126,ov_SC04_021,ov_SC05_019] share h_exact 5c31e6e746b3… (source src/shared/ov/func_8013EB7C__5c31e6e7.h)
[ OK ] S_func_8016C998: 3 members [ov_SC03_126,ov_SC04_021,ov_SC05_019] share h_exact 1924d7c75f5f… (source src/shared/ov/func_8016C998__1924d7c7.h)
[ OK ] S_func_80140608: 3 members [ov_SC03_126,ov_SC04_021,ov_SC05_019] share h_exact 2fb5c20156c2… (source src/shared/ov/func_80140608__2fb5c201.h)
[ OK ] S_func_8013AD38: 3 members [ov_SC03_126,ov_SC04_021,ov_SC05_019] share h_exact 49b61a70bdcd… (source src/shared/ov/func_8013AD38__49b61a70.h)
[ OK ] S_func_801588CC: 3 members [ov_SC03_126,ov_SC04_021,ov_SC05_019] share h_exact 7b0e7bcb0e62… (source src/shared/ov/func_801588CC__7b0e7bcb.h)
[ OK ] S_func_8015D1B8: 3 members [ov_SC03_126,ov_SC04_021,ov_SC05_019] share h_exact 43d535840921… (source src/shared/ov/func_8015D1B8__43d53584.h)
[ OK ] S_func_80135888: 3 members [ov_SC03_126,ov_SC04_021,ov_SC05_019] share h_exact 4a3066ea1913… (source src/shared/ov/func_80135888__4a3066ea.h)
[ OK ] S_func_8016B234: 3 members [ov_SC03_126,ov_SC04_021,ov_SC05_019] share h_exact c187857f9ddf… (source src/shared/ov/func_8016B234__c187857f.h)
[ OK ] S_func_80179B74: 3 members [ov_SC03_126,ov_SC04_021,ov_SC05_019] share h_exact 349bbda471a9… (source src/shared/ov/func_80179B74__349bbda4.h)
[ OK ] S_func_8013D178: 3 members [ov_SC03_126,ov_SC04_021,ov_SC05_019] share h_exact 421ba659e19c… (source src/shared/ov/func_8013D178__421ba659.h)
[ OK ] S_func_80168828: 3 members [ov_SC03_126,ov_SC04_021,ov_SC05_019] share h_exact 461119981a49… (source src/shared/ov/func_80168828__46111998.h)
[ OK ] S_func_8013EF88: 3 members [ov_SC03_126,ov_SC04_021,ov_SC05_019] share h_exact 48bc7f10212d… (source src/shared/ov/func_8013EF88__48bc7f10.h)
[ OK ] S_func_801594E8: 3 members [ov_SC03_126,ov_SC04_021,ov_SC05_019] share h_exact ad1cbcc57aa4… (source src/shared/ov/func_801594E8__ad1cbcc5.h)
[ OK ] S_func_80134A74: 3 members [ov_SC03_126,ov_SC04_021,ov_SC05_019] share h_exact 38c10a1ad603… (source src/shared/ov/func_80134A74__38c10a1a.h)
[ OK ] S_func_801345F8: 3 members [ov_SC03_126,ov_SC04_021,ov_SC05_019] share h_exact 93b40c3b3ec8… (source src/shared/ov/func_801345F8__93b40c3b.h)
[ OK ] S_func_80141100: 3 members [ov_SC03_126,ov_SC04_021,ov_SC05_019] share h_exact bcd39052caee… (source src/shared/ov/func_80141100__bcd39052.h)
[ OK ] S_func_8017B614: 3 members [ov_SC03_126,ov_SC04_021,ov_SC05_019] share h_exact 2d7795bc170e… (source src/shared/ov/func_8017B614__2d7795bc.h)
[ OK ] S_func_80135D20: 3 members [ov_SC03_126,ov_SC04_021,ov_SC05_019] share h_exact 616418a65943… (source src/shared/ov/func_80135D20__616418a6.h)
[ OK ] S_func_8013DBE4: 3 members [ov_SC03_126,ov_SC04_021,ov_SC05_019] share h_exact 036a62a61563… (source src/shared/ov/func_8013DBE4__036a62a6.h)
[ OK ] S_func_801596F0: 3 members [ov_SC03_126,ov_SC04_021,ov_SC05_019] share h_exact 65664140b5b3… (source src/shared/ov/func_801596F0__65664140.h)
[ OK ] S_func_8017B490: 3 members [ov_SC03_126,ov_SC04_021,ov_SC05_019] share h_exact b7e0e84d8493… (source src/shared/ov/func_8017B490__b7e0e84d.h)
[ OK ] S_func_8016BFD0: 3 members [ov_SC03_126,ov_SC04_021,ov_SC05_019] share h_exact 33acecf22fb4… (source src/shared/ov/func_8016BFD0__33acecf2.h)
[ OK ] S_func_801506A4: 3 members [ov_SC03_126,ov_SC04_021,ov_SC05_019] share h_exact ee3989b20c78… (source src/shared/ov/func_801506A4__ee3989b2.h)
[ OK ] S_func_8016B6BC: 3 members [ov_SC03_126,ov_SC04_021,ov_SC05_019] share h_exact bd05d8099770… (source src/shared/ov/func_8016B6BC__bd05d809.h)
[ OK ] S_func_8013EE10: 3 members [ov_SC03_126,ov_SC04_021,ov_SC05_019] share h_exact dc80305f96c6… (source src/shared/ov/func_8013EE10__dc80305f.h)
[ OK ] S_func_8017E608: 3 members [ov_SC04_000,ov_SC04_004,ov_SC04_007] share h_exact 66356b87914e… (source src/shared/ov/func_8017E608__66356b87.h)
[ OK ] S_func_801789AC: 3 members [ov_SC03_126,ov_SC04_021,ov_SC05_019] share h_exact 267395891576… (source src/shared/ov/func_801789AC__26739589.h)
[ OK ] S_func_8015CA28: 3 members [ov_SC03_126,ov_SC04_021,ov_SC05_019] share h_exact 28f5a61f13f4… (source src/shared/ov/func_8015CA28__28f5a61f.h)
[ OK ] S_func_8017DD5C: 3 members [ov_SC04_000,ov_SC04_004,ov_SC04_007] share h_exact 3551370faaef… (source src/shared/ov/func_8017DD5C__3551370f.h)
[ OK ] S_func_8013E6AC: 3 members [ov_SC03_126,ov_SC04_021,ov_SC05_019] share h_exact e4884635e79c… (source src/shared/ov/func_8013E6AC__e4884635.h)
[ OK ] S_func_8013D3D4: 3 members [ov_SC03_126,ov_SC04_021,ov_SC05_019] share h_exact f5857947bfc3… (source src/shared/ov/func_8013D3D4__f5857947.h)
[ OK ] S_func_801418F8: 3 members [ov_SC03_126,ov_SC04_021,ov_SC05_019] share h_exact fa820ec80e52… (source src/shared/ov/func_801418F8__fa820ec8.h)
[ OK ] S_func_80135004: 3 members [ov_SC03_126,ov_SC04_021,ov_SC05_019] share h_exact 0f8f8d0b8841… (source src/shared/ov/func_80135004__0f8f8d0b.h)
[ OK ] S_func_801397B0: 3 members [ov_SC03_126,ov_SC04_021,ov_SC05_019] share h_exact 8593e641ac18… (source src/shared/ov/func_801397B0__8593e641.h)
[ OK ] S_func_801407F4: 3 members [ov_SC03_126,ov_SC04_021,ov_SC05_019] share h_exact b86e8046b5db… (source src/shared/ov/func_801407F4__b86e8046.h)
[ OK ] S_func_80131B14: 3 members [ov_SC03_126,ov_SC04_021,ov_SC05_019] share h_exact f2d1d0c2dee4… (source src/shared/ov/func_80131B14__f2d1d0c2.h)
[ OK ] S_func_8016EC0C: 3 members [ov_SC03_126,ov_SC04_021,ov_SC05_019] share h_exact 2000830cbd69… (source src/shared/ov/func_8016EC0C__2000830c.h)
[ OK ] S_func_8015C7E4: 3 members [ov_SC03_126,ov_SC04_021,ov_SC05_019] share h_exact 61b9597c6b93… (source src/shared/ov/func_8015C7E4__61b9597c.h)
[ OK ] S_func_80131170: 3 members [ov_SC03_126,ov_SC04_021,ov_SC05_019] share h_exact c33390d3d6aa… (source src/shared/ov/func_80131170__c33390d3.h)
[ OK ] S_func_8016AE5C: 3 members [ov_SC03_126,ov_SC04_021,ov_SC05_019] share h_exact c96aae127f0b… (source src/shared/ov/func_8016AE5C__c96aae12.h)
[ OK ] S_func_8015D5E8: 3 members [ov_SC03_126,ov_SC04_021,ov_SC05_019] share h_exact 5fff3768cf5e… (source src/shared/ov/func_8015D5E8__5fff3768.h)
[ OK ] S_func_801343C4: 3 members [ov_SC03_126,ov_SC04_021,ov_SC05_019] share h_exact b50a7edb6ca7… (source src/shared/ov/func_801343C4__b50a7edb.h)
[ OK ] S_func_8015F118: 3 members [ov_SC03_126,ov_SC04_021,ov_SC05_019] share h_exact a1950d7016f9… (source src/shared/ov/func_8015F118__a1950d70.h)
[ OK ] S_func_80164930: 3 members [ov_SC03_126,ov_SC04_021,ov_SC05_019] share h_exact 98817909a739… (source src/shared/ov/func_80164930__98817909.h)
[ OK ] S_func_80143D28: 3 members [ov_SC03_126,ov_SC04_021,ov_SC05_019] share h_exact ebe1672572c3… (source src/shared/ov/func_80143D28__ebe16725.h)
[ OK ] S_func_8016C188: 3 members [ov_SC03_126,ov_SC04_021,ov_SC05_019] share h_exact 467ccd9e28be… (source src/shared/ov/func_8016C188__467ccd9e.h)
[ OK ] S_func_801457A4: 3 members [ov_SC03_126,ov_SC04_021,ov_SC05_019] share h_exact b9863ee91d6c… (source src/shared/ov/func_801457A4__b9863ee9.h)
[ OK ] S_func_80141A60: 3 members [ov_SC03_126,ov_SC04_021,ov_SC05_019] share h_exact 1dbc362f1234… (source src/shared/ov/func_80141A60__1dbc362f.h)
[ OK ] S_func_80136A94: 3 members [ov_SC03_126,ov_SC04_021,ov_SC05_019] share h_exact 71c439bfa763… (source src/shared/ov/func_80136A94__71c439bf.h)
[ OK ] S_func_8015795C: 3 members [ov_SC03_126,ov_SC04_021,ov_SC05_019] share h_exact cc9c4578ca80… (source src/shared/ov/func_8015795C__cc9c4578.h)
[ OK ] S_func_8017B238: 3 members [ov_SC03_126,ov_SC04_021,ov_SC05_019] share h_exact de082e575fc9… (source src/shared/ov/func_8017B238__de082e57.h)
[ OK ] S_func_80145EE8: 3 members [ov_SC03_126,ov_SC04_021,ov_SC05_019] share h_exact 3ffe524b93e0… (source src/shared/ov/func_80145EE8__3ffe524b.h)
[ OK ] S_func_8015FF20: 3 members [ov_SC03_126,ov_SC04_021,ov_SC05_019] share h_exact 7a9d7733fc8a… (source src/shared/ov/func_8015FF20__7a9d7733.h)
[ OK ] S_func_80156044: 3 members [ov_SC03_126,ov_SC04_021,ov_SC05_019] share h_exact 949f6c5e805a… (source src/shared/ov/func_80156044__949f6c5e.h)
[ OK ] S_func_8017B368: 3 members [ov_SC03_126,ov_SC04_021,ov_SC05_019] share h_exact baab5d3967dc… (source src/shared/ov/func_8017B368__baab5d39.h)
[ OK ] S_func_8016BD78: 3 members [ov_SC03_126,ov_SC04_021,ov_SC05_019] share h_exact d6afde150a1e… (source src/shared/ov/func_8016BD78__d6afde15.h)
[ OK ] S_func_8016E7C8: 3 members [ov_SC03_126,ov_SC04_021,ov_SC05_019] share h_exact e806c2e11c8b… (source src/shared/ov/func_8016E7C8__e806c2e1.h)
[ OK ] S_func_8015094C: 3 members [ov_SC03_126,ov_SC04_021,ov_SC05_019] share h_exact 8e5120a6de84… (source src/shared/ov/func_8015094C__8e5120a6.h)
[ OK ] S_func_80128AF4: 3 members [ov_SC03_126,ov_SC04_021,ov_SC05_019] share h_exact 79334e07d719… (source src/shared/ov/func_80128AF4__79334e07.h)
[ OK ] S_func_80148AFC: 3 members [ov_SC03_126,ov_SC04_021,ov_SC05_019] share h_exact 4d5b7f00a377… (source src/shared/ov/func_80148AFC__4d5b7f00.h)
[ OK ] S_func_8013E83C: 3 members [ov_SC03_126,ov_SC04_021,ov_SC05_019] share h_exact 624fc4aae238… (source src/shared/ov/func_8013E83C__624fc4aa.h)
[ OK ] S_func_80171B4C: 3 members [ov_SC03_126,ov_SC04_021,ov_SC05_019] share h_exact f7f2c43c7ed8… (source src/shared/ov/func_80171B4C__f7f2c43c.h)
[ OK ] S_func_80166F58: 3 members [ov_SC03_126,ov_SC04_021,ov_SC05_019] share h_exact 3728db8a3342… (source src/shared/ov/func_80166F58__3728db8a.h)
[ OK ] S_func_801431E8: 3 members [ov_SC03_126,ov_SC04_021,ov_SC05_019] share h_exact 46c92f8fe35b… (source src/shared/ov/func_801431E8__46c92f8f.h)
[ OK ] S_func_80158434: 3 members [ov_SC03_126,ov_SC04_021,ov_SC05_019] share h_exact b85d6f246b63… (source src/shared/ov/func_80158434__b85d6f24.h)
[ OK ] S_func_8017BD50: 3 members [ov_SC03_126,ov_SC04_021,ov_SC05_019] share h_exact 465313622aac… (source src/shared/ov/func_8017BD50__46531362.h)
[ OK ] S_func_80148D44: 3 members [ov_SC03_126,ov_SC04_021,ov_SC05_019] share h_exact 77296bf7ad28… (source src/shared/ov/func_80148D44__77296bf7.h)
[ OK ] S_func_80148E54: 3 members [ov_SC03_126,ov_SC04_021,ov_SC05_019] share h_exact 52af9a5cb38d… (source src/shared/ov/func_80148E54__52af9a5c.h)
[ OK ] S_func_8012E364: 3 members [ov_SC03_126,ov_SC04_021,ov_SC05_019] share h_exact 6d96fc6cfabe… (source src/shared/ov/func_8012E364__6d96fc6c.h)
[ OK ] S_func_801523F4: 3 members [ov_SC03_126,ov_SC04_021,ov_SC05_019] share h_exact af97b7dbd5e2… (source src/shared/ov/func_801523F4__af97b7db.h)
[ OK ] S_func_8013B6A0: 3 members [ov_SC03_126,ov_SC04_021,ov_SC05_019] share h_exact c008cc344014… (source src/shared/ov/func_8013B6A0__c008cc34.h)
[ OK ] S_func_8013B598: 3 members [ov_SC03_126,ov_SC04_021,ov_SC05_019] share h_exact 9bdc6ef23e6b… (source src/shared/ov/func_8013B598__9bdc6ef2.h)
[ OK ] S_func_80144880: 3 members [ov_SC03_126,ov_SC04_021,ov_SC05_019] share h_exact b53ddac4548d… (source src/shared/ov/func_80144880__b53ddac4.h)
[ OK ] S_func_8017BB34: 3 members [ov_SC03_126,ov_SC04_021,ov_SC05_019] share h_exact 09e1463434e8… (source src/shared/ov/func_8017BB34__09e14634.h)
[ OK ] S_func_8014477C: 3 members [ov_SC03_126,ov_SC04_021,ov_SC05_019] share h_exact aced5c11c777… (source src/shared/ov/func_8014477C__aced5c11.h)
[ OK ] S_func_80144458: 3 members [ov_SC03_126,ov_SC04_021,ov_SC05_019] share h_exact 176564107894… (source src/shared/ov/func_80144458__17656410.h)
[ OK ] S_func_8016B5C0: 3 members [ov_SC03_126,ov_SC04_021,ov_SC05_019] share h_exact 02321b9f94c1… (source src/shared/ov/func_8016B5C0__02321b9f.h)
[ OK ] S_func_8017B940: 3 members [ov_SC03_126,ov_SC04_021,ov_SC05_019] share h_exact 1c4da687ccd6… (source src/shared/ov/func_8017B940__1c4da687.h)
[ OK ] S_func_80165240: 3 members [ov_SC03_126,ov_SC04_021,ov_SC05_019] share h_exact 2568f863b771… (source src/shared/ov/func_80165240__2568f863.h)
[ OK ] S_func_80177DA8: 3 members [ov_SC03_126,ov_SC04_021,ov_SC05_019] share h_exact 6de0dc6f6b51… (source src/shared/ov/func_80177DA8__6de0dc6f.h)
[ OK ] S_func_8013CF68: 3 members [ov_SC03_126,ov_SC04_021,ov_SC05_019] share h_exact 94315c4c93e6… (source src/shared/ov/func_8013CF68__94315c4c.h)
[ OK ] S_func_8013E958: 3 members [ov_SC03_126,ov_SC04_021,ov_SC05_019] share h_exact fb86651da4f0… (source src/shared/ov/func_8013E958__fb86651d.h)
[ OK ] S_func_80138C60: 3 members [ov_SC03_126,ov_SC04_021,ov_SC05_019] share h_exact 03a681ed0ce6… (source src/shared/ov/func_80138C60__03a681ed.h)
[ OK ] S_func_80145934: 3 members [ov_SC03_126,ov_SC04_021,ov_SC05_019] share h_exact 2d4ffe49fc1b… (source src/shared/ov/func_80145934__2d4ffe49.h)
[ OK ] S_func_8017BA3C: 3 members [ov_SC03_126,ov_SC04_021,ov_SC05_019] share h_exact 51c4b47ce348… (source src/shared/ov/func_8017BA3C__51c4b47c.h)
[ OK ] S_func_80145A2C: 3 members [ov_SC03_126,ov_SC04_021,ov_SC05_019] share h_exact 77dd1daefe5f… (source src/shared/ov/func_80145A2C__77dd1dae.h)
[ OK ] S_func_801287B8: 3 members [ov_SC03_126,ov_SC04_021,ov_SC05_019] share h_exact 96084aee1b25… (source src/shared/ov/func_801287B8__96084aee.h)
[ OK ] S_func_8015FAE8: 3 members [ov_SC03_126,ov_SC04_021,ov_SC05_019] share h_exact 9b46348c9ced… (source src/shared/ov/func_8015FAE8__9b46348c.h)
[ OK ] S_func_801621CC: 3 members [ov_SC03_126,ov_SC04_021,ov_SC05_019] share h_exact abdb90f8f0f9… (source src/shared/ov/func_801621CC__abdb90f8.h)
[ OK ] S_func_80164BDC: 3 members [ov_SC03_126,ov_SC04_021,ov_SC05_019] share h_exact b9aaf8bd4612… (source src/shared/ov/func_80164BDC__b9aaf8bd.h)
[ OK ] S_func_80135168: 3 members [ov_SC03_126,ov_SC04_021,ov_SC05_019] share h_exact bad0a58502cf… (source src/shared/ov/func_80135168__bad0a585.h)
[ OK ] S_func_80144364: 3 members [ov_SC03_126,ov_SC04_021,ov_SC05_019] share h_exact 3c74c1b8d1af… (source src/shared/ov/func_80144364__3c74c1b8.h)
[ OK ] S_func_8017D820: 3 members [ov_SC04_000,ov_SC04_004,ov_SC04_007] share h_exact 695b63f36ec1… (source src/shared/ov/func_8017D820__695b63f3.h)
[ OK ] S_func_8017B0E4: 3 members [ov_SC03_126,ov_SC04_021,ov_SC05_019] share h_exact af5363b2e35c… (source src/shared/ov/func_8017B0E4__af5363b2.h)
[ OK ] S_func_8016D688: 3 members [ov_SC03_126,ov_SC04_021,ov_SC05_019] share h_exact 58157d89ef35… (source src/shared/ov/func_8016D688__58157d89.h)
[ OK ] S_func_8015A2D8: 3 members [ov_SC03_126,ov_SC04_021,ov_SC05_019] share h_exact fc50edf571f6… (source src/shared/ov/func_8015A2D8__fc50edf5.h)
[ OK ] S_func_80134510: 3 members [ov_SC03_126,ov_SC04_021,ov_SC05_019] share h_exact 3870517c3a67… (source src/shared/ov/func_80134510__3870517c.h)
[ OK ] S_func_801424E4: 3 members [ov_SC03_126,ov_SC04_021,ov_SC05_019] share h_exact 3a7979707c5e… (source src/shared/ov/func_801424E4__3a797970.h)
[ OK ] S_func_801378F0: 3 members [ov_SC03_126,ov_SC04_021,ov_SC05_019] share h_exact 4d54efa48099… (source src/shared/ov/func_801378F0__4d54efa4.h)
[ OK ] S_func_8016B834: 3 members [ov_SC03_126,ov_SC04_021,ov_SC05_019] share h_exact 95f24bc3b1e6… (source src/shared/ov/func_8016B834__95f24bc3.h)
[ OK ] S_func_8015FBE0: 3 members [ov_SC03_126,ov_SC04_021,ov_SC05_019] share h_exact dd2ea6e80d90… (source src/shared/ov/func_8015FBE0__dd2ea6e8.h)
[ OK ] S_func_80159A20: 3 members [ov_SC03_126,ov_SC04_021,ov_SC05_019] share h_exact e36724ea6fd9… (source src/shared/ov/func_80159A20__e36724ea.h)
[ OK ] S_func_8015D01C: 3 members [ov_SC03_126,ov_SC04_021,ov_SC05_019] share h_exact e5d73af4840a… (source src/shared/ov/func_8015D01C__e5d73af4.h)
[ OK ] S_func_8015C944: 3 members [ov_SC03_126,ov_SC04_021,ov_SC05_019] share h_exact afbe8a9ae8a0… (source src/shared/ov/func_8015C944__afbe8a9a.h)
[ OK ] S_func_8012FCC4: 3 members [ov_SC03_126,ov_SC04_021,ov_SC05_019] share h_exact b0691021b8dc… (source src/shared/ov/func_8012FCC4__b0691021.h)
[ OK ] S_func_8017BEE8: 3 members [ov_SC03_010,ov_SC03_011,ov_SC03_013] share h_exact 41748fa2fd7a… (source src/shared/ov/func_8017BEE8__41748fa2.h)
[ OK ] S_func_8016BBE0: 3 members [ov_SC03_126,ov_SC04_021,ov_SC05_019] share h_exact 5db18f2ab27f… (source src/shared/ov/func_8016BBE0__5db18f2a.h)
[ OK ] S_func_80160D10: 3 members [ov_SC03_126,ov_SC04_021,ov_SC05_019] share h_exact 20d94e53ee75… (source src/shared/ov/func_80160D10__20d94e53.h)
[ OK ] S_func_8013D064: 3 members [ov_SC03_126,ov_SC04_021,ov_SC05_019] share h_exact 10bd61e37d6a… (source src/shared/ov/func_8013D064__10bd61e3.h)
[ OK ] S_func_801654A8: 3 members [ov_SC03_126,ov_SC04_021,ov_SC05_019] share h_exact a242daafeb16… (source src/shared/ov/func_801654A8__a242daaf.h)
[ OK ] S_func_8015E4B0: 3 members [ov_SC03_126,ov_SC04_021,ov_SC05_019] share h_exact dee0300ddbf4… (source src/shared/ov/func_8015E4B0__dee0300d.h)
[ OK ] S_func_8017A3D8: 3 members [ov_SC03_126,ov_SC04_021,ov_SC05_019] share h_exact 0aff4a645453… (source src/shared/ov/func_8017A3D8__0aff4a64.h)
[ OK ] S_func_8016E9EC: 3 members [ov_SC03_126,ov_SC04_021,ov_SC05_019] share h_exact 286b6760b62f… (source src/shared/ov/func_8016E9EC__286b6760.h)
[ OK ] S_func_8017E394: 3 members [ov_SC04_000,ov_SC04_004,ov_SC04_007] share h_exact d086119e0571… (source src/shared/ov/func_8017E394__d086119e.h)
[ OK ] S_func_8012E9C0: 3 members [ov_SC03_126,ov_SC04_021,ov_SC05_019] share h_exact 897474434176… (source src/shared/ov/func_8012E9C0__89747443.h)
[ OK ] S_func_80158FA4: 3 members [ov_SC03_126,ov_SC04_021,ov_SC05_019] share h_exact 1e7a4e710cee… (source src/shared/ov/func_80158FA4__1e7a4e71.h)
[ OK ] S_func_80142608: 3 members [ov_SC03_126,ov_SC04_021,ov_SC05_019] share h_exact 66c77755e6fa… (source src/shared/ov/func_80142608__66c77755.h)
[ OK ] S_func_80137D08: 3 members [ov_SC03_126,ov_SC04_021,ov_SC05_019] share h_exact 7e58ba7e7c86… (source src/shared/ov/func_80137D08__7e58ba7e.h)
[ OK ] S_func_80128A28: 3 members [ov_SC03_126,ov_SC04_021,ov_SC05_019] share h_exact badd0159284e… (source src/shared/ov/func_80128A28__badd0159.h)
[ OK ] S_func_8016B4F8: 3 members [ov_SC03_126,ov_SC04_021,ov_SC05_019] share h_exact 0b2cc462c54d… (source src/shared/ov/func_8016B4F8__0b2cc462.h)
[ OK ] S_func_8015E344: 3 members [ov_SC03_126,ov_SC04_021,ov_SC05_019] share h_exact 6a040027dbb2… (source src/shared/ov/func_8015E344__6a040027.h)
[ OK ] S_func_80178BF8: 3 members [ov_SC03_126,ov_SC04_021,ov_SC05_019] share h_exact 44c7fe3fe6ed… (source src/shared/ov/func_80178BF8__44c7fe3f.h)
[ OK ] S_func_801647A4: 3 members [ov_SC03_126,ov_SC04_021,ov_SC05_019] share h_exact 1eeea95d82cf… (source src/shared/ov/func_801647A4__1eeea95d.h)
[ OK ] S_func_8015EEE0: 3 members [ov_SC03_126,ov_SC04_021,ov_SC05_019] share h_exact 05ff1db56e7c… (source src/shared/ov/func_8015EEE0__05ff1db5.h)
[ OK ] S_func_8016DA7C: 3 members [ov_SC03_126,ov_SC04_021,ov_SC05_019] share h_exact 00aabb3fa82c… (source src/shared/ov/func_8016DA7C__00aabb3f.h)
[ OK ] S_func_8016BCC0: 3 members [ov_SC03_126,ov_SC04_021,ov_SC05_019] share h_exact 04061c8b746b… (source src/shared/ov/func_8016BCC0__04061c8b.h)
[ OK ] S_func_801520DC: 3 members [ov_SC03_126,ov_SC04_021,ov_SC05_019] share h_exact 43573632da53… (source src/shared/ov/func_801520DC__43573632.h)
[ OK ] S_func_80150A70: 3 members [ov_SC03_126,ov_SC04_021,ov_SC05_019] share h_exact 5bf928968dd8… (source src/shared/ov/func_80150A70__5bf92896.h)
[ OK ] S_func_80132018: 3 members [ov_SC03_126,ov_SC04_021,ov_SC05_019] share h_exact d875a8f9b4ec… (source src/shared/ov/func_80132018__d875a8f9.h)
[ OK ] S_func_8013D8FC: 3 members [ov_SC03_126,ov_SC04_021,ov_SC05_019] share h_exact 392f26274a5f… (source src/shared/ov/func_8013D8FC__392f2627.h)
[ OK ] S_func_80143458: 3 members [ov_SC03_126,ov_SC04_021,ov_SC05_019] share h_exact 4deffe403c08… (source src/shared/ov/func_80143458__4deffe40.h)
[ OK ] S_func_8014358C: 3 members [ov_SC03_126,ov_SC04_021,ov_SC05_019] share h_exact 9bb6332aa999… (source src/shared/ov/func_8014358C__9bb6332a.h)
[ OK ] S_func_8015D104: 3 members [ov_SC03_126,ov_SC04_021,ov_SC05_019] share h_exact ae9e650f6e6e… (source src/shared/ov/func_8015D104__ae9e650f.h)
[ OK ] S_func_8017E4F8: 3 members [ov_SC04_000,ov_SC04_004,ov_SC04_007] share h_exact d8145911fa99… (source src/shared/ov/func_8017E4F8__d8145911.h)
[ OK ] S_func_8017EDB8: 3 members [ov_SC03_126,ov_SC04_021,ov_SC05_019] share h_exact 3df94c9c893f… (source src/shared/ov/func_8017EDB8__3df94c9c.h)
[ OK ] S_func_8017C528: 3 members [ov_SC03_010,ov_SC03_011,ov_SC03_013] share h_exact 7dc469466742… (source src/shared/ov/func_8017C528.h)
[ OK ] S_func_8015DBD4: 3 members [ov_SC03_126,ov_SC04_021,ov_SC05_019] share h_exact 83daff8239e6… (source src/shared/ov/func_8015DBD4__83daff82.h)
[ OK ] S_func_8015DF34: 3 members [ov_SC03_126,ov_SC04_021,ov_SC05_019] share h_exact ad0c1369ccca… (source src/shared/ov/func_8015DF34__ad0c1369.h)
[ OK ] S_func_8012D664: 3 members [ov_SC03_126,ov_SC04_021,ov_SC05_019] share h_exact b481cb52c75f… (source src/shared/ov/func_8012D664__b481cb52.h)
[ OK ] S_func_8015FE70: 3 members [ov_SC03_126,ov_SC04_021,ov_SC05_019] share h_exact bbab5a5af89a… (source src/shared/ov/func_8015FE70__bbab5a5a.h)
[ OK ] S_func_8016C2C4: 3 members [ov_SC03_126,ov_SC04_021,ov_SC05_019] share h_exact ee79a1cc2aaa… (source src/shared/ov/func_8016C2C4__ee79a1cc.h)
[ OK ] S_func_8017BEF8: 3 members [ov_SC03_126,ov_SC04_021,ov_SC05_019] share h_exact 5c7e6c6feeee… (source src/shared/ov/func_8017BEF8__5c7e6c6f.h)
[ OK ] S_func_8015F89C: 3 members [ov_SC03_126,ov_SC04_021,ov_SC05_019] share h_exact 610b5f146e11… (source src/shared/ov/func_8015F89C__610b5f14.h)
[ OK ] S_func_8015FCC8: 3 members [ov_SC03_126,ov_SC04_021,ov_SC05_019] share h_exact 87a5e0ba97c7… (source src/shared/ov/func_8015FCC8__87a5e0ba.h)
[ OK ] S_func_8014607C: 3 members [ov_SC03_126,ov_SC04_021,ov_SC05_019] share h_exact b3c81197aba4… (source src/shared/ov/func_8014607C__b3c81197.h)
[ OK ] S_func_80142A80: 3 members [ov_SC03_126,ov_SC04_021,ov_SC05_019] share h_exact e460239afc8f… (source src/shared/ov/func_80142A80__e460239a.h)
[ OK ] S_func_8017EE68: 3 members [ov_SC03_126,ov_SC04_021,ov_SC05_019] share h_exact 34856783b4c0… (source src/shared/ov/func_8017EE68__34856783.h)
[ OK ] S_func_80142EC0: 3 members [ov_SC03_126,ov_SC04_021,ov_SC05_019] share h_exact 41e70b0aaeec… (source src/shared/ov/func_80142EC0__41e70b0a.h)
[ OK ] S_func_8013CA14: 3 members [ov_SC03_126,ov_SC04_021,ov_SC05_019] share h_exact 83788c455fa7… (source src/shared/ov/func_8013CA14__83788c45.h)
[ OK ] S_func_80128714: 3 members [ov_SC03_126,ov_SC04_021,ov_SC05_019] share h_exact 34914b6020c4… (source src/shared/ov/func_80128714__34914b60.h)
[ OK ] S_func_8013D330: 3 members [ov_SC03_126,ov_SC04_021,ov_SC05_019] share h_exact 3ba2802e7373… (source src/shared/ov/func_8013D330__3ba2802e.h)
[ OK ] S_func_80158F00: 3 members [ov_SC03_126,ov_SC04_021,ov_SC05_019] share h_exact 6450992e6fbb… (source src/shared/ov/func_80158F00__6450992e.h)
[ OK ] S_func_80152DA8: 3 members [ov_SC03_126,ov_SC04_021,ov_SC05_019] share h_exact 7ab61c2d984e… (source src/shared/ov/func_80152DA8__7ab61c2d.h)
[ OK ] S_func_80169F3C: 3 members [ov_SC03_126,ov_SC04_021,ov_SC05_019] share h_exact a4abc2104394… (source src/shared/ov/func_80169F3C__a4abc210.h)
[ OK ] S_func_80159BE4: 3 members [ov_SC03_126,ov_SC04_021,ov_SC05_019] share h_exact 1cf147fb55d8… (source src/shared/ov/func_80159BE4__1cf147fb.h)
[ OK ] S_func_801681FC: 3 members [ov_SC03_126,ov_SC04_021,ov_SC05_019] share h_exact 9cf18f49273a… (source src/shared/ov/func_801681FC__9cf18f49.h)
[ OK ] S_func_801528B0: 3 members [ov_SC03_126,ov_SC04_021,ov_SC05_019] share h_exact 474ae4a52642… (source src/shared/ov/func_801528B0__474ae4a5.h)
[ OK ] S_func_80139BE0: 3 members [ov_SC03_126,ov_SC04_021,ov_SC05_019] share h_exact 561c528658f2… (source src/shared/ov/func_80139BE0__561c5286.h)
[ OK ] S_func_801578C0: 3 members [ov_SC03_126,ov_SC04_021,ov_SC05_019] share h_exact 69854285e03b… (source src/shared/ov/func_801578C0__69854285.h)
[ OK ] S_func_8015934C: 3 members [ov_SC03_126,ov_SC04_021,ov_SC05_019] share h_exact 8531ecc4e086… (source src/shared/ov/func_8015934C__8531ecc4.h)
[ OK ] S_func_80149FB0: 3 members [ov_SC03_126,ov_SC04_021,ov_SC05_019] share h_exact 8c634086efe4… (source src/shared/ov/func_80149FB0__8c634086.h)
[ OK ] S_func_8014305C: 3 members [ov_SC03_126,ov_SC04_021,ov_SC05_019] share h_exact bee6858adb1c… (source src/shared/ov/func_8014305C__bee6858a.h)
[ OK ] S_func_80160920: 3 members [ov_SC03_126,ov_SC04_021,ov_SC05_019] share h_exact f19f744475c0… (source src/shared/ov/func_80160920__f19f7444.h)
[ OK ] S_func_8016BEA0: 3 members [ov_SC03_126,ov_SC04_021,ov_SC05_019] share h_exact 0a1f8b8230c3… (source src/shared/ov/func_8016BEA0__0a1f8b82.h)
[ OK ] S_func_80140E6C: 3 members [ov_SC03_126,ov_SC04_021,ov_SC05_019] share h_exact 0b0f53ec73e6… (source src/shared/ov/func_80140E6C__0b0f53ec.h)
[ OK ] S_func_801285E4: 3 members [ov_SC03_126,ov_SC04_021,ov_SC05_019] share h_exact 22637e5ffcfd… (source src/shared/ov/func_801285E4__22637e5f.h)
[ OK ] S_func_801754A8: 3 members [ov_SC03_126,ov_SC04_021,ov_SC05_019] share h_exact 897945caf03d… (source src/shared/ov/func_801754A8__897945ca.h)
[ OK ] S_func_8015D380: 3 members [ov_SC03_126,ov_SC04_021,ov_SC05_019] share h_exact 95fbfaa8f52d… (source src/shared/ov/func_8015D380__95fbfaa8.h)
[ OK ] S_func_8013E5E8: 3 members [ov_SC03_126,ov_SC04_021,ov_SC05_019] share h_exact ae7678cf0457… (source src/shared/ov/func_8013E5E8__ae7678cf.h)
[ OK ] S_func_8017CC80: 3 members [ov_SC02_000,ov_SC02_003,ov_SC03_092] share h_exact f0c4b97d13a0… (source src/shared/ov/func_8017CC80__f0c4b97d.h)
[ OK ] S_func_8016E95C: 3 members [ov_SC03_126,ov_SC04_021,ov_SC05_019] share h_exact 11c325bad770… (source src/shared/ov/func_8016E95C__11c325ba.h)
[ OK ] S_func_80158BB0: 3 members [ov_SC03_126,ov_SC04_021,ov_SC05_019] share h_exact 5d09eea94f3e… (source src/shared/ov/func_80158BB0__5d09eea9.h)
[ OK ] S_func_8017E308: 3 members [ov_SC04_000,ov_SC04_004,ov_SC04_007] share h_exact 25fcacaae1e9… (source src/shared/ov/func_8017E308.h)
[ OK ] S_func_8016F1C4: 3 members [ov_SC03_126,ov_SC04_021,ov_SC05_019] share h_exact ba8761c6c712… (source src/shared/ov/func_8016F1C4__ba8761c6.h)
[ OK ] S_func_8012DE2C: 3 members [ov_SC03_126,ov_SC04_021,ov_SC05_019] share h_exact d811cfb518ff… (source src/shared/ov/func_8012DE2C__d811cfb5.h)
[ OK ] S_func_80142E38: 3 members [ov_SC03_126,ov_SC04_021,ov_SC05_019] share h_exact 05b8b1d1ef1f… (source src/shared/ov/func_80142E38__05b8b1d1.h)
[ OK ] S_func_801734BC: 3 members [ov_SC03_126,ov_SC04_021,ov_SC05_019] share h_exact 0a1baba1faf1… (source src/shared/ov/func_801734BC__0a1baba1.h)
[ OK ] S_func_8012DDA4: 3 members [ov_SC03_126,ov_SC04_021,ov_SC05_019] share h_exact 0f69dd9da65a… (source src/shared/ov/func_8012DDA4__0f69dd9d.h)
[ OK ] S_func_801602A4: 3 members [ov_SC03_126,ov_SC04_021,ov_SC05_019] share h_exact b32c84554529… (source src/shared/ov/func_801602A4__b32c8455.h)
[ OK ] S_func_801651B8: 3 members [ov_SC03_126,ov_SC04_021,ov_SC05_019] share h_exact b905c7517090… (source src/shared/ov/func_801651B8__b905c751.h)
[ OK ] S_func_80159464: 3 members [ov_SC03_126,ov_SC04_021,ov_SC05_019] share h_exact 08b70f0de21f… (source src/shared/ov/func_80159464__08b70f0d.h)
[ OK ] S_func_80141874: 3 members [ov_SC03_126,ov_SC04_021,ov_SC05_019] share h_exact 1ec890ca38c6… (source src/shared/ov/func_80141874__1ec890ca.h)
[ OK ] S_func_80168430: 3 members [ov_SC03_126,ov_SC04_021,ov_SC05_019] share h_exact 64c1a81ea333… (source src/shared/ov/func_80168430__64c1a81e.h)
[ OK ] S_func_8013F138: 3 members [ov_SC03_126,ov_SC04_021,ov_SC05_019] share h_exact 67cef5a4c1a8… (source src/shared/ov/func_8013F138__67cef5a4.h)
[ OK ] S_func_80153D7C: 3 members [ov_SC03_126,ov_SC04_021,ov_SC05_019] share h_exact ab751e1b08ce… (source src/shared/ov/func_80153D7C__ab751e1b.h)
[ OK ] S_func_80162870: 3 members [ov_SC03_126,ov_SC04_021,ov_SC05_019] share h_exact de1c9bc57b28… (source src/shared/ov/func_80162870__de1c9bc5.h)
[ OK ] S_func_80161D88: 3 members [ov_SC03_126,ov_SC04_021,ov_SC05_019] share h_exact 41d070a31535… (source src/shared/ov/func_80161D88__41d070a3.h)
[ OK ] S_func_8015F9A4: 3 members [ov_SC03_126,ov_SC04_021,ov_SC05_019] share h_exact 76dde5918ce7… (source src/shared/ov/func_8015F9A4__76dde591.h)
[ OK ] S_func_8017EACC: 3 members [ov_SC03_126,ov_SC04_021,ov_SC05_019] share h_exact 9814f7d7adbe… (source src/shared/ov/func_8017EACC__9814f7d7.h)
[ OK ] S_func_80158038: 3 members [ov_SC03_126,ov_SC04_021,ov_SC05_019] share h_exact 2062f4e00e5c… (source src/shared/ov/func_80158038__2062f4e0.h)
[ OK ] S_func_8015E698: 3 members [ov_SC03_126,ov_SC04_021,ov_SC05_019] share h_exact 33c63185a309… (source src/shared/ov/func_8015E698__33c63185.h)
[ OK ] S_func_801549F8: 3 members [ov_SC03_126,ov_SC04_021,ov_SC05_019] share h_exact 44f58f33cde7… (source src/shared/ov/func_801549F8__44f58f33.h)
[ OK ] S_func_8017EB4C: 3 members [ov_SC03_126,ov_SC04_021,ov_SC05_019] share h_exact 47aa02d85291… (source src/shared/ov/func_8017EB4C__47aa02d8.h)
[ OK ] S_func_8016EAC0: 3 members [ov_SC03_126,ov_SC04_021,ov_SC05_019] share h_exact 8bfcb8456520… (source src/shared/ov/func_8016EAC0__8bfcb845.h)
[ OK ] S_func_8017B7A8: 3 members [ov_SC03_126,ov_SC04_021,ov_SC05_019] share h_exact ce4e45fe44e5… (source src/shared/ov/func_8017B7A8__ce4e45fe.h)
[ OK ] S_func_80165140: 3 members [ov_SC03_126,ov_SC04_021,ov_SC05_019] share h_exact 2718b2e55d15… (source src/shared/ov/func_80165140__2718b2e5.h)
[ OK ] S_func_80178840: 3 members [ov_SC03_126,ov_SC04_021,ov_SC05_019] share h_exact 8d2d864bb1ce… (source src/shared/ov/func_80178840__8d2d864b.h)
[ OK ] S_func_80157808: 3 members [ov_SC03_126,ov_SC04_021,ov_SC05_019] share h_exact 9833c197c16a… (source src/shared/ov/func_80157808__9833c197.h)
[ OK ] S_func_8015879C: 3 members [ov_SC03_126,ov_SC04_021,ov_SC05_019] share h_exact b6505b9b0e7b… (source src/shared/ov/func_8015879C__b6505b9b.h)
[ OK ] S_func_80161C24: 3 members [ov_SC03_126,ov_SC04_021,ov_SC05_019] share h_exact 38230eb98f72… (source src/shared/ov/func_80161C24__38230eb9.h)
[ OK ] S_func_80173220: 3 members [ov_SC03_126,ov_SC04_021,ov_SC05_019] share h_exact c174c0561d42… (source src/shared/ov/func_80173220__c174c056.h)
[ OK ] S_func_80142DC4: 3 members [ov_SC03_126,ov_SC04_021,ov_SC05_019] share h_exact ca35546523cd… (source src/shared/ov/func_80142DC4__ca355465.h)
[ OK ] S_func_80150B28: 3 members [ov_SC03_126,ov_SC04_021,ov_SC05_019] share h_exact f539b4e69d8c… (source src/shared/ov/func_80150B28__f539b4e6.h)
[ OK ] S_func_801312D0: 3 members [ov_SC03_126,ov_SC04_021,ov_SC05_019] share h_exact 386a9228c08b… (source src/shared/ov/func_801312D0__386a9228.h)
[ OK ] S_func_80136C90: 3 members [ov_SC03_126,ov_SC04_021,ov_SC05_019] share h_exact 69b2badcebf4… (source src/shared/ov/func_80136C90__69b2badc.h)
[ OK ] S_func_801609B8: 3 members [ov_SC03_126,ov_SC04_021,ov_SC05_019] share h_exact 7e8f42870df6… (source src/shared/ov/func_801609B8__7e8f4287.h)
[ OK ] S_func_8017E298: 3 members [ov_SC04_000,ov_SC04_004,ov_SC04_007] share h_exact 8909e8bda69a… (source src/shared/ov/func_8017E298__8909e8bd.h)
[ OK ] S_func_80142A10: 3 members [ov_SC03_126,ov_SC04_021,ov_SC05_019] share h_exact aae79a19884b… (source src/shared/ov/func_80142A10__aae79a19.h)
[ OK ] S_func_8017C454: 3 members [ov_SC03_010,ov_SC03_011,ov_SC03_013] share h_exact eb57b5e48460… (source src/shared/ov/func_8017C454.h)
[ OK ] S_func_8015D414: 3 members [ov_SC03_126,ov_SC04_021,ov_SC05_019] share h_exact 15eb5ba24493… (source src/shared/ov/func_8015D414__15eb5ba2.h)
[ OK ] S_func_8017F1B8: 3 members [ov_SC03_126,ov_SC04_021,ov_SC05_019] share h_exact 3f7d4016a277… (source src/shared/ov/func_8017F1B8__3f7d4016.h)
[ OK ] S_func_80156A1C: 3 members [ov_SC03_126,ov_SC04_021,ov_SC05_019] share h_exact 6c509a1cb0bd… (source src/shared/ov/func_80156A1C__6c509a1c.h)
[ OK ] S_func_8013221C: 3 members [ov_SC03_126,ov_SC04_021,ov_SC05_019] share h_exact 6e5d0a2dd55b… (source src/shared/ov/func_8013221C__6e5d0a2d.h)
[ OK ] S_func_8014FA04: 3 members [ov_SC03_126,ov_SC04_021,ov_SC05_019] share h_exact 6f7b9fcbe2c8… (source src/shared/ov/func_8014FA04__6f7b9fcb.h)
[ OK ] S_func_80174BF4: 3 members [ov_SC03_126,ov_SC04_021,ov_SC05_019] share h_exact 7354cf5d747e… (source src/shared/ov/func_80174BF4__7354cf5d.h)
[ OK ] S_func_801622C4: 3 members [ov_SC03_126,ov_SC04_021,ov_SC05_019] share h_exact 994a73775faf… (source src/shared/ov/func_801622C4__994a7377.h)
[ OK ] S_func_801320D8: 3 members [ov_SC03_126,ov_SC04_021,ov_SC05_019] share h_exact 99a35ab417f7… (source src/shared/ov/func_801320D8__99a35ab4.h)
[ OK ] S_func_8016EB3C: 3 members [ov_SC03_126,ov_SC04_021,ov_SC05_019] share h_exact a0fff8a55f92… (source src/shared/ov/func_8016EB3C__a0fff8a5.h)
[ OK ] S_func_80158814: 3 members [ov_SC03_126,ov_SC04_021,ov_SC05_019] share h_exact b665efef3814… (source src/shared/ov/func_80158814__b665efef.h)
[ OK ] S_func_801442F8: 3 members [ov_SC03_126,ov_SC04_021,ov_SC05_019] share h_exact bf05b1dc031e… (source src/shared/ov/func_801442F8__bf05b1dc.h)
[ OK ] S_func_801321B0: 3 members [ov_SC03_126,ov_SC04_021,ov_SC05_019] share h_exact c34d9d19423f… (source src/shared/ov/func_801321B0__c34d9d19.h)
[ OK ] S_func_80132144: 3 members [ov_SC03_126,ov_SC04_021,ov_SC05_019] share h_exact e8e9c8db9f6f… (source src/shared/ov/func_80132144__e8e9c8db.h)
[ OK ] S_func_8017BC38: 3 members [ov_SC03_126,ov_SC04_021,ov_SC05_019] share h_exact 6ac69b9e3232… (source src/shared/ov/func_8017BC38__6ac69b9e.h)
[ OK ] S_func_80153CCC: 3 members [ov_SC03_126,ov_SC04_021,ov_SC05_019] share h_exact 6f825b34f8a5… (source src/shared/ov/func_80153CCC__6f825b34.h)
[ OK ] S_func_8017EA10: 3 members [ov_SC03_126,ov_SC04_021,ov_SC05_019] share h_exact a44969fc8e17… (source src/shared/ov/func_8017EA10__a44969fc.h)
[ OK ] S_func_8017B880: 3 members [ov_SC03_126,ov_SC04_021,ov_SC05_019] share h_exact dfc7ba70a91a… (source src/shared/ov/func_8017B880__dfc7ba70.h)
[ OK ] S_func_80128CFC: 3 members [ov_SC03_126,ov_SC04_021,ov_SC05_019] share h_exact 120c5b532eb0… (source src/shared/ov/func_80128CFC__120c5b53.h)
[ OK ] S_func_80165E2C: 3 members [ov_SC03_126,ov_SC04_021,ov_SC05_019] share h_exact 1f54f8025fd7… (source src/shared/ov/func_80165E2C__1f54f802.h)
[ OK ] S_func_80128FAC: 3 members [ov_SC03_126,ov_SC04_021,ov_SC05_019] share h_exact 205d953edfa0… (source src/shared/ov/func_80128FAC__205d953e.h)
[ OK ] S_func_80128C98: 3 members [ov_SC03_126,ov_SC04_021,ov_SC05_019] share h_exact 363b5a0e905c… (source src/shared/ov/func_80128C98__363b5a0e.h)
[ OK ] S_func_80165580: 3 members [ov_SC03_126,ov_SC04_021,ov_SC05_019] share h_exact 7088316d93f5… (source src/shared/ov/func_80165580__7088316d.h)
[ OK ] S_func_8017CDF4: 3 members [ov_SC02_000,ov_SC02_003,ov_SC03_092] share h_exact 8ccdd4a3554b… (source src/shared/ov/func_8017CDF4__8ccdd4a3.h)
[ OK ] S_func_8012ACE0: 3 members [ov_SC03_126,ov_SC04_021,ov_SC05_019] share h_exact 97e255d8d2e2… (source src/shared/ov/func_8012ACE0__97e255d8.h)
[ OK ] S_func_8015EE7C: 3 members [ov_SC03_126,ov_SC04_021,ov_SC05_019] share h_exact b34f471cadfd… (source src/shared/ov/func_8015EE7C__b34f471c.h)
[ OK ] S_func_80164E40: 3 members [ov_SC03_126,ov_SC04_021,ov_SC05_019] share h_exact b458f4a1cfef… (source src/shared/ov/func_80164E40__b458f4a1.h)
[ OK ] S_func_80164EE0: 3 members [ov_SC03_126,ov_SC04_021,ov_SC05_019] share h_exact b63469745ce2… (source src/shared/ov/func_80164EE0__b6346974.h)
[ OK ] S_func_8017C4C4: 3 members [ov_SC03_010,ov_SC03_011,ov_SC03_013] share h_exact e099fe9e2403… (source src/shared/ov/func_8017C4C4.h)
[ OK ] S_func_8016EBA8: 3 members [ov_SC03_126,ov_SC04_021,ov_SC05_019] share h_exact e2a191084585… (source src/shared/ov/func_8016EBA8__e2a19108.h)
[ OK ] S_func_80178438: 3 members [ov_SC03_126,ov_SC04_021,ov_SC05_019] share h_exact f456cbc9a3e2… (source src/shared/ov/func_80178438__f456cbc9.h)
[ OK ] S_func_80155458: 3 members [ov_SC03_126,ov_SC04_021,ov_SC05_019] share h_exact 1cc8391b979e… (source src/shared/ov/func_80155458__1cc8391b.h)
[ OK ] S_func_80161034: 3 members [ov_SC03_126,ov_SC04_021,ov_SC05_019] share h_exact 317ceab4ee10… (source src/shared/ov/func_80161034__317ceab4.h)
[ OK ] S_func_8017B1D8: 3 members [ov_SC03_126,ov_SC04_021,ov_SC05_019] share h_exact 5e0dca108e19… (source src/shared/ov/func_8017B1D8__5e0dca10.h)
[ OK ] S_func_80164744: 3 members [ov_SC03_126,ov_SC04_021,ov_SC05_019] share h_exact 75842b8ac9fa… (source src/shared/ov/func_80164744__75842b8a.h)
[ OK ] S_func_8013BC7C: 3 members [ov_SC03_126,ov_SC04_021,ov_SC05_019] share h_exact 8042ae05eea5… (source src/shared/ov/func_8013BC7C__8042ae05.h)
[ OK ] S_func_8016216C: 3 members [ov_SC03_126,ov_SC04_021,ov_SC05_019] share h_exact 8fca1d4635ea… (source src/shared/ov/func_8016216C__8fca1d46.h)
[ OK ] S_func_80162760: 3 members [ov_SC03_126,ov_SC04_021,ov_SC05_019] share h_exact e8f6604db0a5… (source src/shared/ov/func_80162760__e8f6604d.h)
[ OK ] S_func_8017ED0C: 3 members [ov_SC03_126,ov_SC04_021,ov_SC05_019] share h_exact 1c4ee29dc186… (source src/shared/ov/func_8017ED0C__1c4ee29d.h)
[ OK ] S_func_8017BCF4: 3 members [ov_SC03_126,ov_SC04_021,ov_SC05_019] share h_exact 4979313f9fb7… (source src/shared/ov/func_8017BCF4__4979313f.h)
[ OK ] S_func_8017B824: 3 members [ov_SC03_126,ov_SC04_021,ov_SC05_019] share h_exact 55afc7998c47… (source src/shared/ov/func_8017B824__55afc799.h)
[ OK ] S_func_801634D8: 3 members [ov_SC03_126,ov_SC04_021,ov_SC05_019] share h_exact 644087e94bfb… (source src/shared/ov/func_801634D8__644087e9.h)
[ OK ] S_func_8017DC7C: 3 members [ov_SC04_000,ov_SC04_004,ov_SC04_007] share h_exact 674c410afd09… (source src/shared/ov/func_8017DC7C__674c410a.h)
[ OK ] S_func_8017E5AC: 3 members [ov_SC04_000,ov_SC04_004,ov_SC04_007] share h_exact b35f08b0ada6… (source src/shared/ov/func_8017E5AC__b35f08b0.h)
[ OK ] S_func_80178CBC: 3 members [ov_SC03_126,ov_SC04_021,ov_SC05_019] share h_exact f4633b886536… (source src/shared/ov/func_80178CBC__f4633b88.h)
[ OK ] S_func_8015FD74: 3 members [ov_SC03_126,ov_SC04_021,ov_SC05_019] share h_exact 012cd6bc39da… (source src/shared/ov/func_8015FD74__012cd6bc.h)
[ OK ] S_func_8014D738: 3 members [ov_SC03_126,ov_SC04_021,ov_SC05_019] share h_exact 023a6d30beb6… (source src/shared/ov/func_8014D738__023a6d30.h)
[ OK ] S_func_80137B80: 3 members [ov_SC03_126,ov_SC04_021,ov_SC05_019] share h_exact 1073b1607cea… (source src/shared/ov/func_80137B80__1073b160.h)
[ OK ] S_func_8014E434: 3 members [ov_SC03_126,ov_SC04_021,ov_SC05_019] share h_exact 1a41a9cf7e9d… (source src/shared/ov/func_8014E434__1a41a9cf.h)
[ OK ] S_func_8014FBC0: 3 members [ov_SC03_126,ov_SC04_021,ov_SC05_019] share h_exact 37bdabb3ac10… (source src/shared/ov/func_8014FBC0__37bdabb3.h)
[ OK ] S_func_8014E934: 3 members [ov_SC03_126,ov_SC04_021,ov_SC05_019] share h_exact 4b5aecb9bfb4… (source src/shared/ov/func_8014E934__4b5aecb9.h)
[ OK ] S_func_8017B8E8: 3 members [ov_SC03_126,ov_SC04_021,ov_SC05_019] share h_exact 4c4ff5152a96… (source src/shared/ov/func_8017B8E8__4c4ff515.h)
[ OK ] S_func_80128940: 3 members [ov_SC03_126,ov_SC04_021,ov_SC05_019] share h_exact 6a0ce359d00f… (source src/shared/ov/func_80128940__6a0ce359.h)
[ OK ] S_func_8014F1F4: 3 members [ov_SC03_126,ov_SC04_021,ov_SC05_019] share h_exact 7ce404cb07e7… (source src/shared/ov/func_8014F1F4__7ce404cb.h)
[ OK ] S_func_8014FCFC: 3 members [ov_SC03_126,ov_SC04_021,ov_SC05_019] share h_exact 853c5baf62b2… (source src/shared/ov/func_8014FCFC__853c5baf.h)
[ OK ] S_func_8014CCB4: 3 members [ov_SC03_126,ov_SC04_021,ov_SC05_019] share h_exact 8d2dda228a40… (source src/shared/ov/func_8014CCB4__8d2dda22.h)
[ OK ] S_func_8014F6F4: 3 members [ov_SC03_126,ov_SC04_021,ov_SC05_019] share h_exact 923dc24dc179… (source src/shared/ov/func_8014F6F4__923dc24d.h)
[ OK ] S_func_8014E6A0: 3 members [ov_SC03_126,ov_SC04_021,ov_SC05_019] share h_exact 9b3e0b9cff71… (source src/shared/ov/func_8014E6A0__9b3e0b9c.h)
[ OK ] S_func_80128998: 3 members [ov_SC03_126,ov_SC04_021,ov_SC05_019] share h_exact cd2af4142dbd… (source src/shared/ov/func_80128998__cd2af414.h)
[ OK ] S_func_8014ED28: 3 members [ov_SC03_126,ov_SC04_021,ov_SC05_019] share h_exact d124f56e06e7… (source src/shared/ov/func_8014ED28__d124f56e.h)
[ OK ] S_func_801288E8: 3 members [ov_SC03_126,ov_SC04_021,ov_SC05_019] share h_exact d532bf22ccfc… (source src/shared/ov/func_801288E8__d532bf22.h)
[ OK ] S_func_80178B18: 3 members [ov_SC03_126,ov_SC04_021,ov_SC05_019] share h_exact dad7e1389d2f… (source src/shared/ov/func_80178B18__dad7e138.h)
[ OK ] S_func_80150480: 3 members [ov_SC03_126,ov_SC04_021,ov_SC05_019] share h_exact de1033f96237… (source src/shared/ov/func_80150480__de1033f9.h)
[ OK ] S_func_8014D04C: 3 members [ov_SC03_126,ov_SC04_021,ov_SC05_019] share h_exact f6add6d77b79… (source src/shared/ov/func_8014D04C__f6add6d7.h)
[ OK ] S_func_8014D3E0: 3 members [ov_SC03_126,ov_SC04_021,ov_SC05_019] share h_exact fb5af043e059… (source src/shared/ov/func_8014D3E0__fb5af043.h)
[ OK ] S_func_8014DF3C: 3 members [ov_SC03_126,ov_SC04_021,ov_SC05_019] share h_exact fbb470988998… (source src/shared/ov/func_8014DF3C__fbb47098.h)
[ OK ] S_func_8014F468: 3 members [ov_SC03_126,ov_SC04_021,ov_SC05_019] share h_exact fc2209a3f570… (source src/shared/ov/func_8014F468__fc2209a3.h)
[ OK ] S_func_8013BCDC: 3 members [ov_SC03_126,ov_SC04_021,ov_SC05_019] share h_exact fe41fd229765… (source src/shared/ov/func_8013BCDC__fe41fd22.h)
[ OK ] S_func_801550FC: 3 members [ov_SC03_126,ov_SC04_021,ov_SC05_019] share h_exact 1a1b2a6c37ad… (source src/shared/ov/func_801550FC__1a1b2a6c.h)
[ OK ] S_func_8017BCA0: 3 members [ov_SC03_126,ov_SC04_021,ov_SC05_019] share h_exact 62e61bf83eb8… (source src/shared/ov/func_8017BCA0__62e61bf8.h)
[ OK ] S_func_8017E468: 3 members [ov_SC04_000,ov_SC04_004,ov_SC04_007] share h_exact 8a1505fe1f1a… (source src/shared/ov/func_8017E468.h)
[ OK ] S_func_80157D20: 3 members [ov_SC03_126,ov_SC04_021,ov_SC05_019] share h_exact 99380536a9b9… (source src/shared/ov/func_80157D20__99380536.h)
[ OK ] S_func_80175184: 3 members [ov_SC03_126,ov_SC04_021,ov_SC05_019] share h_exact 9e8f8891b91b… (source src/shared/ov/func_80175184__9e8f8891.h)
[ OK ] S_func_80163408: 3 members [ov_SC03_126,ov_SC04_021,ov_SC05_019] share h_exact aae3aabe97a7… (source src/shared/ov/func_80163408__aae3aabe.h)
[ OK ] S_func_8017EA78: 3 members [ov_SC03_126,ov_SC04_021,ov_SC05_019] share h_exact afb313680415… (source src/shared/ov/func_8017EA78__afb31368.h)
[ OK ] S_func_80175268: 3 members [ov_SC03_126,ov_SC04_021,ov_SC05_019] share h_exact bbb0b733f858… (source src/shared/ov/func_80175268__bbb0b733.h)
[ OK ] S_func_8017553C: 3 members [ov_SC03_126,ov_SC04_021,ov_SC05_019] share h_exact c9b58b978590… (source src/shared/ov/func_8017553C__c9b58b97.h)
[ OK ] S_func_8012F8C8: 3 members [ov_SC03_126,ov_SC04_021,ov_SC05_019] share h_exact cf6e95986791… (source src/shared/ov/func_8012F8C8__cf6e9598.h)
[ OK ] S_func_801336E8: 3 members [ov_SC03_126,ov_SC04_021,ov_SC05_019] share h_exact d1d2a178f9f0… (source src/shared/ov/func_801336E8__d1d2a178.h)
[ OK ] S_func_8017DB60: 3 members [ov_SC04_000,ov_SC04_004,ov_SC04_007] share h_exact dcca8f8fe3c5… (source src/shared/ov/func_8017DB60__dcca8f8f.h)
[ OK ] S_func_80175690: 3 members [ov_SC03_126,ov_SC04_021,ov_SC05_019] share h_exact e44e4f8a0741… (source src/shared/ov/func_80175690__e44e4f8a.h)
[ OK ] S_func_8012F828: 3 members [ov_SC03_126,ov_SC04_021,ov_SC05_019] share h_exact e4c10af423d2… (source src/shared/ov/func_8012F828__e4c10af4.h)
[ OK ] S_func_8016B9F8: 3 members [ov_SC03_126,ov_SC04_021,ov_SC05_019] share h_exact 32a9602d62fa… (source src/shared/ov/func_8016B9F8__32a9602d.h)
[ OK ] S_func_8013C9C4: 3 members [ov_SC03_126,ov_SC04_021,ov_SC05_019] share h_exact 564fe0e7087a… (source src/shared/ov/func_8013C9C4__564fe0e7.h)
[ OK ] S_func_80161CD0: 3 members [ov_SC03_126,ov_SC04_021,ov_SC05_019] share h_exact 591d568e24f2… (source src/shared/ov/func_80161CD0__591d568e.h)
[ OK ] S_func_80138BE0: 3 members [ov_SC03_126,ov_SC04_021,ov_SC05_019] share h_exact 70b099373e77… (source src/shared/ov/func_80138BE0__70b09937.h)
[ OK ] S_func_80175218: 3 members [ov_SC03_126,ov_SC04_021,ov_SC05_019] share h_exact 8361e4e99a5b… (source src/shared/ov/func_80175218__8361e4e9.h)
[ OK ] S_func_8017C5D8: 3 members [ov_SC03_010,ov_SC03_011,ov_SC03_013] share h_exact d13767962476… (source src/shared/ov/func_8017C5D8.h)
[ OK ] S_func_801429C4: 3 members [ov_SC03_126,ov_SC04_021,ov_SC05_019] share h_exact 238a10f3a993… (source src/shared/ov/func_801429C4__238a10f3.h)
[ OK ] S_func_80158880: 3 members [ov_SC03_126,ov_SC04_021,ov_SC05_019] share h_exact 36bef1e660f2… (source src/shared/ov/func_80158880__36bef1e6.h)
[ OK ] S_func_8012DB84: 3 members [ov_SC03_126,ov_SC04_021,ov_SC05_019] share h_exact 6770f3d35074… (source src/shared/ov/func_8012DB84__6770f3d3.h)
[ OK ] S_func_801427EC: 3 members [ov_SC03_126,ov_SC04_021,ov_SC05_019] share h_exact 6ae2de7b84a7… (source src/shared/ov/func_801427EC__6ae2de7b.h)
[ OK ] S_func_8016DA30: 3 members [ov_SC03_126,ov_SC04_021,ov_SC05_019] share h_exact 6b8ab40f336f… (source src/shared/ov/func_8016DA30__6b8ab40f.h)
[ OK ] S_func_801627E8: 3 members [ov_SC03_126,ov_SC04_021,ov_SC05_019] share h_exact a12736256571… (source src/shared/ov/func_801627E8__a1273625.h)
[ OK ] S_func_8017DEC4: 3 members [ov_SC04_000,ov_SC04_004,ov_SC04_007] share h_exact b128b8251b1f… (source src/shared/ov/func_8017DEC4__b128b825.h)
[ OK ] S_func_8014292C: 3 members [ov_SC03_126,ov_SC04_021,ov_SC05_019] share h_exact bd8b770d96d9… (source src/shared/ov/func_8014292C__bd8b770d.h)
[ OK ] S_func_80142978: 3 members [ov_SC03_126,ov_SC04_021,ov_SC05_019] share h_exact e39f0f55b3a6… (source src/shared/ov/func_80142978__e39f0f55.h)
[ OK ] S_func_8017C670: 3 members [ov_SC03_010,ov_SC03_011,ov_SC03_013] share h_exact 16df3c7242a6… (source src/shared/ov/func_8017C670.h)
[ OK ] S_func_8013B7AC: 3 members [ov_SC03_126,ov_SC04_021,ov_SC05_019] share h_exact 24e7c5e2090f… (source src/shared/ov/func_8013B7AC__24e7c5e2.h)
[ OK ] S_func_800CAE88: 3 members [md_MAIN_033,md_MAIN_038,md_MAIN_040] share h_exact 3436020821ba… (source src/shared/slot_800CAE08/func_800CAE88__34360208.h)
[ OK ] S_func_8015AC48: 3 members [ov_SC03_126,ov_SC04_021,ov_SC05_019] share h_exact 55ac6c0c661c… (source src/shared/ov/func_8015AC48__55ac6c0c.h)
[ OK ] S_func_8013373C: 3 members [ov_SC03_126,ov_SC04_021,ov_SC05_019] share h_exact b30912db0eba… (source src/shared/ov/func_8013373C__b30912db.h)
[ OK ] S_func_80178B70: 3 members [ov_SC03_126,ov_SC04_021,ov_SC05_019] share h_exact bfd16ca269e8… (source src/shared/ov/func_80178B70__bfd16ca2.h)
[ OK ] S_func_8017E508: 3 members [ov_SC03_126,ov_SC04_021,ov_SC05_019] share h_exact faba0e02e294… (source src/shared/ov/func_8017E508__faba0e02.h)
[ OK ] S_func_8013B7F4: 3 members [ov_SC03_126,ov_SC04_021,ov_SC05_019] share h_exact ffdb030b6d97… (source src/shared/ov/func_8013B7F4__ffdb030b.h)
[ OK ] S_func_8017E9CC: 3 members [ov_SC03_126,ov_SC04_021,ov_SC05_019] share h_exact 40fe1227222d… (source src/shared/ov/func_8017E9CC__40fe1227.h)
[ OK ] S_func_80141C0C: 3 members [ov_SC03_126,ov_SC04_021,ov_SC05_019] share h_exact 578d37f1a7ec… (source src/shared/ov/func_80141C0C__578d37f1.h)
[ OK ] S_func_8017CDD8: 3 members [ov_SC03_114,ov_SC04_016,ov_SC05_011] share h_exact 621488d222c6… (source src/shared/ov/func_8017CDD8__621488d2.h)
[ OK ] S_func_80128288: 3 members [ov_SC03_126,ov_SC04_021,ov_SC05_019] share h_exact 804a056f4257… (source src/shared/ov/func_80128288__804a056f.h)
[ OK ] S_func_8017E4A0: 3 members [ov_SC03_126,ov_SC04_021,ov_SC05_019] share h_exact ac5217e1a325… (source src/shared/ov/func_8017E4A0__ac5217e1.h)
[ OK ] S_func_80165B28: 3 members [ov_SC03_126,ov_SC04_021,ov_SC05_019] share h_exact c7b72cf4d9ac… (source src/shared/ov/func_80165B28__c7b72cf4.h)
[ OK ] S_func_8012ACA0: 3 members [ov_SC03_126,ov_SC04_021,ov_SC05_019] share h_exact 1d7a3eb2884d… (source src/shared/ov/func_8012ACA0__1d7a3eb2.h)
[ OK ] S_func_8017CE7C: 3 members [ov_SC03_114,ov_SC04_016,ov_SC05_011] share h_exact 3970a19eb104… (source src/shared/ov/func_8017CE7C__3970a19e.h)
[ OK ] S_func_8013BD34: 3 members [ov_SC03_126,ov_SC04_021,ov_SC05_019] share h_exact 84edcb751ba7… (source src/shared/ov/func_8013BD34__84edcb75.h)
[ OK ] S_func_80157788: 3 members [ov_SC03_126,ov_SC04_021,ov_SC05_019] share h_exact 8503ac1512e0… (source src/shared/ov/func_80157788__8503ac15.h)
[ OK ] S_func_8017E98C: 3 members [ov_SC03_126,ov_SC04_021,ov_SC05_019] share h_exact 94ae7b9b7df7… (source src/shared/ov/func_8017E98C__94ae7b9b.h)
[ OK ] S_func_80146360: 3 members [ov_SC03_126,ov_SC04_021,ov_SC05_019] share h_exact a68491b7928d… (source src/shared/ov/func_80146360__a68491b7.h)
[ OK ] S_func_801577C8: 3 members [ov_SC03_126,ov_SC04_021,ov_SC05_019] share h_exact e5eaf64b4c60… (source src/shared/ov/func_801577C8__e5eaf64b.h)
[ OK ] S_func_80165AC8: 3 members [ov_SC03_126,ov_SC04_021,ov_SC05_019] share h_exact f1ffda7fdb02… (source src/shared/ov/func_80165AC8__f1ffda7f.h)
[ OK ] S_func_8015AD3C: 3 members [ov_SC03_126,ov_SC04_021,ov_SC05_019] share h_exact 01c9d8845d55… (source src/shared/ov/func_8015AD3C__01c9d884.h)
[ OK ] S_func_80171064: 3 members [ov_SC03_126,ov_SC04_021,ov_SC05_019] share h_exact 050fa19eaaf4… (source src/shared/ov/func_80171064__050fa19e.h)
[ OK ] S_func_80169830: 3 members [ov_SC03_126,ov_SC04_021,ov_SC05_019] share h_exact 0644614e74c1… (source src/shared/ov/func_80169830__0644614e.h)
[ OK ] S_func_801659DC: 3 members [ov_SC03_126,ov_SC04_021,ov_SC05_019] share h_exact 0d9631e71f0b… (source src/shared/ov/func_801659DC__0d9631e7.h)
[ OK ] S_func_8017A144: 3 members [ov_SC03_126,ov_SC04_021,ov_SC05_019] share h_exact 0f22dcf12c7b… (source src/shared/ov/func_8017A144__0f22dcf1.h)
[ OK ] S_func_80170240: 3 members [ov_SC03_126,ov_SC04_021,ov_SC05_019] share h_exact 1143a599acc8… (source src/shared/ov/func_80170240__1143a599.h)
[ OK ] S_func_80153320: 3 members [ov_SC03_126,ov_SC04_021,ov_SC05_019] share h_exact 137368b3839c… (source src/shared/ov/func_80153320__137368b3.h)
[ OK ] S_func_801714E4: 3 members [ov_SC03_126,ov_SC04_021,ov_SC05_019] share h_exact 149dcf17de63… (source src/shared/ov/func_801714E4__149dcf17.h)
[ OK ] S_func_80144054: 3 members [ov_SC03_126,ov_SC04_021,ov_SC05_019] share h_exact 14e9cb5e4608… (source src/shared/ov/func_80144054__14e9cb5e.h)
[ OK ] S_func_801736FC: 3 members [ov_SC03_126,ov_SC04_021,ov_SC05_019] share h_exact 159477ea5976… (source src/shared/ov/func_801736FC__159477ea.h)
[ OK ] S_func_8013CB20: 3 members [ov_SC03_126,ov_SC04_021,ov_SC05_019] share h_exact 1985aa20871f… (source src/shared/ov/func_8013CB20__1985aa20.h)
[ OK ] S_func_801728E4: 3 members [ov_SC03_126,ov_SC04_021,ov_SC05_019] share h_exact 1bb116b88e4c… (source src/shared/ov/func_801728E4__1bb116b8.h)
[ OK ] S_func_8017E740: 3 members [ov_SC03_126,ov_SC04_021,ov_SC05_019] share h_exact 220a275fded4… (source src/shared/ov/func_8017E740__220a275f.h)
[ OK ] S_func_80170BD8: 3 members [ov_SC03_126,ov_SC04_021,ov_SC05_019] share h_exact 24d5e16921c6… (source src/shared/ov/func_80170BD8__24d5e169.h)
[ OK ] S_func_80159968: 3 members [ov_SC03_126,ov_SC04_021,ov_SC05_019] share h_exact 257eb65af261… (source src/shared/ov/func_80159968__257eb65a.h)
[ OK ] S_func_80131FDC: 3 members [ov_SC03_126,ov_SC04_021,ov_SC05_019] share h_exact 2799831e9e16… (source src/shared/ov/func_80131FDC__2799831e.h)
[ OK ] S_func_80159698: 3 members [ov_SC03_126,ov_SC04_021,ov_SC05_019] share h_exact 2a780a0266fd… (source src/shared/ov/func_80159698__2a780a02.h)
[ OK ] S_func_8015282C: 3 members [ov_SC03_126,ov_SC04_021,ov_SC05_019] share h_exact 2a8c46207c28… (source src/shared/ov/func_8015282C__2a8c4620.h)
[ OK ] S_func_80170D68: 3 members [ov_SC03_126,ov_SC04_021,ov_SC05_019] share h_exact 2b92b869a6be… (source src/shared/ov/func_80170D68__2b92b869.h)
[ OK ] S_func_8016F798: 3 members [ov_SC03_126,ov_SC04_021,ov_SC05_019] share h_exact 36d614514b00… (source src/shared/ov/func_8016F798__36d61451.h)
[ OK ] S_func_8017E950: 3 members [ov_SC03_126,ov_SC04_021,ov_SC05_019] share h_exact 396515d9a562… (source src/shared/ov/func_8017E950__396515d9.h)
[ OK ] S_func_8017E77C: 3 members [ov_SC03_126,ov_SC04_021,ov_SC05_019] share h_exact 3d6588dfc121… (source src/shared/ov/func_8017E77C__3d6588df.h)
[ OK ] S_func_8017E6C8: 3 members [ov_SC03_126,ov_SC04_021,ov_SC05_019] share h_exact 3f9dbf7de3b9… (source src/shared/ov/func_8017E6C8__3f9dbf7d.h)
[ OK ] S_func_80178970: 3 members [ov_SC03_126,ov_SC04_021,ov_SC05_019] share h_exact 467e87477d84… (source src/shared/ov/func_80178970__467e8747.h)
[ OK ] S_func_801599A4: 3 members [ov_SC03_126,ov_SC04_021,ov_SC05_019] share h_exact 475fe4fa4e95… (source src/shared/ov/func_801599A4__475fe4fa.h)
[ OK ] S_func_80141788: 3 members [ov_SC03_126,ov_SC04_021,ov_SC05_019] share h_exact 48b23be8955e… (source src/shared/ov/func_80141788__48b23be8.h)
[ OK ] S_func_8016084C: 3 members [ov_SC03_126,ov_SC04_021,ov_SC05_019] share h_exact 4dd15e962614… (source src/shared/ov/func_8016084C__4dd15e96.h)
[ OK ] S_func_80170810: 3 members [ov_SC03_126,ov_SC04_021,ov_SC05_019] share h_exact 52b585d345e1… (source src/shared/ov/func_80170810__52b585d3.h)
[ OK ] S_func_801704B0: 3 members [ov_SC03_126,ov_SC04_021,ov_SC05_019] share h_exact 52d29ab44a06… (source src/shared/ov/func_801704B0__52d29ab4.h)
[ OK ] S_func_80136C54: 3 members [ov_SC03_126,ov_SC04_021,ov_SC05_019] share h_exact 5466cabff0b9… (source src/shared/ov/func_80136C54__5466cabf.h)
[ OK ] S_func_80168744: 3 members [ov_SC03_126,ov_SC04_021,ov_SC05_019] share h_exact 54ea2f8d0973… (source src/shared/ov/func_80168744__54ea2f8d.h)
[ OK ] S_func_80131F64: 3 members [ov_SC03_126,ov_SC04_021,ov_SC05_019] share h_exact 568e59f5ab32… (source src/shared/ov/func_80131F64__568e59f5.h)
[ OK ] S_func_801678B4: 3 members [ov_SC03_126,ov_SC04_021,ov_SC05_019] share h_exact 5889ab74fa43… (source src/shared/ov/func_801678B4__5889ab74.h)
[ OK ] S_func_8017BEBC: 3 members [ov_SC03_126,ov_SC04_021,ov_SC05_019] share h_exact 6696e1c49c29… (source src/shared/ov/func_8017BEBC__6696e1c4.h)
[ OK ] S_func_8016E5B8: 3 members [ov_SC03_126,ov_SC04_021,ov_SC05_019] share h_exact 68ad259ec3d6… (source src/shared/ov/func_8016E5B8__68ad259e.h)
[ OK ] S_func_801702FC: 3 members [ov_SC03_126,ov_SC04_021,ov_SC05_019] share h_exact 77d5055cdf11… (source src/shared/ov/func_801702FC__77d5055c.h)
[ OK ] S_func_801706AC: 3 members [ov_SC03_126,ov_SC04_021,ov_SC05_019] share h_exact 79a8e563bc9c… (source src/shared/ov/func_801706AC__79a8e563.h)
[ OK ] S_func_80170FB0: 3 members [ov_SC03_126,ov_SC04_021,ov_SC05_019] share h_exact 7a98e3d2b7de… (source src/shared/ov/func_80170FB0__7a98e3d2.h)
[ OK ] S_func_80172DAC: 3 members [ov_SC03_126,ov_SC04_021,ov_SC05_019] share h_exact 7e92097ce341… (source src/shared/ov/func_80172DAC__7e92097c.h)
[ OK ] S_func_801705F8: 3 members [ov_SC03_126,ov_SC04_021,ov_SC05_019] share h_exact 8006cf74b5bb… (source src/shared/ov/func_801705F8__8006cf74.h)
[ OK ] S_func_8016D19C: 3 members [ov_SC03_126,ov_SC04_021,ov_SC05_019] share h_exact 80eeafd33716… (source src/shared/ov/func_8016D19C__80eeafd3.h)
[ OK ] S_func_8016DF20: 3 members [ov_SC03_126,ov_SC04_021,ov_SC05_019] share h_exact 8406ce2cba7c… (source src/shared/ov/func_8016DF20__8406ce2c.h)
[ OK ] S_func_8017496C: 3 members [ov_SC03_126,ov_SC04_021,ov_SC05_019] share h_exact 8bdf58df3fef… (source src/shared/ov/func_8017496C__8bdf58df.h)
[ OK ] S_func_80170E34: 3 members [ov_SC03_126,ov_SC04_021,ov_SC05_019] share h_exact 8ceed0d09628… (source src/shared/ov/func_80170E34__8ceed0d0.h)
[ OK ] S_func_8017BE60: 3 members [ov_SC03_126,ov_SC04_021,ov_SC05_019] share h_exact 8f5c9ab3a4db… (source src/shared/ov/func_8017BE60__8f5c9ab3.h)
[ OK ] S_func_80174384: 3 members [ov_SC03_126,ov_SC04_021,ov_SC05_019] share h_exact 94ebf02f2c09… (source src/shared/ov/func_80174384__94ebf02f.h)
[ OK ] S_func_801711C0: 3 members [ov_SC03_126,ov_SC04_021,ov_SC05_019] share h_exact 96ec29afe6c7… (source src/shared/ov/func_801711C0__96ec29af.h)
[ OK ] S_func_80157FC4: 3 members [ov_SC03_126,ov_SC04_021,ov_SC05_019] share h_exact 98544ce3ed71… (source src/shared/ov/func_80157FC4__98544ce3.h)
[ OK ] S_func_80162330: 3 members [ov_SC03_126,ov_SC04_021,ov_SC05_019] share h_exact 9950e1fac406… (source src/shared/ov/func_80162330__9950e1fa.h)
[ OK ] S_func_8016C14C: 3 members [ov_SC03_126,ov_SC04_021,ov_SC05_019] share h_exact 9b2e0f09fd27… (source src/shared/ov/func_8016C14C__9b2e0f09.h)
[ OK ] S_func_8017EF10: 3 members [ov_SC03_126,ov_SC04_021,ov_SC05_019] share h_exact 9bd78543eea6… (source src/shared/ov/func_8017EF10__9bd78543.h)
[ OK ] S_func_80155580: 3 members [ov_SC03_126,ov_SC04_021,ov_SC05_019] share h_exact a09dcb13b518… (source src/shared/ov/func_80155580__a09dcb13.h)
[ OK ] S_func_80170748: 3 members [ov_SC03_126,ov_SC04_021,ov_SC05_019] share h_exact a39821a29553… (source src/shared/ov/func_80170748__a39821a2.h)
[ OK ] S_func_80171260: 3 members [ov_SC03_126,ov_SC04_021,ov_SC05_019] share h_exact a497d2768beb… (source src/shared/ov/func_80171260__a497d276.h)
[ OK ] S_func_80174474: 3 members [ov_SC03_126,ov_SC04_021,ov_SC05_019] share h_exact a61931709497… (source src/shared/ov/func_80174474__a6193170.h)
[ OK ] S_func_801737E8: 3 members [ov_SC03_126,ov_SC04_021,ov_SC05_019] share h_exact a66c13093463… (source src/shared/ov/func_801737E8__a66c1309.h)
[ OK ] S_func_80131EEC: 3 members [ov_SC03_126,ov_SC04_021,ov_SC05_019] share h_exact a9db33dc0bab… (source src/shared/ov/func_80131EEC__a9db33dc.h)
[ OK ] S_func_80170AD8: 3 members [ov_SC03_126,ov_SC04_021,ov_SC05_019] share h_exact acbb8ec69b4d… (source src/shared/ov/func_80170AD8__acbb8ec6.h)
[ OK ] S_func_80162834: 3 members [ov_SC03_126,ov_SC04_021,ov_SC05_019] share h_exact aeffcd8e0121… (source src/shared/ov/func_80162834__aeffcd8e.h)
[ OK ] S_func_8016901C: 3 members [ov_SC03_126,ov_SC04_021,ov_SC05_019] share h_exact b3dcb7cf3079… (source src/shared/ov/func_8016901C__b3dcb7cf.h)
[ OK ] S_func_80164BA0: 3 members [ov_SC03_126,ov_SC04_021,ov_SC05_019] share h_exact b49a1e169f05… (source src/shared/ov/func_80164BA0__b49a1e16.h)
[ OK ] S_func_80174F28: 3 members [ov_SC03_126,ov_SC04_021,ov_SC05_019] share h_exact ba9956fef41b… (source src/shared/ov/func_80174F28__ba9956fe.h)
[ OK ] S_func_8015F00C: 3 members [ov_SC03_126,ov_SC04_021,ov_SC05_019] share h_exact bb93e93c21a3… (source src/shared/ov/func_8015F00C__bb93e93c.h)
[ OK ] S_func_801729F0: 3 members [ov_SC03_126,ov_SC04_021,ov_SC05_019] share h_exact d1ed493e958a… (source src/shared/ov/func_801729F0__d1ed493e.h)
[ OK ] S_func_80170EFC: 3 members [ov_SC03_126,ov_SC04_021,ov_SC05_019] share h_exact d283511d74ba… (source src/shared/ov/func_80170EFC__d283511d.h)
[ OK ] S_func_8017E704: 3 members [ov_SC03_126,ov_SC04_021,ov_SC05_019] share h_exact d5f1982cf34c… (source src/shared/ov/func_8017E704__d5f1982c.h)
[ OK ] S_func_80131F28: 3 members [ov_SC03_126,ov_SC04_021,ov_SC05_019] share h_exact d9a7b66aabd4… (source src/shared/ov/func_80131F28__d9a7b66a.h)
[ OK ] S_func_80173B4C: 3 members [ov_SC03_126,ov_SC04_021,ov_SC05_019] share h_exact dc9203a1a8e2… (source src/shared/ov/func_80173B4C__dc9203a1.h)
[ OK ] S_func_80171120: 3 members [ov_SC03_126,ov_SC04_021,ov_SC05_019] share h_exact deedcf0c6f71… (source src/shared/ov/func_80171120__deedcf0c.h)
[ OK ] S_func_80131FA0: 3 members [ov_SC03_126,ov_SC04_021,ov_SC05_019] share h_exact e22a16646adb… (source src/shared/ov/func_80131FA0__e22a1664.h)
[ OK ] S_func_80170548: 3 members [ov_SC03_126,ov_SC04_021,ov_SC05_019] share h_exact e54045db243e… (source src/shared/ov/func_80170548__e54045db.h)
[ OK ] S_func_801727D0: 3 members [ov_SC03_126,ov_SC04_021,ov_SC05_019] share h_exact e6c068bdb03e… (source src/shared/ov/func_801727D0__e6c068bd.h)
[ OK ] S_func_8016FB7C: 3 members [ov_SC03_126,ov_SC04_021,ov_SC05_019] share h_exact e7f62f080835… (source src/shared/ov/func_8016FB7C__e7f62f08.h)
[ OK ] S_func_80160B34: 3 members [ov_SC03_126,ov_SC04_021,ov_SC05_019] share h_exact e8ed7a9b25d9… (source src/shared/ov/func_80160B34__e8ed7a9b.h)
[ OK ] S_func_80169F00: 3 members [ov_SC03_126,ov_SC04_021,ov_SC05_019] share h_exact f286ec5d88a8… (source src/shared/ov/func_80169F00__f286ec5d.h)
[ OK ] S_func_80130D0C: 3 members [ov_SC03_126,ov_SC04_021,ov_SC05_019] share h_exact fb79cc411871… (source src/shared/ov/func_80130D0C__fb79cc41.h)
[ OK ] S_func_80170C74: 3 members [ov_SC03_126,ov_SC04_021,ov_SC05_019] share h_exact ff867c19a43f… (source src/shared/ov/func_80170C74__ff867c19.h)
[ OK ] S_func_801742A4: 3 members [ov_SC03_126,ov_SC04_021,ov_SC05_019] share h_exact ffabd32b8976… (source src/shared/ov/func_801742A4__ffabd32b.h)
[ OK ] S_func_801747CC: 3 members [ov_SC03_126,ov_SC04_021,ov_SC05_019] share h_exact ffbcd41ebfae… (source src/shared/ov/func_801747CC__ffbcd41e.h)
[ OK ] S_func_8013CAE8: 3 members [ov_SC03_126,ov_SC04_021,ov_SC05_019] share h_exact 1db1a1b92ce5… (source src/shared/ov/func_8013CAE8__1db1a1b9.h)
[ OK ] S_func_80161C98: 3 members [ov_SC03_126,ov_SC04_021,ov_SC05_019] share h_exact 6735a841004c… (source src/shared/ov/func_80161C98__6735a841.h)
[ OK ] S_func_801288B0: 3 members [ov_SC03_126,ov_SC04_021,ov_SC05_019] share h_exact 8fa1b94662dd… (source src/shared/ov/func_801288B0__8fa1b946.h)
[ OK ] S_func_80131E00: 3 members [ov_SC03_126,ov_SC04_021,ov_SC05_019] share h_exact aad4b1b24012… (source src/shared/ov/func_80131E00__aad4b1b2.h)
[ OK ] S_func_8013C98C: 3 members [ov_SC03_126,ov_SC04_021,ov_SC05_019] share h_exact baeed09f60fe… (source src/shared/ov/func_8013C98C__baeed09f.h)
[ OK ] S_func_80161D20: 3 members [ov_SC03_126,ov_SC04_021,ov_SC05_019] share h_exact c54665f2ad27… (source src/shared/ov/func_80161D20__c54665f2.h)
[ OK ] S_func_801289F0: 3 members [ov_SC03_126,ov_SC04_021,ov_SC05_019] share h_exact c6f52b064f07… (source src/shared/ov/func_801289F0__c6f52b06.h)
[ OK ] S_func_8017EF6C: 2 members [ov_SC04_021,ov_SC05_019] share h_exact 60be554c7030… (source src/shared/ov/func_8017EF6C__60be554c.h)
[ OK ] S_func_8017A094: 3 members [ov_SC03_126,ov_SC04_021,ov_SC05_019] share h_exact 30083f0ba02d… (source src/shared/ov/func_8017A094__30083f0b.h)
[ OK ] S_func_8013B568: 3 members [ov_SC03_126,ov_SC04_021,ov_SC05_019] share h_exact 9987a06255c2… (source src/shared/ov/func_8013B568__9987a062.h)
[ OK ] S_func_8017A0C4: 3 members [ov_SC03_126,ov_SC04_021,ov_SC05_019] share h_exact a38ef3de2c79… (source src/shared/ov/func_8017A0C4__a38ef3de.h)
[ OK ] S_func_8017BEBC: 3 members [ov_SC03_010,ov_SC03_011,ov_SC03_013] share h_exact 68c14c5ac2fa… (source src/shared/ov/func_8017BEBC__68c14c5a.h)
[ OK ] S_func_8013C938: 3 members [ov_SC03_126,ov_SC04_021,ov_SC05_019] share h_exact 7498447e772f… (source src/shared/ov/func_8013C938__7498447e.h)
[ OK ] S_func_8014C5D0: 3 members [ov_SC03_126,ov_SC04_021,ov_SC05_019] share h_exact d1a159679fb3… (source src/shared/ov/func_8014C5D0__d1a15967.h)
[ OK ] S_func_8013CABC: 3 members [ov_SC03_126,ov_SC04_021,ov_SC05_019] share h_exact f4f19b4f2448… (source src/shared/ov/func_8013CABC__f4f19b4f.h)
[ OK ] S_func_8013CB5C: 3 members [ov_SC03_126,ov_SC04_021,ov_SC05_019] share h_exact 05c30a559eb6… (source src/shared/ov/func_8013CB5C__05c30a55.h)
[ OK ] S_func_8013D13C: 3 members [ov_SC03_126,ov_SC04_021,ov_SC05_019] share h_exact 3ffb44f94c8c… (source src/shared/ov/func_8013D13C__3ffb44f9.h)
[ OK ] S_func_8014C1A0: 3 members [ov_SC03_126,ov_SC04_021,ov_SC05_019] share h_exact 6684567de6fb… (source src/shared/ov/func_8014C1A0__6684567d.h)
[ OK ] S_func_80178D18: 3 members [ov_SC03_126,ov_SC04_021,ov_SC05_019] share h_exact 7562c99f765b… (source src/shared/ov/func_80178D18__7562c99f.h)
[ OK ] S_func_8016BFA8: 3 members [ov_SC03_126,ov_SC04_021,ov_SC05_019] share h_exact 8fca9ba67c48… (source src/shared/ov/func_8016BFA8__8fca9ba6.h)
[ OK ] S_func_8017ED68: 3 members [ov_SC03_126,ov_SC04_021,ov_SC05_019] share h_exact 9563a5678657… (source src/shared/ov/func_8017ED68__9563a567.h)
[ OK ] S_func_8015E588: 3 members [ov_SC03_126,ov_SC04_021,ov_SC05_019] share h_exact b0b4e28596cd… (source src/shared/ov/func_8015E588__b0b4e285.h)
[ OK ] S_func_8017A3B0: 3 members [ov_SC03_126,ov_SC04_021,ov_SC05_019] share h_exact b9ffafa97f9e… (source src/shared/ov/func_8017A3B0__b9ffafa9.h)
[ OK ] S_func_8017ED90: 3 members [ov_SC03_126,ov_SC04_021,ov_SC05_019] share h_exact ba85b8aa7785… (source src/shared/ov/func_8017ED90__ba85b8aa.h)
[ OK ] S_func_8013C964: 3 members [ov_SC03_126,ov_SC04_021,ov_SC05_019] share h_exact bf582af54679… (source src/shared/ov/func_8013C964__bf582af5.h)
[ OK ] S_func_80165670: 3 members [ov_SC03_126,ov_SC04_021,ov_SC05_019] share h_exact 9b6d7eb9ff41… (source src/shared/ov/func_80165670__9b6d7eb9.h)
[ OK ] S_func_8017EF4C: 3 members [ov_SC03_126,ov_SC04_021,ov_SC05_019] share h_exact 34215dc7e152… (source src/shared/ov/func_8017EF4C__34215dc7.h)
[ OK ] S_func_8017C214: 3 members [ov_SC03_010,ov_SC03_011,ov_SC03_013] share h_exact 752eb617ec46… (source src/shared/ov/func_8017C214.h)
[ OK ] S_func_801563EC: 3 members [ov_SC03_126,ov_SC04_021,ov_SC05_019] share h_exact 7a8248428949… (source src/shared/ov/func_801563EC__7a824842.h)
[ OK ] S_func_8017D098: 3 members [ov_SC02_041,ov_SC04_002,ov_SC04_005] share h_exact d560c2dedad3… (source src/shared/ov/func_8017D098__d560c2de.h)
[ OK ] S_func_80165700: 3 members [ov_SC03_126,ov_SC04_021,ov_SC05_019] share h_exact 1fb1778a19bb… (source src/shared/ov/func_80165700__1fb1778a.h)
[ OK ] S_func_801656D0: 3 members [ov_SC03_126,ov_SC04_021,ov_SC05_019] share h_exact 2cb3c35123ff… (source src/shared/ov/func_801656D0__2cb3c351.h)
[ OK ] S_func_801656E8: 3 members [ov_SC03_126,ov_SC04_021,ov_SC05_019] share h_exact 2d94a1356d9f… (source src/shared/ov/func_801656E8__2d94a135.h)
[ OK ] S_func_80165658: 3 members [ov_SC03_126,ov_SC04_021,ov_SC05_019] share h_exact 7d41d9cf898f… (source src/shared/ov/func_80165658__7d41d9cf.h)
[ OK ] S_func_8013D164: 3 members [ov_SC03_126,ov_SC04_021,ov_SC05_019] share h_exact 022cc72053f6… (source src/shared/ov/func_8013D164__022cc720.h)
[ OK ] S_func_80128218: 3 members [ov_SC03_126,ov_SC04_021,ov_SC05_019] share h_exact a108f2592460… (source src/shared/ov/func_80128218__a108f259.h)
[ OK ] S_func_8013E054: 3 members [ov_SC03_126,ov_SC04_021,ov_SC05_019] share h_exact b97180c34550… (source src/shared/ov/func_8013E054__b97180c3.h)
[ OK ] S_func_8017CDF0: 2 members [ov_SC07_000,ov_SC07_001] share h_exact 922320b0a40b… (source src/shared/ov/func_8017CDF0__922320b0.h)
[ OK ] S_func_80176734: 2 members [ov_SC04_008,ov_SC05_009] share h_exact 261d72d23db9… (source src/shared/ov/func_80176734__261d72d2.h)
[ OK ] S_func_80176218: 2 members [ov_SC04_008,ov_SC05_009] share h_exact 6ffee0ac9730… (source src/shared/ov/func_80176218__6ffee0ac.h)
[ OK ] S_func_8013FAF8: 2 members [ov_SC04_008,ov_SC05_009] share h_exact 42ccc35f8775… (source src/shared/ov/func_8013FAF8__42ccc35f.h)
[ OK ] S_func_8014D820: 2 members [ov_SC04_008,ov_SC05_009] share h_exact 9ab0f3b9b77e… (source src/shared/ov/func_8014D820__9ab0f3b9.h)
[ OK ] S_func_8016A290: 2 members [ov_SC04_008,ov_SC05_009] share h_exact 54fb93a3d8bd… (source src/shared/ov/func_8016A290__54fb93a3.h)
[ OK ] S_func_801670E4: 2 members [ov_SC04_008,ov_SC05_009] share h_exact 5e212bc358bf… (source src/shared/ov/func_801670E4__5e212bc3.h)
[ OK ] S_func_80130D48: 2 members [ov_SC04_008,ov_SC05_009] share h_exact bbfb4341a93c… (source src/shared/ov/func_80130D48__bbfb4341.h)
[ OK ] S_func_80140958: 2 members [ov_SC04_008,ov_SC05_009] share h_exact e2790db136a9… (source src/shared/ov/func_80140958__e2790db1.h)
[ OK ] S_func_8017C294: 2 members [ov_SC01_077,ov_SC03_030] share h_exact 720317ef6b9f… (source src/shared/ov/func_8017C294__720317ef.h)
[ OK ] S_func_80175DA8: 2 members [ov_SC04_008,ov_SC05_009] share h_exact 3a39c5e4ad0b… (source src/shared/ov/func_80175DA8__3a39c5e4.h)
[ OK ] S_func_8015EA3C: 2 members [ov_SC04_008,ov_SC05_009] share h_exact 47c5b5e835fa… (source src/shared/ov/func_8015EA3C__47c5b5e8.h)
[ OK ] S_func_8015D738: 2 members [ov_SC04_008,ov_SC05_009] share h_exact d338deef6a1c… (source src/shared/ov/func_8015D738__d338deef.h)
[ OK ] S_func_8013B274: 2 members [ov_SC04_008,ov_SC05_009] share h_exact 9e44db0bb110… (source src/shared/ov/func_8013B274__9e44db0b.h)
[ OK ] S_func_80175AB8: 2 members [ov_SC04_008,ov_SC05_009] share h_exact be2b02450c19… (source src/shared/ov/func_80175AB8__be2b0245.h)
[ OK ] S_func_8015F448: 2 members [ov_SC04_008,ov_SC05_009] share h_exact ecce76ca56fd… (source src/shared/ov/func_8015F448__ecce76ca.h)
[ OK ] S_func_80167AE0: 2 members [ov_SC04_008,ov_SC05_009] share h_exact 3e4eb49d5d3d… (source src/shared/ov/func_80167AE0__3e4eb49d.h)
[ OK ] S_func_80167DBC: 2 members [ov_SC04_008,ov_SC05_009] share h_exact 6c94a5f5ebd8… (source src/shared/ov/func_80167DBC__6c94a5f5.h)
[ OK ] S_func_801347A0: 2 members [ov_SC04_008,ov_SC05_009] share h_exact c71b12a02b32… (source src/shared/ov/func_801347A0__c71b12a0.h)
[ OK ] S_func_80160534: 2 members [ov_SC04_008,ov_SC05_009] share h_exact 572e0905fd1b… (source src/shared/ov/func_80160534__572e0905.h)
[ OK ] S_func_80136334: 2 members [ov_SC04_008,ov_SC05_009] share h_exact 6e7f47303060… (source src/shared/ov/func_80136334__6e7f4730.h)
[ OK ] S_func_80136824: 2 members [ov_SC04_008,ov_SC05_009] share h_exact 7e4272f24d72… (source src/shared/ov/func_80136824__7e4272f2.h)
[ OK ] S_func_801365B8: 2 members [ov_SC04_008,ov_SC05_009] share h_exact e5c67c7d1ee7… (source src/shared/ov/func_801365B8__e5c67c7d.h)
[ OK ] S_func_8012C890: 2 members [ov_SC04_008,ov_SC05_009] share h_exact 73f9080b43af… (source src/shared/ov/func_8012C890__73f9080b.h)
[ OK ] S_func_80177B5C: 2 members [ov_SC04_008,ov_SC05_009] share h_exact 879ede920e3d… (source src/shared/ov/func_80177B5C__879ede92.h)
[ OK ] S_func_8015C128: 2 members [ov_SC04_008,ov_SC05_009] share h_exact d3ab6b0ea83d… (source src/shared/ov/func_8015C128__d3ab6b0e.h)
[ OK ] S_func_8015CD20: 2 members [ov_SC04_008,ov_SC05_009] share h_exact e74c43949783… (source src/shared/ov/func_8015CD20__e74c4394.h)
[ OK ] S_func_80140F00: 2 members [ov_SC04_008,ov_SC05_009] share h_exact 815fad8a2ea7… (source src/shared/ov/func_80140F00__815fad8a.h)
[ OK ] S_func_80145CEC: 2 members [ov_SC04_008,ov_SC05_009] share h_exact 05c7cfc4c1b7… (source src/shared/ov/func_80145CEC__05c7cfc4.h)
[ OK ] S_func_8013EB7C: 2 members [ov_SC04_008,ov_SC05_009] share h_exact c502c10e0e70… (source src/shared/ov/func_8013EB7C__c502c10e.h)
[ OK ] S_func_8013AD38: 2 members [ov_SC04_008,ov_SC05_009] share h_exact 06daa24e37d9… (source src/shared/ov/func_8013AD38__06daa24e.h)
[ OK ] S_func_8015D1B8: 2 members [ov_SC04_008,ov_SC05_009] share h_exact 1d96adc0d227… (source src/shared/ov/func_8015D1B8__1d96adc0.h)
[ OK ] S_func_8016B234: 2 members [ov_SC04_008,ov_SC05_009] share h_exact 1b494b73ccf3… (source src/shared/ov/func_8016B234__1b494b73.h)
[ OK ] S_func_80168828: 2 members [ov_SC04_008,ov_SC05_009] share h_exact 2169cddceef4… (source src/shared/ov/func_80168828__2169cddc.h)
[ OK ] S_func_8013EF88: 2 members [ov_SC04_008,ov_SC05_009] share h_exact bc5ad6673c0f… (source src/shared/ov/func_8013EF88__bc5ad667.h)
[ OK ] S_func_80141100: 2 members [ov_SC04_008,ov_SC05_009] share h_exact 110c96823439… (source src/shared/ov/func_80141100__110c9682.h)
[ OK ] S_func_801596F0: 2 members [ov_SC04_008,ov_SC05_009] share h_exact 501091d3134f… (source src/shared/ov/func_801596F0__501091d3.h)
[ OK ] S_func_8016BFD0: 2 members [ov_SC04_008,ov_SC05_009] share h_exact 97557651ffcf… (source src/shared/ov/func_8016BFD0__97557651.h)
[ OK ] S_func_801506A4: 2 members [ov_SC04_008,ov_SC05_009] share h_exact c04f9aabfe3a… (source src/shared/ov/func_801506A4__c04f9aab.h)
[ OK ] S_func_8013EE10: 2 members [ov_SC04_008,ov_SC05_009] share h_exact 1b85d9be6048… (source src/shared/ov/func_8013EE10__1b85d9be.h)
[ OK ] S_func_8016B6BC: 2 members [ov_SC04_008,ov_SC05_009] share h_exact c6b4f7b51e02… (source src/shared/ov/func_8016B6BC__c6b4f7b5.h)
[ OK ] S_func_8017E924: 2 members [ov_SC04_002,ov_SC04_005] share h_exact 04c544e87d27… (source src/shared/ov/func_8017E924__04c544e8.h)
[ OK ] S_func_8017D9EC: 2 members [ov_SC02_031,ov_SC03_031] share h_exact 62dca8b446f5… (source src/shared/ov/func_8017D9EC__62dca8b4.h)
[ OK ] S_func_8017D7F0: 2 members [ov_SC05_001,ov_SC05_006] share h_exact a3fcf91afb51… (source src/shared/ov/func_8017D7F0__a3fcf91a.h)
[ OK ] S_func_8015CA28: 2 members [ov_SC04_008,ov_SC05_009] share h_exact 7636e5de7828… (source src/shared/ov/func_8015CA28__7636e5de.h)
[ OK ] S_func_8017D140: 2 members [ov_SC02_031,ov_SC03_031] share h_exact 2ea2c832feb4… (source src/shared/ov/func_8017D140__2ea2c832.h)
[ OK ] S_func_8013E6AC: 2 members [ov_SC04_008,ov_SC05_009] share h_exact 55bb00e64b3a… (source src/shared/ov/func_8013E6AC__55bb00e6.h)
[ OK ] S_func_8017CF44: 2 members [ov_SC05_001,ov_SC05_006] share h_exact 8ce0c2684bc7… (source src/shared/ov/func_8017CF44__8ce0c268.h)
[ OK ] S_func_8017E078: 2 members [ov_SC04_002,ov_SC04_005] share h_exact cffa370ff017… (source src/shared/ov/func_8017E078__cffa370f.h)
[ OK ] S_func_80131B14: 2 members [ov_SC04_008,ov_SC05_009] share h_exact c125ce4d513b… (source src/shared/ov/func_80131B14__c125ce4d.h)
[ OK ] S_func_801407F4: 2 members [ov_SC04_008,ov_SC05_009] share h_exact cdfae9b40aac… (source src/shared/ov/func_801407F4__cdfae9b4.h)
[ OK ] S_func_801397B0: 2 members [ov_SC04_008,ov_SC05_009] share h_exact ff08ee75f77f… (source src/shared/ov/func_801397B0__ff08ee75.h)
[ OK ] S_func_8015C7E4: 2 members [ov_SC04_008,ov_SC05_009] share h_exact 4914f80133c6… (source src/shared/ov/func_8015C7E4__4914f801.h)
[ OK ] S_func_8016EC0C: 2 members [ov_SC04_008,ov_SC05_009] share h_exact a3cedccb1591… (source src/shared/ov/func_8016EC0C__a3cedccb.h)
[ OK ] S_func_80131170: 2 members [ov_SC04_008,ov_SC05_009] share h_exact c0c3e6c30e07… (source src/shared/ov/func_80131170__c0c3e6c3.h)
[ OK ] S_func_8015D5E8: 2 members [ov_SC04_008,ov_SC05_009] share h_exact f1f71c2fc700… (source src/shared/ov/func_8015D5E8__f1f71c2f.h)
[ OK ] S_func_8015F118: 2 members [ov_SC04_008,ov_SC05_009] share h_exact 72104a896647… (source src/shared/ov/func_8015F118__72104a89.h)
[ OK ] S_func_80164930: 2 members [ov_SC04_008,ov_SC05_009] share h_exact b26434c15c57… (source src/shared/ov/func_80164930__b26434c1.h)
[ OK ] S_func_80143D28: 2 members [ov_SC04_008,ov_SC05_009] share h_exact b958d8306cc5… (source src/shared/ov/func_80143D28__b958d830.h)
[ OK ] S_func_801457A4: 2 members [ov_SC04_008,ov_SC05_009] share h_exact 0870f61f9f73… (source src/shared/ov/func_801457A4__0870f61f.h)
[ OK ] S_func_8015795C: 2 members [ov_SC04_008,ov_SC05_009] share h_exact 5c731fbc26c0… (source src/shared/ov/func_8015795C__5c731fbc.h)
[ OK ] S_func_80141A60: 2 members [ov_SC04_008,ov_SC05_009] share h_exact 74c515f536a9… (source src/shared/ov/func_80141A60__74c515f5.h)
[ OK ] S_func_80136A94: 2 members [ov_SC04_008,ov_SC05_009] share h_exact b58271ec862a… (source src/shared/ov/func_80136A94__b58271ec.h)
[ OK ] S_func_8015FF20: 2 members [ov_SC04_008,ov_SC05_009] share h_exact 387c90f30910… (source src/shared/ov/func_8015FF20__387c90f3.h)
[ OK ] S_func_80145EE8: 2 members [ov_SC04_008,ov_SC05_009] share h_exact 5c0407d4ef57… (source src/shared/ov/func_80145EE8__5c0407d4.h)
[ OK ] S_func_80156044: 2 members [ov_SC04_008,ov_SC05_009] share h_exact 8f5b4545d6d8… (source src/shared/ov/func_80156044__8f5b4545.h)
[ OK ] S_func_8016E7C8: 2 members [ov_SC04_008,ov_SC05_009] share h_exact d2abc2ebd513… (source src/shared/ov/func_8016E7C8__d2abc2eb.h)
[ OK ] S_func_80148AFC: 2 members [ov_SC04_008,ov_SC05_009] share h_exact a6049646ebfa… (source src/shared/ov/func_80148AFC__a6049646.h)
[ OK ] S_func_80158434: 2 members [ov_SC04_008,ov_SC05_009] share h_exact cf490e3d8a3b… (source src/shared/ov/func_80158434__cf490e3d.h)
[ OK ] S_func_80148D44: 2 members [ov_SC04_008,ov_SC05_009] share h_exact 667065fa9ca8… (source src/shared/ov/func_80148D44__667065fa.h)
[ OK ] S_func_80148E54: 2 members [ov_SC04_008,ov_SC05_009] share h_exact 261f84a234a0… (source src/shared/ov/func_80148E54__261f84a2.h)
[ OK ] S_func_801523F4: 2 members [ov_SC04_008,ov_SC05_009] share h_exact 5af4bf3f28a2… (source src/shared/ov/func_801523F4__5af4bf3f.h)
[ OK ] S_func_80144880: 2 members [ov_SC04_008,ov_SC05_009] share h_exact b29cd3d4cea2… (source src/shared/ov/func_80144880__b29cd3d4.h)
[ OK ] S_func_8014477C: 2 members [ov_SC04_008,ov_SC05_009] share h_exact 6672be9fff9b… (source src/shared/ov/func_8014477C__6672be9f.h)
[ OK ] S_func_80144458: 2 members [ov_SC04_008,ov_SC05_009] share h_exact f427c0b3381b… (source src/shared/ov/func_80144458__f427c0b3.h)
[ OK ] S_func_8013E958: 2 members [ov_SC04_008,ov_SC05_009] share h_exact 10b2e0653580… (source src/shared/ov/func_8013E958__10b2e065.h)
[ OK ] S_func_80165240: 2 members [ov_SC04_008,ov_SC05_009] share h_exact 88c024df97d0… (source src/shared/ov/func_80165240__88c024df.h)
[ OK ] S_func_80177DA8: 2 members [ov_SC04_008,ov_SC05_009] share h_exact a3c157d4dd48… (source src/shared/ov/func_80177DA8__a3c157d4.h)
[ OK ] S_func_8016B5C0: 2 members [ov_SC04_008,ov_SC05_009] share h_exact b2ac4cd96468… (source src/shared/ov/func_8016B5C0__b2ac4cd9.h)
[ OK ] S_func_8015FAE8: 2 members [ov_SC04_008,ov_SC05_009] share h_exact 0dd4cbc46d78… (source src/shared/ov/func_8015FAE8__0dd4cbc4.h)
[ OK ] S_func_80145934: 2 members [ov_SC04_008,ov_SC05_009] share h_exact 1b5f376e3fdd… (source src/shared/ov/func_80145934__1b5f376e.h)
[ OK ] S_func_80138C60: 2 members [ov_SC04_008,ov_SC05_009] share h_exact 2c7bdced649a… (source src/shared/ov/func_80138C60__2c7bdced.h)
[ OK ] S_func_80145A2C: 2 members [ov_SC04_008,ov_SC05_009] share h_exact 530ca2ff5f39… (source src/shared/ov/func_80145A2C__530ca2ff.h)
[ OK ] S_func_801621CC: 2 members [ov_SC04_008,ov_SC05_009] share h_exact e45f36969a4e… (source src/shared/ov/func_801621CC__e45f3696.h)
[ OK ] S_func_8017DB3C: 2 members [ov_SC04_002,ov_SC04_005] share h_exact 13ba51a7660a… (source src/shared/ov/func_8017DB3C__13ba51a7.h)
[ OK ] S_func_8017E3E4: 2 members [ov_SC05_001,ov_SC05_006] share h_exact ad916ceb206e… (source src/shared/ov/func_8017E3E4.h)
[ OK ] S_func_80144364: 2 members [ov_SC04_008,ov_SC05_009] share h_exact b85d39101be5… (source src/shared/ov/func_80144364__b85d3910.h)
[ OK ] S_func_8017CC04: 2 members [ov_SC02_031,ov_SC03_031] share h_exact d17a5475ba66… (source src/shared/ov/func_8017CC04.h)
[ OK ] S_func_8015A2D8: 2 members [ov_SC04_008,ov_SC05_009] share h_exact 8efdc6accd01… (source src/shared/ov/func_8015A2D8__8efdc6ac.h)
[ OK ] S_func_8015FBE0: 2 members [ov_SC04_008,ov_SC05_009] share h_exact 7e0b6b06827e… (source src/shared/ov/func_8015FBE0__7e0b6b06.h)
[ OK ] S_func_801378F0: 2 members [ov_SC04_008,ov_SC05_009] share h_exact b72a7b49ea45… (source src/shared/ov/func_801378F0__b72a7b49.h)
[ OK ] S_func_801424E4: 2 members [ov_SC04_008,ov_SC05_009] share h_exact ca18e5c5b792… (source src/shared/ov/func_801424E4__ca18e5c5.h)
[ OK ] S_func_8015D01C: 2 members [ov_SC04_008,ov_SC05_009] share h_exact e7ca894e6a56… (source src/shared/ov/func_8015D01C__e7ca894e.h)
[ OK ] S_func_8015C944: 2 members [ov_SC04_008,ov_SC05_009] share h_exact 7ffb977d45e4… (source src/shared/ov/func_8015C944__7ffb977d.h)
[ OK ] S_func_8012FCC4: 2 members [ov_SC04_008,ov_SC05_009] share h_exact d6b9cb3f28c7… (source src/shared/ov/func_8012FCC4__d6b9cb3f.h)
[ OK ] S_func_80160D10: 2 members [ov_SC04_008,ov_SC05_009] share h_exact 0a67e5f32d97… (source src/shared/ov/func_80160D10__0a67e5f3.h)
[ OK ] S_func_801654A8: 2 members [ov_SC04_008,ov_SC05_009] share h_exact e4f6570fa0d9… (source src/shared/ov/func_801654A8__e4f6570f.h)
[ OK ] S_func_8015E4B0: 2 members [ov_SC04_008,ov_SC05_009] share h_exact f4f9ebd1d292… (source src/shared/ov/func_8015E4B0__f4f9ebd1.h)
[ OK ] S_func_8017D57C: 2 members [ov_SC05_001,ov_SC05_006] share h_exact 11dafa5bcce9… (source src/shared/ov/func_8017D57C__11dafa5b.h)
[ OK ] S_func_8016E9EC: 2 members [ov_SC04_008,ov_SC05_009] share h_exact deecac80f7f7… (source src/shared/ov/func_8016E9EC__deecac80.h)
[ OK ] S_func_8017D778: 2 members [ov_SC02_031,ov_SC03_031] share h_exact e24c477766cc… (source src/shared/ov/func_8017D778.h)
[ OK ] S_func_8017E6B0: 2 members [ov_SC04_002,ov_SC04_005] share h_exact fa05c1fdb385… (source src/shared/ov/func_8017E6B0__fa05c1fd.h)
[ OK ] S_func_8012E9C0: 2 members [ov_SC04_008,ov_SC05_009] share h_exact 8974aa40f201… (source src/shared/ov/func_8012E9C0__8974aa40.h)
[ OK ] S_func_80142608: 2 members [ov_SC04_008,ov_SC05_009] share h_exact 03fdea6a348b… (source src/shared/ov/func_80142608__03fdea6a.h)
[ OK ] S_func_80128A28: 2 members [ov_SC04_008,ov_SC05_009] share h_exact 2d0bd8a02ed9… (source src/shared/ov/func_80128A28__2d0bd8a0.h)
[ OK ] S_func_80137D08: 2 members [ov_SC04_008,ov_SC05_009] share h_exact df67b9b0c421… (source src/shared/ov/func_80137D08__df67b9b0.h)
[ OK ] S_func_8015E344: 2 members [ov_SC04_008,ov_SC05_009] share h_exact 2b28f9665b27… (source src/shared/ov/func_8015E344__2b28f966.h)
[ OK ] S_func_801647A4: 2 members [ov_SC04_008,ov_SC05_009] share h_exact dc3af0ecc961… (source src/shared/ov/func_801647A4__dc3af0ec.h)
[ OK ] S_func_8015EEE0: 2 members [ov_SC04_008,ov_SC05_009] share h_exact a0a6f2627b93… (source src/shared/ov/func_8015EEE0__a0a6f262.h)
[ OK ] S_func_801520DC: 2 members [ov_SC04_008,ov_SC05_009] share h_exact 30d82d53774a… (source src/shared/ov/func_801520DC__30d82d53.h)
[ OK ] S_func_8016DA7C: 2 members [ov_SC04_008,ov_SC05_009] share h_exact 5b61cb4aa11e… (source src/shared/ov/func_8016DA7C__5b61cb4a.h)
[ OK ] S_func_80132018: 2 members [ov_SC04_008,ov_SC05_009] share h_exact 89c919f42406… (source src/shared/ov/func_80132018__89c919f4.h)
[ OK ] S_func_8017E814: 2 members [ov_SC04_002,ov_SC04_005] share h_exact 2a69b708fdb9… (source src/shared/ov/func_8017E814__2a69b708.h)
[ OK ] S_func_8017D6E0: 2 members [ov_SC05_001,ov_SC05_006] share h_exact 36ffe0fc7391… (source src/shared/ov/func_8017D6E0__36ffe0fc.h)
[ OK ] S_func_80143458: 2 members [ov_SC04_008,ov_SC05_009] share h_exact 665a7c9779c1… (source src/shared/ov/func_80143458__665a7c97.h)
[ OK ] S_func_8017D8DC: 2 members [ov_SC02_031,ov_SC03_031] share h_exact 715ce5ac3f1c… (source src/shared/ov/func_8017D8DC__715ce5ac.h)
[ OK ] S_func_8014358C: 2 members [ov_SC04_008,ov_SC05_009] share h_exact b0293ad6d518… (source src/shared/ov/func_8014358C__b0293ad6.h)
[ OK ] S_func_8015D104: 2 members [ov_SC04_008,ov_SC05_009] share h_exact c9b756106e55… (source src/shared/ov/func_8015D104__c9b75610.h)
[ OK ] S_func_8012D664: 2 members [ov_SC04_008,ov_SC05_009] share h_exact 46ca4ffa4717… (source src/shared/ov/func_8012D664__46ca4ffa.h)
[ OK ] S_func_8015DBD4: 2 members [ov_SC04_008,ov_SC05_009] share h_exact 4a299ae82ee4… (source src/shared/ov/func_8015DBD4__4a299ae8.h)
[ OK ] S_func_8015DF34: 2 members [ov_SC04_008,ov_SC05_009] share h_exact 974d4915f6ef… (source src/shared/ov/func_8015DF34__974d4915.h)
[ OK ] S_func_8015FE70: 2 members [ov_SC04_008,ov_SC05_009] share h_exact cddeae332851… (source src/shared/ov/func_8015FE70__cddeae33.h)
[ OK ] S_func_8015F89C: 2 members [ov_SC04_008,ov_SC05_009] share h_exact 44cecb646ba3… (source src/shared/ov/func_8015F89C__44cecb64.h)
[ OK ] S_func_8015FCC8: 2 members [ov_SC04_008,ov_SC05_009] share h_exact a0e69ecd9df6… (source src/shared/ov/func_8015FCC8__a0e69ecd.h)
[ OK ] S_func_80142EC0: 2 members [ov_SC04_008,ov_SC05_009] share h_exact dcd4ad7c5dff… (source src/shared/ov/func_80142EC0__dcd4ad7c.h)
[ OK ] S_func_80152DA8: 2 members [ov_SC04_008,ov_SC05_009] share h_exact 2ce5055c660e… (source src/shared/ov/func_80152DA8__2ce5055c.h)
[ OK ] S_func_80169F3C: 2 members [ov_SC04_008,ov_SC05_009] share h_exact 99a1d89dbba2… (source src/shared/ov/func_80169F3C__99a1d89d.h)
[ OK ] S_func_80159BE4: 2 members [ov_SC04_008,ov_SC05_009] share h_exact d4682fe234d6… (source src/shared/ov/func_80159BE4__d4682fe2.h)
[ OK ] S_func_80139BE0: 2 members [ov_SC04_008,ov_SC05_009] share h_exact 429047befe09… (source src/shared/ov/func_80139BE0__429047be.h)
[ OK ] S_func_801578C0: 2 members [ov_SC04_008,ov_SC05_009] share h_exact 5437498e40a8… (source src/shared/ov/func_801578C0__5437498e.h)
[ OK ] S_func_801528B0: 2 members [ov_SC04_008,ov_SC05_009] share h_exact b4d639af2064… (source src/shared/ov/func_801528B0__b4d639af.h)
[ OK ] S_func_80149FB0: 2 members [ov_SC04_008,ov_SC05_009] share h_exact 04a5edb88be6… (source src/shared/ov/func_80149FB0__04a5edb8.h)
[ OK ] S_func_8014305C: 2 members [ov_SC04_008,ov_SC05_009] share h_exact 8596e3325595… (source src/shared/ov/func_8014305C__8596e332.h)
[ OK ] S_func_80160920: 2 members [ov_SC04_008,ov_SC05_009] share h_exact f5fec854d5ae… (source src/shared/ov/func_80160920__f5fec854.h)
[ OK ] S_func_8013E5E8: 2 members [ov_SC04_008,ov_SC05_009] share h_exact 0b4494b16194… (source src/shared/ov/func_8013E5E8__0b4494b1.h)
[ OK ] S_func_8017DC00: 2 members [ov_SC05_002,ov_SC05_003] share h_exact 51fc4f1aaf99… (source src/shared/ov/func_8017DC00.h)
[ OK ] S_func_80140E6C: 2 members [ov_SC04_008,ov_SC05_009] share h_exact 84374bda0841… (source src/shared/ov/func_80140E6C__84374bda.h)
[ OK ] S_func_8017CF9C: 2 members [ov_SC06_014,ov_SC06_015] share h_exact 8592e16d3fda… (source src/shared/ov/func_8017CF9C__8592e16d.h)
[ OK ] S_func_8015D380: 2 members [ov_SC04_008,ov_SC05_009] share h_exact c3948e9b6484… (source src/shared/ov/func_8015D380__c3948e9b.h)
[ OK ] S_func_801754A8: 2 members [ov_SC04_008,ov_SC05_009] share h_exact ea8ccee4cf89… (source src/shared/ov/func_801754A8__ea8ccee4.h)
[ OK ] S_func_8016E95C: 2 members [ov_SC04_008,ov_SC05_009] share h_exact a01824d8b301… (source src/shared/ov/func_8016E95C__a01824d8.h)
[ OK ] S_func_8017E624: 2 members [ov_SC04_002,ov_SC04_005] share h_exact 7be52f070bf1… (source src/shared/ov/func_8017E624__7be52f07.h)
[ OK ] S_func_8016F1C4: 2 members [ov_SC04_008,ov_SC05_009] share h_exact be31141bab74… (source src/shared/ov/func_8016F1C4__be31141b.h)
[ OK ] S_func_8017D6EC: 2 members [ov_SC02_031,ov_SC03_031] share h_exact ff01cc1da4f8… (source src/shared/ov/func_8017D6EC__ff01cc1d.h)
[ OK ] S_func_80142E38: 2 members [ov_SC04_008,ov_SC05_009] share h_exact 600b7ab290bc… (source src/shared/ov/func_80142E38__600b7ab2.h)
[ OK ] S_func_801602A4: 2 members [ov_SC04_008,ov_SC05_009] share h_exact e140e325d67c… (source src/shared/ov/func_801602A4__e140e325.h)
[ OK ] S_func_80153D7C: 2 members [ov_SC04_008,ov_SC05_009] share h_exact 04630c30ea4a… (source src/shared/ov/func_80153D7C__04630c30.h)
[ OK ] S_func_80159464: 2 members [ov_SC04_008,ov_SC05_009] share h_exact 57e60f69a88a… (source src/shared/ov/func_80159464__57e60f69.h)
[ OK ] S_func_80162870: 2 members [ov_SC04_008,ov_SC05_009] share h_exact 67d5e8d726e4… (source src/shared/ov/func_80162870__67d5e8d7.h)
[ OK ] S_func_8013F138: 2 members [ov_SC04_008,ov_SC05_009] share h_exact 6cd0b3466564… (source src/shared/ov/func_8013F138__6cd0b346.h)
[ OK ] S_func_8017CEC0: 2 members [ov_SC05_001,ov_SC05_006] share h_exact 815ec6babca1… (source src/shared/ov/func_8017CEC0__815ec6ba.h)
[ OK ] S_func_80168430: 2 members [ov_SC04_008,ov_SC05_009] share h_exact 9905ba297b38… (source src/shared/ov/func_80168430__9905ba29.h)
[ OK ] S_func_80141874: 2 members [ov_SC04_008,ov_SC05_009] share h_exact 9e298500ce9a… (source src/shared/ov/func_80141874__9e298500.h)
[ OK ] S_func_8017DFF4: 2 members [ov_SC04_002,ov_SC04_005] share h_exact be5c9e9c02a1… (source src/shared/ov/func_8017DFF4__be5c9e9c.h)
[ OK ] S_func_8017D0BC: 2 members [ov_SC02_031,ov_SC03_031] share h_exact fe5e6da3b0fe… (source src/shared/ov/func_8017D0BC__fe5e6da3.h)
[ OK ] S_func_8015F9A4: 2 members [ov_SC04_008,ov_SC05_009] share h_exact 9596764a49bf… (source src/shared/ov/func_8015F9A4__9596764a.h)
[ OK ] S_func_80161D88: 2 members [ov_SC04_008,ov_SC05_009] share h_exact b97e58fa0067… (source src/shared/ov/func_80161D88__b97e58fa.h)
[ OK ] S_func_80158038: 2 members [ov_SC04_008,ov_SC05_009] share h_exact a58842f728da… (source src/shared/ov/func_80158038__a58842f7.h)
[ OK ] S_func_8016EAC0: 2 members [ov_SC04_008,ov_SC05_009] share h_exact b7bfadf0764d… (source src/shared/ov/func_8016EAC0__b7bfadf0.h)
[ OK ] S_func_8015E698: 2 members [ov_SC04_008,ov_SC05_009] share h_exact e492ef126865… (source src/shared/ov/func_8015E698__e492ef12.h)
[ OK ] S_func_80178840: 2 members [ov_SC04_008,ov_SC05_009] share h_exact 9f65edc87459… (source src/shared/ov/func_80178840__9f65edc8.h)
[ OK ] S_func_80161C24: 2 members [ov_SC04_008,ov_SC05_009] share h_exact 5f80fe418b68… (source src/shared/ov/func_80161C24__5f80fe41.h)
[ OK ] S_func_80142DC4: 2 members [ov_SC04_008,ov_SC05_009] share h_exact 68cf8a8db212… (source src/shared/ov/func_80142DC4__68cf8a8d.h)
[ OK ] S_func_80150B28: 2 members [ov_SC04_008,ov_SC05_009] share h_exact 746506174013… (source src/shared/ov/func_80150B28__74650617.h)
[ OK ] S_func_80173220: 2 members [ov_SC04_008,ov_SC05_009] share h_exact c4bf7af45b34… (source src/shared/ov/func_80173220__c4bf7af4.h)
[ OK ] S_func_801609B8: 2 members [ov_SC04_008,ov_SC05_009] share h_exact 0311db5090d7… (source src/shared/ov/func_801609B8__0311db50.h)
[ OK ] S_func_8017D67C: 2 members [ov_SC02_031,ov_SC03_031] share h_exact 5a94ace3252d… (source src/shared/ov/func_8017D67C__5a94ace3.h)
[ OK ] S_func_80142A10: 2 members [ov_SC04_008,ov_SC05_009] share h_exact 8a1262a11b44… (source src/shared/ov/func_80142A10__8a1262a1.h)
[ OK ] S_func_8017E5B4: 2 members [ov_SC04_002,ov_SC04_005] share h_exact 95731af85d93… (source src/shared/ov/func_8017E5B4__95731af8.h)
[ OK ] S_func_801312D0: 2 members [ov_SC04_008,ov_SC05_009] share h_exact aedb85b0b100… (source src/shared/ov/func_801312D0__aedb85b0.h)
[ OK ] S_func_8017D480: 2 members [ov_SC05_001,ov_SC05_006] share h_exact e5cd25783d64… (source src/shared/ov/func_8017D480__e5cd2578.h)
[ OK ] S_func_801442F8: 2 members [ov_SC04_008,ov_SC05_009] share h_exact 1252e58984f9… (source src/shared/ov/func_801442F8__1252e589.h)
[ OK ] S_func_80174BF4: 2 members [ov_SC04_008,ov_SC05_009] share h_exact 1f0aa53120ad… (source src/shared/ov/func_80174BF4__1f0aa531.h)
[ OK ] S_func_8013221C: 2 members [ov_SC04_008,ov_SC05_009] share h_exact 232d9d69ba31… (source src/shared/ov/func_8013221C__232d9d69.h)
[ OK ] S_func_80156A1C: 2 members [ov_SC04_008,ov_SC05_009] share h_exact 68f35514bbff… (source src/shared/ov/func_80156A1C__68f35514.h)
[ OK ] S_func_801321B0: 2 members [ov_SC04_008,ov_SC05_009] share h_exact 6af661f54cd0… (source src/shared/ov/func_801321B0__6af661f5.h)
[ OK ] S_func_801320D8: 2 members [ov_SC04_008,ov_SC05_009] share h_exact 6ed8414ad10d… (source src/shared/ov/func_801320D8__6ed8414a.h)
[ OK ] S_func_8016EB3C: 2 members [ov_SC04_008,ov_SC05_009] share h_exact 979527254797… (source src/shared/ov/func_8016EB3C__97952725.h)
[ OK ] S_func_8015D414: 2 members [ov_SC04_008,ov_SC05_009] share h_exact 9ddda092a50e… (source src/shared/ov/func_8015D414__9ddda092.h)
[ OK ] S_func_80132144: 2 members [ov_SC04_008,ov_SC05_009] share h_exact cdad8179a1b8… (source src/shared/ov/func_80132144__cdad8179.h)
[ OK ] S_func_80153CCC: 2 members [ov_SC04_008,ov_SC05_009] share h_exact 7431009e7cc3… (source src/shared/ov/func_80153CCC__7431009e.h)
[ OK ] S_func_80165580: 2 members [ov_SC04_008,ov_SC05_009] share h_exact 223603daf273… (source src/shared/ov/func_80165580__223603da.h)
[ OK ] S_func_8017DD74: 2 members [ov_SC05_002,ov_SC05_003] share h_exact 4e3c1f6c4eb1… (source src/shared/ov/func_8017DD74__4e3c1f6c.h)
[ OK ] S_func_8015EE7C: 2 members [ov_SC04_008,ov_SC05_009] share h_exact 5ea0dae8b768… (source src/shared/ov/func_8015EE7C__5ea0dae8.h)
[ OK ] S_func_8017D110: 2 members [ov_SC06_014,ov_SC06_015] share h_exact 8b1b28fc9ffb… (source src/shared/ov/func_8017D110__8b1b28fc.h)
[ OK ] S_func_8016EBA8: 2 members [ov_SC04_008,ov_SC05_009] share h_exact b9c75968f5f4… (source src/shared/ov/func_8016EBA8__b9c75968.h)
[ OK ] S_func_80161034: 2 members [ov_SC04_008,ov_SC05_009] share h_exact 06792f0d849a… (source src/shared/ov/func_80161034__06792f0d.h)
[ OK ] S_func_80164744: 2 members [ov_SC04_008,ov_SC05_009] share h_exact 0d0441b8bf5a… (source src/shared/ov/func_80164744__0d0441b8.h)
[ OK ] S_func_8013BC7C: 2 members [ov_SC04_008,ov_SC05_009] share h_exact 422ac8220ecc… (source src/shared/ov/func_8013BC7C__422ac822.h)
[ OK ] S_func_8017D000: 2 members [ov_SC05_000,ov_SC05_004] share h_exact 4c5825a8d3b5… (source src/shared/ov/func_8017D000__4c5825a8.h)
[ OK ] S_func_80155458: 2 members [ov_SC04_008,ov_SC05_009] share h_exact 7b39fab4f4b7… (source src/shared/ov/func_80155458__7b39fab4.h)
[ OK ] S_func_8017D794: 2 members [ov_SC05_001,ov_SC05_006] share h_exact 18f446b799fd… (source src/shared/ov/func_8017D794.h)
[ OK ] S_func_8017DF98: 2 members [ov_SC04_002,ov_SC04_005] share h_exact 2161be245d59… (source src/shared/ov/func_8017DF98__2161be24.h)
[ OK ] S_func_8017E8C8: 2 members [ov_SC04_002,ov_SC04_005] share h_exact 72cefe482871… (source src/shared/ov/func_8017E8C8__72cefe48.h)
[ OK ] S_func_8017D060: 2 members [ov_SC02_031,ov_SC03_031] share h_exact bc3c5cd37f73… (source src/shared/ov/func_8017D060__bc3c5cd3.h)
[ OK ] S_func_8017CE64: 2 members [ov_SC05_001,ov_SC05_006] share h_exact c7294b5c1acd… (source src/shared/ov/func_8017CE64__c7294b5c.h)
[ OK ] S_func_8017D990: 2 members [ov_SC02_031,ov_SC03_031] share h_exact fbce0bf21037… (source src/shared/ov/func_8017D990__fbce0bf2.h)
[ OK ] S_func_80178B18: 2 members [ov_SC04_008,ov_SC05_009] share h_exact 4cd78ff6a5c2… (source src/shared/ov/func_80178B18__4cd78ff6.h)
[ OK ] S_func_8013BCDC: 2 members [ov_SC04_008,ov_SC05_009] share h_exact 561ad16991e6… (source src/shared/ov/func_8013BCDC__561ad169.h)
[ OK ] S_func_8015FD74: 2 members [ov_SC04_008,ov_SC05_009] share h_exact ad91f4fb76f2… (source src/shared/ov/func_8015FD74__ad91f4fb.h)
[ OK ] S_func_80137B80: 2 members [ov_SC04_008,ov_SC05_009] share h_exact df7a21cfc140… (source src/shared/ov/func_80137B80__df7a21cf.h)
[ OK ] S_func_8017E784: 2 members [ov_SC04_002,ov_SC04_005] share h_exact 032548375f0e… (source src/shared/ov/func_8017E784__03254837.h)
[ OK ] S_func_801550FC: 2 members [ov_SC04_008,ov_SC05_009] share h_exact 0656803dc2e7… (source src/shared/ov/func_801550FC__0656803d.h)
[ OK ] S_func_8017D84C: 2 members [ov_SC02_031,ov_SC03_031] share h_exact 08f9a13560a4… (source src/shared/ov/func_8017D84C__08f9a135.h)
[ OK ] S_func_80175690: 2 members [ov_SC04_008,ov_SC05_009] share h_exact 1e226e5308bc… (source src/shared/ov/func_80175690__1e226e53.h)
[ OK ] S_func_80175268: 2 members [ov_SC04_008,ov_SC05_009] share h_exact 2b45bc2a2603… (source src/shared/ov/func_80175268__2b45bc2a.h)
[ OK ] S_func_8017DE7C: 2 members [ov_SC04_002,ov_SC04_005] share h_exact 39e2aa28527e… (source src/shared/ov/func_8017DE7C__39e2aa28.h)
[ OK ] S_func_8017553C: 2 members [ov_SC04_008,ov_SC05_009] share h_exact 641242dfae8b… (source src/shared/ov/func_8017553C__641242df.h)
[ OK ] S_func_80175184: 2 members [ov_SC04_008,ov_SC05_009] share h_exact 80d3516a3664… (source src/shared/ov/func_80175184__80d3516a.h)
[ OK ] S_func_8012F8C8: 2 members [ov_SC04_008,ov_SC05_009] share h_exact 9dff345120c3… (source src/shared/ov/func_8012F8C8__9dff3451.h)
[ OK ] S_func_8017CF44: 2 members [ov_SC02_031,ov_SC03_031] share h_exact a31fea160824… (source src/shared/ov/func_8017CF44__a31fea16.h)
[ OK ] S_func_8017E724: 2 members [ov_SC05_001,ov_SC05_006] share h_exact aa7171c40274… (source src/shared/ov/func_8017E724__aa7171c4.h)
[ OK ] S_func_8017D650: 2 members [ov_SC05_001,ov_SC05_006] share h_exact bfb17318899b… (source src/shared/ov/func_8017D650__bfb17318.h)
[ OK ] S_func_80157D20: 2 members [ov_SC04_008,ov_SC05_009] share h_exact d073e6229c27… (source src/shared/ov/func_80157D20__d073e622.h)
[ OK ] S_func_8012F828: 2 members [ov_SC04_008,ov_SC05_009] share h_exact ff091b76ba23… (source src/shared/ov/func_8012F828__ff091b76.h)
[ OK ] S_func_80138BE0: 2 members [ov_SC04_008,ov_SC05_009] share h_exact 28d6b3339dea… (source src/shared/ov/func_80138BE0__28d6b333.h)
[ OK ] S_func_80161CD0: 2 members [ov_SC04_008,ov_SC05_009] share h_exact 4851e1c6f175… (source src/shared/ov/func_80161CD0__4851e1c6.h)
[ OK ] S_func_8017CFC0: 2 members [ov_SC04_016,ov_SC05_011] share h_exact 4a94ec05135e… (source src/shared/ov/func_8017CFC0__4a94ec05.h)
[ OK ] S_func_80175218: 2 members [ov_SC04_008,ov_SC05_009] share h_exact dcb590888034… (source src/shared/ov/func_80175218__dcb59088.h)
[ OK ] S_func_80142978: 2 members [ov_SC04_008,ov_SC05_009] share h_exact 0fcd92749c30… (source src/shared/ov/func_80142978__0fcd9274.h)
[ OK ] S_func_8017E1E0: 2 members [ov_SC04_002,ov_SC04_005] share h_exact 3e8820290d70… (source src/shared/ov/func_8017E1E0__3e882029.h)
[ OK ] S_func_8017D0AC: 2 members [ov_SC05_001,ov_SC05_006] share h_exact 5610933d571d… (source src/shared/ov/func_8017D0AC__5610933d.h)
[ OK ] S_func_80158880: 2 members [ov_SC04_008,ov_SC05_009] share h_exact 587972325ba7… (source src/shared/ov/func_80158880__58797232.h)
[ OK ] S_func_8012DB84: 2 members [ov_SC04_008,ov_SC05_009] share h_exact 7e8c4bb688cd… (source src/shared/ov/func_8012DB84__7e8c4bb6.h)
[ OK ] S_func_8017D2A8: 2 members [ov_SC02_031,ov_SC03_031] share h_exact 83337f123c51… (source src/shared/ov/func_8017D2A8__83337f12.h)
[ OK ] S_func_801627E8: 2 members [ov_SC04_008,ov_SC05_009] share h_exact 9ab572d3b93c… (source src/shared/ov/func_801627E8__9ab572d3.h)
[ OK ] S_func_801427EC: 2 members [ov_SC04_008,ov_SC05_009] share h_exact 9eacfd814393… (source src/shared/ov/func_801427EC__9eacfd81.h)
[ OK ] S_func_8014292C: 2 members [ov_SC04_008,ov_SC05_009] share h_exact acc2634e5bca… (source src/shared/ov/func_8014292C__acc2634e.h)
[ OK ] S_func_8016DA30: 2 members [ov_SC04_008,ov_SC05_009] share h_exact b994e7b02f9a… (source src/shared/ov/func_8016DA30__b994e7b0.h)
[ OK ] S_func_801429C4: 2 members [ov_SC04_008,ov_SC05_009] share h_exact eb8b152595f7… (source src/shared/ov/func_801429C4__eb8b1525.h)
[ OK ] S_func_800CAE98: 2 members [md_MAIN_013,md_MAIN_036] share h_exact 39b70212f214… (source src/shared/slot_800CAE08/func_800CAE98.h)
[ OK ] S_func_80178B70: 2 members [ov_SC04_008,ov_SC05_009] share h_exact c7303e83734f… (source src/shared/ov/func_80178B70__c7303e83.h)
[ OK ] S_func_8015AC48: 2 members [ov_SC04_008,ov_SC05_009] share h_exact dbe79dcaff60… (source src/shared/ov/func_8015AC48__dbe79dca.h)
[ OK ] S_func_8017D188: 2 members [ov_SC06_020,ov_SC06_032] share h_exact 2574ede06734… (source src/shared/ov/func_8017D188__2574ede0.h)
[ OK ] S_func_8017CE58: 2 members [ov_SC03_095,ov_SC03_099] share h_exact 39613891e1a2… (source src/shared/ov/func_8017CE58__39613891.h)
[ OK ] S_func_8017CDD8: 2 members [ov_SC03_115,ov_SC05_007] share h_exact 6d4f6d3df1de… (source src/shared/ov/func_8017CDD8__6d4f6d3d.h)
[ OK ] S_func_8017E894: 2 members [ov_SC04_004,ov_SC04_007] share h_exact 6ec6dd5b63f6… (source src/shared/ov/func_8017E894__6ec6dd5b.h)
[ OK ] S_func_80128288: 2 members [ov_SC04_008,ov_SC05_009] share h_exact 74f3f7d7923d… (source src/shared/ov/func_80128288__74f3f7d7.h)
[ OK ] S_func_80141C0C: 2 members [ov_SC04_008,ov_SC05_009] share h_exact 80e53220fe1f… (source src/shared/ov/func_80141C0C__80e53220.h)
[ OK ] S_func_8017D800: 2 members [ov_SC03_010,ov_SC03_013] share h_exact 95c2eccaca4d… (source src/shared/ov/func_8017D800__95c2ecca.h)
[ OK ] S_func_8017CE18: 2 members [ov_SC02_035,ov_SC03_096] share h_exact b9f1d38f7926… (source src/shared/ov/func_8017CE18__b9f1d38f.h)
[ OK ] S_func_80165B28: 2 members [ov_SC04_008,ov_SC05_009] share h_exact c2f70061ac56… (source src/shared/ov/func_80165B28__c2f70061.h)
[ OK ] S_func_8017CE48: 2 members [ov_SC04_008,ov_SC04_010] share h_exact c6936270cedc… (source src/shared/ov/func_8017CE48__c6936270.h)
[ OK ] S_func_8017E7B4: 2 members [ov_SC05_001,ov_SC05_005] share h_exact db514c4d1aef… (source src/shared/ov/func_8017E7B4__db514c4d.h)
[ OK ] S_func_8017E81C: 2 members [ov_SC05_001,ov_SC05_005] share h_exact 1834ba2f91e8… (source src/shared/ov/func_8017E81C__1834ba2f.h)
[ OK ] S_func_8017CEC0: 2 members [ov_SC03_095,ov_SC03_099] share h_exact 1f615c3ab492… (source src/shared/ov/func_8017CEC0__1f615c3a.h)
[ OK ] S_func_8017E8FC: 2 members [ov_SC04_004,ov_SC04_007] share h_exact 3bd480aa99d9… (source src/shared/ov/func_8017E8FC__3bd480aa.h)
[ OK ] S_func_8012ACA0: 2 members [ov_SC04_008,ov_SC05_009] share h_exact 460580594f2a… (source src/shared/ov/func_8012ACA0__46058059.h)
[ OK ] S_func_8017D1F0: 2 members [ov_SC06_020,ov_SC06_032] share h_exact 46f6d8eb5a3a… (source src/shared/ov/func_8017D1F0__46f6d8eb.h)
[ OK ] S_func_8017CE80: 2 members [ov_SC02_035,ov_SC03_096] share h_exact 4d7b759f7e4d… (source src/shared/ov/func_8017CE80__4d7b759f.h)
[ OK ] S_func_80146360: 2 members [ov_SC04_008,ov_SC05_009] share h_exact 5c8224f3be1a… (source src/shared/ov/func_80146360__5c8224f3.h)
[ OK ] S_func_801EE0CC: 2 members [md_SC05_024,md_SC05_025] share h_exact ab8b6f2f8bde… (source src/shared/slot_801ED988/func_801EE0CC__ab8b6f2f.h)
[ OK ] S_func_8017CE7C: 2 members [ov_SC03_115,ov_SC05_007] share h_exact e7f692239852… (source src/shared/ov/func_8017CE7C__e7f69223.h)
[ OK ] S_func_80165AC8: 2 members [ov_SC04_008,ov_SC05_009] share h_exact eb6b394b94ec… (source src/shared/ov/func_80165AC8__eb6b394b.h)
[ OK ] S_func_8017D8A4: 2 members [ov_SC03_010,ov_SC03_013] share h_exact ffcc5558d4e9… (source src/shared/ov/func_8017D8A4__ffcc5558.h)
[ OK ] S_func_80174F28: 2 members [ov_SC04_008,ov_SC05_009] share h_exact 00ba9a3a1b41… (source src/shared/ov/func_80174F28__00ba9a3a.h)
[ OK ] S_func_801729F0: 2 members [ov_SC04_008,ov_SC05_009] share h_exact 00c2873a9477… (source src/shared/ov/func_801729F0__00c2873a.h)
[ OK ] S_func_80143B30: 2 members [ov_SC04_008,ov_SC05_009] share h_exact 06dd4c2f7b49… (source src/shared/ov/func_80143B30__06dd4c2f.h)
[ OK ] S_func_80170BD8: 2 members [ov_SC04_008,ov_SC05_009] share h_exact 076faf2d3b24… (source src/shared/ov/func_80170BD8__076faf2d.h)
[ OK ] S_func_80171064: 2 members [ov_SC04_008,ov_SC05_009] share h_exact 0a4c0942ad7b… (source src/shared/ov/func_80171064__0a4c0942.h)
[ OK ] S_func_80130D0C: 2 members [ov_SC04_008,ov_SC05_009] share h_exact 0ba44c045e80… (source src/shared/ov/func_80130D0C__0ba44c04.h)
[ OK ] S_func_80170150: 2 members [ov_SC04_008,ov_SC05_009] share h_exact 12d8801fe41a… (source src/shared/ov/func_80170150__12d8801f.h)
[ OK ] S_func_80170E34: 2 members [ov_SC04_008,ov_SC05_009] share h_exact 14a209a5de6f… (source src/shared/ov/func_80170E34__14a209a5.h)
[ OK ] S_func_80159698: 2 members [ov_SC04_008,ov_SC05_009] share h_exact 195f30ee10ba… (source src/shared/ov/func_80159698__195f30ee.h)
[ OK ] S_func_80174474: 2 members [ov_SC04_008,ov_SC05_009] share h_exact 1ab150672080… (source src/shared/ov/func_80174474__1ab15067.h)
[ OK ] S_func_80170AD8: 2 members [ov_SC04_008,ov_SC05_009] share h_exact 1edeb4c7767a… (source src/shared/ov/func_80170AD8__1edeb4c7.h)
[ OK ] S_func_801703E0: 2 members [ov_SC04_008,ov_SC05_009] share h_exact 1f32f2fde189… (source src/shared/ov/func_801703E0__1f32f2fd.h)
[ OK ] S_func_8015E8E8: 2 members [ov_SC04_008,ov_SC05_009] share h_exact 22e66ed6861e… (source src/shared/ov/func_8015E8E8__22e66ed6.h)
[ OK ] S_func_80170FB0: 2 members [ov_SC04_008,ov_SC05_009] share h_exact 25f1344feba6… (source src/shared/ov/func_80170FB0__25f1344f.h)
[ OK ] S_func_801659DC: 2 members [ov_SC04_008,ov_SC05_009] share h_exact 27fe84e9134e… (source src/shared/ov/func_801659DC__27fe84e9.h)
[ OK ] S_func_80136C54: 2 members [ov_SC04_008,ov_SC05_009] share h_exact 3a5c1b863c7c… (source src/shared/ov/func_80136C54__3a5c1b86.h)
[ OK ] S_func_80170810: 2 members [ov_SC04_008,ov_SC05_009] share h_exact 3b06a6b9ff45… (source src/shared/ov/func_80170810__3b06a6b9.h)
[ OK ] S_func_80152D24: 2 members [ov_SC04_008,ov_SC05_009] share h_exact 4159a8c07e7a… (source src/shared/ov/func_80152D24__4159a8c0.h)
[ OK ] S_func_80162834: 2 members [ov_SC04_008,ov_SC05_009] share h_exact 48020406011f… (source src/shared/ov/func_80162834__48020406.h)
[ OK ] S_func_8016AB30: 2 members [ov_SC04_008,ov_SC05_009] share h_exact 4826f7bb8266… (source src/shared/ov/func_8016AB30__4826f7bb.h)
[ OK ] S_func_80141788: 2 members [ov_SC04_008,ov_SC05_009] share h_exact 4d15e15c374c… (source src/shared/ov/func_80141788__4d15e15c.h)
[ OK ] S_func_801599A4: 2 members [ov_SC04_008,ov_SC05_009] share h_exact 4d243f19067b… (source src/shared/ov/func_801599A4__4d243f19.h)
[ OK ] S_func_8015F7D4: 2 members [ov_SC04_008,ov_SC05_009] share h_exact 4f579f95b0da… (source src/shared/ov/func_8015F7D4__4f579f95.h)
[ OK ] S_func_80131F64: 2 members [ov_SC04_008,ov_SC05_009] share h_exact 5168da1cbda0… (source src/shared/ov/func_80131F64__5168da1c.h)
[ OK ] S_func_8016084C: 2 members [ov_SC04_008,ov_SC05_009] share h_exact 67056eb4aacc… (source src/shared/ov/func_8016084C__67056eb4.h)
[ OK ] S_func_8015824C: 2 members [ov_SC04_008,ov_SC05_009] share h_exact 6ad7b977dbf4… (source src/shared/ov/func_8015824C__6ad7b977.h)
[ OK ] S_func_8015BFF4: 2 members [ov_SC04_008,ov_SC05_009] share h_exact 6c0244297ac3… (source src/shared/ov/func_8015BFF4__6c024429.h)
[ OK ] S_func_80131F28: 2 members [ov_SC04_008,ov_SC05_009] share h_exact 7126f6c087f2… (source src/shared/ov/func_80131F28__7126f6c0.h)
[ OK ] S_func_80172DAC: 2 members [ov_SC04_008,ov_SC05_009] share h_exact 728e111dc2e6… (source src/shared/ov/func_80172DAC__728e111d.h)
[ OK ] S_func_80173B4C: 2 members [ov_SC04_008,ov_SC05_009] share h_exact 784c21fecb73… (source src/shared/ov/func_80173B4C__784c21fe.h)
[ OK ] S_func_80173078: 2 members [ov_SC04_008,ov_SC05_009] share h_exact 7f85b5a401f9… (source src/shared/ov/func_80173078__7f85b5a4.h)
[ OK ] S_func_8015CFC0: 2 members [ov_SC04_008,ov_SC05_009] share h_exact 831dea09b60c… (source src/shared/ov/func_8015CFC0__831dea09.h)
[ OK ] S_func_801663FC: 2 members [ov_SC04_008,ov_SC05_009] share h_exact 87f46908ab5f… (source src/shared/ov/func_801663FC__87f46908.h)
[ OK ] S_func_80170748: 2 members [ov_SC04_008,ov_SC05_009] share h_exact 89b010034446… (source src/shared/ov/func_80170748__89b01003.h)
[ OK ] S_func_801425CC: 2 members [ov_SC04_008,ov_SC05_009] share h_exact 8a9d3cadf73f… (source src/shared/ov/func_801425CC__8a9d3cad.h)
[ OK ] S_func_8017BE60: 2 members [ov_SC04_008,ov_SC05_009] share h_exact 8c283e4e8283… (source src/shared/ov/func_8017BE60__8c283e4e.h)
[ OK ] S_func_8016FF30: 2 members [ov_SC04_008,ov_SC05_009] share h_exact 90733dd30165… (source src/shared/ov/func_8016FF30__90733dd3.h)
[ OK ] S_func_80159968: 2 members [ov_SC04_008,ov_SC05_009] share h_exact 90b7fc31f4bc… (source src/shared/ov/func_80159968__90b7fc31.h)
[ OK ] S_func_801702FC: 2 members [ov_SC04_008,ov_SC05_009] share h_exact 9a639220dbd1… (source src/shared/ov/func_801702FC__9a639220.h)
[ OK ] S_func_8016901C: 2 members [ov_SC04_008,ov_SC05_009] share h_exact a1a8bf57ebd0… (source src/shared/ov/func_8016901C__a1a8bf57.h)
[ OK ] S_func_8015EE08: 2 members [ov_SC04_008,ov_SC05_009] share h_exact a3e6755216d7… (source src/shared/ov/func_8015EE08__a3e67552.h)
[ OK ] S_func_801705F8: 2 members [ov_SC04_008,ov_SC05_009] share h_exact a4ecb7ac1dbe… (source src/shared/ov/func_801705F8__a4ecb7ac.h)
[ OK ] S_func_8017319C: 2 members [ov_SC04_008,ov_SC05_009] share h_exact a804bff66bd4… (source src/shared/ov/func_8017319C__a804bff6.h)
[ OK ] S_func_801714E4: 2 members [ov_SC04_008,ov_SC05_009] share h_exact ad8a456fe93d… (source src/shared/ov/func_801714E4__ad8a456f.h)
[ OK ] S_func_8015C714: 2 members [ov_SC04_008,ov_SC05_009] share h_exact ae8afbf0fcae… (source src/shared/ov/func_8015C714__ae8afbf0.h)
[ OK ] S_func_80152370: 2 members [ov_SC04_008,ov_SC05_009] share h_exact b02ac90adacc… (source src/shared/ov/func_80152370__b02ac90a.h)
[ OK ] S_func_801711C0: 2 members [ov_SC04_008,ov_SC05_009] share h_exact b0a3cf0fdb02… (source src/shared/ov/func_801711C0__b0a3cf0f.h)
[ OK ] S_func_801747CC: 2 members [ov_SC04_008,ov_SC05_009] share h_exact b2f2880567f8… (source src/shared/ov/func_801747CC__b2f28805.h)
[ OK ] S_func_801704B0: 2 members [ov_SC04_008,ov_SC05_009] share h_exact b7f69a548404… (source src/shared/ov/func_801704B0__b7f69a54.h)
[ OK ] S_func_80168D58: 2 members [ov_SC04_008,ov_SC05_009] share h_exact b93e187c43e7… (source src/shared/ov/func_80168D58__b93e187c.h)
[ OK ] S_func_80170240: 2 members [ov_SC04_008,ov_SC05_009] share h_exact bb88675d5d08… (source src/shared/ov/func_80170240__bb88675d.h)
[ OK ] S_func_80172CA0: 2 members [ov_SC04_008,ov_SC05_009] share h_exact c051ecc8df24… (source src/shared/ov/func_80172CA0__c051ecc8.h)
[ OK ] S_func_80160138: 2 members [ov_SC04_008,ov_SC05_009] share h_exact c10d0db1cb11… (source src/shared/ov/func_80160138__c10d0db1.h)
[ OK ] S_func_8015D4E8: 2 members [ov_SC04_008,ov_SC05_009] share h_exact c587f9318d57… (source src/shared/ov/func_8015D4E8__c587f931.h)
[ OK ] S_func_801742A4: 2 members [ov_SC04_008,ov_SC05_009] share h_exact c881059671d9… (source src/shared/ov/func_801742A4__c8810596.h)
[ OK ] S_func_80162330: 2 members [ov_SC04_008,ov_SC05_009] share h_exact cdf544d53379… (source src/shared/ov/func_80162330__cdf544d5.h)
[ OK ] S_func_80171120: 2 members [ov_SC04_008,ov_SC05_009] share h_exact d8c61358924f… (source src/shared/ov/func_80171120__d8c61358.h)
[ OK ] S_func_80170EFC: 2 members [ov_SC04_008,ov_SC05_009] share h_exact d92cce266cd7… (source src/shared/ov/func_80170EFC__d92cce26.h)
[ OK ] S_func_80170548: 2 members [ov_SC04_008,ov_SC05_009] share h_exact d9c3fa7f2b32… (source src/shared/ov/func_80170548__d9c3fa7f.h)
[ OK ] S_func_80152058: 2 members [ov_SC04_008,ov_SC05_009] share h_exact d9dd9150fd78… (source src/shared/ov/func_80152058__d9dd9150.h)
[ OK ] S_func_80131EEC: 2 members [ov_SC04_008,ov_SC05_009] share h_exact dbb37bf70247… (source src/shared/ov/func_80131EEC__dbb37bf7.h)
[ OK ] S_func_8015282C: 2 members [ov_SC04_008,ov_SC05_009] share h_exact decf55bb5a55… (source src/shared/ov/func_8015282C__decf55bb.h)
[ OK ] S_func_80170D68: 2 members [ov_SC04_008,ov_SC05_009] share h_exact e17cf64af434… (source src/shared/ov/func_80170D68__e17cf64a.h)
[ OK ] S_func_80171260: 2 members [ov_SC04_008,ov_SC05_009] share h_exact e1e85a8aaa03… (source src/shared/ov/func_80171260__e1e85a8a.h)
[ OK ] S_func_80151944: 2 members [ov_SC04_008,ov_SC05_009] share h_exact e29a2d3faa8e… (source src/shared/ov/func_80151944__e29a2d3f.h)
[ OK ] S_func_80152698: 2 members [ov_SC04_008,ov_SC05_009] share h_exact e76a6281b977… (source src/shared/ov/func_80152698__e76a6281.h)
[ OK ] S_func_80168AA8: 2 members [ov_SC04_008,ov_SC05_009] share h_exact e9fabb986a4f… (source src/shared/ov/func_80168AA8__e9fabb98.h)
[ OK ] S_func_8015AD3C: 2 members [ov_SC04_008,ov_SC05_009] share h_exact ed237bf02496… (source src/shared/ov/func_8015AD3C__ed237bf0.h)
[ OK ] S_func_80131FDC: 2 members [ov_SC04_008,ov_SC05_009] share h_exact ee934eb01c1d… (source src/shared/ov/func_80131FDC__ee934eb0.h)
[ OK ] S_func_80170C74: 2 members [ov_SC04_008,ov_SC05_009] share h_exact eeb119813520… (source src/shared/ov/func_80170C74__eeb11981.h)
[ OK ] S_func_80143E68: 2 members [ov_SC04_008,ov_SC05_009] share h_exact eeb1309e540f… (source src/shared/ov/func_80143E68__eeb1309e.h)
[ OK ] S_func_80164EA4: 2 members [ov_SC04_008,ov_SC05_009] share h_exact f1616b583fa7… (source src/shared/ov/func_80164EA4__f1616b58.h)
[ OK ] S_func_8016039C: 2 members [ov_SC04_008,ov_SC05_009] share h_exact f2c04464cd85… (source src/shared/ov/func_8016039C__f2c04464.h)
[ OK ] S_func_80143C98: 2 members [ov_SC04_008,ov_SC05_009] share h_exact fbbd8503b349… (source src/shared/ov/func_80143C98__fbbd8503.h)
[ OK ] S_func_801706AC: 2 members [ov_SC04_008,ov_SC05_009] share h_exact fbeed91b56bf… (source src/shared/ov/func_801706AC__fbeed91b.h)
[ OK ] S_func_8017496C: 2 members [ov_SC04_008,ov_SC05_009] share h_exact fdb72c11661b… (source src/shared/ov/func_8017496C__fdb72c11.h)
[ OK ] S_func_80161C98: 2 members [ov_SC04_008,ov_SC05_009] share h_exact 4818be5a7dff… (source src/shared/ov/func_80161C98__4818be5a.h)
[ OK ] S_func_80161D20: 2 members [ov_SC04_008,ov_SC05_009] share h_exact 509e85781581… (source src/shared/ov/func_80161D20__509e8578.h)
[ OK ] S_func_80131E00: 2 members [ov_SC04_008,ov_SC05_009] share h_exact d95aba8f7af8… (source src/shared/ov/func_80131E00__d95aba8f.h)
[ OK ] S_func_801E8254: 2 members [md_SC04_025,md_SC04_026] share h_exact 3b1ba0f81cf9… (source src/shared/slot_801E7B28/func_801E8254__3b1ba0f8.h)
[ OK ] S_func_8013B568: 2 members [ov_SC04_008,ov_SC05_009] share h_exact c9b427784067… (source src/shared/ov/func_8013B568__c9b42778.h)
[ OK ] S_func_8014C5D0: 2 members [ov_SC04_008,ov_SC05_009] share h_exact fc041cf75c8e… (source src/shared/ov/func_8014C5D0__fc041cf7.h)
[ OK ] S_func_8015E588: 2 members [ov_SC04_008,ov_SC05_009] share h_exact 691d259e52e5… (source src/shared/ov/func_8015E588__691d259e.h)
[ OK ] S_func_8014C1A0: 2 members [ov_SC04_008,ov_SC05_009] share h_exact 986f7935c4d6… (source src/shared/ov/func_8014C1A0__986f7935.h)
[ OK ] S_func_80165670: 2 members [ov_SC04_008,ov_SC05_009] share h_exact 189e7b7bf15d… (source src/shared/ov/func_80165670__189e7b7b.h)
[ OK ] S_func_801563EC: 2 members [ov_SC04_008,ov_SC05_009] share h_exact 98fb0a04b20b… (source src/shared/ov/func_801563EC__98fb0a04.h)
[ OK ] S_func_801656E8: 2 members [ov_SC04_008,ov_SC05_009] share h_exact 37f04c60e539… (source src/shared/ov/func_801656E8__37f04c60.h)
[ OK ] S_func_80165658: 2 members [ov_SC04_008,ov_SC05_009] share h_exact 53d0fbb092e0… (source src/shared/ov/func_80165658__53d0fbb0.h)
[ OK ] S_func_80165700: 2 members [ov_SC04_008,ov_SC05_009] share h_exact 6dfffca244d1… (source src/shared/ov/func_80165700__6dfffca2.h)
[ OK ] S_func_801656D0: 2 members [ov_SC04_008,ov_SC05_009] share h_exact d41421becbe1… (source src/shared/ov/func_801656D0__d41421be.h)
[ OK ] T_func_80154C24: 138 members [138 binaries] share h_text 09f0cdf72d2e… (source src/shared/ov/func_80154C24__t09f0cdf7.h)
[ OK ] T_func_801555F4: 138 members [138 binaries] share h_text 8abffec10f1d… (source src/shared/ov/func_801555F4__t8abffec1.h)
[ OK ] T_func_8012AAAC: 138 members [138 binaries] share h_text 6631232b9c88… (source src/shared/ov/func_8012AAAC__t6631232b.h)
[ OK ] T_func_80140608: 138 members [138 binaries] share h_text 42e81990ce83… (source src/shared/ov/func_80140608__t42e81990.h)
[ OK ] T_func_8016AE5C: 138 members [138 binaries] share h_text e4eb1475a6d8… (source src/shared/ov/func_8016AE5C__te4eb1475.h)
[ OK ] T_func_80171B4C: 138 members [138 binaries] share h_text c692912b5a37… (source src/shared/ov/func_80171B4C__tc692912b.h)
[ OK ] T_func_801734BC: 138 members [138 binaries] share h_text 834cdd6a930e… (source src/shared/ov/func_801734BC__t834cdd6a.h)
[ OK ] T_func_801549F8: 138 members [138 binaries] share h_text 3621f9501fd3… (source src/shared/ov/func_801549F8__t3621f950.h)
[ OK ] T_func_8013C414: 137 members [137 binaries] share h_text 0f8a552a5adf… (source src/shared/ov/func_8013C414__t0f8a552a.h)
[ OK ] T_func_8013C0F8: 137 members [137 binaries] share h_text 95d2c5821a62… (source src/shared/ov/func_8013C0F8__t95d2c582.h)
[ OK ] T_func_8015444C: 135 members [135 binaries] share h_text 57e0f6fee5ce… (source src/shared/ov/func_8015444C__t57e0f6fe.h)
[ OK ] T_func_801594E8: 135 members [135 binaries] share h_text 60fbbea1a771… (source src/shared/ov/func_801594E8__t60fbbea1.h)
[ OK ] T_func_801380E0: 130 members [130 binaries] share h_text d1af14d4353c… (source src/shared/ov/func_801380E0__td1af14d4.h)
[ OK ] T_func_8012ACE0: 128 members [128 binaries] share h_text 7b0c0681083d… (source src/shared/ov/func_8012ACE0__t7b0c0681.h)
[ OK ] T_func_8017BEBC: 40 members [40 binaries] share h_text 67f11bf2e68e… (source src/shared/ov/func_8017BEBC__t67f11bf2.h)
[ OK ] T_func_8017D898: 9 members [9 binaries] share h_text 67f11bf2e68e… (source src/shared/ov/func_8017D898__t67f11bf2.h)
[ OK ] T_func_8012ACE0: 8 members [8 binaries] share h_text 7ff3c5c3c21a… (source src/shared/ov/func_8012ACE0__t7ff3c5c3.h)
[ OK ] T_func_801380E0: 7 members [7 binaries] share h_text 6e5fdbea60aa… (source src/shared/ov/func_801380E0__t6e5fdbea.h)
[ OK ] T_func_8017C294: 6 members [ov_SC02_015,ov_SC02_021,ov_SC03_103,ov_SC03_112,ov_SC03_113,ov_SC06_008] share h_text 67f11bf2e68e… (source src/shared/ov/func_8017C294__t67f11bf2.h)
[ OK ] T_func_8017C710: 5 members [ov_SC03_001,ov_SC03_124,ov_SC04_018,ov_SC04_019,ov_SC05_017] share h_text 3f3d6bebebf5… (source src/shared/ov/func_8017C710__t3f3d6beb.h)
[ OK ] T_func_8017CA80: 5 members [ov_SC01_084,ov_SC03_089,ov_SC03_090,ov_SC03_101,ov_SC03_104] share h_text 67f11bf2e68e… (source src/shared/ov/func_8017CA80__t67f11bf2.h)
[ OK ] T_func_8017C8D0: 5 members [ov_SC03_105,ov_SC05_010,ov_SC06_016,ov_SC06_030,ov_SC07_002] share h_text 67f11bf2e68e… (source src/shared/ov/func_8017C8D0__t67f11bf2.h)
[ OK ] T_func_8017DE8C: 4 members [ov_SC03_014,ov_SC03_015,ov_SC03_118,ov_SC03_119] share h_text 27b2d0628925… (source src/shared/ov/func_8017DE8C__t27b2d062.h)
[ OK ] T_func_8017C24C: 4 members [ov_SC06_018,ov_SC06_020,ov_SC06_032,ov_SC06_033] share h_text 67f11bf2e68e… (source src/shared/ov/func_8017C24C__t67f11bf2.h)
[ OK ] T_func_8017DCC0: 3 members [ov_SC03_014,ov_SC03_015,ov_SC06_000] share h_text d9f46ebc1b1a… (source src/shared/ov/func_8017DCC0__td9f46ebc.h)
[ OK ] T_func_801594E8: 3 members [ov_MAIN_012,ov_SC02_037,ov_SC03_107] share h_text 8b10eab61f3d… (source src/shared/ov/func_801594E8__t8b10eab6.h)
[ OK ] T_func_8015444C: 3 members [ov_MAIN_012,ov_SC02_037,ov_SC03_107] share h_text 9f81a8d59825… (source src/shared/ov/func_8015444C__t9f81a8d5.h)
[ OK ] T_func_8015B950: 2 members [ov_SC04_008,ov_SC05_009] share h_text 154619a5b85f… (source src/shared/ov/func_8015B950__t154619a5.h)
[ OK ] T_func_80159C84: 2 members [ov_SC04_008,ov_SC05_009] share h_text 35d631a29cef… (source src/shared/ov/func_80159C84__t35d631a2.h)
[ OK ] T_func_8015C32C: 2 members [ov_SC04_008,ov_SC05_009] share h_text 3981b3860902… (source src/shared/ov/func_8015C32C__t3981b386.h)
[ OK ] T_func_80159A20: 2 members [ov_SC04_008,ov_SC05_009] share h_text 53576cdfc342… (source src/shared/ov/func_80159A20__t53576cdf.h)
[ OK ] T_func_8017DE8C: 2 members [ov_SC03_024,ov_SC06_000] share h_text 56bde5a7e597… (source src/shared/ov/func_8017DE8C__t56bde5a7.h)
[ OK ] T_func_8015AE2C: 2 members [ov_SC04_008,ov_SC05_009] share h_text 5dd6c0e7ef29… (source src/shared/ov/func_8015AE2C__t5dd6c0e7.h)
[ OK ] T_func_8017C180: 2 members [ov_SC02_026,ov_SC03_109] share h_text 67f11bf2e68e… (source src/shared/ov/func_8017C180__t67f11bf2.h)
[ OK ] T_func_8015A3C8: 2 members [ov_SC04_008,ov_SC05_009] share h_text 79794336cdc4… (source src/shared/ov/func_8015A3C8__t79794336.h)
[ OK ] T_func_80135EB0: 2 members [ov_SC04_008,ov_SC05_009] share h_text 82164aabca4b… (source src/shared/ov/func_80135EB0__t82164aab.h)
[ OK ] T_func_8017C730: 2 members [ov_SC03_010,ov_SC03_013] share h_text c0f85567c17e… (source src/shared/ov/func_8017C730__tc0f85567.h)
[ OK ] T_func_8013F350: 2 members [ov_SC04_008,ov_SC05_009] share h_text c450ece9a6ad… (source src/shared/ov/func_8013F350__tc450ece9.h)
dedup-check: 3173 validated, 0 failed  | C1 coverage 262573/262573 members signed
report wall=285.03 s
