04:07:48 apply tus9: 300 files, control src/ov_MAIN_012/ov_MAIN_012_jr_8015444C.c IDENTICAL (0.09 s), calibration d9e01a398, census dd601798dec1ca26
04:07:48 apply tus9: phase 1 (exemplar files) 186, phase 2 (copies replay) 114
04:07:49   src/boot.c:main A=DIFFERS B: removed 0 needed 2 compiles 3
04:07:49   src/boot.c:func_8001099C A=DIFFERS B: removed 0 needed 1 compiles 2
04:07:49   src/boot.c:func_80010A08 A=DIFFERS B: removed 0 needed 1 compiles 2
04:07:49   src/ov_SC06_024/ov_SC06_024_jr_80186F00.c:func_801877BC A=DIFFERS B: removed 0 needed 1 compiles 2
04:07:49   src/ov_SC06_022/ov_SC06_022_jr_80184A28.c:func_801852E4 A=DIFFERS B: removed 0 needed 1 compiles 2
04:07:49   src/boot.c:GameModeDispatch A=DIFFERS B: removed 0 needed 1 compiles 2
04:07:49   src/ov_SC06_032/ov_SC06_032_jr_80182890.c:func_80182B74 A=DIFFERS B: removed 0 needed 1 compiles 2
04:07:49   src/md_SC07_004/md_SC07_004.c:func_801A0230 A=DIFFERS B: removed 0 needed 1 compiles 2
04:07:49   src/boot.c:func_80010BB4 A=DIFFERS B: removed 0 needed 1 compiles 2
04:07:49   src/ov_SC06_008/ov_SC06_008_jr_8017C294.c:func_8017D73C A=DIFFERS B: removed 0 needed 2 compiles 3
04:07:50   src/boot.c:func_80010CEC A=DIFFERS B: removed 0 needed 1 compiles 2
04:07:50   src/ov_SC07_010/ov_SC07_010_jr_8017AE2C.c:func_8017B238 A=DIFFERS B: removed 0 needed 2 compiles 3
04:07:50   src/boot.c:func_80010DA0 A=DIFFERS B: removed 0 needed 1 compiles 2
04:07:50   src/ov_SC02_027/ov_SC02_027_jr_8017D898.c:func_8017F498 A=DIFFERS B: removed 0 needed 2 compiles 3
04:07:50   src/800.c:func_800123F0 A=DIFFERS B: removed 0 needed 1 compiles 2
04:07:50   src/ov_SC06_018/ov_SC06_018_jr_8017C24C.c:func_8017DB20 A=DIFFERS B: removed 2 needed 1 compiles 4
04:07:50   src/800_b_2.c:func_8002CC4C A=DIFFERS B: removed 2 needed 1 compiles 4
04:07:50   src/boot.c:func_80010E7C A=DIFFERS B: removed 0 needed 1 compiles 2
04:07:50   src/boot.c:func_80010F80 A=DIFFERS B: removed 0 needed 1 compiles 2
04:07:50   src/boot.c:func_800111BC A=DIFFERS B: removed 0 needed 1 compiles 2
04:07:50   src/md_SC07_004/md_SC07_004.c:func_801A0400 A=DIFFERS B: removed 0 needed 1 compiles 2
04:07:50   src/boot.c:func_8001125C A=DIFFERS B: removed 0 needed 1 compiles 2
04:07:50   src/ov_SC06_024/ov_SC06_024_jr_80186F00.c:func_80187A50 A=DIFFERS B: removed 1 needed 2 compiles 4
04:07:51   src/ov_SC06_008/ov_SC06_008_jr_8017C294.c:func_8017E204 A=DIFFERS B: removed 0 needed 1 compiles 2
04:07:51   src/boot.c:func_80011380 A=DIFFERS B: removed 0 needed 1 compiles 2
04:07:51   src/ov_SC06_032/ov_SC06_032_jr_80182890.c:func_80183454 A=DIFFERS B: removed 0 needed 2 compiles 3
04:07:51   src/ov_SC03_029/ov_SC03_029_jr_8017FF7C.c:func_801804A0 A=DIFFERS B: removed 3 needed 2 compiles 6
04:07:51   src/ov_SC07_010/ov_SC07_010_jr_8017AE2C.c:func_8017B614 A=DIFFERS B: removed 0 needed 3 compiles 4
04:07:51   src/boot.c:func_80011680 A=DIFFERS B: removed 0 needed 1 compiles 2
04:07:51   src/ov_SC06_022/ov_SC06_022_jr_80184A28.c:func_80185578 A=DIFFERS B: removed 1 needed 2 compiles 4
04:07:51   src/boot.c:func_80011778 A=DIFFERS B: removed 0 needed 1 compiles 2
04:07:51   src/boot.c:func_80011818 A=DIFFERS B: removed 0 needed 1 compiles 2
04:07:51   src/800.c:func_80012E6C A=DIFFERS B: removed 0 needed 1 compiles 2
04:07:51   src/ov_SC06_018/ov_SC06_018_jr_8017C24C.c:func_8017E22C A=DIFFERS B: removed 0 needed 2 compiles 3
04:07:51   src/boot.c:func_800118AC A=DIFFERS B: removed 0 needed 1 compiles 2
04:07:51   src/800_b_2.c:func_8002D320 A=DIFFERS B: removed 1 needed 2 compiles 4
04:07:52   src/ov_SC06_024/ov_SC06_024_jr_80186F00.c:func_8018833C A=DIFFERS B: removed 0 needed 1 compiles 2
04:07:52   src/boot.c:func_80011928 A=DIFFERS B: removed 0 needed 1 compiles 2
04:07:52   src/boot.c:func_80011998 A=DIFFERS B: removed 0 needed 1 compiles 2
04:07:52   src/ov_SC02_027/ov_SC02_027_jr_8017D898.c:func_801805EC A=DIFFERS B: removed 0 needed 1 compiles 2
04:07:52   src/md_SC07_004/md_SC07_004.c:func_801A09E4 A=DIFFERS B: removed 0 needed 1 compiles 2
04:07:52   src/boot.c:func_800119F0 A=DIFFERS B: removed 0 needed 1 compiles 2
04:07:52   src/ov_SC06_022/ov_SC06_022_jr_80184A28.c:func_80185E64 A=DIFFERS B: removed 0 needed 1 compiles 2
04:07:52   src/ov_SC07_010/ov_SC07_010_jr_8017AE2C.c:func_8017E0C0 A=DIFFERS B: removed 1 needed 1 compiles 3
04:07:52   src/boot.c:func_80011A3C A=DIFFERS B: removed 0 needed 2 compiles 3
04:07:52   src/ov_SC06_032/ov_SC06_032_jr_80182890.c:func_80184F44 A=DIFFERS B: removed 0 needed 2 compiles 3
04:07:52   src/boot.c:func_80011ADC A=DIFFERS B: removed 0 needed 1 compiles 2
04:07:53   src/ov_SC06_024/ov_SC06_024_jr_80186F00.c:func_80188C1C A=DIFFERS B: removed 0 needed 2 compiles 3
04:07:53   src/boot.c:func_80011B7C A=DIFFERS B: removed 0 needed 1 compiles 2
04:07:53   src/ov_SC06_018/ov_SC06_018_jr_8017C24C.c:func_8017E3F0 A=DIFFERS B: removed 1 needed 1 compiles 3
04:07:53   src/boot.c:func_80011C10 A=DIFFERS B: removed 0 needed 2 compiles 3
04:07:53   src/ov_SC06_008/ov_SC06_008_jr_8017C294.c:func_8017ED80 A=DIFFERS B: removed 0 needed 4 compiles 5
04:07:53   src/ov_SC06_022/ov_SC06_022_jr_80184A28.c:func_80186744 A=DIFFERS B: removed 0 needed 2 compiles 3
04:07:53   src/boot.c:func_80011C8C A=DIFFERS B: removed 0 needed 1 compiles 2
04:07:53   src/ov_SC03_029/ov_SC03_029_jr_8017FF7C.c:func_80180904 A=DIFFERS B: removed 4 needed 3 compiles 8
04:07:53   src/ov_SC07_010/ov_SC07_010_jr_8017AE2C.c:func_8017E1AC A=DIFFERS B: removed 0 needed 2 compiles 3
04:07:53   src/boot.c:func_80011CFC A=DIFFERS B: removed 0 needed 1 compiles 2
04:07:53   src/ov_SC02_027/ov_SC02_027_jr_8017D898.c:func_80180A54 A=DIFFERS B: removed 0 needed 2 compiles 3
04:07:53   src/boot.c:func_80011D54 A=DIFFERS B: removed 0 needed 1 compiles 2
04:07:54   src/boot.c:func_80011E24 A=DIFFERS B: removed 0 needed 1 compiles 2
04:07:54   src/md_SC07_004/md_SC07_004.c:func_801A1E94 A=DIFFERS B: removed 0 needed 1 compiles 2
04:07:54   src/ov_SC06_024/ov_SC06_024_jr_80186F00.c:func_8018A70C A=DIFFERS B: removed 0 needed 2 compiles 3
04:07:54   src/boot.c:func_8001212C A=DIFFERS B: removed 0 needed 1 compiles 2
04:07:54   src/ov_SC07_010/ov_SC07_010_jr_8017AE2C.c:func_8017E2D4 A=DIFFERS B: removed 0 needed 2 compiles 3
04:07:54   src/ov_SC06_022/ov_SC06_022_jr_80184A28.c:func_80188234 A=DIFFERS B: removed 0 needed 2 compiles 3
04:07:54   src/800_b_2.c:func_8002EFF8 A=DIFFERS B: removed 1 needed 2 compiles 4
04:07:55   src/md_SC07_004/md_SC07_004.c:func_801A2364 A=DIFFERS B: removed 0 needed 1 compiles 2
04:07:55   src/ov_SC06_024/ov_SC06_024_jr_80186F00.c:func_8018A950 A=DIFFERS B: removed 1 needed 1 compiles 3
04:07:55   src/ov_SC06_018/ov_SC06_018_jr_8017C24C.c:func_8017EB8C A=DIFFERS B: removed 0 needed 4 compiles 5
04:07:55   src/ov_SC07_010/ov_SC07_010_jr_8017AE2C.c:func_8017E3EC A=DIFFERS B: removed 0 needed 1 compiles 2
04:07:55   src/ov_SC02_026/ov_SC02_026_jr_8017C180.c:func_8017D508 A=DIFFERS B: removed 0 needed 1 compiles 2
04:07:55   src/ov_SC06_008/ov_SC06_008_jr_8017C294.c:func_8017EF54 A=DIFFERS B: removed 3 needed 2 compiles 6
04:07:55   src/ov_SC03_029/ov_SC03_029_jr_8017FF7C.c:func_80180B84 A=DIFFERS B: removed 4 needed 1 compiles 6
04:07:56   src/800_b_2.c:func_8002F064 A=DIFFERS B: removed 1 needed 2 compiles 4
04:07:56   src/ov_SC06_022/ov_SC06_022_jr_80184A28.c:func_8018908C A=DIFFERS B: removed 0 needed 1 compiles 2
04:07:56   src/ov_SC03_029/ov_SC03_029_jr_8017FF7C.c:func_80180F3C A=DIFFERS B: removed 0 needed 1 compiles 2
04:07:56   src/ov_SC06_032/ov_SC06_032_jr_80182890.c:func_80185B4C A=DIFFERS B: removed 2 needed 3 compiles 6
04:07:57   src/ov_SC06_024/ov_SC06_024_jr_80186F00.c:func_8018AE3C A=DIFFERS B: removed 2 needed 1 compiles 4
04:07:57   src/ov_SC07_010/ov_SC07_010_jr_8017AE2C.c:func_8017E890 A=DIFFERS B: removed 1 needed 2 compiles 4
04:07:57   src/ov_SC03_029/ov_SC03_029_jr_8017FF7C.c:func_801810BC A=DIFFERS B: removed 1 needed 1 compiles 3
04:07:57   src/800.c:func_80013694 A=DIFFERS B: removed 2 needed 2 compiles 5
04:07:57   src/ov_SC06_032/ov_SC06_032_jr_80182890.c:func_80185DAC A=DIFFERS B: removed 0 needed 1 compiles 2
04:07:57   src/ov_SC02_026/ov_SC02_026_jr_8017C180.c:func_8017DAB8 A=DIFFERS B: removed 1 needed 2 compiles 4
04:07:57   src/ov_SC06_008/ov_SC06_008_jr_8017C294.c:func_8017F624 A=DIFFERS B: removed 2 needed 1 compiles 4
04:07:57   src/ov_SC03_029/ov_SC03_029_jr_8017FF7C.c:func_801813FC A=DIFFERS B: removed 0 needed 1 compiles 2
04:07:57   src/ov_SC06_024/ov_SC06_024_jr_80186F00.c:func_8018B564 A=DIFFERS B: removed 0 needed 1 compiles 2
04:07:57   src/ov_SC02_027/ov_SC02_027_jr_8017D898.c:func_801810A0 A=DIFFERS B: removed 1 needed 5 compiles 7
04:07:57   src/ov_SC06_018/ov_SC06_018_jr_8017C24C.c:func_8017ED60 A=DIFFERS B: removed 3 needed 2 compiles 6
04:07:58   src/800_b_2.c:func_8002FF0C A=DIFFERS B: removed 0 needed 3 compiles 4
04:07:58   src/ov_SC02_026/ov_SC02_026_jr_8017C180.c:func_8017E1FC A=DIFFERS B: removed 0 needed 1 compiles 2
04:07:58   src/ov_SC06_008/ov_SC06_008_jr_8017C294.c:func_8017F8CC A=DIFFERS B: removed 0 needed 1 compiles 2
04:07:58   src/ov_SC06_032/ov_SC06_032_jr_80182890.c:func_80185F4C A=DIFFERS B: removed 0 needed 1 compiles 2
04:07:58   src/ov_SC03_029/ov_SC03_029_jr_8017FF7C.c:func_80181EA0 A=DIFFERS B: removed 1 needed 1 compiles 3
04:07:58   src/ov_SC06_022/ov_SC06_022_jr_80184A28.c:func_8018B19C A=DIFFERS B: removed 0 needed 1 compiles 2
04:07:58   src/ov_SC07_010/ov_SC07_010_jr_8017AE2C.c:func_8017ED74 A=DIFFERS B: removed 1 needed 2 compiles 4
04:07:59   src/ov_SC02_027/ov_SC02_027_jr_8017D898.c:func_80181200 A=DIFFERS B: removed 0 needed 1 compiles 2
04:07:59   src/ov_SC06_008/ov_SC06_008_jr_8017C294.c:func_8017FB10 A=DIFFERS B: removed 0 needed 1 compiles 2
04:07:59   src/md_SC07_004/md_SC07_004.c:func_801A2DC4 A=DIFFERS B: removed 2 needed 3 compiles 6
04:07:59   src/ov_SC03_029/ov_SC03_029_jr_8017FF7C.c:func_80182580 A=DIFFERS B: removed 1 needed 1 compiles 3
04:07:59   src/ov_SC06_018/ov_SC06_018_jr_8017C24C.c:func_8017F0F4 A=DIFFERS B: removed 1 needed 2 compiles 4
04:07:59   src/ov_SC06_022/ov_SC06_022_jr_80184A28.c:func_8018B4E0 A=DIFFERS B: removed 0 needed 1 compiles 2
04:07:59   src/ov_SC06_032/ov_SC06_032_jr_80182890.c:func_8018603C A=DIFFERS B: removed 1 needed 1 compiles 3
04:07:59   src/ov_SC06_024/ov_SC06_024_jr_80186F00.c:func_8018C074 A=DIFFERS B: removed 2 needed 1 compiles 4
04:08:00   src/ov_SC07_010/ov_SC07_010_jr_8017AE2C.c:func_8017EE9C A=DIFFERS B: removed 1 needed 2 compiles 4
04:08:00   src/800_b_2.c:func_800301C8 A=DIFFERS B: removed 4 needed 2 compiles 7
04:08:00   src/ov_SC06_008/ov_SC06_008_jr_8017C294.c:func_80180578 A=DIFFERS B: removed 0 needed 2 compiles 3
04:08:00   src/ov_SC03_029/ov_SC03_029_jr_8017FF7C.c:func_8018266C A=DIFFERS B: removed 1 needed 1 compiles 3
04:08:00   src/ov_SC06_022/ov_SC06_022_jr_80184A28.c:func_8018B7D0 A=DIFFERS B: removed 0 needed 1 compiles 2
04:08:00   src/ov_SC02_026/ov_SC02_026_jr_8017C180.c:func_8017E3AC A=DIFFERS B: removed 4 needed 1 compiles 6
04:08:00   src/800.c:func_80013B64 A=DIFFERS B: removed 1 needed 3 compiles 5
04:08:00   src/800_b_2.c:func_80030F80 A=DIFFERS B: removed 0 needed 1 compiles 2
04:08:01   src/ov_SC02_027/ov_SC02_027_jr_8017D898.c:func_80181F38 A=DIFFERS B: removed 1 needed 2 compiles 4
04:08:01   src/ov_SC03_029/ov_SC03_029_jr_8017FF7C.c:func_80182FC4 A=DIFFERS B: removed 0 needed 1 compiles 2
04:08:01   src/ov_SC06_024/ov_SC06_024_jr_80186F00.c:func_8018C584 A=DIFFERS B: removed 1 needed 1 compiles 3
04:08:01   src/ov_SC06_018/ov_SC06_018_jr_8017C24C.c:func_8017F430 A=DIFFERS B: removed 2 needed 1 compiles 4
04:08:01   src/ov_SC02_026/ov_SC02_026_jr_8017C180.c:func_8017E590 A=DIFFERS B: removed 0 needed 1 compiles 2
04:08:01   src/ov_SC06_032/ov_SC06_032_jr_80182890.c:func_8018694C A=DIFFERS B: removed 1 needed 1 compiles 3
04:08:01   src/ov_SC07_010/ov_SC07_010_jr_8017AE2C.c:func_8017EFC4 A=DIFFERS B: removed 2 needed 2 compiles 5
04:08:01   src/md_SC07_004/md_SC07_004.c:func_801A3594 A=DIFFERS B: removed 2 needed 2 compiles 5
04:08:01   src/800_b_2.c:func_800314DC A=DIFFERS B: removed 0 needed 2 compiles 3
04:08:02   src/ov_SC02_027/ov_SC02_027_jr_8017D898.c:func_80182868 A=DIFFERS B: removed 0 needed 1 compiles 2
04:08:02   src/ov_SC06_008/ov_SC06_008_jr_8017C294.c:func_80180CA8 A=DIFFERS B: removed 2 needed 1 compiles 4
04:08:02   src/ov_SC06_018/ov_SC06_018_jr_8017C24C.c:func_8017F6D8 A=DIFFERS B: removed 0 needed 1 compiles 2
04:08:02   src/ov_SC06_032/ov_SC06_032_jr_80182890.c:func_80186BAC A=DIFFERS B: removed 0 needed 1 compiles 2
04:08:02   src/ov_SC03_029/ov_SC03_029_jr_8017FF7C.c:func_80183968 A=DIFFERS B: removed 0 needed 1 compiles 2
04:08:02   src/ov_SC06_022/ov_SC06_022_jr_80184A28.c:func_8018B9E8 A=DIFFERS B: removed 0 needed 4 compiles 5
04:08:02   src/ov_SC06_024/ov_SC06_024_jr_80186F00.c:func_8018CBDC A=DIFFERS B: removed 2 needed 1 compiles 4
04:08:02   src/ov_SC07_010/ov_SC07_010_jr_8017AE2C.c:func_8017F10C A=DIFFERS B: removed 1 needed 2 compiles 4
04:08:02   src/800.c:func_80013CFC A=DIFFERS B: removed 1 needed 1 compiles 3
04:08:02   src/ov_SC06_008/ov_SC06_008_jr_8017C294.c:func_801813D0 A=DIFFERS B: removed 0 needed 1 compiles 2
04:08:02   src/md_SC07_004/md_SC07_004.c:func_801A3624 A=DIFFERS B: removed 0 needed 1 compiles 2
04:08:03   src/ov_SC06_018/ov_SC06_018_jr_8017C24C.c:func_8017F91C A=DIFFERS B: removed 0 needed 1 compiles 2
04:08:03   src/ov_SC06_024/ov_SC06_024_jr_80186F00.c:func_8018D674 A=DIFFERS B: removed 0 needed 1 compiles 2
04:08:03   src/800_b_2.c:func_80031B7C A=DIFFERS B: removed 3 needed 1 compiles 5
04:08:03   src/ov_SC02_026/ov_SC02_026_jr_8017C180.c:func_8017EA88 A=DIFFERS B: removed 1 needed 3 compiles 5
04:08:03   src/ov_SC02_027/ov_SC02_027_jr_8017D898.c:func_80182AFC A=DIFFERS B: removed 0 needed 3 compiles 4
04:08:03   src/ov_SC06_008/ov_SC06_008_jr_8017C294.c:func_80181B20 A=DIFFERS B: removed 1 needed 1 compiles 3
04:08:03   src/800_b_2.c:func_800324A4 A=DIFFERS B: removed 0 needed 1 compiles 2
04:08:04   src/ov_SC06_032/ov_SC06_032_jr_80182890.c:func_80187268 A=DIFFERS B: removed 1 needed 1 compiles 3
04:08:04   src/ov_SC07_010/ov_SC07_010_jr_8017AE2C.c:func_8017F31C A=DIFFERS B: removed 2 needed 2 compiles 5
04:08:04   src/ov_SC06_018/ov_SC06_018_jr_8017C24C.c:func_80180384 A=DIFFERS B: removed 0 needed 2 compiles 3
04:08:04   src/ov_SC06_022/ov_SC06_022_jr_80184A28.c:func_8018C534 A=DIFFERS B: removed 0 needed 1 compiles 2
04:08:04   src/ov_SC06_024/ov_SC06_024_jr_80186F00.c:func_8018D9B8 A=DIFFERS B: removed 0 needed 1 compiles 2
04:08:04   src/md_SC07_004/md_SC07_004.c:func_801A370C A=DIFFERS B: removed 1 needed 1 compiles 3
04:08:04   src/ov_SC03_029/ov_SC03_029_jr_8017FF7C.c:func_801841F8 A=DIFFERS B: removed 3 needed 2 compiles 6
04:08:04   src/ov_SC02_027/ov_SC02_027_jr_8017D898.c:func_8018315C A=DIFFERS B: removed 0 needed 1 compiles 2
04:08:04   src/ov_SC06_022/ov_SC06_022_jr_80184A28.c:func_8018C778 A=DIFFERS B: removed 0 needed 1 compiles 2
04:08:04   src/ov_SC06_032/ov_SC06_032_jr_80182890.c:func_801875D0 A=DIFFERS B: removed 0 needed 1 compiles 2
04:08:05   src/ov_SC07_010/ov_SC07_010_jr_8017AE2C.c:func_8017F5A4 A=DIFFERS B: removed 0 needed 2 compiles 3
04:08:05   src/ov_SC06_024/ov_SC06_024_jr_80186F00.c:func_8018DCA8 A=DIFFERS B: removed 0 needed 1 compiles 2
04:08:05   src/ov_SC06_008/ov_SC06_008_jr_8017C294.c:func_80181CF0 A=DIFFERS B: removed 1 needed 1 compiles 3
04:08:05   src/800.c:func_800147B8 A=DIFFERS B: removed 0 needed 1 compiles 2
04:08:05   src/800_b_2.c:func_80032A74 A=DIFFERS B: removed 0 needed 3 compiles 4
04:08:05   src/ov_SC03_029/ov_SC03_029_jr_8017FF7C.c:func_80184764 A=DIFFERS B: removed 0 needed 1 compiles 2
04:08:05   src/ov_SC06_018/ov_SC06_018_jr_8017C24C.c:func_801811DC A=DIFFERS B: removed 0 needed 1 compiles 2
04:08:05   src/800_b_2.c:func_800331D4 A=DIFFERS B: removed 0 needed 1 compiles 2
04:08:06   src/ov_SC07_010/ov_SC07_010_jr_8017AE2C.c:func_80180480 A=DIFFERS B: removed 0 needed 1 compiles 2
04:08:06   src/md_SC07_004/md_SC07_004.c:func_801A3798 A=DIFFERS B: removed 0 needed 2 compiles 3
04:08:06   src/ov_SC02_027/ov_SC02_027_jr_8017D898.c:func_801836B0 A=DIFFERS B: removed 0 needed 1 compiles 2
04:08:06   src/800.c:func_80014DEC A=DIFFERS B: removed 0 needed 1 compiles 2
04:08:06   src/ov_SC06_008/ov_SC06_008_jr_8017C294.c:func_80181EE0 A=DIFFERS B: removed 2 needed 1 compiles 4
04:08:06   src/ov_SC03_029/ov_SC03_029_jr_8017FF7C.c:func_80184FF0 A=DIFFERS B: removed 0 needed 3 compiles 4
04:08:06   src/ov_SC02_026/ov_SC02_026_jr_8017C180.c:func_8017ED0C A=DIFFERS B: removed 2 needed 5 compiles 8
04:08:06   src/ov_SC06_033/ov_SC06_033_jr_8017C24C.c:func_8017D1F8 A=DIFFERS B: removed 0 needed 3 compiles 4
04:08:06   src/800_b_2.c:func_8003324C A=DIFFERS B: removed 0 needed 2 compiles 3
04:08:06   src/ov_SC06_024/ov_SC06_024_jr_80186F00.c:func_8018DEC0 A=DIFFERS B: removed 0 needed 4 compiles 5
04:08:07   src/ov_SC03_029/ov_SC03_029_jr_8017FF7C.c:func_80185DFC A=DIFFERS B: removed 0 needed 1 compiles 2
04:08:07   src/ov_SC02_027/ov_SC02_027_jr_8017D898.c:func_80183ADC A=DIFFERS B: removed 0 needed 1 compiles 2
04:08:07   src/ov_SC02_026/ov_SC02_026_jr_8017C180.c:func_8017F5DC A=DIFFERS B: removed 0 needed 1 compiles 2
04:08:07   src/ov_SC06_008/ov_SC06_008_jr_8017C294.c:func_801823F0 A=DIFFERS B: removed 1 needed 1 compiles 3
04:08:07   src/ov_SC03_029/ov_SC03_029_jr_8017FF7C.c:func_80185FE8 A=DIFFERS B: removed 0 needed 1 compiles 2
04:08:08   src/ov_SC06_033/ov_SC06_033_jr_8017C24C.c:func_8017DF44 A=DIFFERS B: removed 1 needed 1 compiles 3
04:08:08   src/ov_SC06_032/ov_SC06_032_jr_80182890.c:func_80187980 A=DIFFERS B: removed 3 needed 2 compiles 6
04:08:08   src/md_SC07_004/md_SC07_004.c:func_801A395C A=DIFFERS B: removed 1 needed 2 compiles 4
04:08:08   src/800_b_2.c:func_80033398 A=DIFFERS B: removed 1 needed 3 compiles 5
04:08:08   src/ov_SC02_027/ov_SC02_027_jr_8017D898.c:func_8018582C A=DIFFERS B: removed 0 needed 1 compiles 2
04:08:08   src/ov_SC07_010/ov_SC07_010_jr_8017AE2C.c:func_801810F8 A=DIFFERS B: removed 1 needed 2 compiles 4
04:08:08   src/ov_SC02_026/ov_SC02_026_jr_8017C180.c:func_8017F6B0 A=DIFFERS B: removed 0 needed 2 compiles 3
04:08:08   src/ov_SC06_018/ov_SC06_018_jr_8017C24C.c:func_801832EC A=DIFFERS B: removed 0 needed 1 compiles 2
04:08:08   src/ov_SC06_024/ov_SC06_024_jr_80186F00.c:func_8018EA0C A=DIFFERS B: removed 0 needed 1 compiles 2
04:08:09   src/ov_SC06_008/ov_SC06_008_jr_8017C294.c:func_80182A48 A=DIFFERS B: removed 2 needed 1 compiles 4
04:08:09   src/ov_SC07_010/ov_SC07_010_jr_8017AE2C.c:func_801817D0 A=DIFFERS B: removed 0 needed 1 compiles 2
04:08:09   src/ov_SC06_032/ov_SC06_032_jr_80182890.c:func_80187E60 A=DIFFERS B: removed 0 needed 1 compiles 2
04:08:09   src/md_SC07_004/md_SC07_004.c:func_801A3B18 A=DIFFERS B: removed 0 needed 1 compiles 2
04:08:09   src/ov_SC03_090/ov_SC03_090_jr_8017CA80.c:func_8017D960 A=DIFFERS B: removed 0 needed 1 compiles 2
04:08:09   src/ov_SC06_033/ov_SC06_033_jr_8017C24C.c:func_8017E0E4 A=DIFFERS B: removed 2 needed 1 compiles 4
04:08:09   src/ov_SC06_024/ov_SC06_024_jr_80186F00.c:func_8018EC50 A=DIFFERS B: removed 0 needed 1 compiles 2
04:08:09   src/ov_SC06_008/ov_SC06_008_jr_8017C294.c:func_801834E0 A=DIFFERS B: removed 0 needed 1 compiles 2
04:08:09   src/ov_SC02_027/ov_SC02_027_jr_8017D898.c:func_80185BC0 A=DIFFERS B: removed 0 needed 1 compiles 2
04:08:09   src/800_b_2.c:func_8003350C A=DIFFERS B: removed 1 needed 3 compiles 5
04:08:09   src/ov_SC06_018/ov_SC06_018_jr_8017C24C.c:func_80183630 A=DIFFERS B: removed 0 needed 1 compiles 2
04:08:09   src/ov_SC02_026/ov_SC02_026_jr_8017C180.c:func_80181688 A=DIFFERS B: removed 0 needed 2 compiles 3
04:08:10   src/ov_SC03_090/ov_SC03_090_jr_8017CA80.c:func_80181970 A=DIFFERS B: removed 0 needed 1 compiles 2
04:08:10   src/ov_SC06_033/ov_SC06_033_jr_8017C24C.c:func_8017EB04 A=DIFFERS B: removed 0 needed 2 compiles 3
04:08:10   src/ov_SC06_018/ov_SC06_018_jr_8017C24C.c:func_80183920 A=DIFFERS B: removed 0 needed 1 compiles 2
04:08:10   src/ov_SC06_032/ov_SC06_032_jr_80182890.c:func_80187EDC A=DIFFERS B: removed 0 needed 2 compiles 3
04:08:10   src/800_b_2.c:func_800335B8 A=DIFFERS B: removed 0 needed 2 compiles 3
04:08:10   src/ov_SC07_010/ov_SC07_010_jr_8017AE2C.c:func_80181C54 A=DIFFERS B: removed 2 needed 2 compiles 5
04:08:10   src/ov_SC06_008/ov_SC06_008_jr_8017C294.c:func_80183824 A=DIFFERS B: removed 0 needed 1 compiles 2
04:08:11   src/ov_SC02_011/ov_SC02_011_jr_80188E3C.c:func_80189050 A=DIFFERS B: removed 1 needed 1 compiles 3
04:08:11   src/800.c:func_80015208 A=DIFFERS B: removed 3 needed 1 compiles 5
04:08:11   src/ov_SC03_090/ov_SC03_090_jr_8017CA80.c:func_80181B50 A=DIFFERS B: removed 0 needed 1 compiles 2
04:08:11   src/800_b_2.c:func_800336A8 A=DIFFERS B: removed 0 needed 1 compiles 2
04:08:11   src/ov_SC06_008/ov_SC06_008_jr_8017C294.c:func_80183B14 A=DIFFERS B: removed 0 needed 1 compiles 2
04:08:11   src/ov_SC06_033/ov_SC06_033_jr_8017C24C.c:func_8017FC64 A=DIFFERS B: removed 0 needed 1 compiles 2
04:08:11   src/ov_SC02_011/ov_SC02_011_jr_80188E3C.c:func_80189324 A=DIFFERS B: removed 0 needed 1 compiles 2
04:08:11   src/ov_SC02_026/ov_SC02_026_jr_8017C180.c:func_80181B18 A=DIFFERS B: removed 1 needed 3 compiles 5
04:08:12   src/ov_SC02_027/ov_SC02_027_jr_8017D898.c:func_80186C0C A=DIFFERS B: removed 0 needed 2 compiles 3
04:08:12   src/ov_SC06_032/ov_SC06_032_jr_80182890.c:func_80188F1C A=DIFFERS B: removed 0 needed 1 compiles 2
04:08:12   src/ov_SC02_011/ov_SC02_011_jr_80188E3C.c:func_8018951C A=DIFFERS B: removed 0 needed 1 compiles 2
04:08:12   src/ov_SC06_008/ov_SC06_008_jr_8017C294.c:func_80184070 A=DIFFERS B: removed 0 needed 2 compiles 3
04:08:13   src/ov_SC02_011/ov_SC02_011_jr_80188E3C.c:func_80189E00 A=DIFFERS B: removed 0 needed 1 compiles 2
04:08:13   src/ov_SC06_018/ov_SC06_018_jr_8017C24C.c:func_80185DD8 A=DIFFERS B: removed 0 needed 1 compiles 2
04:08:13   src/md_SC07_004/md_SC07_004.c:func_801A4258 A=DIFFERS B: removed 1 needed 5 compiles 7
04:08:13   src/ov_SC07_007/ov_SC07_007_jr_8017BEBC.c:func_8017DFB8 A=DIFFERS B: removed 3 needed 4 compiles 8
04:08:14   src/ov_SC06_033/ov_SC06_033_jr_8017C24C.c:func_80181CD4 A=DIFFERS B: removed 0 needed 1 compiles 2
04:08:14   src/ov_SC02_027/ov_SC02_027_jr_8017D898.c:func_80186CE0 A=DIFFERS B: removed 0 needed 3 compiles 4
04:08:14   src/ov_SC06_033/ov_SC06_033_jr_8017C24C.c:func_80181D74 A=DIFFERS B: removed 0 needed 1 compiles 2
04:08:14   src/800.c:func_80015498 A=DIFFERS B: removed 0 needed 4 compiles 5
04:08:14   src/800_c.c:func_80035270 A=DIFFERS B: removed 0 needed 4 compiles 5
04:08:15   src/ov_SC02_026/ov_SC02_026_jr_8017C180.c:func_8018226C A=DIFFERS B: removed 2 needed 4 compiles 7
04:08:15   src/800_c.c:func_800359B0 A=DIFFERS B: removed 0 needed 1 compiles 2
04:08:15   src/ov_SC03_090/ov_SC03_090_jr_8017CA80.c:func_801839C4 A=DIFFERS B: removed 3 needed 3 compiles 7
04:08:15   src/md_SC07_004/md_SC07_004.c:func_801A4ACC A=DIFFERS B: removed 0 needed 2 compiles 3
04:08:15   src/ov_SC06_033/ov_SC06_033_jr_8017C24C.c:func_801820B8 A=DIFFERS B: removed 0 needed 1 compiles 2
04:08:15   src/800_c.c:func_80036AF8 A=DIFFERS B: removed 0 needed 1 compiles 2
04:08:15   src/ov_SC06_032/ov_SC06_032_jr_80182890.c:func_8018B02C A=DIFFERS B: removed 0 needed 1 compiles 2
04:08:16   src/800_c.c:func_80036FB0 A=DIFFERS B: removed 0 needed 1 compiles 2
04:08:16   src/ov_SC07_007/ov_SC07_007_jr_8017BEBC.c:func_8017F584 A=DIFFERS B: removed 0 needed 1 compiles 2
04:08:16   src/ov_SC02_011/ov_SC02_011_jr_80188E3C.c:func_8018AB20 A=DIFFERS B: removed 1 needed 4 compiles 6
04:08:16   src/ov_SC06_033/ov_SC06_033_jr_8017C24C.c:func_801823A8 A=DIFFERS B: removed 0 needed 1 compiles 2
04:08:16   src/800_c.c:func_80037144 A=DIFFERS B: removed 0 needed 1 compiles 2
04:08:16   src/md_SC07_004/md_SC07_004.c:func_801A5094 A=DIFFERS B: removed 0 needed 1 compiles 2
04:08:16   src/ov_SC02_011/ov_SC02_011_jr_80183178.c:func_801852B0 A=DIFFERS B: removed 2 needed 5 compiles 8
04:08:16   src/ov_SC02_026/ov_SC02_026_jr_8017C180.c:func_80182F00 A=DIFFERS B: removed 1 needed 2 compiles 4
04:08:16   src/800_b_2.c:func_8003388C A=DIFFERS B: removed 2 needed 15 compiles 18
04:08:16   src/ov_SC07_007/ov_SC07_007_jr_8017BEBC.c:func_8017FD2C A=DIFFERS B: removed 1 needed 1 compiles 3
04:08:17   src/ov_SC02_011/ov_SC02_011_jr_80183178.c:func_8018567C A=DIFFERS B: removed 0 needed 1 compiles 2
04:08:17   src/ov_SC02_027/ov_SC02_027_jr_8017D898.c:func_80187D18 A=DIFFERS B: removed 1 needed 3 compiles 5
04:08:17   src/ov_SC02_011/ov_SC02_011_jr_80188E3C.c:func_8018B2C4 A=DIFFERS B: removed 0 needed 3 compiles 4
04:08:17   src/ov_SC03_090/ov_SC03_090_jr_8017CA80.c:func_80184888 A=DIFFERS B: removed 0 needed 2 compiles 3
04:08:17   src/ov_SC06_032/ov_SC06_032_jr_80182890.c:func_8018B370 A=DIFFERS B: removed 0 needed 1 compiles 2
04:08:17   src/md_SC07_004/md_SC07_004.c:func_801A5C44 A=DIFFERS B: removed 0 needed 1 compiles 2
04:08:17   src/ov_SC07_007/ov_SC07_007_jr_8017BEBC.c:func_8018044C A=DIFFERS B: removed 0 needed 1 compiles 2
04:08:17   src/800_c.c:func_800377D8 A=DIFFERS B: removed 1 needed 4 compiles 6
04:08:17   src/ov_SC02_011/ov_SC02_011_jr_80188E3C.c:func_8018BCC4 A=DIFFERS B: removed 0 needed 1 compiles 2
04:08:18   src/800_b_2.c:func_80034314 A=DIFFERS B: removed 2 needed 1 compiles 4
04:08:18   src/ov_SC06_032/ov_SC06_032_jr_80182890.c:func_8018B660 A=DIFFERS B: removed 0 needed 1 compiles 2
04:08:18   src/ov_SC06_018/ov_SC06_018_jr_80187AEC.c:func_80187DD0 A=DIFFERS B: removed 0 needed 1 compiles 2
04:08:18   src/ov_SC02_011/ov_SC02_011_jr_80183178.c:func_8018576C A=DIFFERS B: removed 4 needed 1 compiles 6
04:08:18   src/ov_SC02_026/ov_SC02_026_jr_8017C180.c:func_801832A8 A=DIFFERS B: removed 1 needed 3 compiles 5
04:08:18   src/800_c.c:func_80037EA0 A=DIFFERS B: removed 2 needed 1 compiles 4
04:08:18   src/ov_SC03_090/ov_SC03_090_jr_8017CA80.c:func_80184B30 A=DIFFERS B: removed 0 needed 1 compiles 2
04:08:19   src/ov_SC02_011/ov_SC02_011_jr_80188E3C.c:func_8018C874 A=DIFFERS B: removed 0 needed 1 compiles 2
04:08:19   src/800_c.c:func_80037F3C A=DIFFERS B: removed 1 needed 1 compiles 3
04:08:19   src/800.c:func_80015608 A=DIFFERS B: removed 1 needed 4 compiles 6
04:08:19   src/ov_SC07_007/ov_SC07_007_jr_8017BEBC.c:func_80180FA4 A=DIFFERS B: removed 1 needed 2 compiles 4
04:08:19   src/ov_SC06_018/ov_SC06_018_jr_80187AEC.c:func_801886B0 A=DIFFERS B: removed 0 needed 2 compiles 3
04:08:19   src/ov_SC02_011/ov_SC02_011_jr_80183178.c:func_80186070 A=DIFFERS B: removed 1 needed 1 compiles 3
04:08:20   src/800_c.c:func_80037FC4 A=DIFFERS B: removed 2 needed 1 compiles 4
04:08:20   src/md_SC07_004/md_SC07_004.c:func_801A7358 A=DIFFERS B: removed 1 needed 1 compiles 3
04:08:20   src/ov_SC06_018/ov_SC06_018_jr_80187AEC.c:func_8018A688 A=DIFFERS B: removed 0 needed 1 compiles 2
04:08:20   src/800_b_2.c:func_80034844 A=DIFFERS B: removed 5 needed 1 compiles 7
04:08:20   src/800_c.c:func_80038308 A=DIFFERS B: removed 0 needed 1 compiles 2
04:08:20   src/ov_SC03_090/ov_SC03_090_jr_8017CA80.c:func_801851B8 A=DIFFERS B: removed 1 needed 1 compiles 3
04:08:20   src/ov_SC07_007/ov_SC07_007_jr_8017BEBC.c:func_8018107C A=DIFFERS B: removed 2 needed 1 compiles 4
04:08:20   src/ov_SC02_026/ov_SC02_026_jr_8017C180.c:func_8018389C A=DIFFERS B: removed 1 needed 3 compiles 5
04:08:20   src/800_c.c:func_800383A4 A=DIFFERS B: removed 0 needed 1 compiles 2
04:08:20   src/ov_SC02_011/ov_SC02_011_jr_80183178.c:func_801865E4 A=DIFFERS B: removed 0 needed 1 compiles 2
04:08:21   src/ov_SC06_032/ov_SC06_032_jr_80182890.c:func_8018B878 A=DIFFERS B: removed 0 needed 4 compiles 5
04:08:21   src/800_b_2.c:func_800348A8 A=DIFFERS B: removed 0 needed 1 compiles 2
04:08:21   src/800_c.c:func_800384A8 A=DIFFERS B: removed 0 needed 1 compiles 2
04:08:21   src/ov_SC02_027/ov_SC02_027_jr_8017D898.c:func_8018A150 A=DIFFERS B: removed 0 needed 1 compiles 2
04:08:21   src/ov_SC07_007/ov_SC07_007_jr_8017BEBC.c:func_8018122C A=DIFFERS B: removed 1 needed 1 compiles 3
04:08:21   src/800_b_2.c:func_8003491C A=DIFFERS B: removed 0 needed 1 compiles 2
04:08:21   src/ov_SC02_026/ov_SC02_026_jr_8017C180.c:func_80183CAC A=DIFFERS B: removed 1 needed 1 compiles 3
04:08:21   src/800_c.c:func_800385C0 A=DIFFERS B: removed 0 needed 2 compiles 3
04:08:22   src/ov_SC03_090/ov_SC03_090_jr_8017CA80.c:func_80185354 A=DIFFERS B: removed 1 needed 1 compiles 3
04:08:22   src/ov_SC06_018/ov_SC06_018_jr_80187AEC.c:func_8018A974 A=DIFFERS B: removed 2 needed 3 compiles 6
04:08:22   src/800_c.c:func_80038698 A=DIFFERS B: removed 0 needed 1 compiles 2
04:08:22   src/ov_SC02_011/ov_SC02_011_jr_80183178.c:func_80186868 A=DIFFERS B: removed 1 needed 4 compiles 6
04:08:22   src/ov_SC02_011/ov_SC02_011_jr_80188E3C.c:func_8018DAA8 A=DIFFERS B: removed 3 needed 2 compiles 6
04:08:22   src/ov_SC07_007/ov_SC07_007_jr_8017BEBC.c:func_80181AA8 A=DIFFERS B: removed 0 needed 1 compiles 2
04:08:22   src/ov_SC06_018/ov_SC06_018_jr_80187AEC.c:func_8018ABD4 A=DIFFERS B: removed 0 needed 1 compiles 2
04:08:23   src/800.c:func_80015760 A=DIFFERS B: removed 2 needed 2 compiles 5
04:08:23   src/ov_SC02_011/ov_SC02_011_jr_80183178.c:func_80186B1C A=DIFFERS B: removed 0 needed 1 compiles 2
04:08:23   src/md_SC07_004/md_SC07_004.c:func_801A8294 A=DIFFERS B: removed 0 needed 1 compiles 2
04:08:23   src/ov_SC02_011/ov_SC02_011_jr_80188E3C.c:func_8018E014 A=DIFFERS B: removed 0 needed 1 compiles 2
04:08:23   src/ov_SC03_091/ov_SC03_091_jr_8018326C.c:func_80185730 A=DIFFERS B: removed 0 needed 2 compiles 3
04:08:23   src/ov_SC06_018/ov_SC06_018_jr_80187AEC.c:func_8018AD74 A=DIFFERS B: removed 0 needed 1 compiles 2
04:08:23   src/ov_SC07_007/ov_SC07_007_jr_8017BEBC.c:func_80181B8C A=DIFFERS B: removed 0 needed 2 compiles 3
04:08:23   src/ov_SC02_026/ov_SC02_026_jr_8017C180.c:func_80184494 A=DIFFERS B: removed 1 needed 2 compiles 4
04:08:23   src/800_b_2.c:func_8003500C A=DIFFERS B: removed 2 needed 2 compiles 5
04:08:23   src/ov_SC02_011/ov_SC02_011_jr_80183178.c:func_80186C30 A=DIFFERS B: removed 0 needed 1 compiles 2
04:08:24   src/ov_SC03_090/ov_SC03_090_jr_8017CA80.c:func_80185484 A=DIFFERS B: removed 1 needed 2 compiles 4
04:08:24   src/ov_SC06_032/ov_SC06_032_jr_80182890.c:func_8018BA4C A=DIFFERS B: removed 3 needed 2 compiles 6
04:08:24   src/800_b_2.c:func_80035210 A=DIFFERS B: removed 0 needed 1 compiles 2
04:08:24   src/800_c.c:func_80038838 A=DIFFERS B: removed 7 needed 2 compiles 10
04:08:24   src/ov_SC03_091/ov_SC03_091_jr_8018326C.c:func_801859D8 A=DIFFERS B: removed 0 needed 1 compiles 2
04:08:24   src/md_SC07_004/md_SC07_004.c:func_801A8B64 A=DIFFERS B: removed 0 needed 1 compiles 2
04:08:24   src/ov_SC07_007/ov_SC07_007_jr_8017BEBC.c:func_80181F4C A=DIFFERS B: removed 0 needed 1 compiles 2
04:08:24   src/ov_SC06_018/ov_SC06_018_jr_80187AEC.c:func_8018B9D4 A=DIFFERS B: removed 0 needed 1 compiles 2
04:08:24   src/ov_SC02_011/ov_SC02_011_jr_80188E3C.c:func_8018E8A0 A=DIFFERS B: removed 0 needed 3 compiles 4
04:08:25   src/ov_SC03_090/ov_SC03_090_jr_8017CA80.c:func_80185598 A=DIFFERS B: removed 0 needed 1 compiles 2
04:08:25   src/ov_SC06_018/ov_SC06_018_jr_80187AEC.c:func_8018C3F8 A=DIFFERS B: removed 0 needed 1 compiles 2
04:08:25   src/md_SC07_004/md_SC07_004.c:func_801A94A0 A=DIFFERS B: removed 0 needed 1 compiles 2
04:08:25   src/ov_SC07_007/ov_SC07_007_jr_8017BEBC.c:func_80182184 A=DIFFERS B: removed 0 needed 3 compiles 4
04:08:25   src/ov_SC03_091/ov_SC03_091_jr_8018326C.c:func_8018632C A=DIFFERS B: removed 1 needed 2 compiles 4
04:08:25   src/ov_SC02_011/ov_SC02_011_jr_80188E3C.c:func_8018F4B8 A=DIFFERS B: removed 0 needed 2 compiles 3
04:08:26   src/800_c.c:func_80038958 A=DIFFERS B: removed 5 needed 2 compiles 8
04:08:26   src/ov_SC06_032/ov_SC06_032_jr_80182890.c:func_8018C3C4 A=DIFFERS B: removed 0 needed 1 compiles 2
04:08:26   src/ov_SC03_091/ov_SC03_091_jr_8018326C.c:func_80186440 A=DIFFERS B: removed 0 needed 1 compiles 2
04:08:26   src/ov_SC02_037/ov_SC02_037_jr_8017AE2C.c:func_8017B238 A=DIFFERS B: removed 0 needed 2 compiles 3
04:08:26   src/ov_SC02_011/ov_SC02_011_jr_80183178.c:func_80187E08 A=DIFFERS B: removed 1 needed 4 compiles 6
04:08:26   src/ov_SC02_035/ov_SC02_035_jr_8017BEBC.c:func_8017F4DC A=DIFFERS B: removed 0 needed 2 compiles 3
04:08:26   src/ov_SC06_018/ov_SC06_018_jr_80187AEC.c:func_8018C7A8 A=DIFFERS B: removed 2 needed 1 compiles 4
04:08:26   src/ov_SC03_090/ov_SC03_090_jr_8017CA80.c:func_80185BE4 A=DIFFERS B: removed 0 needed 2 compiles 3
04:08:27   src/ov_SC01_084/ov_SC01_084_jr_80182A00.c:func_80183068 A=DIFFERS B: removed 0 needed 1 compiles 2
04:08:27   src/ov_SC02_011/ov_SC02_011_jr_80183178.c:func_80188034 A=DIFFERS B: removed 0 needed 1 compiles 2
04:08:27   src/ov_SC06_032/ov_SC06_032_jr_80182890.c:func_8018C608 A=DIFFERS B: removed 0 needed 1 compiles 2
04:08:27   src/ov_SC03_091/ov_SC03_091_jr_8018326C.c:func_80186A8C A=DIFFERS B: removed 0 needed 2 compiles 3
04:08:27   src/ov_SC03_104/ov_SC03_104_jr_80182038.c:func_8018271C A=DIFFERS B: removed 0 needed 2 compiles 3
04:08:27   src/ov_SC06_018/ov_SC06_018_jr_80187AEC.c:func_8018CC88 A=DIFFERS B: removed 0 needed 1 compiles 2
04:08:27   src/ov_SC02_011/ov_SC02_011_jr_80183178.c:func_80188250 A=DIFFERS B: removed 0 needed 1 compiles 2
04:08:27   src/md_SC07_004/md_SC07_004.c:func_801AA60C A=DIFFERS B: removed 1 needed 1 compiles 3
04:08:27   src/ov_SC03_091/ov_SC03_091_jr_8018326C.c:func_801870CC A=DIFFERS B: removed 0 needed 1 compiles 2
04:08:27   src/ov_SC01_084/ov_SC01_084_jr_80182A00.c:func_8018353C A=DIFFERS B: removed 2 needed 2 compiles 5
04:08:28   src/ov_SC02_037/ov_SC02_037_jr_8017AE2C.c:func_8017B614 A=DIFFERS B: removed 0 needed 3 compiles 4
04:08:28   src/ov_SC03_104/ov_SC03_104_jr_80182038.c:func_801829C4 A=DIFFERS B: removed 0 needed 1 compiles 2
04:08:28   src/ov_SC02_011/ov_SC02_011_jr_80183178.c:func_801887F8 A=DIFFERS B: removed 0 needed 1 compiles 2
04:08:28   src/ov_SC02_035/ov_SC02_035_jr_8017BEBC.c:func_8017F96C A=DIFFERS B: removed 1 needed 3 compiles 5
04:08:28   src/ov_SC06_018/ov_SC06_018_jr_80187AEC.c:func_8018CD04 A=DIFFERS B: removed 0 needed 2 compiles 3
04:08:28   src/ov_SC06_032/ov_SC06_032_jr_80182890.c:func_8018D5C0 A=DIFFERS B: removed 1 needed 1 compiles 3
04:08:28   src/ov_SC03_104/ov_SC03_104_jr_80182038.c:func_8018304C A=DIFFERS B: removed 1 needed 1 compiles 3
04:08:29   src/ov_SC01_084/ov_SC01_084_jr_80182A00.c:func_80183790 A=DIFFERS B: removed 3 needed 1 compiles 5
04:08:29   src/ov_SC02_037/ov_SC02_037_jr_8017AE2C.c:func_8017D898 A=DIFFERS B: removed 0 needed 1 compiles 2
04:08:29   src/ov_SC01_084/ov_SC01_084_jr_80182A00.c:func_8018392C A=DIFFERS B: removed 0 needed 1 compiles 2
04:08:29   src/ov_SC06_018/ov_SC06_018_jr_80187AEC.c:func_8018D870 A=DIFFERS B: removed 1 needed 1 compiles 3
04:08:29   src/ov_SC03_104/ov_SC03_104_jr_80182038.c:func_8018342C A=DIFFERS B: removed 0 needed 1 compiles 2
04:08:29   src/ov_SC03_090/ov_SC03_090_jr_8017CA80.c:func_80186874 A=DIFFERS B: removed 1 needed 1 compiles 3
04:08:29   src/800.c:func_80015B6C A=DIFFERS B: removed 0 needed 8 compiles 9
04:08:29   src/ov_SC02_035/ov_SC02_035_jr_8017BEBC.c:func_801808F0 A=DIFFERS B: removed 0 needed 1 compiles 2
04:08:29   src/ov_SC01_084/ov_SC01_084_jr_80182A00.c:func_80183A7C A=DIFFERS B: removed 0 needed 1 compiles 2
04:08:30   src/ov_SC01_084/ov_SC01_084_jr_80182A00.c:func_80183BD0 A=DIFFERS B: removed 0 needed 1 compiles 2
04:08:30   src/ov_SC03_104/ov_SC03_104_jr_80182038.c:func_8018383C A=DIFFERS B: removed 1 needed 1 compiles 3
04:08:30   src/ov_SC02_037/ov_SC02_037_jr_8017AE2C.c:func_8017EBC4 A=DIFFERS B: removed 0 needed 2 compiles 3
04:08:30   src/ov_SC03_091/ov_SC03_091_jr_8018326C.c:func_801880E8 A=DIFFERS B: removed 2 needed 3 compiles 6
04:08:30   src/ov_SC03_104/ov_SC03_104_jr_80182038.c:func_801839C0 A=DIFFERS B: removed 0 needed 1 compiles 2
04:08:30   src/ov_SC01_084/ov_SC01_084_jr_80182A00.c:func_80184460 A=DIFFERS B: removed 1 needed 1 compiles 3
04:08:31   src/ov_SC03_104/ov_SC03_104_jr_80182038.c:func_8018428C A=DIFFERS B: removed 0 needed 1 compiles 2
04:08:31   src/ov_SC01_084/ov_SC01_084_jr_80182A00.c:func_801851EC A=DIFFERS B: removed 0 needed 2 compiles 3
04:08:31   src/ov_SC06_032/ov_SC06_032_jr_80182890.c:func_8018E32C A=DIFFERS B: removed 2 needed 1 compiles 4
04:08:31   src/ov_SC06_018/ov_SC06_018_jr_80187AEC.c:func_8018E5DC A=DIFFERS B: removed 2 needed 1 compiles 4
04:08:31   src/ov_SC03_104/ov_SC03_104_jr_80182038.c:func_8018431C A=DIFFERS B: removed 0 needed 1 compiles 2
04:08:31   src/ov_SC02_035/ov_SC02_035_jr_8017BEBC.c:func_80180D54 A=DIFFERS B: removed 1 needed 2 compiles 4
04:08:31   src/md_SC07_004/md_SC07_004.c:func_801AADA8 A=DIFFERS B: removed 2 needed 3 compiles 6
04:08:31   src/ov_SC01_084/ov_SC01_084_jr_80182A00.c:func_8018528C A=DIFFERS B: removed 0 needed 1 compiles 2
04:08:31   src/ov_SC02_041/ov_SC02_041_jr_8017BEBC.c:func_8017DD60 A=DIFFERS B: removed 0 needed 2 compiles 3
04:08:31   src/ov_SC03_091/ov_SC03_091_jr_8018326C.c:func_80188B64 A=DIFFERS B: removed 1 needed 1 compiles 3
04:08:31   src/ov_SC03_104/ov_SC03_104_jr_80182038.c:func_801846F0 A=DIFFERS B: removed 0 needed 1 compiles 2
04:08:32   src/ov_SC01_084/ov_SC01_084_jr_80182A00.c:func_801855EC A=DIFFERS B: removed 1 needed 1 compiles 3
04:08:32   src/ov_SC03_090/ov_SC03_090_jr_8017CA80.c:func_80187CBC A=DIFFERS B: removed 1 needed 1 compiles 3
04:08:32   src/ov_SC03_091/ov_SC03_091_jr_8018326C.c:func_80188DF4 A=DIFFERS B: removed 1 needed 1 compiles 3
04:08:32   src/ov_SC01_084/ov_SC01_084_jr_80182A00.c:func_801856D8 A=DIFFERS B: removed 1 needed 1 compiles 3
04:08:32   src/ov_SC06_018/ov_SC06_018_jr_80187AEC.c:func_8018E9BC A=DIFFERS B: removed 2 needed 1 compiles 4
04:08:32   src/800.c:func_80015D4C A=DIFFERS B: removed 0 needed 3 compiles 4
04:08:33   src/ov_SC01_084/ov_SC01_084_jr_80182A00.c:func_8018599C A=DIFFERS B: removed 0 needed 1 compiles 2
04:08:33   src/ov_SC02_035/ov_SC02_035_jr_8017BEBC.c:func_801810FC A=DIFFERS B: removed 1 needed 3 compiles 5
04:08:33   src/800_c.c:func_80038A58 A=DIFFERS B: removed 26 needed 9 compiles 36
04:08:33   src/ov_SC06_032/ov_SC06_032_jr_80182890.c:func_8018E70C A=DIFFERS B: removed 2 needed 1 compiles 4
04:08:33   src/ov_SC01_084/ov_SC01_084_jr_80182A00.c:func_80185B78 A=DIFFERS B: removed 1 needed 1 compiles 3
04:08:33   src/ov_SC02_041/ov_SC02_041_jr_8017BEBC.c:func_8017EE68 A=DIFFERS B: removed 0 needed 2 compiles 3
04:08:33   src/ov_SC06_018/ov_SC06_018_jr_80187AEC.c:func_8018F060 A=DIFFERS B: removed 0 needed 1 compiles 2
04:08:33   src/ov_SC03_104/ov_SC03_104_jr_80182038.c:func_80184D50 A=DIFFERS B: removed 0 needed 8 compiles 9
04:08:33   src/ov_SC03_090/ov_SC03_090_jr_8017CA80.c:func_80187F4C A=DIFFERS B: removed 1 needed 1 compiles 3
04:08:33   src/ov_SC01_084/ov_SC01_084_jr_80182A00.c:func_80185E38 A=DIFFERS B: removed 0 needed 1 compiles 2
04:08:34   src/ov_SC06_018/ov_SC06_018_jr_80187AEC.c:func_8018F694 A=DIFFERS B: removed 0 needed 1 compiles 2
04:08:34   src/ov_SC01_084/ov_SC01_084_jr_80182A00.c:func_80185E98 A=DIFFERS B: removed 0 needed 2 compiles 3
04:08:34   src/ov_SC02_035/ov_SC02_035_jr_8017BEBC.c:func_80181B00 A=DIFFERS B: removed 1 needed 1 compiles 3
04:08:34   src/ov_SC03_104/ov_SC03_104_jr_80182038.c:func_80185690 A=DIFFERS B: removed 1 needed 4 compiles 6
04:08:34   src/ov_SC06_032/ov_SC06_032_jr_80182890.c:func_8018EDB0 A=DIFFERS B: removed 0 needed 1 compiles 2
04:08:34   src/ov_SC03_098/ov_SC03_098_jr_8017D898.c:func_8018106C A=DIFFERS B: removed 0 needed 2 compiles 3
04:08:35   src/ov_SC02_041/ov_SC02_041_jr_8017BEBC.c:func_801808E0 A=DIFFERS B: removed 0 needed 1 compiles 2
04:08:35   src/800_c.c:func_800391D4 A=DIFFERS B: removed 0 needed 10 compiles 11
04:08:35   src/ov_SC01_001/ov_SC01_001_jr_8017D2DC.c:func_8017F28C A=DIFFERS B: removed 0 needed 2 compiles 3
04:08:35   src/ov_SC03_104/ov_SC03_104_jr_80182038.c:func_80185E34 A=DIFFERS B: removed 0 needed 3 compiles 4
04:08:36   src/ov_SC06_032/ov_SC06_032_jr_80182890.c:func_8018F3E4 A=DIFFERS B: removed 0 needed 1 compiles 2
04:08:36   src/md_SC07_004/md_SC07_004.c:func_801AB21C A=DIFFERS B: removed 3 needed 4 compiles 8
04:08:36   src/ov_SC02_035/ov_SC02_035_jr_8017BEBC.c:func_80182200 A=DIFFERS B: removed 1 needed 2 compiles 4
04:08:36   src/ov_SC02_041/ov_SC02_041_jr_8017BEBC.c:func_8018317C A=DIFFERS B: removed 0 needed 1 compiles 2
04:08:36   src/ov_SC03_107/ov_SC03_107_jr_801789AC.c:func_8017A3D8 A=DIFFERS B: removed 0 needed 1 compiles 2
04:08:36   src/ov_SC01_001/ov_SC01_001_jr_8017D2DC.c:func_8017F8B4 A=DIFFERS B: removed 0 needed 2 compiles 3
04:08:36   src/ov_SC03_098/ov_SC03_098_jr_8017D898.c:func_80182480 A=DIFFERS B: removed 0 needed 1 compiles 2
04:08:36   src/ov_SC06_018/ov_SC06_018_jr_80187AEC.c:func_8018FE0C A=DIFFERS B: removed 2 needed 3 compiles 6
04:08:36   src/800_c.c:func_80039B20 A=DIFFERS B: removed 0 needed 3 compiles 4
04:08:37   src/ov_SC02_041/ov_SC02_041_jr_8017BEBC.c:func_801832F8 A=DIFFERS B: removed 0 needed 1 compiles 2
04:08:37   src/800_c.c:func_80039F50 A=DIFFERS B: removed 1 needed 2 compiles 4
04:08:37   src/ov_SC01_001/ov_SC01_001_jr_8017D2DC.c:func_8017FE44 A=DIFFERS B: removed 0 needed 2 compiles 3
04:08:37   src/ov_SC02_028/ov_SC02_028_jr_8017D898.c:func_80180970 A=DIFFERS B: removed 0 needed 1 compiles 2
04:08:37   src/ov_SC02_035/ov_SC02_035_jr_8017BEBC.c:func_801822E8 A=DIFFERS B: removed 1 needed 2 compiles 4
04:08:38   src/ov_SC03_107/ov_SC03_107_jr_801789AC.c:func_8017B238 A=DIFFERS B: removed 0 needed 2 compiles 3
04:08:38   src/ov_SC03_089/ov_SC03_089_jr_8017CA80.c:func_8017D960 A=DIFFERS B: removed 0 needed 1 compiles 2
04:08:38   src/md_SC07_004/md_SC07_004.c:func_801AB54C A=DIFFERS B: removed 2 needed 1 compiles 4
04:08:38   src/ov_SC01_001/ov_SC01_001_jr_8017D2DC.c:func_80180478 A=DIFFERS B: removed 0 needed 2 compiles 3
04:08:38   src/ov_SC03_098/ov_SC03_098_jr_8017D898.c:func_801828E4 A=DIFFERS B: removed 1 needed 2 compiles 4
04:08:38   src/ov_SC02_028/ov_SC02_028_jr_8017D898.c:func_80180C04 A=DIFFERS B: removed 0 needed 1 compiles 2
04:08:38   src/800_c.c:func_8003A234 A=DIFFERS B: removed 2 needed 2 compiles 5
04:08:38   src/ov_SC06_032/ov_SC06_032_jr_80182890.c:func_8018FB5C A=DIFFERS B: removed 2 needed 3 compiles 6
04:08:38   src/800.c:func_80015F04 A=DIFFERS B: removed 2 needed 5 compiles 8
04:08:39   src/ov_SC02_028/ov_SC02_028_jr_8017D898.c:func_80181264 A=DIFFERS B: removed 0 needed 1 compiles 2
04:08:39   src/ov_SC03_099/ov_SC03_099_jr_8017BEBC.c:func_8017D2AC A=DIFFERS B: removed 0 needed 2 compiles 3
04:08:39   src/ov_SC01_001/ov_SC01_001_jr_8017D2DC.c:func_80180914 A=DIFFERS B: removed 0 needed 2 compiles 3
04:08:39   src/ov_SC03_089/ov_SC03_089_jr_8017CA80.c:func_8018188C A=DIFFERS B: removed 0 needed 2 compiles 3
04:08:39   src/ov_SC02_035/ov_SC02_035_jr_8017BEBC.c:func_80182660 A=DIFFERS B: removed 1 needed 2 compiles 4
04:08:39   src/ov_SC03_107/ov_SC03_107_jr_801789AC.c:func_8017B614 A=DIFFERS B: removed 0 needed 3 compiles 4
04:08:40   src/ov_SC02_028/ov_SC02_028_jr_8017D898.c:func_801817B8 A=DIFFERS B: removed 0 needed 1 compiles 2
04:08:40   src/ov_SC01_001/ov_SC01_001_jr_8017D2DC.c:func_80180F64 A=DIFFERS B: removed 0 needed 2 compiles 3
04:08:40   src/ov_SC03_098/ov_SC03_098_jr_8017D898.c:func_80182C8C A=DIFFERS B: removed 1 needed 3 compiles 5
04:08:40   src/ov_SC02_037/ov_SC02_037_jr_8017AE2C.c:func_8017F2B4 A=DIFFERS B: removed 6 needed 17 compiles 24
04:08:40   src/ov_SC02_035/ov_SC02_035_jr_8017BEBC.c:func_80183E68 A=DIFFERS B: removed 0 needed 2 compiles 3
04:08:40   src/ov_SC03_103/ov_SC03_103_jr_8017C294.c:func_8017D174 A=DIFFERS B: removed 1 needed 3 compiles 5
04:08:40   src/ov_SC01_001/ov_SC01_001_jr_8017D2DC.c:func_801816A4 A=DIFFERS B: removed 0 needed 1 compiles 2
04:08:41   src/ov_SC02_028/ov_SC02_028_jr_8017D898.c:func_80181EDC A=DIFFERS B: removed 1 needed 1 compiles 3
04:08:41   src/ov_SC03_099/ov_SC03_099_jr_8017BEBC.c:func_80180200 A=DIFFERS B: removed 0 needed 2 compiles 3
04:08:41   src/ov_SC03_113/ov_SC03_113_jr_8017C294.c:func_8017D174 A=DIFFERS B: removed 1 needed 3 compiles 5
04:08:41   src/ov_SC02_028/ov_SC02_028_jr_8017D898.c:func_80182060 A=DIFFERS B: removed 0 needed 1 compiles 2
04:08:42   src/ov_SC06_006/ov_SC06_006_jr_8017DB90.c:func_8017E078 A=DIFFERS B: removed 0 needed 1 compiles 2
04:08:42   src/800.c:func_80016110 A=DIFFERS B: removed 2 needed 1 compiles 4
04:08:42   src/ov_SC03_113/ov_SC03_113_jr_8017C294.c:func_8017E178 A=DIFFERS B: removed 0 needed 2 compiles 3
04:08:42   src/ov_SC02_028/ov_SC02_028_jr_8017D898.c:func_8018292C A=DIFFERS B: removed 0 needed 1 compiles 2
04:08:42   src/md_SC07_004/md_SC07_004.c:func_801AB5D4 A=DIFFERS B: removed 5 needed 1 compiles 7
04:08:42   src/ov_SC02_037/ov_SC02_037_jr_8017AE2C.c:func_8017FBEC A=DIFFERS B: removed 1 needed 3 compiles 5
04:08:42   src/ov_SC03_113/ov_SC03_113_jr_8017C294.c:func_8017E728 A=DIFFERS B: removed 0 needed 1 compiles 2
04:08:43   src/ov_SC06_006/ov_SC06_006_jr_8017DB90.c:func_8017E330 A=DIFFERS B: removed 0 needed 3 compiles 4
04:08:43   src/ov_SC02_028/ov_SC02_028_jr_8017D898.c:func_801829BC A=DIFFERS B: removed 0 needed 1 compiles 2
04:08:43   src/ov_SC03_099/ov_SC03_099_jr_8017BEBC.c:func_801806D8 A=DIFFERS B: removed 1 needed 3 compiles 5
04:08:43   src/ov_SC03_103/ov_SC03_103_jr_8017C294.c:func_80180F10 A=DIFFERS B: removed 0 needed 2 compiles 3
04:08:43   src/ov_SC03_097/ov_SC03_097_jr_8017D898.c:func_8017F304 A=DIFFERS B: removed 0 needed 1 compiles 2
04:08:43   src/ov_SC03_089/ov_SC03_089_jr_8017CA80.c:func_80183CE8 A=DIFFERS B: removed 3 needed 3 compiles 7
04:08:43   src/ov_SC03_113/ov_SC03_113_jr_8017C294.c:func_8017E878 A=DIFFERS B: removed 0 needed 1 compiles 2
04:08:43   src/ov_SC03_107/ov_SC03_107_jr_801789AC.c:func_8017BEBC A=DIFFERS B: removed 0 needed 7 compiles 8
04:08:43   src/ov_SC06_006/ov_SC06_006_jr_8017DB90.c:func_8017E550 A=DIFFERS B: removed 0 needed 3 compiles 4
04:08:44   src/ov_SC06_006/ov_SC06_006_jr_8017DB90.c:func_8017E734 A=DIFFERS B: removed 0 needed 2 compiles 3
04:08:44   src/ov_SC03_097/ov_SC03_097_jr_8017D898.c:func_8017F7E4 A=DIFFERS B: removed 1 needed 2 compiles 4
04:08:44   src/ov_SC06_006/ov_SC06_006_jr_8017DB90.c:func_8017F258 A=DIFFERS B: removed 0 needed 1 compiles 2
04:08:44   src/ov_SC03_097/ov_SC03_097_jr_8017D898.c:func_8017FDBC A=DIFFERS B: removed 0 needed 1 compiles 2
04:08:45   src/ov_SC02_037/ov_SC02_037_jr_8017AE2C.c:func_80180CF0 A=DIFFERS B: removed 1 needed 2 compiles 4
04:08:45   src/ov_SC06_006/ov_SC06_006_jr_8017DB90.c:func_8017F5D0 A=DIFFERS B: removed 1 needed 2 compiles 4
04:08:45   src/ov_SC03_103/ov_SC03_103_jr_8017C294.c:func_801813E8 A=DIFFERS B: removed 1 needed 3 compiles 5
04:08:45   src/ov_SC03_089/ov_SC03_089_jr_8017CA80.c:func_80184BAC A=DIFFERS B: removed 0 needed 2 compiles 3
04:08:45   src/ov_SC03_097/ov_SC03_097_jr_8017D898.c:func_8017FEA0 A=DIFFERS B: removed 1 needed 1 compiles 3
04:08:45   src/ov_SC03_099/ov_SC03_099_jr_8017BEBC.c:func_80182B10 A=DIFFERS B: removed 0 needed 1 compiles 2
04:08:45   src/ov_SC03_113/ov_SC03_113_jr_8017C294.c:func_8017F394 A=DIFFERS B: removed 5 needed 1 compiles 7
04:08:45   src/ov_SC02_028/ov_SC02_028_jr_8017D898.c:func_801833F0 A=DIFFERS B: removed 0 needed 8 compiles 9
04:08:45   src/ov_SC06_006/ov_SC06_006_jr_8017DB90.c:func_8017F8CC A=DIFFERS B: removed 0 needed 1 compiles 2
04:08:46   src/ov_SC03_097/ov_SC03_097_jr_8017D898.c:func_80180024 A=DIFFERS B: removed 0 needed 1 compiles 2
04:08:46   src/ov_SC06_006/ov_SC06_006_jr_8017DB90.c:func_801800B8 A=DIFFERS B: removed 0 needed 1 compiles 2
04:08:46   src/ov_SC03_113/ov_SC03_113_jr_8017C294.c:func_8017F4DC A=DIFFERS B: removed 0 needed 1 compiles 2
04:08:46   src/ov_SC03_107/ov_SC03_107_jr_801789AC.c:func_8017CF48 A=DIFFERS B: removed 2 needed 4 compiles 7
04:08:46   src/ov_SC02_037/ov_SC02_037_jr_8017AE2C.c:func_80180DD8 A=DIFFERS B: removed 1 needed 2 compiles 4
04:08:46   src/md_SC07_004/md_SC07_004.c:func_801AB694 A=DIFFERS B: removed 5 needed 1 compiles 7
04:08:46   src/ov_SC06_006/ov_SC06_006_jr_8017DB90.c:func_80180390 A=DIFFERS B: removed 0 needed 1 compiles 2
04:08:46   src/ov_SC03_097/ov_SC03_097_jr_8017D898.c:func_801808F0 A=DIFFERS B: removed 0 needed 1 compiles 2
04:08:46   src/ov_SC03_089/ov_SC03_089_jr_8017CA80.c:func_80184E54 A=DIFFERS B: removed 0 needed 1 compiles 2
04:08:47   src/ov_SC03_113/ov_SC03_113_jr_8017C294.c:func_8017F9FC A=DIFFERS B: removed 0 needed 1 compiles 2
04:08:47   src/ov_SC06_006/ov_SC06_006_jr_8017DB90.c:func_801808C0 A=DIFFERS B: removed 0 needed 1 compiles 2
04:08:47   src/ov_SC04_003/ov_SC04_003_jr_8017BEBC.c:func_8017DC20 A=DIFFERS B: removed 0 needed 1 compiles 2
04:08:47   src/ov_SC03_097/ov_SC03_097_jr_8017D898.c:func_80180980 A=DIFFERS B: removed 0 needed 1 compiles 2
04:08:47   src/ov_SC02_028/ov_SC02_028_jr_8017D898.c:func_80183D30 A=DIFFERS B: removed 1 needed 4 compiles 6
04:08:47   src/ov_SC06_006/ov_SC06_006_jr_8017DB90.c:func_80180AE8 A=DIFFERS B: removed 0 needed 1 compiles 2
04:08:47   src/ov_SC01_001/ov_SC01_001_jr_8017D2DC.c:func_80181A4C A=DIFFERS B: removed 16 needed 9 compiles 26
04:08:47   src/ov_SC03_097/ov_SC03_097_jr_8017D898.c:func_80180D54 A=DIFFERS B: removed 0 needed 1 compiles 2
04:08:47   src/ov_SC04_003/ov_SC04_003_jr_8017BEBC.c:func_8017DE58 A=DIFFERS B: removed 0 needed 1 compiles 2
04:08:48   src/ov_SC03_103/ov_SC03_103_jr_8017C294.c:func_80183820 A=DIFFERS B: removed 0 needed 1 compiles 2
04:08:48   src/ov_SC03_107/ov_SC03_107_jr_801789AC.c:func_8017E7C0 A=DIFFERS B: removed 0 needed 2 compiles 3
04:08:48   src/ov_SC03_089/ov_SC03_089_jr_8017CA80.c:func_801854DC A=DIFFERS B: removed 1 needed 1 compiles 3
04:08:48   src/ov_SC01_001/ov_SC01_001_jr_8017D2DC.c:func_80182284 A=DIFFERS B: removed 0 needed 1 compiles 2
04:08:48   src/ov_SC03_113/ov_SC03_113_jr_8017C294.c:func_8018084C A=DIFFERS B: removed 0 needed 2 compiles 3
04:08:48   src/md_SC07_004/md_SC07_004.c:func_801AB78C A=DIFFERS B: removed 1 needed 1 compiles 3
04:08:48   src/ov_SC02_037/ov_SC02_037_jr_8017AE2C.c:func_80181150 A=DIFFERS B: removed 1 needed 2 compiles 4
04:08:48   src/ov_SC06_006/ov_SC06_006_jr_8017DB90.c:func_80180FE8 A=DIFFERS B: removed 2 needed 2 compiles 5
04:08:48   src/ov_SC02_028/ov_SC02_028_jr_8017D898.c:func_801844D4 A=DIFFERS B: removed 0 needed 3 compiles 4
04:08:49   src/ov_SC01_001/ov_SC01_001_jr_8017D2DC.c:func_8018275C A=DIFFERS B: removed 0 needed 2 compiles 3
04:08:49   src/ov_SC06_006/ov_SC06_006_jr_8017DB90.c:func_801811D4 A=DIFFERS B: removed 1 needed 1 compiles 3
04:08:49   src/ov_SC03_107/ov_SC03_107_jr_801789AC.c:func_8017F6E8 A=DIFFERS B: removed 0 needed 2 compiles 3
04:08:49   src/md_SC07_004/md_SC07_004.c:func_801AB818 A=DIFFERS B: removed 0 needed 1 compiles 2
04:08:49   src/ov_SC03_113/ov_SC03_113_jr_8017C294.c:func_80181128 A=DIFFERS B: removed 0 needed 2 compiles 3
04:08:49   src/800.c:func_80016224 A=DIFFERS B: removed 3 needed 6 compiles 10
04:08:49   src/ov_SC06_006/ov_SC06_006_jr_8017DB90.c:func_801815DC A=DIFFERS B: removed 0 needed 1 compiles 2
04:08:49   src/ov_SC03_097/ov_SC03_097_jr_8017D898.c:func_801813B4 A=DIFFERS B: removed 0 needed 8 compiles 9
04:08:49   src/ov_SC01_001/ov_SC01_001_jr_8017D2DC.c:func_80182F94 A=DIFFERS B: removed 0 needed 2 compiles 3
04:08:49   src/ov_SC03_089/ov_SC03_089_jr_8017CA80.c:func_801858BC A=DIFFERS B: removed 0 needed 1 compiles 2
04:08:49   src/ov_SC02_005/ov_SC02_005_jr_8018EA04.c:func_8018F230 A=DIFFERS B: removed 0 needed 1 compiles 2
04:08:50   src/ov_SC04_003/ov_SC04_003_jr_8017BEBC.c:func_8017E910 A=DIFFERS B: removed 0 needed 8 compiles 9
04:08:50   src/ov_SC03_094/ov_SC03_094_jr_8017BEBC.c:func_80180864 A=DIFFERS B: removed 0 needed 2 compiles 3
04:08:50   src/ov_SC06_006/ov_SC06_006_jr_8017DB90.c:func_80181658 A=DIFFERS B: removed 0 needed 2 compiles 3
04:08:50   src/ov_SC01_001/ov_SC01_001_jr_8017D2DC.c:func_80183748 A=DIFFERS B: removed 0 needed 1 compiles 2
04:08:50   src/ov_SC03_113/ov_SC03_113_jr_8017C294.c:func_80181864 A=DIFFERS B: removed 0 needed 3 compiles 4
04:08:51   src/ov_SC04_003/ov_SC04_003_jr_8017BEBC.c:func_8017FC18 A=DIFFERS B: removed 0 needed 1 compiles 2
04:08:51   src/ov_SC05_003/ov_SC05_003_jr_8017BEBC.c:func_8017CD9C A=DIFFERS B: removed 1 needed 3 compiles 5
04:08:51   src/ov_SC03_107/ov_SC03_107_jr_801789AC.c:func_8017FE24 A=DIFFERS B: removed 0 needed 3 compiles 4
04:08:51   src/ov_SC02_005/ov_SC02_005_jr_8018EA04.c:func_8018F72C A=DIFFERS B: removed 5 needed 4 compiles 10
04:08:51   src/ov_SC06_033/ov_SC06_033_jr_80186574.c:func_80186858 A=DIFFERS B: removed 0 needed 1 compiles 2
04:08:51   src/ov_SC04_003/ov_SC04_003_jr_8017BEBC.c:func_8017FF18 A=DIFFERS B: removed 0 needed 1 compiles 2
04:08:51   src/ov_SC03_097/ov_SC03_097_jr_8017D898.c:func_80181CF4 A=DIFFERS B: removed 1 needed 4 compiles 6
04:08:52   src/ov_SC03_113/ov_SC03_113_jr_8017C294.c:func_80181C24 A=DIFFERS B: removed 0 needed 2 compiles 3
04:08:52   src/ov_SC05_003/ov_SC05_003_jr_8017BEBC.c:func_8017E89C A=DIFFERS B: removed 1 needed 1 compiles 3
04:08:52   src/md_SC07_004/md_SC07_004.c:func_801ABEE0 A=DIFFERS B: removed 2 needed 2 compiles 5
04:08:52   src/ov_SC02_005/ov_SC02_005_jr_8018EA04.c:func_8018F944 A=DIFFERS B: removed 2 needed 3 compiles 6
04:08:52   src/ov_SC03_107/ov_SC03_107_jr_801789AC.c:func_801801E4 A=DIFFERS B: removed 0 needed 2 compiles 3
04:08:52   src/ov_SC06_033/ov_SC06_033_jr_80186574.c:func_80187138 A=DIFFERS B: removed 0 needed 2 compiles 3
04:08:52   src/ov_SC03_097/ov_SC03_097_jr_8017D898.c:func_80182498 A=DIFFERS B: removed 0 needed 3 compiles 4
04:08:52   src/ov_SC05_003/ov_SC05_003_jr_8017BEBC.c:func_8017E940 A=DIFFERS B: removed 0 needed 1 compiles 2
04:08:52   src/ov_SC04_003/ov_SC04_003_jr_8017BEBC.c:func_801806E8 A=DIFFERS B: removed 0 needed 3 compiles 4
04:08:52   src/ov_SC03_113/ov_SC03_113_jr_8017C294.c:func_80182C44 A=DIFFERS B: removed 0 needed 1 compiles 2
04:08:52   src/ov_SC02_005/ov_SC02_005_jr_8018EA04.c:func_8018FA34 A=DIFFERS B: removed 0 needed 3 compiles 4
04:08:53   src/ov_SC03_101/ov_SC03_101_jr_8017CA80.c:func_80180400 A=DIFFERS B: removed 1 needed 1 compiles 3
04:08:53   src/ov_SC06_033/ov_SC06_033_jr_80186574.c:func_80188C28 A=DIFFERS B: removed 0 needed 2 compiles 3
04:08:53   src/ov_SC03_100/ov_SC03_100_jr_8017D898.c:func_801813C4 A=DIFFERS B: removed 1 needed 3 compiles 5
04:08:53   src/ov_SC06_016/ov_SC06_016_jr_801816DC.c:func_80181998 A=DIFFERS B: removed 0 needed 1 compiles 2
04:08:53   src/ov_SC03_101/ov_SC03_101_jr_8017CA80.c:func_80180584 A=DIFFERS B: removed 0 needed 1 compiles 2
04:08:53   src/ov_SC03_107/ov_SC03_107_jr_801789AC.c:func_80181204 A=DIFFERS B: removed 0 needed 1 compiles 2
04:08:53   src/ov_SC05_003/ov_SC05_003_jr_8017BEBC.c:func_8017EF0C A=DIFFERS B: removed 0 needed 1 compiles 2
04:08:53   src/ov_SC02_005/ov_SC02_005_jr_8018EA04.c:func_8018FB8C A=DIFFERS B: removed 2 needed 2 compiles 5
04:08:54   src/md_SC07_004/md_SC07_004.c:func_801AC29C A=DIFFERS B: removed 1 needed 1 compiles 3
04:08:54   src/ov_SC06_016/ov_SC06_016_jr_801816DC.c:func_80181C78 A=DIFFERS B: removed 0 needed 1 compiles 2
04:08:54   src/ov_SC03_094/ov_SC03_094_jr_8017BEBC.c:func_80181448 A=DIFFERS B: removed 2 needed 4 compiles 7
04:08:54   src/ov_SC02_005/ov_SC02_005_jr_8018EA04.c:func_8018FC38 A=DIFFERS B: removed 0 needed 2 compiles 3
04:08:54   src/ov_SC03_101/ov_SC03_101_jr_8017CA80.c:func_80180E50 A=DIFFERS B: removed 0 needed 1 compiles 2
04:08:54   src/ov_SC06_016/ov_SC06_016_jr_801816DC.c:func_80181E90 A=DIFFERS B: removed 0 needed 1 compiles 2
04:08:54   src/ov_SC03_007/ov_SC03_007_jr_80183894.c:func_80184AFC A=DIFFERS B: removed 0 needed 1 compiles 2
04:08:54   src/ov_SC06_016/ov_SC06_016_jr_801816DC.c:func_80181FB0 A=DIFFERS B: removed 0 needed 1 compiles 2
04:08:54   src/ov_SC05_003/ov_SC05_003_jr_8017BEBC.c:func_8017F4FC A=DIFFERS B: removed 0 needed 2 compiles 3
04:08:54   src/ov_SC04_003/ov_SC04_003_jr_8017BEBC.c:func_80180CC0 A=DIFFERS B: removed 0 needed 5 compiles 6
04:08:54   src/ov_SC03_101/ov_SC03_101_jr_8017CA80.c:func_80180EE0 A=DIFFERS B: removed 0 needed 1 compiles 2
04:08:55   src/ov_SC03_007/ov_SC03_007_jr_80183894.c:func_80184E8C A=DIFFERS B: removed 0 needed 1 compiles 2
04:08:55   src/md_SC07_004/md_SC07_004.c:func_801AC9CC A=DIFFERS B: removed 0 needed 1 compiles 2
04:08:55   src/ov_SC06_033/ov_SC06_033_jr_80186574.c:func_8018A318 A=DIFFERS B: removed 2 needed 1 compiles 4
04:08:55   src/ov_SC05_003/ov_SC05_003_jr_8017BEBC.c:func_801803B8 A=DIFFERS B: removed 0 needed 1 compiles 2
04:08:55   src/ov_SC03_100/ov_SC03_100_jr_8017D898.c:func_801824C8 A=DIFFERS B: removed 1 needed 2 compiles 4
04:08:55   src/ov_SC02_005/ov_SC02_005_jr_8018EA04.c:func_8018FCE4 A=DIFFERS B: removed 2 needed 4 compiles 7
04:08:55   src/ov_SC04_003/ov_SC04_003_jr_8017BEBC.c:func_80180D50 A=DIFFERS B: removed 0 needed 2 compiles 3
04:08:55   src/ov_SC06_016/ov_SC06_016_jr_801816DC.c:func_80182D1C A=DIFFERS B: removed 0 needed 2 compiles 3
04:08:55   src/ov_SC03_094/ov_SC03_094_jr_8017BEBC.c:func_80182CEC A=DIFFERS B: removed 0 needed 2 compiles 3
04:08:55   src/ov_SC03_007/ov_SC03_007_jr_80183894.c:func_801850B4 A=DIFFERS B: removed 1 needed 2 compiles 4
04:08:56   src/ov_SC06_016/ov_SC06_016_jr_801816DC.c:func_80182E64 A=DIFFERS B: removed 0 needed 1 compiles 2
04:08:56   src/800.c:func_80016450 A=DIFFERS B: removed 3 needed 4 compiles 8
04:08:56   src/md_SC07_004/md_SC07_004.c:func_801AD068 A=DIFFERS B: removed 0 needed 1 compiles 2
04:08:56   src/ov_SC06_033/ov_SC06_033_jr_80186574.c:func_8018AD9C A=DIFFERS B: removed 0 needed 1 compiles 2
04:08:56   src/ov_SC03_101/ov_SC03_101_jr_8017CA80.c:func_801812B4 A=DIFFERS B: removed 2 needed 2 compiles 5
04:08:56   src/ov_SC03_007/ov_SC03_007_jr_80183894.c:func_801858D4 A=DIFFERS B: removed 0 needed 1 compiles 2
04:08:56   src/ov_SC02_005/ov_SC02_005_jr_8018EA04.c:func_8018FEA0 A=DIFFERS B: removed 5 needed 3 compiles 9
04:08:56   src/ov_SC05_003/ov_SC05_003_jr_8017BEBC.c:func_801812AC A=DIFFERS B: removed 1 needed 1 compiles 3
04:08:56   src/ov_SC05_017/ov_SC05_017_jr_80188B1C.c:func_80188F14 A=DIFFERS B: removed 1 needed 5 compiles 7
04:08:56   src/ov_SC06_016/ov_SC06_016_jr_801816DC.c:func_80182F44 A=DIFFERS B: removed 4 needed 1 compiles 6
04:08:56   src/ov_SC06_033/ov_SC06_033_jr_80186574.c:func_8018B3D0 A=DIFFERS B: removed 0 needed 1 compiles 2
04:08:56   src/ov_SC02_005/ov_SC02_005_jr_8018EA04.c:func_801900B0 A=DIFFERS B: removed 0 needed 1 compiles 2
04:08:56   src/ov_SC03_007/ov_SC03_007_jr_80183894.c:func_80185A24 A=DIFFERS B: removed 0 needed 1 compiles 2
04:08:57   src/ov_SC06_016/ov_SC06_016_jr_801816DC.c:func_801834D8 A=DIFFERS B: removed 0 needed 1 compiles 2
04:08:57   src/ov_SC05_003/ov_SC05_003_jr_8017BEBC.c:func_801815A0 A=DIFFERS B: removed 0 needed 1 compiles 2
04:08:57   src/ov_SC03_100/ov_SC03_100_jr_8017D898.c:func_80182928 A=DIFFERS B: removed 1 needed 2 compiles 4
04:08:57   src/ov_SC02_005/ov_SC02_005_jr_8018EA04.c:func_80190144 A=DIFFERS B: removed 1 needed 1 compiles 3
04:08:57   src/ov_SC04_003/ov_SC04_003_jr_8017BEBC.c:func_801812C4 A=DIFFERS B: removed 3 needed 1 compiles 5
04:08:57   src/ov_SC03_007/ov_SC03_007_jr_80183894.c:func_80186818 A=DIFFERS B: removed 1 needed 1 compiles 3
04:08:58   src/ov_SC03_007/ov_SC03_007_jr_80183894.c:func_801869C0 A=DIFFERS B: removed 0 needed 1 compiles 2
04:08:58   src/ov_SC03_100/ov_SC03_100_jr_8017D898.c:func_801837FC A=DIFFERS B: removed 0 needed 1 compiles 2
04:08:58   src/ov_SC05_003/ov_SC05_003_jr_8017BEBC.c:func_80181720 A=DIFFERS B: removed 0 needed 1 compiles 2
04:08:58   src/ov_SC06_014/ov_SC06_014_jr_8017BEBC.c:func_8017DF08 A=DIFFERS B: removed 0 needed 1 compiles 2
04:08:58   src/ov_SC03_117/ov_SC03_117_jr_8017E6EC.c:func_8017E6EC A=DIFFERS B: removed 0 needed 1 compiles 2
04:08:58   src/ov_SC06_033/ov_SC06_033_jr_80186574.c:func_8018BB48 A=DIFFERS B: removed 2 needed 3 compiles 6
04:08:58   src/ov_SC06_014/ov_SC06_014_jr_8017BEBC.c:func_8017E8D8 A=DIFFERS B: removed 0 needed 2 compiles 3
04:08:59   src/ov_SC03_121/ov_SC03_121_jr_8017E1D0.c:func_8017E880 A=DIFFERS B: removed 0 needed 1 compiles 2
04:08:59   src/ov_SC05_003/ov_SC05_003_jr_8017BEBC.c:func_80181CDC A=DIFFERS B: removed 0 needed 2 compiles 3
04:08:59   src/ov_SC03_094/ov_SC03_094_jr_8017BEBC.c:func_80183CC4 A=DIFFERS B: removed 0 needed 4 compiles 5
04:08:59   src/ov_SC03_117/ov_SC03_117_jr_8017E6EC.c:func_8017F4C4 A=DIFFERS B: removed 1 needed 1 compiles 3
04:08:59   src/ov_SC03_101/ov_SC03_101_jr_8017CA80.c:func_80181914 A=DIFFERS B: removed 0 needed 8 compiles 9
04:08:59   src/ov_SC03_121/ov_SC03_121_jr_8017E1D0.c:func_8017F374 A=DIFFERS B: removed 0 needed 1 compiles 2
04:08:59   src/ov_SC06_014/ov_SC06_014_jr_8017BEBC.c:func_8017EBA0 A=DIFFERS B: removed 0 needed 1 compiles 2
04:08:59   src/md_SC07_004/md_SC07_004.c:func_801ADBB0 A=DIFFERS B: removed 1 needed 2 compiles 4
04:08:59   src/ov_SC06_024/ov_SC06_024_jr_8017BEBC.c:func_8017E1F0 A=DIFFERS B: removed 1 needed 2 compiles 4
04:08:59   src/ov_SC06_032/ov_SC06_032_jr_8017C24C.c:func_8017D4A0 A=DIFFERS B: removed 0 needed 4 compiles 5
04:09:00   src/ov_SC05_010/ov_SC05_010_jr_8017C8D0.c:func_8017DE28 A=DIFFERS B: removed 0 needed 1 compiles 2
04:09:00   src/ov_SC06_024/ov_SC06_024_jr_8017BEBC.c:func_8017EC4C A=DIFFERS B: removed 0 needed 1 compiles 2
04:09:00   src/ov_SC03_121/ov_SC03_121_jr_8017E1D0.c:func_8017F6D8 A=DIFFERS B: removed 0 needed 1 compiles 2
04:09:00   src/ov_SC03_117/ov_SC03_117_jr_8017E6EC.c:func_8017FCF0 A=DIFFERS B: removed 2 needed 2 compiles 5
04:09:00   src/800.c:func_80016638 A=DIFFERS B: removed 3 needed 2 compiles 6
04:09:00   src/ov_SC05_010/ov_SC05_010_jr_8017C8D0.c:func_8017E1D4 A=DIFFERS B: removed 0 needed 2 compiles 3
04:09:00   src/ov_SC03_028/ov_SC03_028_jr_801887A8.c:func_80188D14 A=DIFFERS B: removed 0 needed 1 compiles 2
04:09:01   src/ov_SC06_032/ov_SC06_032_jr_8017C24C.c:func_8017DABC A=DIFFERS B: removed 2 needed 1 compiles 4
04:09:01   src/ov_SC03_028/ov_SC03_028_jr_801887A8.c:func_80188F4C A=DIFFERS B: removed 0 needed 1 compiles 2
04:09:01   src/ov_SC03_101/ov_SC03_101_jr_8017CA80.c:func_80182254 A=DIFFERS B: removed 1 needed 4 compiles 6
04:09:01   src/ov_SC03_121/ov_SC03_121_jr_8017E1D0.c:func_80180254 A=DIFFERS B: removed 2 needed 1 compiles 4
04:09:01   src/md_SC07_004/md_SC07_004.c:func_801ADD98 A=COMPILE-ERROR B: removed 0 needed 2 compiles 3
04:09:01   src/ov_SC03_028/ov_SC03_028_jr_801887A8.c:func_8018923C A=DIFFERS B: removed 0 needed 1 compiles 2
04:09:01   src/ov_SC03_117/ov_SC03_117_jr_8017E6EC.c:func_80181900 A=DIFFERS B: removed 0 needed 2 compiles 3
04:09:01   src/ov_SC06_032/ov_SC06_032_jr_8017C24C.c:func_8017DF7C A=DIFFERS B: removed 0 needed 2 compiles 3
04:09:01   src/ov_SC06_024/ov_SC06_024_jr_8017BEBC.c:func_8017FA1C A=DIFFERS B: removed 1 needed 3 compiles 5
04:09:01   src/ov_SC05_010/ov_SC05_010_jr_8017C8D0.c:func_8017EDEC A=DIFFERS B: removed 1 needed 1 compiles 3
04:09:02   src/ov_SC03_121/ov_SC03_121_jr_8017E1D0.c:func_80180E64 A=DIFFERS B: removed 0 needed 2 compiles 3
04:09:02   src/ov_SC05_017/ov_SC05_017_jr_80188B1C.c:func_80189240 A=DIFFERS B: removed 5 needed 19 compiles 25
04:09:02   src/ov_SC03_117/ov_SC03_117_jr_8017E6EC.c:func_80181A30 A=DIFFERS B: removed 0 needed 1 compiles 2
04:09:02   src/ov_SC05_010/ov_SC05_010_jr_8017C8D0.c:func_8017EFC8 A=DIFFERS B: removed 0 needed 1 compiles 2
04:09:02   src/ov_SC03_028/ov_SC03_028_jr_801887A8.c:func_8018966C A=DIFFERS B: removed 0 needed 3 compiles 4
04:09:02   src/ov_SC04_018/ov_SC04_018_jr_80188E1C.c:func_80189214 A=DIFFERS B: removed 1 needed 5 compiles 7
04:09:02   src/ov_SC03_101/ov_SC03_101_jr_8017CA80.c:func_801829F8 A=DIFFERS B: removed 0 needed 3 compiles 4
04:09:02   src/ov_SC03_121/ov_SC03_121_jr_8017E1D0.c:func_80181218 A=DIFFERS B: removed 0 needed 1 compiles 2
04:09:02   src/md_MAIN_003/md_MAIN_003_o0e.c:func_800D0100 A=DIFFERS B: removed 0 needed 1 compiles 2
04:09:02   src/ov_SC05_017/ov_SC05_017_jr_80188B1C.c:func_80189BA0 A=DIFFERS B: removed 1 needed 1 compiles 3
04:09:02   src/md_MAIN_003/md_MAIN_003_o0e.c:func_800D0174 A=DIFFERS B: removed 0 needed 1 compiles 2
04:09:02   src/ov_SC03_121/ov_SC03_121_jr_8017E1D0.c:func_801813E8 A=DIFFERS B: removed 0 needed 1 compiles 2
04:09:03   src/ov_SC06_032/ov_SC06_032_jr_8017C24C.c:func_8017EEB0 A=DIFFERS B: removed 0 needed 1 compiles 2
04:09:03   src/md_MAIN_003/md_MAIN_003_o0e.c:func_800D0268 A=DIFFERS B: removed 0 needed 1 compiles 2
04:09:03   src/ov_SC03_101/ov_SC03_101_jr_8017CA80.c:func_80182FB8 A=DIFFERS B: removed 0 needed 1 compiles 2
04:09:03   src/ov_SC06_024/ov_SC06_024_jr_8017BEBC.c:func_8017FCFC A=DIFFERS B: removed 2 needed 2 compiles 5
04:09:03   src/ov_SC03_028/ov_SC03_028_jr_801887A8.c:func_80189AF4 A=DIFFERS B: removed 0 needed 3 compiles 4
04:09:03   src/md_MAIN_003/md_MAIN_003_o0e.c:func_800D0440 A=DIFFERS B: removed 0 needed 1 compiles 2
04:09:03   src/ov_SC06_014/ov_SC06_014_jr_8017BEBC.c:func_8017ED54 A=DIFFERS B: removed 8 needed 6 compiles 15
04:09:03   src/md_MAIN_003/md_MAIN_003_o0e.c:func_800D05B4 A=DIFFERS B: removed 0 needed 1 compiles 2
04:09:03   src/ov_SC05_017/ov_SC05_017_jr_80188B1C.c:func_80189E68 A=DIFFERS B: removed 0 needed 2 compiles 3
04:09:03   src/ov_SC03_121/ov_SC03_121_jr_8017E1D0.c:func_80181C18 A=DIFFERS B: removed 0 needed 2 compiles 3
04:09:03   src/md_MAIN_003/md_MAIN_003_o0e.c:func_800D0664 A=DIFFERS B: removed 0 needed 1 compiles 2
04:09:03   src/ov_SC05_010/ov_SC05_010_jr_8017C8D0.c:func_80180AA0 A=DIFFERS B: removed 0 needed 1 compiles 2
04:09:03   src/md_MAIN_003/md_MAIN_003_o0e.c:func_800D06BC A=DIFFERS B: removed 0 needed 1 compiles 2
04:09:03   src/ov_SC06_014/ov_SC06_014_jr_8017BEBC.c:func_8017F178 A=DIFFERS B: removed 0 needed 1 compiles 2
04:09:04   src/ov_SC05_017/ov_SC05_017_jr_80188B1C.c:func_80189F24 A=DIFFERS B: removed 1 needed 1 compiles 3
04:09:04   src/md_MAIN_003/md_MAIN_003_o0e.c:func_800D0740 A=DIFFERS B: removed 0 needed 1 compiles 2
04:09:04   src/800.c:func_800166E8 A=DIFFERS B: removed 1 needed 2 compiles 4
04:09:04   src/ov_SC06_032/ov_SC06_032_jr_8017C24C.c:func_80180B7C A=DIFFERS B: removed 0 needed 1 compiles 2
04:09:04   src/ov_SC03_028/ov_SC03_028_jr_801887A8.c:func_80189F7C A=DIFFERS B: removed 1 needed 3 compiles 5
04:09:04   src/ov_SC06_024/ov_SC06_024_jr_8017BEBC.c:func_80180140 A=DIFFERS B: removed 1 needed 1 compiles 3
04:09:04   src/md_MAIN_003/md_MAIN_003_o0e.c:func_800D09A0 A=DIFFERS B: removed 0 needed 1 compiles 2
04:09:04   src/md_MAIN_003/md_MAIN_003_o0e.c:func_800D0A7C A=DIFFERS B: removed 1 needed 1 compiles 3
04:09:04   src/ov_SC05_017/ov_SC05_017_jr_80188B1C.c:func_80189FE0 A=DIFFERS B: removed 0 needed 2 compiles 3
04:09:04   src/md_MAIN_003/md_MAIN_003_o0e.c:func_800D0B1C A=DIFFERS B: removed 0 needed 1 compiles 2
04:09:04   src/ov_SC03_028/ov_SC03_028_jr_801887A8.c:func_8018A404 A=DIFFERS B: removed 0 needed 3 compiles 4
04:09:05   src/ov_SC06_025/ov_SC06_025_jr_8017EEC4.c:func_8017F9D8 A=DIFFERS B: removed 0 needed 1 compiles 2
04:09:05   src/ov_SC03_090/ov_SC03_090_jr_80188274.c:func_80188498 A=DIFFERS B: removed 1 needed 3 compiles 5
04:09:05   src/ov_SC03_028/ov_SC03_028_jr_801887A8.c:func_8018A500 A=DIFFERS B: removed 0 needed 1 compiles 2
04:09:05   src/ov_SC06_014/ov_SC06_014_jr_8017BEBC.c:func_8017FB4C A=DIFFERS B: removed 4 needed 1 compiles 6
04:09:05   src/ov_SC06_024/ov_SC06_024_jr_8017BEBC.c:func_801809A8 A=DIFFERS B: removed 1 needed 1 compiles 3
04:09:05   src/ov_SC05_010/ov_SC05_010_jr_8017C8D0.c:<file-scope> A=DIFFERS B: removed 3 needed 2 compiles 6
04:09:05   src/ov_SC07_010/ov_SC07_010_jr_8016AE5C.c:func_8016C49C A=DIFFERS B: removed 0 needed 1 compiles 2
04:09:05   src/ov_SC03_028/ov_SC03_028_jr_801887A8.c:func_8018AF9C A=DIFFERS B: removed 1 needed 1 compiles 3
04:09:05   src/ov_SC06_014/ov_SC06_014_jr_8017BEBC.c:func_8017FC94 A=DIFFERS B: removed 1 needed 1 compiles 3
04:09:05   src/ov_SC02_028/ov_SC02_028_jr_801884D8.c:func_801886FC A=DIFFERS B: removed 1 needed 3 compiles 5
04:09:06   src/ov_SC06_025/ov_SC06_025_jr_8017EEC4.c:func_8017FB50 A=DIFFERS B: removed 0 needed 2 compiles 3
04:09:06   src/ov_SC05_017/ov_SC05_017_jr_80188B1C.c:func_8018BF78 A=DIFFERS B: removed 0 needed 1 compiles 2
04:09:06   src/ov_SC06_024/ov_SC06_024_jr_8017BEBC.c:func_8018150C A=DIFFERS B: removed 0 needed 2 compiles 3
04:09:06   src/ov_SC07_010/ov_SC07_010_jr_8016AE5C.c:func_8016CBC0 A=DIFFERS B: removed 0 needed 1 compiles 2
04:09:06   src/ov_SC06_014/ov_SC06_014_jr_8017BEBC.c:func_8017FD74 A=DIFFERS B: removed 0 needed 1 compiles 2
04:09:06   src/md_SC07_004/md_SC07_004.c:func_801ADE1C A=DIFFERS B: removed 7 needed 1 compiles 9
04:09:06   src/ov_SC03_028/ov_SC03_028_jr_801887A8.c:<file-scope> A=DIFFERS B: removed 2 needed 1 compiles 4
04:09:06   src/ov_SC06_025/ov_SC06_025_jr_8017EEC4.c:func_80180284 A=DIFFERS B: removed 0 needed 1 compiles 2
04:09:07   src/ov_SC03_090/ov_SC03_090_jr_80188274.c:func_8018A5F4 A=DIFFERS B: removed 0 needed 1 compiles 2
04:09:07   src/ov_SC03_089/ov_SC03_089_jr_80185E50.c:func_80186074 A=DIFFERS B: removed 1 needed 3 compiles 5
04:09:07   src/ov_SC06_029/ov_SC06_029_jr_801898CC.c:func_8018A084 A=DIFFERS B: removed 0 needed 1 compiles 2
04:09:07   src/ov_SC03_090/ov_SC03_090_jr_80188274.c:func_8018A9C8 A=DIFFERS B: removed 0 needed 1 compiles 2
04:09:07   src/ov_SC07_010/ov_SC07_010_jr_8016AE5C.c:func_8016E9EC A=DIFFERS B: removed 0 needed 1 compiles 2
04:09:07   src/ov_SC06_025/ov_SC06_025_jr_8017EEC4.c:func_80180ED4 A=DIFFERS B: removed 0 needed 1 compiles 2
04:09:07   src/ov_SC02_028/ov_SC02_028_jr_801884D8.c:func_8018A894 A=DIFFERS B: removed 0 needed 1 compiles 2
04:09:07   src/ov_SC03_091/ov_SC03_091_jr_8018911C.c:func_80189340 A=DIFFERS B: removed 1 needed 3 compiles 5
04:09:07   src/ov_SC02_028/ov_SC02_028_jr_801884D8.c:func_8018AB34 A=DIFFERS B: removed 0 needed 1 compiles 2
04:09:08   src/ov_SC07_006/ov_SC07_006.c:func_801287B8 A=DIFFERS B: removed 0 needed 1 compiles 2
04:09:08   src/ov_SC01_077/ov_SC01_077_jr_80183CF4.c:func_80184A68 A=DIFFERS B: removed 1 needed 1 compiles 3
04:09:08   src/800.c:func_800167F0 A=DIFFERS B: removed 0 needed 3 compiles 4
04:09:08   src/ov_SC06_025/ov_SC06_025_jr_8017EEC4.c:func_801812FC A=DIFFERS B: removed 0 needed 1 compiles 2
04:09:08   src/ov_SC06_029/ov_SC06_029_jr_801898CC.c:func_8018A180 A=DIFFERS B: removed 0 needed 6 compiles 7
04:09:08   src/ov_SC02_028/ov_SC02_028_jr_80184BD8.c:func_80186210 A=DIFFERS B: removed 0 needed 1 compiles 2
04:09:08   src/ov_SC01_077/ov_SC01_077_jr_80183CF4.c:func_80184F08 A=DIFFERS B: removed 0 needed 2 compiles 3
04:09:08   src/ov_SC03_089/ov_SC03_089_jr_80185E50.c:func_801881D0 A=DIFFERS B: removed 0 needed 1 compiles 2
04:09:09   src/ov_SC06_029/ov_SC06_029_jr_801898CC.c:func_8018A27C A=DIFFERS B: removed 1 needed 1 compiles 3
04:09:09   src/ov_SC06_025/ov_SC06_025_jr_8017EEC4.c:func_80181E08 A=DIFFERS B: removed 0 needed 3 compiles 4
04:09:09   src/ov_SC02_028/ov_SC02_028_jr_80184BD8.c:func_801865A4 A=DIFFERS B: removed 0 needed 1 compiles 2
04:09:09   src/ov_SC03_090/ov_SC03_090_jr_80188274.c:func_8018B028 A=DIFFERS B: removed 0 needed 8 compiles 9
04:09:09   src/ov_SC01_077/ov_SC01_077_jr_80183CF4.c:func_8018514C A=DIFFERS B: removed 1 needed 1 compiles 3
04:09:09   src/ov_SC03_091/ov_SC03_091_jr_8018911C.c:func_8018B49C A=DIFFERS B: removed 0 needed 1 compiles 2
04:09:09   src/ov_SC06_029/ov_SC06_029_jr_801898CC.c:func_8018A5F0 A=DIFFERS B: removed 0 needed 2 compiles 3
04:09:09   src/ov_SC01_077/ov_SC01_077_jr_80183CF4.c:func_801858AC A=DIFFERS B: removed 0 needed 1 compiles 2
04:09:09   src/ov_SC06_025/ov_SC06_025_jr_8017EEC4.c:func_801828A0 A=DIFFERS B: removed 0 needed 1 compiles 2
04:09:10   src/ov_SC06_029/ov_SC06_029_jr_801898CC.c:func_8018AF48 A=DIFFERS B: removed 1 needed 1 compiles 3
04:09:10   src/ov_SC03_112/ov_SC03_112_jr_8017C294.c:func_8017E654 A=DIFFERS B: removed 0 needed 5 compiles 6
04:09:10   src/ov_SC02_028/ov_SC02_028_jr_80184BD8.c:func_801875F0 A=DIFFERS B: removed 0 needed 1 compiles 2
04:09:10   src/ov_SC02_005/ov_SC02_005_jr_8017CF90.c:func_8017F2C4 A=DIFFERS B: removed 1 needed 1 compiles 3
04:09:10   src/ov_SC01_077/ov_SC01_077_jr_80183CF4.c:func_80186434 A=DIFFERS B: removed 1 needed 1 compiles 3
04:09:10   src/ov_SC06_029/ov_SC06_029_jr_801898CC.c:func_8018B5B0 A=DIFFERS B: removed 0 needed 2 compiles 3
04:09:10   src/ov_SC02_005/ov_SC02_005_jr_8017CF90.c:func_8017F7CC A=DIFFERS B: removed 0 needed 1 compiles 2
04:09:10   src/ov_SC03_089/ov_SC03_089_jr_80185E50.c:func_80188C04 A=DIFFERS B: removed 0 needed 8 compiles 9
04:09:10   src/ov_SC06_025/ov_SC06_025_jr_8017EEC4.c:func_80183490 A=DIFFERS B: removed 1 needed 2 compiles 4
04:09:11   src/800.c:func_800168C4 A=DIFFERS B: removed 1 needed 2 compiles 4
04:09:11   src/ov_SC02_028/ov_SC02_028_jr_80184BD8.c:func_801876C4 A=DIFFERS B: removed 0 needed 3 compiles 4
04:09:11   src/ov_SC02_005/ov_SC02_005_jr_80181D30.c:func_801820E4 A=DIFFERS B: removed 0 needed 1 compiles 2
04:09:11   src/ov_SC03_091/ov_SC03_091_jr_8018911C.c:func_8018BED0 A=DIFFERS B: removed 0 needed 8 compiles 9
04:09:11   src/ov_SC02_005/ov_SC02_005_jr_8017CF90.c:func_8017F898 A=DIFFERS B: removed 0 needed 1 compiles 2
04:09:11   src/ov_SC06_029/ov_SC06_029_jr_801898CC.c:func_8018BFF8 A=DIFFERS B: removed 0 needed 2 compiles 3
04:09:11   src/ov_SC06_025/ov_SC06_025_jr_8017EEC4.c:func_80183A2C A=DIFFERS B: removed 0 needed 2 compiles 3
04:09:11   src/ov_SC03_112/ov_SC03_112_jr_8017C294.c:func_8017E70C A=DIFFERS B: removed 0 needed 5 compiles 6
04:09:11   src/ov_SC02_005/ov_SC02_005_jr_80181D30.c:func_80182998 A=DIFFERS B: removed 0 needed 1 compiles 2
04:09:11   src/ov_SC03_028/ov_SC03_028_jr_8017DF98.c:func_8017F278 A=DIFFERS B: removed 0 needed 2 compiles 3
04:09:11   src/ov_SC07_006/ov_SC07_006.c:func_8012956C A=DIFFERS B: removed 6 needed 4 compiles 11
04:09:12   src/ov_SC02_005/ov_SC02_005_jr_8017CF90.c:func_801800CC A=DIFFERS B: removed 0 needed 1 compiles 2
04:09:12   src/md_MAIN_003/md_MAIN_003_jr_800D1E18.c:func_800D1E9C A=DIFFERS B: removed 0 needed 3 compiles 4
04:09:12   src/ov_SC03_093/ov_SC03_093_jr_8017D898.c:func_8017EE38 A=DIFFERS B: removed 0 needed 1 compiles 2
04:09:12   src/md_MAIN_003/md_MAIN_003_jr_800D1E18.c:func_800D24D0 A=DIFFERS B: removed 1 needed 1 compiles 3
04:09:12   src/ov_SC02_005/ov_SC02_005_jr_8017CF90.c:func_80180610 A=DIFFERS B: removed 0 needed 1 compiles 2
04:09:12   src/md_MAIN_003/md_MAIN_003_jr_800D1E18.c:func_800D298C A=DIFFERS B: removed 0 needed 1 compiles 2
04:09:13   src/ov_SC02_005/ov_SC02_005_jr_80181D30.c:func_80184358 A=DIFFERS B: removed 1 needed 2 compiles 4
04:09:13   src/ov_SC03_028/ov_SC03_028_jr_8017DF98.c:func_80180AC4 A=DIFFERS B: removed 0 needed 2 compiles 3
04:09:13   src/md_MAIN_003/md_MAIN_003_jr_800D1E18.c:func_800D2A24 A=DIFFERS B: removed 0 needed 3 compiles 4
04:09:13   src/ov_SC03_112/ov_SC03_112_jr_8017C294.c:func_8017E9A0 A=DIFFERS B: removed 3 needed 1 compiles 5
04:09:13   src/ov_SC03_104/ov_SC03_104_jr_80186538.c:func_80187E4C A=DIFFERS B: removed 1 needed 3 compiles 5
04:09:13   src/ov_SC02_005/ov_SC02_005_jr_8017CF90.c:func_8018118C A=DIFFERS B: removed 0 needed 1 compiles 2
04:09:13   src/md_MAIN_003/md_MAIN_003_jr_800D1E18.c:func_800D2F88 A=DIFFERS B: removed 0 needed 1 compiles 2
04:09:13   src/ov_SC07_006/ov_SC07_006.c:func_8012C890 A=DIFFERS B: removed 2 needed 1 compiles 4
04:09:13   src/ov_SC02_005/ov_SC02_005_jr_80181D30.c:func_80184404 A=DIFFERS B: removed 0 needed 2 compiles 3
04:09:13   src/ov_SC03_093/ov_SC03_093_jr_8017D898.c:func_8017F398 A=DIFFERS B: removed 1 needed 2 compiles 4
04:09:13   src/md_MAIN_003/md_MAIN_003_jr_800D1E18.c:func_800D3020 A=DIFFERS B: removed 0 needed 1 compiles 2
04:09:13   src/ov_SC04_018/ov_SC04_018_jr_80188E1C.c:func_80189540 A=DIFFERS B: removed 5 needed 19 compiles 25
04:09:13   src/ov_SC02_005/ov_SC02_005_jr_80181D30.c:func_80184828 A=DIFFERS B: removed 0 needed 1 compiles 2
04:09:14   src/800.c:func_80016978 A=DIFFERS B: removed 0 needed 3 compiles 4
04:09:14   src/md_MAIN_003/md_MAIN_003_jr_800D1E18.c:func_800D30D0 A=DIFFERS B: removed 1 needed 5 compiles 7
04:09:14   src/ov_SC03_112/ov_SC03_112_jr_8017C294.c:func_8017EA24 A=DIFFERS B: removed 2 needed 2 compiles 5
04:09:14   src/ov_SC02_005/ov_SC02_005_jr_8017CF90.c:func_801816FC A=DIFFERS B: removed 2 needed 2 compiles 5
04:09:14   src/md_MAIN_003/md_MAIN_003_jr_800D1E18.c:<file-scope> A=DIFFERS B: removed 1 needed 2 compiles 4
04:09:14   src/ov_SC07_006/ov_SC07_006.c:func_8012E5CC A=DIFFERS B: removed 0 needed 1 compiles 2
04:09:15   src/ov_SC05_007/ov_SC05_007_jr_8017BEBC.c:func_8017EAD8 A=DIFFERS B: removed 4 needed 3 compiles 8
04:09:15   src/ov_SC03_112/ov_SC03_112_jr_8017C294.c:func_8017EFAC A=DIFFERS B: removed 0 needed 1 compiles 2
04:09:15   src/ov_SC03_028/ov_SC03_028_jr_8017DF98.c:func_80181EBC A=DIFFERS B: removed 3 needed 4 compiles 8
04:09:15   src/ov_SC02_005/ov_SC02_005_jr_80181D30.c:<file-scope> A=DIFFERS B: removed 0 needed 4 compiles 5
04:09:15   src/ov_SC02_017/ov_SC02_017_jr_80186C64.c:func_80187298 A=DIFFERS B: removed 0 needed 1 compiles 2
04:09:15   src/ov_SC04_018/ov_SC04_018_jr_80188E1C.c:func_80189EA0 A=DIFFERS B: removed 1 needed 1 compiles 3
04:09:15   src/ov_SC06_022/ov_SC06_022_jr_80180CD0.c:func_80180F30 A=DIFFERS B: removed 0 needed 1 compiles 2
04:09:15   src/ov_SC06_020/ov_SC06_020_jr_80180B04.c:func_801811A8 A=DIFFERS B: removed 0 needed 1 compiles 2
04:09:15   src/ov_SC03_093/ov_SC03_093_jr_8017D898.c:func_80182288 A=DIFFERS B: removed 0 needed 4 compiles 5
04:09:15   src/800.c:func_80016A7C A=DIFFERS B: removed 0 needed 1 compiles 2
04:09:15   src/ov_SC02_017/ov_SC02_017_jr_80186C64.c:func_801874E8 A=DIFFERS B: removed 0 needed 1 compiles 2
04:09:15   src/ov_SC03_028/ov_SC03_028_jr_8017DF98.c:func_80182780 A=DIFFERS B: removed 0 needed 1 compiles 2
04:09:15   src/ov_SC06_022/ov_SC06_022_jr_80180CD0.c:func_801811A4 A=DIFFERS B: removed 0 needed 1 compiles 2
04:09:16   src/ov_SC05_007/ov_SC05_007_jr_8017BEBC.c:func_8017EE80 A=DIFFERS B: removed 0 needed 2 compiles 3
04:09:16   src/ov_SC03_112/ov_SC03_112_jr_8017C294.c:func_801808D8 A=DIFFERS B: removed 0 needed 2 compiles 3
04:09:16   src/ov_SC06_020/ov_SC06_020_jr_80180B04.c:func_801813C0 A=DIFFERS B: removed 0 needed 1 compiles 2
04:09:16   src/ov_SC02_017/ov_SC02_017_jr_80186C64.c:func_80188104 A=DIFFERS B: removed 0 needed 1 compiles 2
04:09:16   src/ov_SC07_006/ov_SC07_006.c:func_8012E688 A=DIFFERS B: removed 1 needed 2 compiles 4
04:09:16   src/ov_SC06_022/ov_SC06_022_jr_80180CD0.c:func_8018199C A=DIFFERS B: removed 0 needed 2 compiles 3
04:09:16   src/ov_SC04_018/ov_SC04_018_jr_80188E1C.c:func_8018A168 A=DIFFERS B: removed 0 needed 2 compiles 3
04:09:16   src/ov_SC03_028/ov_SC03_028_jr_8017DF98.c:func_80182B3C A=DIFFERS B: removed 0 needed 2 compiles 3
04:09:16   src/ov_SC05_007/ov_SC05_007_jr_8017BEBC.c:func_8018020C A=DIFFERS B: removed 0 needed 2 compiles 3
04:09:16   src/ov_SC06_033/ov_SC06_033_jr_8018D98C.c:func_8018D98C A=DIFFERS B: removed 0 needed 2 compiles 3
04:09:16   src/ov_SC03_118/ov_SC03_118_jr_801863CC.c:func_80186B78 A=DIFFERS B: removed 0 needed 2 compiles 3
04:09:16   src/ov_SC03_112/ov_SC03_112_jr_8017C294.c:func_8018128C A=DIFFERS B: removed 0 needed 3 compiles 4
04:09:17   src/ov_SC06_020/ov_SC06_020_jr_80180B04.c:func_80181F40 A=DIFFERS B: removed 0 needed 1 compiles 2
04:09:17   src/ov_SC07_006/ov_SC07_006.c:func_8012F40C A=DIFFERS B: removed 1 needed 1 compiles 3
04:09:17   src/md_SC07_004/md_SC07_004.c:func_801ADF5C A=DIFFERS B: removed 13 needed 5 compiles 19
04:09:17   src/800.c:func_80017168 A=DIFFERS B: removed 0 needed 1 compiles 2
04:09:17   src/ov_SC02_017/ov_SC02_017_jr_80186C64.c:func_80189384 A=DIFFERS B: removed 0 needed 2 compiles 3
04:09:17   src/ov_SC03_028/ov_SC03_028_jr_8017DF98.c:func_80183104 A=DIFFERS B: removed 0 needed 2 compiles 3
04:09:17   src/ov_SC06_020/ov_SC06_020_jr_80180B04.c:func_80182820 A=DIFFERS B: removed 0 needed 2 compiles 3
04:09:18   src/ov_SC03_013/ov_SC03_013_jr_8017C730.c:func_8017DD98 A=DIFFERS B: removed 1 needed 1 compiles 3
04:09:18   src/ov_SC04_018/ov_SC04_018_jr_80188E1C.c:func_8018A224 A=DIFFERS B: removed 0 needed 2 compiles 3
04:09:18   src/ov_SC06_033/ov_SC06_033_jr_8018D98C.c:func_8018F518 A=DIFFERS B: removed 0 needed 4 compiles 5
04:09:18   src/ov_SC03_028/ov_SC03_028_jr_8017DF98.c:func_80183264 A=DIFFERS B: removed 0 needed 1 compiles 2
04:09:18   src/ov_SC03_118/ov_SC03_118_jr_801863CC.c:func_801872B4 A=DIFFERS B: removed 0 needed 3 compiles 4
04:09:18   src/ov_SC03_013/ov_SC03_013_jr_8017C730.c:func_8017E3C4 A=DIFFERS B: removed 0 needed 1 compiles 2
04:09:18   src/ov_SC03_093/ov_SC03_093_jr_801825B8.c:func_801827DC A=DIFFERS B: removed 1 needed 3 compiles 5
04:09:18   src/ov_SC07_006/ov_SC07_006.c:func_8012F49C A=DIFFERS B: removed 1 needed 1 compiles 3
04:09:18   src/ov_SC06_020/ov_SC06_020_jr_80180B04.c:func_80184310 A=DIFFERS B: removed 0 needed 2 compiles 3
04:09:18   src/ov_SC05_005/ov_SC05_005_jr_8017D898.c:func_8017EFF4 A=DIFFERS B: removed 0 needed 5 compiles 6
04:09:18   src/ov_SC03_094/ov_SC03_094_jr_8018501C.c:func_80185240 A=DIFFERS B: removed 1 needed 3 compiles 5
04:09:19   src/ov_SC03_013/ov_SC03_013_jr_8017C730.c:func_8017E6F4 A=DIFFERS B: removed 0 needed 2 compiles 3
04:09:19   src/800.c:func_80017294 A=DIFFERS B: removed 0 needed 1 compiles 2
04:09:19   src/ov_SC06_033/ov_SC06_033_jr_8018D98C.c:func_80190064 A=DIFFERS B: removed 0 needed 1 compiles 2
04:09:19   src/ov_SC04_018/ov_SC04_018_jr_80188E1C.c:func_8018A2E0 A=DIFFERS B: removed 0 needed 2 compiles 3
04:09:19   src/ov_SC03_028/ov_SC03_028_jr_8017DF98.c:<file-scope> A=DIFFERS B: removed 1 needed 1 compiles 3
04:09:19   src/ov_SC06_033/ov_SC06_033_jr_8018D98C.c:func_801902A8 A=DIFFERS B: removed 0 needed 1 compiles 2
04:09:19   src/ov_SC03_118/ov_SC03_118_jr_801863CC.c:func_80187674 A=DIFFERS B: removed 0 needed 2 compiles 3
04:09:20   src/md_SC07_004/md_SC07_004.c:func_801AE138 A=DIFFERS B: removed 2 needed 1 compiles 4
04:09:20   src/ov_SC03_105/ov_SC03_105_jr_80186DDC.c:func_80186DDC A=DIFFERS B: removed 1 needed 1 compiles 3
04:09:20   src/ov_SC05_005/ov_SC05_005_jr_8017D898.c:func_8017F0AC A=DIFFERS B: removed 0 needed 5 compiles 6
04:09:20   src/ov_SC05_002/ov_SC05_002_jr_8017BEBC.c:func_8017F0D0 A=DIFFERS B: removed 0 needed 2 compiles 3
04:09:20   src/ov_SC01_009/ov_SC01_009_jr_8017E590.c:func_8017E590 A=DIFFERS B: removed 0 needed 2 compiles 3
04:09:20   src/ov_SC03_105/ov_SC03_105_jr_80186DDC.c:func_801873C8 A=DIFFERS B: removed 0 needed 1 compiles 2
04:09:20   src/ov_MAIN_012/ov_MAIN_012_jr_801789AC.c:func_8017A3D8 A=DIFFERS B: removed 0 needed 1 compiles 2
04:09:20   src/ov_SC03_013/ov_SC03_013_jr_8017C730.c:func_8017EF9C A=DIFFERS B: removed 1 needed 3 compiles 5
04:09:20   src/800.c:func_800173DC A=DIFFERS B: removed 0 needed 1 compiles 2
04:09:20   src/ov_SC05_005/ov_SC05_005_jr_8017D898.c:func_801804C0 A=DIFFERS B: removed 0 needed 1 compiles 2
04:09:20   src/ov_SC03_105/ov_SC03_105_jr_80186DDC.c:func_80187554 A=DIFFERS B: removed 0 needed 1 compiles 2
04:09:20   src/ov_SC03_104/ov_SC03_104_jr_8017CA80.c:func_8017D960 A=DIFFERS B: removed 0 needed 1 compiles 2
04:09:21   src/ov_SC03_013/ov_SC03_013_jr_8017C730.c:func_8017F0A0 A=DIFFERS B: removed 0 needed 1 compiles 2
04:09:21   src/ov_SC03_105/ov_SC03_105_jr_80186DDC.c:func_80187928 A=DIFFERS B: removed 0 needed 1 compiles 2
04:09:21   src/ov_SC03_118/ov_SC03_118_jr_801863CC.c:func_80188694 A=DIFFERS B: removed 0 needed 1 compiles 2
04:09:21   src/ov_MAIN_012/ov_MAIN_012_jr_801789AC.c:func_8017B238 A=DIFFERS B: removed 0 needed 2 compiles 3
04:09:21   src/ov_SC05_005/ov_SC05_005_jr_8017D898.c:func_801813B4 A=DIFFERS B: removed 1 needed 1 compiles 3
04:09:21   src/ov_SC01_009/ov_SC01_009_jr_8017E590.c:func_8017E7DC A=DIFFERS B: removed 1 needed 5 compiles 7
04:09:21   src/ov_SC06_025/ov_SC06_025_jr_8017BEBC.c:func_8017DB98 A=DIFFERS B: removed 0 needed 4 compiles 5
04:09:21   src/md_SC07_004/md_SC07_004.c:func_801AE624 A=DIFFERS B: removed 1 needed 1 compiles 3
04:09:21   src/ov_SC01_009/ov_SC01_009_jr_8017E590.c:func_8017EB08 A=DIFFERS B: removed 0 needed 1 compiles 2
04:09:21   src/ov_SC03_110/ov_SC03_110_jr_8017FBC8.c:func_8017FBC8 A=DIFFERS B: removed 0 needed 1 compiles 2
04:09:21   src/ov_SC03_105/ov_SC03_105_jr_80186DDC.c:func_80189454 A=DIFFERS B: removed 1 needed 1 compiles 3
04:09:21   src/ov_SC05_005/ov_SC05_005_jr_8017D898.c:func_801816A8 A=DIFFERS B: removed 0 needed 1 compiles 2
04:09:22   src/ov_MAIN_012/ov_MAIN_012_jr_801789AC.c:func_8017B614 A=DIFFERS B: removed 0 needed 3 compiles 4
04:09:22   src/ov_SC05_002/ov_SC05_002_jr_8017BEBC.c:func_8017F200 A=DIFFERS B: removed 5 needed 1 compiles 7
04:09:22   src/ov_SC03_110/ov_SC03_110_jr_8017FBC8.c:func_801800F0 A=DIFFERS B: removed 0 needed 2 compiles 3
04:09:22   src/ov_SC04_018/ov_SC04_018_jr_80188E1C.c:func_8018B19C A=DIFFERS B: removed 3 needed 1 compiles 5
04:09:22   src/ov_SC05_005/ov_SC05_005_jr_8017D898.c:func_80181828 A=DIFFERS B: removed 0 needed 1 compiles 2
04:09:22   src/ov_SC03_104/ov_SC03_104_jr_8017CA80.c:func_80181B14 A=DIFFERS B: removed 1 needed 2 compiles 4
04:09:22   src/ov_SC05_002/ov_SC05_002_jr_8017BEBC.c:func_8017F348 A=DIFFERS B: removed 0 needed 1 compiles 2
04:09:22   src/ov_SC01_009/ov_SC01_009_jr_8017E590.c:func_8017EFC4 A=DIFFERS B: removed 4 needed 1 compiles 6
04:09:22   src/ov_SC06_025/ov_SC06_025_jr_8017BEBC.c:func_8017DD80 A=DIFFERS B: removed 2 needed 4 compiles 7
04:09:22   src/ov_SC03_118/ov_SC03_118_jr_801863CC.c:func_80188DE4 A=DIFFERS B: removed 0 needed 2 compiles 3
04:09:23   src/ov_SC02_000/ov_SC02_000_jr_80187B40.c:func_80188680 A=DIFFERS B: removed 0 needed 1 compiles 2
04:09:23   src/ov_SC01_009/ov_SC01_009_jr_8017E590.c:func_8017FED8 A=DIFFERS B: removed 0 needed 1 compiles 2
04:09:23   src/ov_SC05_002/ov_SC05_002_jr_8017BEBC.c:func_8017F868 A=DIFFERS B: removed 0 needed 1 compiles 2
04:09:23   src/ov_SC05_005/ov_SC05_005_jr_8017D898.c:func_80181DE4 A=DIFFERS B: removed 0 needed 2 compiles 3
04:09:23   src/ov_SC06_025/ov_SC06_025_jr_8017BEBC.c:func_8017DF50 A=DIFFERS B: removed 1 needed 1 compiles 3
04:09:23   src/md_SC07_004/md_SC07_004.c:func_801AE82C A=DIFFERS B: removed 0 needed 1 compiles 2
04:09:23   src/ov_SC03_110/ov_SC03_110_jr_8017FBC8.c:func_80180D2C A=DIFFERS B: removed 3 needed 2 compiles 6
04:09:23   src/ov_SC06_025/ov_SC06_025_jr_8017BEBC.c:func_8017E4E0 A=DIFFERS B: removed 0 needed 1 compiles 2
04:09:24   src/ov_SC02_016/ov_SC02_016_jr_801810C8.c:func_80181714 A=DIFFERS B: removed 3 needed 1 compiles 5
04:09:24   src/ov_SC05_005/ov_SC05_005_jr_8017D898.c:func_801822E8 A=DIFFERS B: removed 1 needed 1 compiles 3
04:09:24   src/ov_SC06_024/ov_SC06_024_jr_80181D34.c:func_80182074 A=DIFFERS B: removed 0 needed 1 compiles 2
04:09:24   src/ov_SC04_018/ov_SC04_018_jr_80188E1C.c:func_8018C278 A=DIFFERS B: removed 0 needed 1 compiles 2
04:09:24   src/ov_SC03_110/ov_SC03_110_jr_8017FBC8.c:func_80181BF0 A=DIFFERS B: removed 0 needed 2 compiles 3
04:09:24   src/md_SC07_004/md_SC07_004.c:func_801AE908 A=DIFFERS B: removed 0 needed 1 compiles 2
04:09:24   src/ov_SC02_016/ov_SC02_016_jr_801810C8.c:func_801818F8 A=DIFFERS B: removed 0 needed 1 compiles 2
04:09:24   src/ov_SC01_009/ov_SC01_009_jr_8017E590.c:func_8017FFD0 A=DIFFERS B: removed 3 needed 4 compiles 8
04:09:24   src/ov_SC06_011/ov_SC06_011_jr_8017EEEC.c:func_8017F5F0 A=DIFFERS B: removed 0 needed 1 compiles 2
04:09:24   src/ov_SC06_020/ov_SC06_020_jr_8017C24C.c:func_8017D918 A=DIFFERS B: removed 2 needed 1 compiles 4
04:09:24   src/ov_SC06_024/ov_SC06_024_jr_80181D34.c:func_80183408 A=DIFFERS B: removed 0 needed 1 compiles 2
04:09:24   src/800.c:func_80017B98 A=DIFFERS B: removed 0 needed 4 compiles 5
04:09:24   src/ov_SC01_008/ov_SC01_008_jr_8017E6F0.c:func_8017E6F0 A=DIFFERS B: removed 0 needed 2 compiles 3
04:09:24   src/ov_SC01_009/ov_SC01_009_jr_8017E590.c:func_801803E4 A=DIFFERS B: removed 0 needed 1 compiles 2
04:09:25   src/ov_SC03_124/ov_SC03_124_jr_80188544.c:func_8018893C A=DIFFERS B: removed 1 needed 4 compiles 6
04:09:25   src/ov_SC06_024/ov_SC06_024_jr_80181D34.c:func_8018367C A=DIFFERS B: removed 0 needed 1 compiles 2
04:09:25   src/ov_SC02_016/ov_SC02_016_jr_801810C8.c:func_8018252C A=DIFFERS B: removed 0 needed 2 compiles 3
04:09:25   src/ov_SC07_006/ov_SC07_006_jr_8017BEBC.c:func_8017D040 A=DIFFERS B: removed 1 needed 1 compiles 3
04:09:25   src/ov_SC02_016/ov_SC02_016_jr_801810C8.c:func_801826F0 A=DIFFERS B: removed 1 needed 1 compiles 3
04:09:25   src/ov_SC01_008/ov_SC01_008_jr_8017E6F0.c:func_8017E93C A=DIFFERS B: removed 1 needed 5 compiles 7
04:09:26   src/ov_SC04_006/ov_SC04_006_jr_8017BEBC.c:func_8017E948 A=DIFFERS B: removed 0 needed 1 compiles 2
04:09:26   src/ov_SC01_008/ov_SC01_008_jr_8017E6F0.c:func_8017EC68 A=DIFFERS B: removed 0 needed 1 compiles 2
04:09:26   src/ov_SC06_013/ov_SC06_013_jr_8017BEBC.c:func_8017D700 A=DIFFERS B: removed 0 needed 1 compiles 2
04:09:26   src/ov_SC06_020/ov_SC06_020_jr_8017C24C.c:func_8017FF48 A=DIFFERS B: removed 0 needed 1 compiles 2
04:09:26   src/ov_SC02_016/ov_SC02_016_jr_801810C8.c:func_80183F10 A=DIFFERS B: removed 0 needed 2 compiles 3
04:09:26   src/ov_SC07_006/ov_SC07_006_jr_8017BEBC.c:func_80181E64 A=DIFFERS B: removed 0 needed 1 compiles 2
04:09:26   src/ov_SC01_008/ov_SC01_008_jr_8017E6F0.c:func_8017F470 A=DIFFERS B: removed 0 needed 1 compiles 2
04:09:26   src/ov_SC03_096/ov_SC03_096_jr_8017BEBC.c:func_8017EE6C A=DIFFERS B: removed 1 needed 2 compiles 4
04:09:26   src/ov_SC02_000/ov_SC02_000_jr_80187B40.c:func_801888F4 A=DIFFERS B: removed 1 needed 7 compiles 9
04:09:26   src/ov_SC04_006/ov_SC04_006_jr_8017BEBC.c:func_8017F354 A=DIFFERS B: removed 0 needed 2 compiles 3
04:09:27   src/ov_SC04_018/ov_SC04_018_jr_80188E1C.c:func_8018C730 A=DIFFERS B: removed 2 needed 3 compiles 6
04:09:27   src/ov_SC07_006/ov_SC07_006_jr_8017BEBC.c:func_80182268 A=DIFFERS B: removed 0 needed 2 compiles 3
04:09:27   src/ov_SC02_005/ov_SC02_005_jr_80185060.c:func_80185214 A=DIFFERS B: removed 0 needed 4 compiles 5
04:09:27   src/ov_SC03_002/ov_SC03_002_jr_8018431C.c:func_8018431C A=DIFFERS B: removed 2 needed 1 compiles 4
04:09:28   src/ov_SC02_005/ov_SC02_005_jr_80185060.c:func_8018592C A=DIFFERS B: removed 1 needed 2 compiles 4
04:09:28   src/ov_SC03_001/ov_SC03_001_jr_8018B8DC.c:func_8018BCD4 A=DIFFERS B: removed 1 needed 4 compiles 6
04:09:28   src/800.c:LzssDecodeSector A=DIFFERS B: removed 1 needed 2 compiles 4
04:09:28   src/ov_SC03_125/ov_SC03_125_jr_80182BA0.c:func_80182BA0 A=DIFFERS B: removed 2 needed 1 compiles 4
04:09:28   src/ov_SC02_005/ov_SC02_005_jr_80185060.c:func_80185A88 A=DIFFERS B: removed 0 needed 1 compiles 2
04:09:28   src/ov_SC03_002/ov_SC03_002_jr_8018431C.c:func_80184854 A=DIFFERS B: removed 0 needed 1 compiles 2
04:09:28   src/ov_SC02_005/ov_SC02_005_jr_80185060.c:func_80185DD0 A=DIFFERS B: removed 0 needed 1 compiles 2
04:09:28   src/md_SC07_004/md_SC07_004.c:func_801AEB94 A=DIFFERS B: removed 4 needed 2 compiles 7
04:09:28   src/ov_SC03_125/ov_SC03_125_jr_80182BA0.c:func_801830D8 A=DIFFERS B: removed 0 needed 1 compiles 2
04:09:28   src/ov_SC03_002/ov_SC03_002_jr_8018431C.c:func_80184A38 A=DIFFERS B: removed 0 needed 1 compiles 2
04:09:28   src/ov_SC03_096/ov_SC03_096_jr_8017BEBC.c:func_801803D0 A=DIFFERS B: removed 1 needed 4 compiles 6
04:09:28   src/ov_SC02_000/ov_SC02_000_jr_80187B40.c:func_80189750 A=DIFFERS B: removed 2 needed 1 compiles 4
04:09:28   src/ov_SC06_013/ov_SC06_013_jr_8017BEBC.c:func_8017D9F0 A=DIFFERS B: removed 8 needed 6 compiles 15
04:09:29   src/ov_SC03_125/ov_SC03_125_jr_80182BA0.c:func_801832BC A=DIFFERS B: removed 0 needed 1 compiles 2
04:09:29   src/ov_MAIN_012/ov_MAIN_012.c:func_801287B8 A=DIFFERS B: removed 0 needed 1 compiles 2
04:09:29   src/ov_SC03_124/ov_SC03_124_jr_80188544.c:func_80188C68 A=DIFFERS B: removed 5 needed 19 compiles 25
04:09:29   src/ov_SC06_013/ov_SC06_013_jr_8017BEBC.c:func_8017DE14 A=DIFFERS B: removed 0 needed 1 compiles 2
04:09:29   src/ov_SC03_124/ov_SC03_124_jr_80181B44.c:func_80182420 A=DIFFERS B: removed 0 needed 2 compiles 3
04:09:29   src/ov_SC03_001/ov_SC03_001_jr_8018A3A8.c:func_8018AEE8 A=DIFFERS B: removed 0 needed 1 compiles 2
04:09:29   src/ov_SC06_015/ov_SC06_015_jr_8017BEBC.c:func_8017D8AC A=DIFFERS B: removed 8 needed 6 compiles 15
04:09:29   src/ov_SC03_124/ov_SC03_124_jr_80188544.c:func_801895C8 A=DIFFERS B: removed 1 needed 1 compiles 3
04:09:30   src/ov_SC06_015/ov_SC06_015_jr_8017BEBC.c:func_8017DCD0 A=DIFFERS B: removed 0 needed 1 compiles 2
04:09:30   src/ov_SC02_000/ov_SC02_000_jr_80187B40.c:func_8018A690 A=DIFFERS B: removed 0 needed 2 compiles 3
04:09:30   src/ov_SC03_124/ov_SC03_124_jr_80181B44.c:func_80182598 A=DIFFERS B: removed 0 needed 2 compiles 3
04:09:30   src/ov_SC03_124/ov_SC03_124_jr_80188544.c:func_80189818 A=DIFFERS B: removed 0 needed 1 compiles 2
04:09:30   src/ov_SC03_124/ov_SC03_124_jr_80187010.c:func_80187B50 A=DIFFERS B: removed 0 needed 1 compiles 2
04:09:30   src/ov_SC07_006/ov_SC07_006_jr_80135D20.c:func_80135EB0 A=DIFFERS B: removed 0 needed 6 compiles 7
04:09:30   src/ov_SC03_001/ov_SC03_001_jr_8018A3A8.c:func_8018B238 A=DIFFERS B: removed 2 needed 4 compiles 7
04:09:30   src/md_SC07_004/md_SC07_004.c:func_801AEC38 A=DIFFERS B: removed 2 needed 1 compiles 4
04:09:30   src/ov_SC03_124/ov_SC03_124_jr_80188544.c:func_8018A3C8 A=DIFFERS B: removed 2 needed 1 compiles 4
04:09:31   src/ov_SC03_124/ov_SC03_124_jr_80181B44.c:func_80184298 A=DIFFERS B: removed 0 needed 1 compiles 2
04:09:31   src/ov_SC03_001/ov_SC03_001_jr_8018A3A8.c:func_8018B478 A=DIFFERS B: removed 0 needed 2 compiles 3
04:09:31   src/ov_SC03_001/ov_SC03_001_jr_8018A3A8.c:func_8018B644 A=DIFFERS B: removed 0 needed 1 compiles 2
04:09:31   src/ov_SC03_124/ov_SC03_124_jr_80187010.c:func_80187EA0 A=DIFFERS B: removed 2 needed 4 compiles 7
04:09:31   src/ov_SC05_017/ov_SC05_017_jr_801875E8.c:func_80188128 A=DIFFERS B: removed 0 needed 1 compiles 2
04:09:31   src/ov_SC03_001/ov_SC03_001_jr_8018B8DC.c:func_8018C000 A=DIFFERS B: removed 5 needed 19 compiles 25
04:09:31   src/ov_SC07_006/ov_SC07_006_jr_8017BEBC.c:func_80182F3C A=DIFFERS B: removed 6 needed 6 compiles 13
04:09:31   src/ov_SC04_018/ov_SC04_018_jr_801878E8.c:func_80188428 A=DIFFERS B: removed 0 needed 1 compiles 2
04:09:31   src/ov_SC03_024/ov_SC03_024_jr_80183BF8.c:func_80184040 A=DIFFERS B: removed 0 needed 1 compiles 2
04:09:31   src/md_SC07_004/md_SC07_004.c:func_801AF2EC A=DIFFERS B: removed 0 needed 1 compiles 2
04:09:32   src/ov_SC03_001/ov_SC03_001_jr_8018B8DC.c:func_8018C960 A=DIFFERS B: removed 1 needed 1 compiles 3
04:09:32   src/md_MAIN_003/md_MAIN_003.c:func_800CEED0 A=DIFFERS B: removed 1 needed 1 compiles 3
04:09:32   src/ov_SC03_124/ov_SC03_124_jr_80187010.c:func_801880E0 A=DIFFERS B: removed 0 needed 2 compiles 3
04:09:32   src/ov_SC07_006/ov_SC07_006_jr_80135D20.c:func_80136334 A=DIFFERS B: removed 4 needed 4 compiles 9
04:09:32   src/ov_SC03_001/ov_SC03_001_jr_8018B8DC.c:func_8018CBB0 A=DIFFERS B: removed 0 needed 1 compiles 2
04:09:32   src/ov_SC03_124/ov_SC03_124_jr_80187010.c:func_801882AC A=DIFFERS B: removed 0 needed 1 compiles 2
04:09:32   src/ov_SC03_124/ov_SC03_124_jr_80188544.c:func_8018A788 A=DIFFERS B: removed 2 needed 5 compiles 8
04:09:32   src/ov_SC05_017/ov_SC05_017_jr_801875E8.c:func_80188478 A=DIFFERS B: removed 2 needed 4 compiles 7
04:09:32   src/ov_SC07_006/ov_SC07_006_jr_80135D20.c:func_801365B8 A=DIFFERS B: removed 2 needed 2 compiles 5
04:09:33   src/md_MAIN_011/md_MAIN_011.c:func_800CEE74 A=DIFFERS B: removed 0 needed 1 compiles 2
04:09:33   src/ov_SC03_024/ov_SC03_024_jr_80183BF8.c:func_80185E38 A=DIFFERS B: removed 1 needed 4 compiles 6
04:09:33   src/ov_SC05_017/ov_SC05_017_jr_801875E8.c:func_801886B8 A=DIFFERS B: removed 0 needed 2 compiles 3
04:09:33   src/ov_SC06_011/ov_SC06_011_jr_8017BEBC.c:func_8017DE14 A=DIFFERS B: removed 0 needed 1 compiles 2
04:09:33   src/md_MAIN_011/md_MAIN_011.c:func_800CEF00 A=DIFFERS B: removed 0 needed 1 compiles 2
04:09:33   src/ov_SC05_017/ov_SC05_017_jr_801875E8.c:func_80188884 A=DIFFERS B: removed 0 needed 1 compiles 2
04:09:33   src/md_MAIN_003/md_MAIN_003.c:func_800CF3E8 A=DIFFERS B: removed 4 needed 8 compiles 13
04:09:33   src/ov_SC03_001/ov_SC03_001_jr_8018B8DC.c:func_8018D0E4 A=DIFFERS B: removed 2 needed 5 compiles 8
04:09:33   src/md_MAIN_011/md_MAIN_011.c:func_800CF28C A=DIFFERS B: removed 0 needed 1 compiles 2
04:09:33   src/md_SC07_004/md_SC07_004.c:func_801AF368 A=DIFFERS B: removed 0 needed 2 compiles 3
04:09:33   src/md_MAIN_011/md_MAIN_011.c:func_800CFDB4 A=DIFFERS B: removed 0 needed 1 compiles 2
04:09:33   src/ov_SC02_021/ov_SC02_021_jr_8017ECFC.c:func_8017F1B4 A=DIFFERS B: removed 0 needed 1 compiles 2
04:09:33   src/ov_SC03_024/ov_SC03_024_jr_80183BF8.c:func_801865DC A=DIFFERS B: removed 0 needed 3 compiles 4
04:09:33   src/ov_SC04_018/ov_SC04_018_jr_801878E8.c:func_80188778 A=DIFFERS B: removed 2 needed 4 compiles 7
04:09:34   src/ov_SC03_001/ov_SC03_001_jr_80188830.c:func_80188830 A=DIFFERS B: removed 2 needed 1 compiles 4
04:09:34   src/ov_SC02_021/ov_SC02_021_jr_8017ECFC.c:func_8017F468 A=DIFFERS B: removed 0 needed 1 compiles 2
04:09:34   src/md_MAIN_011/md_MAIN_011.c:func_800D03F8 A=DIFFERS B: removed 0 needed 1 compiles 2
04:09:34   src/md_MAIN_003/md_MAIN_003.c:func_800CFB3C A=DIFFERS B: removed 4 needed 2 compiles 7
04:09:34   src/ov_SC03_024/ov_SC03_024_jr_80183BF8.c:func_801868C0 A=DIFFERS B: removed 0 needed 1 compiles 2
04:09:34   src/ov_SC03_001/ov_SC03_001_jr_80188830.c:func_80188D68 A=DIFFERS B: removed 0 needed 1 compiles 2
04:09:34   src/ov_MAIN_012/ov_MAIN_012.c:func_80130D48 A=DIFFERS B: removed 5 needed 4 compiles 10
04:09:34   src/ov_SC02_021/ov_SC02_021_jr_8017ECFC.c:func_8017F5E4 A=DIFFERS B: removed 0 needed 3 compiles 4
04:09:34   src/ov_SC03_124/ov_SC03_124_jr_80185498.c:func_80185498 A=DIFFERS B: removed 2 needed 1 compiles 4
04:09:34   src/ov_SC04_018/ov_SC04_018_jr_801878E8.c:func_801889B8 A=DIFFERS B: removed 0 needed 2 compiles 3
04:09:34   src/ov_SC03_095/ov_SC03_095_jr_8017BEBC.c:func_80180850 A=DIFFERS B: removed 0 needed 4 compiles 5
04:09:34   src/ov_SC03_024/ov_SC03_024_jr_80183BF8.c:func_80186A58 A=DIFFERS B: removed 0 needed 1 compiles 2
04:09:34   src/ov_SC06_011/ov_SC06_011_jr_8017BEBC.c:func_8017E5D0 A=DIFFERS B: removed 4 needed 3 compiles 8
04:09:34   src/ov_SC02_021/ov_SC02_021_jr_8017ECFC.c:func_8017F9C8 A=DIFFERS B: removed 0 needed 1 compiles 2
04:09:34   src/ov_SC07_006/ov_SC07_006_jr_80135D20.c:func_80136824 A=DIFFERS B: removed 4 needed 6 compiles 11
04:09:35   src/ov_SC03_124/ov_SC03_124_jr_80185498.c:func_801859D0 A=DIFFERS B: removed 0 needed 1 compiles 2
04:09:35   src/ov_SC06_011/ov_SC06_011_jr_8017BEBC.c:func_8017E9F4 A=DIFFERS B: removed 0 needed 1 compiles 2
04:09:35   src/ov_SC04_018/ov_SC04_018_jr_801878E8.c:func_80188B84 A=DIFFERS B: removed 0 needed 1 compiles 2
04:09:35   src/ov_SC05_017/ov_SC05_017_jr_80185A70.c:func_80185A70 A=DIFFERS B: removed 2 needed 1 compiles 4
04:09:35   src/ov_SC06_018/ov_SC06_018_jr_80186270.c:func_80187038 A=DIFFERS B: removed 0 needed 1 compiles 2
04:09:35   src/md_SC07_004/md_SC07_004.c:<file-scope> A=COMPILE-ERROR B: removed 0 needed 2 compiles 3
04:09:35   src/ov_SC06_032/ov_SC06_032_jr_80181014.c:func_801815F4 A=DIFFERS B: removed 0 needed 1 compiles 2
04:09:35   src/ov_SC06_033/ov_SC06_033_jr_80184CF8.c:func_80185AC0 A=DIFFERS B: removed 0 needed 1 compiles 2
04:09:36   src/ov_SC05_017/ov_SC05_017_jr_80185A70.c:func_80185FA8 A=DIFFERS B: removed 0 needed 1 compiles 2
04:09:36   src/ov_SC06_018/ov_SC06_018_jr_80186270.c:func_80187250 A=DIFFERS B: removed 0 needed 1 compiles 2
04:09:36   src/md_SC04_027/md_SC04_027.c:func_801E8A80 A=DIFFERS B: removed 0 needed 1 compiles 2
04:09:36   src/ov_SC06_032/ov_SC06_032_jr_80181014.c:func_80181FF4 A=DIFFERS B: removed 0 needed 1 compiles 2
04:09:36   src/ov_SC06_033/ov_SC06_033_jr_80184CF8.c:func_80185CD8 A=DIFFERS B: removed 0 needed 1 compiles 2
04:09:36   src/ov_SC05_001/ov_SC05_001_jr_80183508.c:func_80183508 A=DIFFERS B: removed 0 needed 1 compiles 2
04:09:36   src/ov_SC06_024/ov_SC06_024_jr_80183B3C.c:func_80183E74 A=DIFFERS B: removed 3 needed 2 compiles 6
04:09:36   src/800.c:func_800193B8 A=DIFFERS B: removed 1 needed 8 compiles 10
04:09:36   src/md_SC04_027/md_SC04_027.c:func_801E8DF4 A=DIFFERS B: removed 0 needed 1 compiles 2
04:09:36   src/ov_SC06_030/ov_SC06_030_jr_8017F65C.c:func_8017FE9C A=DIFFERS B: removed 1 needed 3 compiles 5
04:09:36   src/ov_SC05_009/ov_SC05_009_jr_8017BEBC.c:func_8017DCB0 A=DIFFERS B: removed 1 needed 1 compiles 3
04:09:37   src/ov_SC05_001/ov_SC05_001_jr_80183508.c:func_80183A30 A=DIFFERS B: removed 0 needed 2 compiles 3
04:09:37   src/ov_SC04_000/ov_SC04_000_jr_801818E8.c:func_80181ABC A=DIFFERS B: removed 0 needed 2 compiles 3
04:09:37   src/md_SC04_027/md_SC04_027.c:func_801E9B68 A=DIFFERS B: removed 0 needed 1 compiles 2
04:09:37   src/ov_MAIN_012/ov_MAIN_012_jr_8017CF3C.c:func_8017DCB0 A=DIFFERS B: removed 0 needed 1 compiles 2
04:09:37   src/ov_SC05_009/ov_SC05_009_jr_8017BEBC.c:func_8017DF5C A=DIFFERS B: removed 0 needed 1 compiles 2
04:09:37   src/ov_SC05_001/ov_SC05_001_jr_80183508.c:func_80183C9C A=DIFFERS B: removed 0 needed 1 compiles 2
04:09:37   src/ov_SC04_010/ov_SC04_010_jr_8017BEBC.c:func_8017D5DC A=DIFFERS B: removed 0 needed 1 compiles 2
04:09:37   src/ov_SC05_009/ov_SC05_009_jr_8017BEBC.c:func_8017E0F4 A=DIFFERS B: removed 0 needed 1 compiles 2
04:09:38   src/md_SC04_027/md_SC04_027.c:func_801E9BE0 A=DIFFERS B: removed 1 needed 2 compiles 4
04:09:38   src/ov_SC04_018/ov_SC04_018_jr_80185D70.c:func_801862A8 A=DIFFERS B: removed 0 needed 1 compiles 2
04:09:38   src/ov_MAIN_012/ov_MAIN_012_jr_8017CF3C.c:func_8017DD28 A=DIFFERS B: removed 1 needed 2 compiles 4
04:09:38   src/ov_SC06_030/ov_SC06_030_jr_8017F65C.c:func_80180DCC A=DIFFERS B: removed 4 needed 1 compiles 6
04:09:38   src/ov_SC05_009/ov_SC05_009_jr_8017BEBC.c:func_8017E9E8 A=DIFFERS B: removed 0 needed 1 compiles 2
04:09:39   src/ov_SC03_002/ov_SC03_002_jr_80181D78.c:func_80181D78 A=DIFFERS B: removed 0 needed 1 compiles 2
04:09:39   src/ov_SC03_092/ov_SC03_092_jr_80181694.c:func_80183D58 A=DIFFERS B: removed 0 needed 1 compiles 2
04:09:39   src/md_MAIN_003/md_MAIN_003.c:func_800CFC1C A=DIFFERS B: removed 10 needed 18 compiles 29
04:09:39   src/ov_SC03_110/ov_SC03_110_jr_8017D898.c:func_8017F674 A=DIFFERS B: removed 0 needed 3 compiles 4
04:09:39   src/ov_SC03_114/ov_SC03_114_jr_8017BEBC.c:func_8017E270 A=DIFFERS B: removed 0 needed 1 compiles 2
04:09:39   src/md_SC03_076/md_SC03_076.c:func_801F03C0 A=DIFFERS B: removed 0 needed 1 compiles 2
04:09:39   src/ov_SC04_000/ov_SC04_000_jr_801818E8.c:func_8018298C A=DIFFERS B: removed 2 needed 6 compiles 9
04:09:39   src/ov_SC03_002/ov_SC03_002_jr_80181D78.c:func_801824DC A=DIFFERS B: removed 0 needed 1 compiles 2
04:09:39   src/md_SC03_076/md_SC03_076_jr_801F218C.c:func_801F2348 A=DIFFERS B: removed 2 needed 1 compiles 4
04:09:39   src/ov_SC03_092/ov_SC03_092_jr_80181694.c:func_8018412C A=DIFFERS B: removed 0 needed 1 compiles 2
04:09:39   src/md_SC03_076/md_SC03_076.c:func_801F14A8 A=DIFFERS B: removed 0 needed 1 compiles 2
04:09:39   src/md_SC03_135/md_SC03_135.c:func_801E3540 A=DIFFERS B: removed 0 needed 1 compiles 2
04:09:39   src/ov_SC03_097/ov_SC03_097_jr_80182B9C.c:func_80184D28 A=DIFFERS B: removed 1 needed 1 compiles 3
04:09:39   src/ov_SC03_002/ov_SC03_002_jr_80181D78.c:func_8018311C A=DIFFERS B: removed 0 needed 1 compiles 2
04:09:39   src/ov_SC04_000/ov_SC04_000_jr_801818E8.c:func_80182BA8 A=DIFFERS B: removed 0 needed 2 compiles 3
04:09:39   src/ov_SC03_114/ov_SC03_114_jr_8017BEBC.c:func_8017E2EC A=DIFFERS B: removed 0 needed 2 compiles 3
04:09:40   src/md_SC03_135/md_SC03_135.c:func_801E4628 A=DIFFERS B: removed 0 needed 1 compiles 2
04:09:40   src/md_SC03_076/md_SC03_076_jr_801F218C.c:func_801F2458 A=DIFFERS B: removed 2 needed 1 compiles 4
04:09:40   src/ov_SC04_016/ov_SC04_016_jr_8017F03C.c:func_8017F4A0 A=DIFFERS B: removed 2 needed 6 compiles 9
04:09:40   src/md_SC03_076/md_SC03_076.c:func_801F1520 A=DIFFERS B: removed 1 needed 2 compiles 4
04:09:40   src/md_SC05_026/md_SC05_026.c:func_801EE8E0 A=DIFFERS B: removed 0 needed 1 compiles 2
04:09:40   src/ov_SC03_007/ov_SC03_007_jr_80181F94.c:func_801822C8 A=DIFFERS B: removed 0 needed 1 compiles 2
04:09:40   src/ov_SC04_016/ov_SC04_016_jr_8017F03C.c:func_8017F82C A=DIFFERS B: removed 0 needed 1 compiles 2
04:09:40   src/md_SC03_135/md_SC03_135_jr_801E5358.c:func_801E559C A=DIFFERS B: removed 0 needed 1 compiles 2
04:09:40   src/md_MAIN_003/md_MAIN_003.c:func_800CFEB4 A=DIFFERS B: removed 7 needed 4 compiles 12
04:09:40   src/ov_SC03_108/ov_SC03_108_jr_8017F83C.c:func_8017F83C A=DIFFERS B: removed 0 needed 1 compiles 2
04:09:41   src/ov_SC06_030/ov_SC06_030_jr_8017F65C.c:func_80180FF4 A=DIFFERS B: removed 0 needed 10 compiles 11
04:09:41   src/md_SC03_135/md_SC03_135.c:func_801E46A0 A=DIFFERS B: removed 1 needed 2 compiles 4
04:09:41   src/md_SC05_026/md_SC05_026.c:func_801EF9C8 A=DIFFERS B: removed 0 needed 1 compiles 2
04:09:41   src/ov_SC03_097/ov_SC03_097_jr_80182B9C.c:func_80184FB0 A=DIFFERS B: removed 0 needed 4 compiles 5
04:09:41   src/ov_SC04_016/ov_SC04_016_jr_8017F03C.c:func_8017F8A8 A=DIFFERS B: removed 0 needed 2 compiles 3
04:09:41   src/ov_SC03_108/ov_SC03_108_jr_8017F83C.c:func_8017FD64 A=DIFFERS B: removed 0 needed 2 compiles 3
04:09:41   src/ov_SC06_030/ov_SC06_030_jr_8017F65C.c:func_80181588 A=DIFFERS B: removed 0 needed 1 compiles 2
04:09:42   src/ov_MAIN_012/ov_MAIN_012_jr_801380E0.c:func_80139BE0 A=DIFFERS B: removed 0 needed 1 compiles 2
04:09:42   src/md_SC05_026/md_SC05_026.c:func_801EFA40 A=DIFFERS B: removed 1 needed 2 compiles 4
04:09:42   src/ov_SC01_077/ov_SC01_077_jr_801380E0.c:func_80139BE0 A=DIFFERS B: removed 0 needed 1 compiles 2
04:09:42   src/ov_SC03_010/ov_SC03_010_jr_8017C730.c:func_8017E088 A=DIFFERS B: removed 0 needed 1 compiles 2
04:09:42   src/ov_SC06_030/ov_SC06_030_jr_8017C8D0.c:func_8017DE08 A=DIFFERS B: removed 0 needed 1 compiles 2
04:09:42   src/ov_SC01_004/ov_SC01_004_jr_8017E5B8.c:func_8017E5B8 A=DIFFERS B: removed 0 needed 2 compiles 3
04:09:42   src/ov_SC03_092/ov_SC03_092_jr_80181694.c:func_8018478C A=DIFFERS B: removed 0 needed 8 compiles 9
04:09:42   src/ov_MAIN_012/ov_MAIN_012_jr_8017CA18.c:func_8017CBC8 A=DIFFERS B: removed 0 needed 1 compiles 2
04:09:42   src/ov_SC02_037/ov_SC02_037_jr_801380E0.c:func_80139BE0 A=DIFFERS B: removed 0 needed 1 compiles 2
04:09:42   src/ov_SC03_010/ov_SC03_010_jr_8017C730.c:func_8017E3B8 A=DIFFERS B: removed 0 needed 1 compiles 2
04:09:42   src/ov_SC05_017/ov_SC05_017_jr_8018C694.c:func_8018CA0C A=DIFFERS B: removed 0 needed 1 compiles 2
04:09:42   src/ov_SC07_011/ov_SC07_011_jr_8017BEBC.c:func_8017E32C A=DIFFERS B: removed 1 needed 1 compiles 3
04:09:43   src/ov_SC03_108/ov_SC03_108_jr_8017F83C.c:func_801809A0 A=DIFFERS B: removed 3 needed 2 compiles 6
04:09:43   src/ov_SC03_105/ov_SC03_105_jr_80189798.c:func_80189C84 A=DIFFERS B: removed 0 needed 1 compiles 2
04:09:43   src/ov_SC05_017/ov_SC05_017_jr_80182A74.c:func_8018305C A=DIFFERS B: removed 0 needed 1 compiles 2
04:09:43   src/800.c:LoaderInitFileTable A=DIFFERS B: removed 0 needed 7 compiles 8
04:09:43   src/ov_SC03_105/ov_SC03_105_jr_80189798.c:func_80189F24 A=DIFFERS B: removed 0 needed 1 compiles 2
04:09:43   src/ov_SC06_022/ov_SC06_022_jr_80182D08.c:func_80183E6C A=DIFFERS B: removed 0 needed 1 compiles 2
04:09:43   src/ov_SC06_024/ov_SC06_024_jr_801851E0.c:func_80186344 A=DIFFERS B: removed 0 needed 1 compiles 2
04:09:43   src/ov_SC01_004/ov_SC01_004_jr_8017E5B8.c:func_8017E804 A=DIFFERS B: removed 1 needed 5 compiles 7
04:09:43   src/ov_SC05_017/ov_SC05_017_jr_80182A74.c:func_80184870 A=DIFFERS B: removed 0 needed 1 compiles 2
04:09:43   src/ov_SC06_033/ov_SC06_033_jr_801836FC.c:func_80184860 A=DIFFERS B: removed 0 needed 1 compiles 2
04:09:44   src/ov_SC03_001/ov_SC03_001_jr_80189030.c:func_80189030 A=DIFFERS B: removed 0 needed 1 compiles 2
04:09:44   src/ov_SC01_004/ov_SC01_004_jr_8017E5B8.c:func_8017EB30 A=DIFFERS B: removed 0 needed 1 compiles 2
04:09:44   src/md_SC04_027/md_SC04_027_jr_801EA8C0.c:func_801EAB04 A=DIFFERS B: removed 0 needed 1 compiles 2
04:09:44   src/ov_SC07_006/ov_SC07_006_jr_8013F350.c:func_8013FAF8 A=DIFFERS B: removed 0 needed 1 compiles 2
04:09:44   src/ov_SC05_017/ov_SC05_017_jr_801808D4.c:func_80180C5C A=DIFFERS B: removed 1 needed 1 compiles 3
04:09:44   src/ov_SC04_018/ov_SC04_018_jr_80186570.c:func_80186570 A=DIFFERS B: removed 0 needed 1 compiles 2
04:09:44   src/ov_SC05_017/ov_SC05_017_jr_8018C694.c:func_8018CDB0 A=DIFFERS B: removed 2 needed 5 compiles 8
04:09:44   src/ov_SC03_010/ov_SC03_010_jr_8017F6C0.c:func_8017F920 A=DIFFERS B: removed 0 needed 1 compiles 2
04:09:44   src/ov_SC03_112/ov_SC03_112_jr_80181F74.c:func_80181F74 A=DIFFERS B: removed 0 needed 1 compiles 2
04:09:44   src/ov_SC03_013/ov_SC03_013_jr_801806F8.c:func_801806F8 A=DIFFERS B: removed 1 needed 1 compiles 3
04:09:44   src/ov_SC05_017/ov_SC05_017_jr_801808D4.c:func_80180FB4 A=DIFFERS B: removed 0 needed 1 compiles 2
04:09:45   src/ov_SC03_013/ov_SC03_013_jr_801806F8.c:func_80180958 A=DIFFERS B: removed 0 needed 1 compiles 2
04:09:45   src/ov_SC01_077/ov_SC01_077_jr_80183AF0.c:func_80183AF0 A=DIFFERS B: removed 0 needed 2 compiles 3
04:09:45   src/ov_SC03_001/ov_SC03_001_jr_80189030.c:func_801898E4 A=DIFFERS B: removed 1 needed 5 compiles 7
04:09:45   src/md_MAIN_016/md_MAIN_016.c:func_800CB458 A=DIFFERS B: removed 0 needed 2 compiles 3
04:09:45   src/800_b.c:func_8002B0B4 A=DIFFERS B: removed 0 needed 5 compiles 6
04:09:45   src/ov_SC06_018/ov_SC06_018_jr_8018FF98.c:func_8018FF98 A=DIFFERS B: removed 0 needed 1 compiles 2
04:09:45   src/800.c:func_8001A114 A=DIFFERS B: removed 0 needed 2 compiles 3
04:09:45   src/md_MAIN_003/md_MAIN_003_o0c.c:func_800D0D6C A=DIFFERS B: removed 0 needed 1 compiles 2
04:09:46   src/md_MAIN_009/md_MAIN_009.c:func_800CD674 A=DIFFERS B: removed 2 needed 6 compiles 9
04:09:46   src/md_MAIN_003/md_MAIN_003_o0d.c:func_800D12D0 A=DIFFERS B: removed 0 needed 1 compiles 2
04:09:46   src/md_MAIN_001/md_MAIN_001.c:func_800CF180 A=DIFFERS B: removed 4 needed 4 compiles 9
04:09:46   src/md_MAIN_018/md_MAIN_018.c:func_800CB328 A=DIFFERS B: removed 0 needed 1 compiles 2
04:09:46   src/md_MAIN_015/md_MAIN_015.c:func_800CB2E0 A=DIFFERS B: removed 2 needed 1 compiles 4
04:09:46   src/ov_SC04_018/ov_SC04_018_jr_80186570.c:func_80186E24 A=DIFFERS B: removed 1 needed 5 compiles 7
04:09:46   src/md_MAIN_013/md_MAIN_013.c:func_800CB138 A=DIFFERS B: removed 0 needed 13 compiles 14
04:09:47   src/md_MAIN_001/md_MAIN_001.c:func_800CF290 A=DIFFERS B: removed 9 needed 4 compiles 14
04:09:47   src/800.c:CdReadSectorReadyCB A=DIFFERS B: removed 0 needed 1 compiles 2
04:09:47   src/md_MAIN_008/md_MAIN_008.c:func_800CEF50 A=DIFFERS B: removed 5 needed 18 compiles 24
04:09:47   src/md_MAIN_013/md_MAIN_013.c:func_800CB56C A=DIFFERS B: removed 0 needed 14 compiles 15
04:09:49   src/800.c:func_8001B26C A=DIFFERS B: removed 0 needed 1 compiles 2
04:09:55   src/800.c:func_8001BADC A=DIFFERS B: removed 5 needed 3 compiles 9
04:10:02   src/800.c:func_8001BBBC A=COMPILE-ERROR B: removed 4 needed 4 compiles 9
04:10:04   src/800.c:func_8001BC6C A=DIFFERS B: removed 1 needed 1 compiles 3
04:10:08   src/800.c:func_8001C320 A=DIFFERS B: removed 2 needed 2 compiles 5
04:10:11   src/800.c:func_8001C5B8 A=DIFFERS B: removed 2 needed 2 compiles 5
04:10:12   src/800.c:func_8001C9D0 A=DIFFERS B: removed 0 needed 1 compiles 2
04:10:19   src/800.c:func_8001DA34 A=DIFFERS B: removed 2 needed 7 compiles 10
04:10:21   src/800.c:func_8001EA14 A=DIFFERS B: removed 0 needed 1 compiles 2
04:10:25   src/800.c:func_8001EFE0 A=DIFFERS B: removed 0 needed 5 compiles 6
04:10:26   src/800.c:func_80020598 A=DIFFERS B: removed 0 needed 1 compiles 2
04:10:28   src/800.c:func_80020DA4 A=DIFFERS B: removed 0 needed 2 compiles 3
04:10:30   src/800.c:func_80021174 A=DIFFERS B: removed 2 needed 1 compiles 4
04:10:54   src/800.c:func_800215F4 A=DIFFERS B: removed 29 needed 7 compiles 37
04:11:23   src/800.c:func_800226C0 A=DIFFERS B: removed 31 needed 14 compiles 46
04:11:26   src/800.c:func_80023138 A=DIFFERS B: removed 2 needed 3 compiles 6
04:11:35   src/800.c:func_80023570 A=DIFFERS B: removed 9 needed 4 compiles 14
04:11:46   src/800.c:func_80023BF0 A=DIFFERS B: removed 0 needed 16 compiles 17
04:11:51   src/800.c:func_800241C0 A=DIFFERS B: removed 3 needed 3 compiles 7
04:11:59   src/800.c:func_800242D0 A=DIFFERS B: removed 6 needed 5 compiles 12
04:12:00   src/800.c:func_80024DE8 A=DIFFERS B: removed 0 needed 1 compiles 2
04:12:02   src/800.c:func_80025504 A=DIFFERS B: removed 0 needed 2 compiles 3
04:12:03   src/800.c:func_80025818 A=DIFFERS B: removed 0 needed 1 compiles 2
04:12:04   src/800.c:func_80025A30 A=DIFFERS B: removed 0 needed 1 compiles 2
04:12:05   src/800.c:func_800273F4 A=DIFFERS B: removed 0 needed 1 compiles 2
04:12:07   src/800.c:func_800277DC A=DIFFERS B: removed 0 needed 2 compiles 3
04:12:10   src/800.c:func_800279AC A=DIFFERS B: removed 1 needed 2 compiles 4
04:12:13   src/800.c:func_80029D3C A=DIFFERS B: removed 1 needed 2 compiles 4
04:12:16   src/800.c:func_80029E30 A=DIFFERS B: removed 1 needed 2 compiles 4
04:12:22   src/800.c:func_8002AAB4 A=DIFFERS B: removed 3 needed 4 compiles 8
04:12:27   src/800.c:func_8002AC00 A=DIFFERS B: removed 4 needed 5 compiles 10
04:12:31   src/800.c:func_8002AF70 A=DIFFERS B: removed 2 needed 3 compiles 6
04:12:34   src/ov_SC05_004/ov_SC05_004_jr_8017F210.c:func_8017F9BC A=DIFFERS B: removed 0 needed 2 compiles 3
04:12:34   src/ov_SC07_011/ov_SC07_011_jr_8017AE2C.c:func_8017B238 A=DIFFERS B: removed 0 needed 2 compiles 3
04:12:34   src/ov_SC05_018/ov_SC05_018_jr_80185754.c:func_80185C8C A=DIFFERS B: removed 0 needed 1 compiles 2
04:12:34   src/ov_SC03_117/ov_SC03_117_jr_80181C80.c:func_8018242C A=DIFFERS B: removed 0 needed 2 compiles 3
04:12:34   src/ov_SC04_015/ov_SC04_015_jr_801820DC.c:func_80182614 A=DIFFERS B: removed 0 needed 1 compiles 2
04:12:34   src/ov_SC02_037/ov_SC02_037.c:func_801287B8 A=DIFFERS B: removed 0 needed 1 compiles 2
04:12:34   src/ov_SC03_107/ov_SC03_107.c:func_801287B8 A=DIFFERS B: removed 0 needed 1 compiles 2
04:12:34   src/ov_SC07_011/ov_SC07_011.c:func_801287B8 A=DIFFERS B: removed 0 needed 1 compiles 2
04:12:34   src/ov_SC07_010/ov_SC07_010.c:func_801287B8 A=DIFFERS B: removed 0 needed 1 compiles 2
04:12:34   src/ov_SC07_007/ov_SC07_007.c:func_801287B8 A=DIFFERS B: removed 0 needed 1 compiles 2
04:12:34   src/ov_SC05_018/ov_SC05_018_jr_80185754.c:func_80186000 A=DIFFERS B: removed 0 needed 1 compiles 2
04:12:34   src/ov_SC07_011/ov_SC07_011_jr_8017AE2C.c:func_8017B614 A=DIFFERS B: removed 0 needed 3 compiles 4
04:12:34   src/ov_SC05_004/ov_SC05_004_jr_8017F210.c:func_801800F8 A=DIFFERS B: removed 0 needed 3 compiles 4
04:12:34   src/ov_SC07_007/ov_SC07_007_jr_80135D20.c:func_80135EB0 A=DIFFERS B: removed 0 needed 6 compiles 7
04:12:34   src/ov_SC04_015/ov_SC04_015_jr_801820DC.c:func_80182F2C A=DIFFERS B: removed 0 needed 2 compiles 3
04:12:34   src/ov_SC03_117/ov_SC03_117_jr_80181C80.c:func_80182B68 A=DIFFERS B: removed 0 needed 3 compiles 4
04:12:35   src/ov_SC05_004/ov_SC05_004_jr_8017F210.c:func_801804B8 A=DIFFERS B: removed 0 needed 2 compiles 3
04:12:35   src/ov_SC07_011/ov_SC07_011_jr_8016AE5C.c:func_8016C49C A=DIFFERS B: removed 0 needed 1 compiles 2
04:12:35   src/ov_SC04_015/ov_SC04_015_jr_801820DC.c:func_801841EC A=DIFFERS B: removed 0 needed 1 compiles 2
04:12:35   src/ov_SC03_117/ov_SC03_117_jr_80181C80.c:func_80182F28 A=DIFFERS B: removed 0 needed 2 compiles 3
04:12:35   src/ov_SC05_004/ov_SC05_004_jr_8017F210.c:func_801814D8 A=DIFFERS B: removed 0 needed 1 compiles 2
04:12:35   src/ov_SC07_010/ov_SC07_010_jr_80135D20.c:func_80135EB0 A=DIFFERS B: removed 0 needed 6 compiles 7
04:12:36   src/ov_SC03_112/ov_SC03_112_jr_80183AE0.c:func_80183AE0 A=DIFFERS B: removed 0 needed 3 compiles 4
04:12:36   src/ov_SC07_011/ov_SC07_011_jr_8016AE5C.c:func_8016CBC0 A=DIFFERS B: removed 0 needed 1 compiles 2
04:12:36   src/ov_SC03_117/ov_SC03_117_jr_80181C80.c:func_80183F48 A=DIFFERS B: removed 0 needed 1 compiles 2
04:12:36   src/ov_SC04_020/ov_SC04_020_jr_8018254C.c:func_80182A84 A=DIFFERS B: removed 0 needed 1 compiles 2
04:12:36   src/ov_SC07_011/ov_SC07_011_jr_80135D20.c:func_80135EB0 A=DIFFERS B: removed 0 needed 6 compiles 7
04:12:36   src/ov_SC03_112/ov_SC03_112_jr_80183AE0.c:func_80183EA0 A=DIFFERS B: removed 0 needed 2 compiles 3
04:12:36   src/ov_SC02_037/ov_SC02_037_jr_801789AC.c:func_8017A3D8 A=DIFFERS B: removed 0 needed 1 compiles 2
04:12:36   src/ov_SC03_107/ov_SC03_107_jr_801380E0.c:func_80139BE0 A=DIFFERS B: removed 0 needed 1 compiles 2
04:12:36   src/ov_SC07_010/ov_SC07_010_jr_80179B74.c:func_8017A3D8 A=DIFFERS B: removed 0 needed 1 compiles 2
04:12:37   src/ov_SC07_011/ov_SC07_011_jr_80179B74.c:func_8017A3D8 A=DIFFERS B: removed 0 needed 1 compiles 2
04:12:37   src/ov_SC03_112/ov_SC03_112_jr_80183AE0.c:func_80184EC0 A=DIFFERS B: removed 0 needed 1 compiles 2
04:12:37   src/ov_SC07_010/ov_SC07_010_jr_8013F350.c:func_8013FAF8 A=DIFFERS B: removed 0 needed 1 compiles 2
04:12:37   src/ov_SC07_007/ov_SC07_007_jr_8013F350.c:func_8013FAF8 A=DIFFERS B: removed 0 needed 1 compiles 2
04:12:37   src/ov_SC03_112/ov_SC03_112_jr_801817E0.c:func_801817E0 A=DIFFERS B: removed 0 needed 1 compiles 2
04:12:37   src/ov_SC03_124/ov_SC03_124_jr_80185C98.c:func_80185C98 A=DIFFERS B: removed 0 needed 1 compiles 2
04:12:37   src/ov_SC07_011/ov_SC07_011_jr_8013F350.c:func_8013FAF8 A=DIFFERS B: removed 0 needed 1 compiles 2
04:12:37   src/ov_SC05_017/ov_SC05_017_jr_80186270.c:func_80186270 A=DIFFERS B: removed 0 needed 1 compiles 2
04:12:37   src/ov_SC07_011/ov_SC07_011_jr_8016AE5C.c:func_8016E9EC A=DIFFERS B: removed 0 needed 1 compiles 2
04:12:38   src/ov_SC03_112/ov_SC03_112_jr_801817E0.c:func_80181D08 A=DIFFERS B: removed 0 needed 2 compiles 3
04:12:40   src/ov_SC01_009/ov_SC01_009_jr_80178D40.c:func_8017A3D8 A=DIFFERS B: removed 0 needed 1 compiles 2
04:12:40   src/ov_SC02_011/ov_SC02_011_jr_80178D40.c:func_8017A3D8 A=DIFFERS B: removed 0 needed 1 compiles 2
04:12:40   src/ov_SC03_006/ov_SC03_006_jr_80178D40.c:func_8017A3D8 A=DIFFERS B: removed 0 needed 1 compiles 2
04:12:40   src/ov_SC03_029/ov_SC03_029_jr_80178D40.c:func_8017A3D8 A=DIFFERS B: removed 0 needed 1 compiles 2
04:12:40   src/ov_SC02_017/ov_SC02_017_jr_80178D40.c:func_8017A3D8 A=DIFFERS B: removed 0 needed 1 compiles 2
04:12:40   src/ov_SC03_117/ov_SC03_117_jr_80178D40.c:func_8017A3D8 A=DIFFERS B: removed 0 needed 1 compiles 2
04:12:40   src/ov_SC06_029/ov_SC06_029_jr_80178D40.c:func_8017A3D8 A=DIFFERS B: removed 0 needed 1 compiles 2
04:12:40   src/ov_SC06_030/ov_SC06_030_jr_80178D40.c:func_8017A3D8 A=DIFFERS B: removed 0 needed 1 compiles 2
04:12:40   src/ov_SC03_014/ov_SC03_014_jr_80178D40.c:func_8017A3D8 A=DIFFERS B: removed 0 needed 1 compiles 2
04:12:41   src/ov_SC03_001/ov_SC03_001_jr_801870B0.c:func_80187630 A=DIFFERS B: removed 0 needed 1 compiles 2
04:12:41   src/ov_SC03_102/ov_SC03_102_jr_801855D0.c:func_80185D5C A=DIFFERS B: removed 0 needed 1 compiles 2
04:12:41   src/ov_SC03_112/ov_SC03_112_jr_80182BF8.c:func_801833A4 A=DIFFERS B: removed 0 needed 2 compiles 3
04:12:41   src/ov_SC03_091/ov_SC03_091_jr_8017D898.c:func_8017E778 A=DIFFERS B: removed 0 needed 1 compiles 2
04:12:41   src/ov_SC06_033/ov_SC06_033_jr_8018BCD4.c:func_8018BCD4 A=DIFFERS B: removed 0 needed 1 compiles 2
04:12:42 delever: batch tus9 — 300 files (TUs; 383 drawable) · 1901 bodies: 454 lever-free, 1430 residue, 8 refused · sites removed 2244 / needed 2937 / refused 42 / deferred 9 · replays 522 (0 disagreed) · compiles 5262 in 294 s wall · final 300/300 identical · written 297 files
