delever --plan: 300 of 2483 drawable files · 2752 bodies (2723 in multi-copy classes) · 8767 removable sites · 0 deferred asm-bodies
03:20:17 apply tus2: 300 files, control src/ov_SC01_000/ov_SC01_000_jr_80140608.c IDENTICAL (0.20 s), calibration a605e1dba, census 1b260759b699bd23
03:20:17 apply tus2: phase 1 (exemplar files) 14, phase 2 (copies replay) 286
03:20:18   src/ov_MAIN_012/ov_MAIN_012_jr_8013C98C.c:func_8013CF68 A=DIFFERS B: removed 0 needed 1 compiles 2
03:20:18   src/ov_SC01_084/ov_SC01_084_jr_8013C98C.c:func_8013CF68 A=DIFFERS B: removed 0 needed 1 compiles 2
03:20:18   src/ov_SC01_000/ov_SC01_000_jr_8013C98C.c:func_8013CF68 A=DIFFERS B: removed 0 needed 1 compiles 2
03:20:18   src/ov_SC01_084/ov_SC01_084_jr_8013C98C.c:func_8013D178 A=DIFFERS B: removed 0 needed 1 compiles 2
03:20:18   src/ov_SC01_000/ov_SC01_000_jr_8013C98C.c:func_8013D178 A=DIFFERS B: removed 0 needed 1 compiles 2
03:20:18   src/ov_MAIN_012/ov_MAIN_012_jr_8013C98C.c:func_8013D178 A=DIFFERS B: removed 0 needed 1 compiles 2
03:20:18   src/ov_SC01_077/ov_SC01_077.c:func_8013CF68 A=DIFFERS B: removed 0 needed 1 compiles 2
03:20:19   src/ov_SC01_000/ov_SC01_000_jr_8013C98C.c:func_8013D53C A=DIFFERS B: removed 0 needed 2 compiles 3
03:20:19   src/ov_SC01_084/ov_SC01_084_jr_8013C98C.c:func_8013D53C A=DIFFERS B: removed 0 needed 2 compiles 3
03:20:19   src/ov_MAIN_012/ov_MAIN_012_jr_8013C98C.c:func_8013D53C A=DIFFERS B: removed 0 needed 2 compiles 3
03:20:19   src/ov_SC07_006/ov_SC07_006_jr_801457A4.c:func_80145934 A=DIFFERS B: removed 0 needed 1 compiles 2
03:20:19   src/ov_SC01_077/ov_SC01_077.c:func_8013D178 A=DIFFERS B: removed 0 needed 1 compiles 2
03:20:20   src/ov_SC01_000/ov_SC01_000_jr_8013C98C.c:func_8013D8FC A=DIFFERS B: removed 3 needed 1 compiles 5
03:20:20   src/ov_SC01_084/ov_SC01_084_jr_8013C98C.c:func_8013E5E8 A=DIFFERS B: removed 0 needed 1 compiles 2
03:20:20   src/ov_SC01_000/ov_SC01_000_jr_8015C32C.c:func_8015D738 A=DIFFERS B: removed 0 needed 1 compiles 2
03:20:20   src/ov_SC01_077/ov_SC01_077_jr_8015C32C.c:func_8015D738 A=DIFFERS B: removed 0 needed 1 compiles 2
03:20:20   src/ov_SC01_084/ov_SC01_084_jr_8013C98C.c:func_8013EB7C A=DIFFERS B: removed 0 needed 1 compiles 2
03:20:21   src/ov_SC01_077/ov_SC01_077.c:func_8013D53C A=DIFFERS B: removed 0 needed 2 compiles 3
03:20:21   src/ov_SC07_006/ov_SC07_006_jr_80140608.c:func_80140958 A=DIFFERS B: removed 7 needed 4 compiles 12
03:20:21   src/ov_SC07_010/ov_SC07_010_jr_80140608.c:func_80140958 A=DIFFERS B: removed 7 needed 4 compiles 12
03:20:21   src/ov_SC01_000/ov_SC01_000_jr_8015C32C.c:func_8015FBE0 A=DIFFERS B: removed 0 needed 1 compiles 2
03:20:21   src/ov_SC03_011/ov_SC03_011_jr_80140608.c:func_80140958 A=DIFFERS B: removed 7 needed 4 compiles 12
03:20:21   src/ov_SC02_005/ov_SC02_005_jr_8013C98C.c:func_8013CF68 A=DIFFERS B: removed 0 needed 1 compiles 2
03:20:21   src/ov_SC07_006/ov_SC07_006_jr_80140608.c:func_80141874 A=DIFFERS B: removed 0 needed 1 compiles 2
03:20:21   src/ov_SC07_006/ov_SC07_006_jr_801457A4.c:func_80145A2C A=DIFFERS B: removed 0 needed 1 compiles 2
03:20:22   src/ov_SC02_005/ov_SC02_005_jr_8013C98C.c:func_8013D178 A=DIFFERS B: removed 0 needed 1 compiles 2
03:20:22   src/ov_SC01_077/ov_SC01_077_jr_8015C32C.c:func_8015FBE0 A=DIFFERS B: removed 0 needed 1 compiles 2
03:20:22   src/ov_MAIN_012/ov_MAIN_012_jr_8015A3C8.c:func_8015D738 A=DIFFERS B: removed 0 needed 1 compiles 2
03:20:22   src/ov_SC03_011/ov_SC03_011_jr_80140608.c:func_80141874 A=DIFFERS B: removed 0 needed 1 compiles 2
03:20:22   src/ov_SC07_010/ov_SC07_010_jr_80140608.c:func_80140D68 A=DIFFERS B: removed 1 needed 2 compiles 4
03:20:22   src/ov_SC02_005/ov_SC02_005_jr_8013C98C.c:func_8013D53C A=DIFFERS B: removed 0 needed 2 compiles 3
03:20:22   src/ov_SC07_010/ov_SC07_010_jr_80140608.c:func_80141874 A=DIFFERS B: removed 0 needed 1 compiles 2
03:20:23   src/ov_SC02_037/ov_SC02_037_jr_8015A3C8.c:func_8015D738 A=DIFFERS B: removed 0 needed 1 compiles 2
03:20:23   src/ov_SC01_077/ov_SC01_077.c:func_8013D8FC A=DIFFERS B: removed 3 needed 1 compiles 5
03:20:23   src/ov_SC07_006/ov_SC07_006_jr_80140608.c:func_80142EC0 A=DIFFERS B: removed 0 needed 2 compiles 3
03:20:23   src/ov_SC03_011/ov_SC03_011_jr_80140608.c:func_80142EC0 A=DIFFERS B: removed 0 needed 2 compiles 3
03:20:23   src/ov_SC02_005/ov_SC02_005_jr_8013C98C.c:func_8013E5E8 A=DIFFERS B: removed 0 needed 1 compiles 2
03:20:23   src/ov_SC07_006/ov_SC07_006_jr_80140608.c:func_8014305C A=DIFFERS B: removed 0 needed 2 compiles 3
03:20:24   src/ov_SC02_005/ov_SC02_005_jr_8013C98C.c:func_8013EB7C A=DIFFERS B: removed 0 needed 1 compiles 2
03:20:24   src/ov_MAIN_012/ov_MAIN_012_jr_8015A3C8.c:func_8015FBE0 A=DIFFERS B: removed 0 needed 1 compiles 2
03:20:24   src/ov_SC03_011/ov_SC03_011_jr_80140608.c:func_8014305C A=DIFFERS B: removed 0 needed 2 compiles 3
03:20:24   src/ov_SC07_010/ov_SC07_010_jr_80140608.c:func_80142EC0 A=DIFFERS B: removed 0 needed 2 compiles 3
03:20:24   src/ov_SC07_006/ov_SC07_006_jr_80140608.c:func_801431E8 A=DIFFERS B: removed 0 needed 1 compiles 2
03:20:24   src/ov_SC01_000/ov_SC01_000_jr_8015C32C.c:func_80161E08 A=DIFFERS B: removed 0 needed 3 compiles 4
03:20:24   src/ov_SC02_037/ov_SC02_037_jr_8015A3C8.c:func_8015FBE0 A=DIFFERS B: removed 0 needed 1 compiles 2
03:20:24   src/ov_SC01_077/ov_SC01_077_jr_8015C32C.c:func_80161E08 A=DIFFERS B: removed 0 needed 3 compiles 4
03:20:24   src/ov_SC03_011/ov_SC03_011_jr_80140608.c:func_801431E8 A=DIFFERS B: removed 0 needed 1 compiles 2
03:20:25   src/ov_SC03_001/ov_SC03_001_jr_8013C98C.c:func_8013CF68 A=DIFFERS B: removed 0 needed 1 compiles 2
03:20:25   src/ov_SC07_006/ov_SC07_006_jr_801457A4.c:func_80148E54 A=DIFFERS B: removed 0 needed 2 compiles 3
03:20:25   src/ov_SC03_001/ov_SC03_001_jr_8013C98C.c:func_8013D178 A=DIFFERS B: removed 0 needed 1 compiles 2
03:20:25   src/ov_SC07_010/ov_SC07_010_jr_80140608.c:func_8014305C A=DIFFERS B: removed 0 needed 2 compiles 3
03:20:26   src/ov_SC07_010/ov_SC07_010_jr_80140608.c:func_801431E8 A=DIFFERS B: removed 0 needed 1 compiles 2
03:20:26   src/ov_SC03_011/ov_SC03_011_jr_80140608.c:<file-scope> A=DIFFERS B: removed 0 needed 1 compiles 2
03:20:26   src/ov_SC03_001/ov_SC03_001_jr_8013C98C.c:func_8013D53C A=DIFFERS B: removed 0 needed 2 compiles 3
03:20:26   src/ov_SC07_006/ov_SC07_006_jr_80140608.c:<file-scope> A=DIFFERS B: removed 0 needed 1 compiles 2
03:20:26   src/ov_MAIN_012/ov_MAIN_012_jr_8013C98C.c:func_8013D9B0 A=DIFFERS B: removed 9 needed 25 compiles 35
03:20:27   src/ov_SC03_001/ov_SC03_001_jr_8013C98C.c:func_8013E5E8 A=DIFFERS B: removed 0 needed 1 compiles 2
03:20:27   src/ov_SC07_010/ov_SC07_010_jr_80140608.c:func_80143D28 A=DIFFERS B: removed 1 needed 1 compiles 3
03:20:27   src/ov_SC01_000/ov_SC01_000_jr_8013C98C.c:func_8013D9B0 A=DIFFERS B: removed 9 needed 25 compiles 35
03:20:27   src/ov_MAIN_012/ov_MAIN_012_jr_8013C98C.c:func_8013DD68 A=DIFFERS B: removed 1 needed 2 compiles 4
03:20:27   src/ov_MAIN_012/ov_MAIN_012_jr_8015A3C8.c:func_80161E08 A=DIFFERS B: removed 0 needed 3 compiles 4
03:20:27   src/ov_SC03_001/ov_SC03_001_jr_8013C98C.c:func_8013EB7C A=DIFFERS B: removed 0 needed 1 compiles 2
03:20:27   src/ov_SC07_006/ov_SC07_006_jr_801457A4.c:func_8014CF04 A=DIFFERS B: removed 0 needed 1 compiles 2
03:20:27   src/ov_SC02_037/ov_SC02_037_jr_8015A3C8.c:func_80161E08 A=DIFFERS B: removed 0 needed 3 compiles 4
03:20:27   src/ov_MAIN_012/ov_MAIN_012_jr_8013C98C.c:func_8013E5E8 A=DIFFERS B: removed 0 needed 1 compiles 2
03:20:27   src/ov_SC01_000/ov_SC01_000_jr_8013C98C.c:func_8013E5E8 A=DIFFERS B: removed 0 needed 1 compiles 2
03:20:28   src/ov_MAIN_012/ov_MAIN_012_jr_8013C98C.c:func_8013EB7C A=DIFFERS B: removed 0 needed 1 compiles 2
03:20:28   src/ov_SC07_010/ov_SC07_010_jr_80140608.c:<file-scope> A=DIFFERS B: removed 0 needed 1 compiles 2
03:20:28   src/ov_SC01_000/ov_SC01_000_jr_8013C98C.c:func_8013EB7C A=DIFFERS B: removed 0 needed 1 compiles 2
03:20:28   src/ov_SC01_000/ov_SC01_000_jr_8015C32C.c:func_801627E8 A=DIFFERS B: removed 0 needed 2 compiles 3
03:20:28   src/ov_SC01_077/ov_SC01_077_jr_8015C32C.c:func_801627E8 A=DIFFERS B: removed 0 needed 2 compiles 3
03:20:30   src/ov_SC01_000/ov_SC01_000_jr_8015C32C.c:func_80163EC8 A=DIFFERS B: removed 0 needed 1 compiles 2
03:20:30   src/ov_SC01_077/ov_SC01_077_jr_8015C32C.c:func_80163EC8 A=DIFFERS B: removed 0 needed 1 compiles 2
03:20:30   src/ov_SC07_006/ov_SC07_006_jr_801457A4.c:func_8014D820 A=DIFFERS B: removed 1 needed 2 compiles 4
03:20:31   src/ov_MAIN_012/ov_MAIN_012_jr_8015A3C8.c:func_801621CC A=DIFFERS B: removed 2 needed 1 compiles 4
03:20:31   src/ov_SC02_037/ov_SC02_037_jr_8015A3C8.c:func_801621CC A=DIFFERS B: removed 2 needed 1 compiles 4
03:20:33   src/ov_SC01_077/ov_SC01_077_jr_8015C32C.c:func_80166690 A=DIFFERS B: removed 1 needed 1 compiles 3
03:20:36   src/ov_MAIN_012/ov_MAIN_012_jr_8015A3C8.c:func_80162438 A=DIFFERS B: removed 2 needed 3 compiles 6
03:20:36   src/ov_SC02_037/ov_SC02_037_jr_8015A3C8.c:func_80162438 A=DIFFERS B: removed 2 needed 3 compiles 6
03:20:36   src/ov_SC01_000/ov_SC01_000_jr_8015C32C.c:func_80166F58 A=DIFFERS B: removed 2 needed 5 compiles 8
03:20:37   src/ov_SC01_077/ov_SC01_077.c:func_8013D9B0 A=DIFFERS B: removed 9 needed 25 compiles 35
03:20:38   src/ov_SC01_077/ov_SC01_077_jr_8015C32C.c:func_80166F58 A=DIFFERS B: removed 2 needed 5 compiles 8
03:20:38   src/ov_MAIN_012/ov_MAIN_012_jr_8015A3C8.c:func_801627E8 A=DIFFERS B: removed 0 needed 2 compiles 3
03:20:39   src/ov_SC02_037/ov_SC02_037_jr_8015A3C8.c:func_801627E8 A=DIFFERS B: removed 0 needed 2 compiles 3
03:20:39   src/ov_SC01_077/ov_SC01_077.c:func_8013DD68 A=DIFFERS B: removed 1 needed 2 compiles 4
03:20:40   src/ov_MAIN_012/ov_MAIN_012_jr_8015A3C8.c:func_80163EC8 A=DIFFERS B: removed 0 needed 1 compiles 2
03:20:40   src/ov_SC01_000/ov_SC01_000_jr_8015C32C.c:func_80168828 A=DIFFERS B: removed 0 needed 2 compiles 3
03:20:40   src/ov_SC01_077/ov_SC01_077.c:func_8013E5E8 A=DIFFERS B: removed 0 needed 1 compiles 2
03:20:40   src/ov_SC01_077/ov_SC01_077_jr_8015C32C.c:func_80167AE0 A=DIFFERS B: removed 1 needed 1 compiles 3
03:20:40   src/ov_SC02_037/ov_SC02_037_jr_8015A3C8.c:func_80163EC8 A=DIFFERS B: removed 0 needed 1 compiles 2
03:20:41   src/ov_SC01_077/ov_SC01_077.c:func_8013EB7C A=DIFFERS B: removed 0 needed 1 compiles 2
03:20:42   src/ov_SC01_077/ov_SC01_077_jr_8015C32C.c:func_80168828 A=DIFFERS B: removed 0 needed 2 compiles 3
03:20:43   src/ov_SC01_077/ov_SC01_077.c:func_8013FAF8 A=DIFFERS B: removed 0 needed 1 compiles 2
03:20:43   src/ov_MAIN_012/ov_MAIN_012_jr_8015A3C8.c:func_80164BDC A=DIFFERS B: removed 2 needed 1 compiles 4
03:20:43   src/ov_SC02_037/ov_SC02_037_jr_8015A3C8.c:func_80164BDC A=DIFFERS B: removed 2 needed 1 compiles 4
03:20:44   src/ov_SC01_077/ov_SC01_077_jr_8015C32C.c:func_8016A290 A=DIFFERS B: removed 1 needed 1 compiles 3
03:20:47   src/ov_SC02_037/ov_SC02_037_jr_8015A3C8.c:func_801651B8 A=DIFFERS B: removed 2 needed 2 compiles 5
03:20:47   src/ov_SC01_077/ov_SC01_077.c:func_80140958 A=DIFFERS B: removed 7 needed 4 compiles 12
03:20:47   src/ov_MAIN_012/ov_MAIN_012_jr_8015A3C8.c:func_801651B8 A=DIFFERS B: removed 2 needed 2 compiles 5
03:20:47   src/ov_SC01_077/ov_SC01_077.c:func_80141874 A=DIFFERS B: removed 0 needed 1 compiles 2
03:20:48   src/ov_SC01_077/ov_SC01_077.c:func_801418F8 A=DIFFERS B: removed 0 needed 1 compiles 2
03:20:49   src/ov_SC02_037/ov_SC02_037_jr_8015A3C8.c:func_80166690 A=DIFFERS B: removed 1 needed 1 compiles 3
03:20:50   src/ov_MAIN_012/ov_MAIN_012_jr_8015A3C8.c:func_80166690 A=DIFFERS B: removed 1 needed 1 compiles 3
03:20:50   src/ov_SC01_077/ov_SC01_077.c:func_801424E4 A=DIFFERS B: removed 2 needed 2 compiles 5
03:20:52   src/ov_SC01_077/ov_SC01_077.c:func_80142EC0 A=DIFFERS B: removed 0 needed 2 compiles 3
03:20:53   src/ov_SC01_077/ov_SC01_077.c:func_8014305C A=DIFFERS B: removed 0 needed 2 compiles 3
03:20:54   src/ov_SC01_077/ov_SC01_077.c:func_801431E8 A=DIFFERS B: removed 0 needed 1 compiles 2
03:20:55   src/ov_SC02_037/ov_SC02_037_jr_8015A3C8.c:func_80166F58 A=DIFFERS B: removed 2 needed 5 compiles 8
03:20:55   src/ov_SC01_077/ov_SC01_077.c:func_80143D28 A=DIFFERS B: removed 1 needed 1 compiles 3
03:20:56   src/ov_MAIN_012/ov_MAIN_012_jr_8015A3C8.c:func_80166F58 A=DIFFERS B: removed 2 needed 5 compiles 8
03:20:58   src/ov_SC02_037/ov_SC02_037_jr_8015A3C8.c:func_80167AE0 A=DIFFERS B: removed 1 needed 1 compiles 3
03:20:58   src/ov_MAIN_012/ov_MAIN_012_jr_8015A3C8.c:func_80167AE0 A=DIFFERS B: removed 1 needed 1 compiles 3
03:21:00   src/ov_SC02_037/ov_SC02_037_jr_8015A3C8.c:func_80168828 A=DIFFERS B: removed 0 needed 2 compiles 3
03:21:00   src/ov_MAIN_012/ov_MAIN_012_jr_8015A3C8.c:func_80168828 A=DIFFERS B: removed 0 needed 2 compiles 3
03:21:02   src/ov_SC02_037/ov_SC02_037_jr_8015A3C8.c:func_80168BDC A=DIFFERS B: removed 2 needed 1 compiles 4
03:21:03   src/ov_MAIN_012/ov_MAIN_012_jr_8015A3C8.c:func_80168BDC A=DIFFERS B: removed 2 needed 1 compiles 4
03:21:08   src/ov_SC02_037/ov_SC02_037_jr_8015A3C8.c:func_80168D94 A=DIFFERS B: removed 2 needed 5 compiles 8
03:21:08   src/ov_MAIN_012/ov_MAIN_012_jr_8015A3C8.c:func_80168D94 A=DIFFERS B: removed 2 needed 5 compiles 8
03:21:11   src/ov_SC02_037/ov_SC02_037_jr_8015A3C8.c:func_80169058 A=DIFFERS B: removed 1 needed 3 compiles 5
03:21:11   src/ov_MAIN_012/ov_MAIN_012_jr_8015A3C8.c:func_80169058 A=DIFFERS B: removed 1 needed 3 compiles 5
03:21:13   src/ov_SC02_037/ov_SC02_037_jr_8015A3C8.c:func_80169408 A=DIFFERS B: removed 1 needed 1 compiles 3
03:21:13   src/ov_MAIN_012/ov_MAIN_012_jr_8015A3C8.c:func_80169408 A=DIFFERS B: removed 1 needed 1 compiles 3
03:21:15   src/ov_SC02_037/ov_SC02_037_jr_8015A3C8.c:func_8016A290 A=DIFFERS B: removed 1 needed 1 compiles 3
03:21:16   src/ov_MAIN_012/ov_MAIN_012_jr_8015A3C8.c:func_8016A290 A=DIFFERS B: removed 1 needed 1 compiles 3
03:21:20   src/ov_SC01_001/ov_SC01_001_jr_8015C32C.c:func_8015D738 A=DIFFERS B: removed 0 needed 1 compiles 2
03:21:21   src/ov_SC01_080/ov_SC01_080_jr_8015C32C.c:func_8015D738 A=DIFFERS B: removed 0 needed 1 compiles 2
03:21:21   src/ov_SC01_084/ov_SC01_084_jr_8015C32C.c:func_8015D738 A=DIFFERS B: removed 0 needed 1 compiles 2
03:21:21   src/ov_SC01_008/ov_SC01_008_jr_8015C32C.c:func_8015D738 A=DIFFERS B: removed 0 needed 1 compiles 2
03:21:21   src/ov_SC01_004/ov_SC01_004_jr_8015C32C.c:func_8015D738 A=DIFFERS B: removed 0 needed 1 compiles 2
03:21:21   src/ov_SC01_009/ov_SC01_009_jr_8015C32C.c:func_8015D738 A=DIFFERS B: removed 0 needed 1 compiles 2
03:21:21   src/ov_SC02_004/ov_SC02_004_jr_8015C32C.c:func_8015D738 A=DIFFERS B: removed 0 needed 1 compiles 2
03:21:21   src/ov_SC02_005/ov_SC02_005_jr_8015C32C.c:func_8015D738 A=DIFFERS B: removed 0 needed 1 compiles 2
03:21:21   src/ov_SC01_074/ov_SC01_074_jr_8015C32C.c:func_8015D738 A=DIFFERS B: removed 0 needed 1 compiles 2
03:21:22   src/ov_SC01_001/ov_SC01_001_jr_8015C32C.c:func_8015FBE0 A=DIFFERS B: removed 0 needed 1 compiles 2
03:21:22   src/ov_SC02_011/ov_SC02_011_jr_8015C32C.c:func_8015D738 A=DIFFERS B: removed 0 needed 1 compiles 2
03:21:22   src/ov_SC01_004/ov_SC01_004_jr_8015C32C.c:func_8015FBE0 A=DIFFERS B: removed 0 needed 1 compiles 2
03:21:22   src/ov_SC01_008/ov_SC01_008_jr_8015C32C.c:func_8015FBE0 A=DIFFERS B: removed 0 needed 1 compiles 2
03:21:22   src/ov_SC01_084/ov_SC01_084_jr_8015C32C.c:func_8015FBE0 A=DIFFERS B: removed 0 needed 1 compiles 2
03:21:22   src/ov_SC01_009/ov_SC01_009_jr_8015C32C.c:func_8015FBE0 A=DIFFERS B: removed 0 needed 1 compiles 2
03:21:22   src/ov_SC01_080/ov_SC01_080_jr_8015C32C.c:func_8015FBE0 A=DIFFERS B: removed 0 needed 1 compiles 2
03:21:23   src/ov_SC02_004/ov_SC02_004_jr_8015C32C.c:func_8015FBE0 A=DIFFERS B: removed 0 needed 1 compiles 2
03:21:23   src/ov_SC01_074/ov_SC01_074_jr_8015C32C.c:func_8015FBE0 A=DIFFERS B: removed 0 needed 1 compiles 2
03:21:23   src/ov_SC02_005/ov_SC02_005_jr_8015C32C.c:func_8015FBE0 A=DIFFERS B: removed 0 needed 1 compiles 2
03:21:23   src/ov_SC02_011/ov_SC02_011_jr_8015C32C.c:func_8015FBE0 A=DIFFERS B: removed 0 needed 1 compiles 2
03:21:23   src/ov_SC02_000/ov_SC02_000_jr_8015C32C.c:func_8015D738 A=DIFFERS B: removed 0 needed 1 compiles 2
03:21:24   src/ov_SC01_005/ov_SC01_005_jr_8015C32C.c:func_8015D738 A=DIFFERS B: removed 0 needed 1 compiles 2
03:21:25   src/ov_SC01_004/ov_SC01_004_jr_8015C32C.c:func_80161E08 A=DIFFERS B: removed 0 needed 3 compiles 4
03:21:25   src/ov_SC01_008/ov_SC01_008_jr_8015C32C.c:func_80161E08 A=DIFFERS B: removed 0 needed 3 compiles 4
03:21:25   src/ov_SC01_084/ov_SC01_084_jr_8015C32C.c:func_80161E08 A=DIFFERS B: removed 0 needed 3 compiles 4
03:21:25   src/ov_SC01_074/ov_SC01_074_jr_8015C32C.c:func_80161E08 A=DIFFERS B: removed 0 needed 3 compiles 4
03:21:25   src/ov_SC02_004/ov_SC02_004_jr_8015C32C.c:func_80161E08 A=DIFFERS B: removed 0 needed 3 compiles 4
03:21:25   src/ov_SC01_080/ov_SC01_080_jr_8015C32C.c:func_80161E08 A=DIFFERS B: removed 0 needed 3 compiles 4
03:21:25   src/ov_SC02_005/ov_SC02_005_jr_8015C32C.c:func_80161E08 A=DIFFERS B: removed 0 needed 3 compiles 4
03:21:25   src/ov_SC01_001/ov_SC01_001_jr_8015C32C.c:func_80161E08 A=DIFFERS B: removed 0 needed 3 compiles 4
03:21:25   src/ov_SC01_009/ov_SC01_009_jr_8015C32C.c:func_80161E08 A=DIFFERS B: removed 0 needed 3 compiles 4
03:21:26   src/ov_SC02_000/ov_SC02_000_jr_8015C32C.c:func_8015FBE0 A=DIFFERS B: removed 0 needed 1 compiles 2
03:21:26   src/ov_SC02_011/ov_SC02_011_jr_8015C32C.c:func_80161E08 A=DIFFERS B: removed 0 needed 3 compiles 4
03:21:27   src/ov_SC01_005/ov_SC01_005_jr_8015C32C.c:func_8015FBE0 A=DIFFERS B: removed 0 needed 1 compiles 2
03:21:28   src/ov_SC01_074/ov_SC01_074_jr_8015C32C.c:func_801627E8 A=DIFFERS B: removed 0 needed 2 compiles 3
03:21:28   src/ov_SC01_009/ov_SC01_009_jr_8015C32C.c:func_801627E8 A=DIFFERS B: removed 0 needed 2 compiles 3
03:21:28   src/ov_SC01_004/ov_SC01_004_jr_8015C32C.c:func_801627E8 A=DIFFERS B: removed 0 needed 2 compiles 3
03:21:29   src/ov_SC01_008/ov_SC01_008_jr_8015C32C.c:func_801627E8 A=DIFFERS B: removed 0 needed 2 compiles 3
03:21:29   src/ov_SC01_080/ov_SC01_080_jr_8015C32C.c:func_801627E8 A=DIFFERS B: removed 0 needed 2 compiles 3
03:21:29   src/ov_SC01_001/ov_SC01_001_jr_8015C32C.c:func_801627E8 A=DIFFERS B: removed 0 needed 2 compiles 3
03:21:29   src/ov_SC01_084/ov_SC01_084_jr_8015C32C.c:func_801627E8 A=DIFFERS B: removed 0 needed 2 compiles 3
03:21:29   src/ov_SC02_004/ov_SC02_004_jr_8015C32C.c:func_801627E8 A=DIFFERS B: removed 0 needed 2 compiles 3
03:21:29   src/ov_SC02_005/ov_SC02_005_jr_8015C32C.c:func_801627E8 A=DIFFERS B: removed 0 needed 2 compiles 3
03:21:29   src/ov_SC01_074/ov_SC01_074_jr_8015C32C.c:func_80163EC8 A=DIFFERS B: removed 0 needed 1 compiles 2
03:21:29   src/ov_SC02_011/ov_SC02_011_jr_8015C32C.c:func_801627E8 A=DIFFERS B: removed 0 needed 2 compiles 3
03:21:30   src/ov_SC01_009/ov_SC01_009_jr_8015C32C.c:func_80163EC8 A=DIFFERS B: removed 0 needed 1 compiles 2
03:21:30   src/ov_SC01_004/ov_SC01_004_jr_8015C32C.c:func_80163EC8 A=DIFFERS B: removed 0 needed 1 compiles 2
03:21:30   src/ov_SC01_001/ov_SC01_001_jr_8015C32C.c:func_80163EC8 A=DIFFERS B: removed 0 needed 1 compiles 2
03:21:30   src/ov_SC01_084/ov_SC01_084_jr_8015C32C.c:func_80163EC8 A=DIFFERS B: removed 0 needed 1 compiles 2
03:21:30   src/ov_SC01_008/ov_SC01_008_jr_8015C32C.c:func_80163EC8 A=DIFFERS B: removed 0 needed 1 compiles 2
03:21:30   src/ov_SC02_004/ov_SC02_004_jr_8015C32C.c:func_80163EC8 A=DIFFERS B: removed 0 needed 1 compiles 2
03:21:30   src/ov_SC01_080/ov_SC01_080_jr_8015C32C.c:func_80163EC8 A=DIFFERS B: removed 0 needed 1 compiles 2
03:21:31   src/ov_SC02_005/ov_SC02_005_jr_8015C32C.c:func_80163EC8 A=DIFFERS B: removed 0 needed 1 compiles 2
03:21:31   src/ov_SC02_011/ov_SC02_011_jr_8015C32C.c:func_80163EC8 A=DIFFERS B: removed 0 needed 1 compiles 2
03:21:32   src/ov_SC01_005/ov_SC01_005_jr_8015C32C.c:func_80161E08 A=DIFFERS B: removed 0 needed 3 compiles 4
03:21:33   src/ov_SC02_000/ov_SC02_000_jr_8015C32C.c:func_80161E08 A=DIFFERS B: removed 0 needed 3 compiles 4
03:21:36   src/ov_SC02_004/ov_SC02_004_jr_8015C32C.c:func_80168828 A=DIFFERS B: removed 0 needed 2 compiles 3
03:21:36   src/ov_SC01_004/ov_SC01_004_jr_8015C32C.c:func_80168828 A=DIFFERS B: removed 0 needed 2 compiles 3
03:21:37   src/ov_SC01_009/ov_SC01_009_jr_8015C32C.c:func_80168828 A=DIFFERS B: removed 0 needed 2 compiles 3
03:21:37   src/ov_SC01_084/ov_SC01_084_jr_8015C32C.c:func_80168828 A=DIFFERS B: removed 0 needed 2 compiles 3
03:21:37   src/ov_SC02_005/ov_SC02_005_jr_8015C32C.c:func_80168828 A=DIFFERS B: removed 0 needed 2 compiles 3
03:21:37   src/ov_SC02_011/ov_SC02_011_jr_8015C32C.c:func_80168828 A=DIFFERS B: removed 0 needed 2 compiles 3
03:21:37   src/ov_SC01_074/ov_SC01_074_jr_8015C32C.c:func_80168828 A=DIFFERS B: removed 0 needed 2 compiles 3
03:21:37   src/ov_SC01_080/ov_SC01_080_jr_8015C32C.c:func_80168828 A=DIFFERS B: removed 0 needed 2 compiles 3
03:21:37   src/ov_SC01_001/ov_SC01_001_jr_8015C32C.c:func_80168828 A=DIFFERS B: removed 0 needed 2 compiles 3
03:21:37   src/ov_SC01_008/ov_SC01_008_jr_8015C32C.c:func_80168828 A=DIFFERS B: removed 0 needed 2 compiles 3
03:21:39   src/ov_SC01_005/ov_SC01_005_jr_8015C32C.c:func_801627E8 A=DIFFERS B: removed 0 needed 2 compiles 3
03:21:40   src/ov_SC02_015/ov_SC02_015_jr_8015C32C.c:func_8015D738 A=DIFFERS B: removed 0 needed 1 compiles 2
03:21:40   src/ov_SC02_000/ov_SC02_000_jr_8015C32C.c:func_801627E8 A=DIFFERS B: removed 0 needed 2 compiles 3
03:21:41   src/ov_SC02_017/ov_SC02_017_jr_8015C32C.c:func_8015D738 A=DIFFERS B: removed 0 needed 1 compiles 2
03:21:41   src/ov_SC02_016/ov_SC02_016_jr_8015C32C.c:func_8015D738 A=DIFFERS B: removed 0 needed 1 compiles 2
03:21:41   src/ov_SC02_026/ov_SC02_026_jr_8015C32C.c:func_8015D738 A=DIFFERS B: removed 0 needed 1 compiles 2
03:21:41   src/ov_SC02_027/ov_SC02_027_jr_8015C32C.c:func_8015D738 A=DIFFERS B: removed 0 needed 1 compiles 2
03:21:42   src/ov_SC02_015/ov_SC02_015_jr_8015C32C.c:func_8015FBE0 A=DIFFERS B: removed 0 needed 1 compiles 2
03:21:42   src/ov_SC02_021/ov_SC02_021_jr_8015C32C.c:func_8015D738 A=DIFFERS B: removed 0 needed 1 compiles 2
03:21:42   src/ov_SC02_031/ov_SC02_031_jr_8015C32C.c:func_8015D738 A=DIFFERS B: removed 0 needed 1 compiles 2
03:21:42   src/ov_SC02_028/ov_SC02_028_jr_8015C32C.c:func_8015D738 A=DIFFERS B: removed 0 needed 1 compiles 2
03:21:42   src/ov_SC02_039/ov_SC02_039_jr_8015C32C.c:func_8015D738 A=DIFFERS B: removed 0 needed 1 compiles 2
03:21:42   src/ov_SC01_005/ov_SC01_005_jr_8015C32C.c:func_80163EC8 A=DIFFERS B: removed 0 needed 1 compiles 2
03:21:42   src/ov_SC02_017/ov_SC02_017_jr_8015C32C.c:func_8015FBE0 A=DIFFERS B: removed 0 needed 1 compiles 2
03:21:42   src/ov_SC02_035/ov_SC02_035_jr_8015C32C.c:func_8015D738 A=DIFFERS B: removed 0 needed 1 compiles 2
03:21:42   src/ov_SC02_016/ov_SC02_016_jr_8015C32C.c:func_8015FBE0 A=DIFFERS B: removed 0 needed 1 compiles 2
03:21:43   src/ov_SC02_026/ov_SC02_026_jr_8015C32C.c:func_8015FBE0 A=DIFFERS B: removed 0 needed 1 compiles 2
03:21:43   src/ov_SC02_027/ov_SC02_027_jr_8015C32C.c:func_8015FBE0 A=DIFFERS B: removed 0 needed 1 compiles 2
03:21:43   src/ov_SC02_000/ov_SC02_000_jr_8015C32C.c:func_80163EC8 A=DIFFERS B: removed 0 needed 1 compiles 2
03:21:43   src/ov_SC02_028/ov_SC02_028_jr_8015C32C.c:func_8015FBE0 A=DIFFERS B: removed 0 needed 1 compiles 2
03:21:43   src/ov_SC02_031/ov_SC02_031_jr_8015C32C.c:func_8015FBE0 A=DIFFERS B: removed 0 needed 1 compiles 2
03:21:43   src/ov_SC02_021/ov_SC02_021_jr_8015C32C.c:func_8015FBE0 A=DIFFERS B: removed 0 needed 1 compiles 2
03:21:43   src/ov_SC02_039/ov_SC02_039_jr_8015C32C.c:func_8015FBE0 A=DIFFERS B: removed 0 needed 1 compiles 2
03:21:44   src/ov_SC02_035/ov_SC02_035_jr_8015C32C.c:func_8015FBE0 A=DIFFERS B: removed 0 needed 1 compiles 2
03:21:44   src/ov_SC02_015/ov_SC02_015_jr_8015C32C.c:func_80161E08 A=DIFFERS B: removed 0 needed 3 compiles 4
03:21:45   src/ov_SC02_017/ov_SC02_017_jr_8015C32C.c:func_80161E08 A=DIFFERS B: removed 0 needed 3 compiles 4
03:21:45   src/ov_SC02_016/ov_SC02_016_jr_8015C32C.c:func_80161E08 A=DIFFERS B: removed 0 needed 3 compiles 4
03:21:45   src/ov_SC02_027/ov_SC02_027_jr_8015C32C.c:func_80161E08 A=DIFFERS B: removed 0 needed 3 compiles 4
03:21:45   src/ov_SC02_026/ov_SC02_026_jr_8015C32C.c:func_80161E08 A=DIFFERS B: removed 0 needed 3 compiles 4
03:21:46   src/ov_SC02_031/ov_SC02_031_jr_8015C32C.c:func_80161E08 A=DIFFERS B: removed 0 needed 3 compiles 4
03:21:46   src/ov_SC02_021/ov_SC02_021_jr_8015C32C.c:func_80161E08 A=DIFFERS B: removed 0 needed 3 compiles 4
03:21:46   src/ov_SC02_028/ov_SC02_028_jr_8015C32C.c:func_80161E08 A=DIFFERS B: removed 0 needed 3 compiles 4
03:21:46   src/ov_SC02_039/ov_SC02_039_jr_8015C32C.c:func_80161E08 A=DIFFERS B: removed 0 needed 3 compiles 4
03:21:46   src/ov_SC02_035/ov_SC02_035_jr_8015C32C.c:func_80161E08 A=DIFFERS B: removed 0 needed 3 compiles 4
03:21:47   src/ov_SC02_015/ov_SC02_015_jr_8015C32C.c:func_801627E8 A=DIFFERS B: removed 0 needed 2 compiles 3
03:21:48   src/ov_SC02_016/ov_SC02_016_jr_8015C32C.c:func_801627E8 A=DIFFERS B: removed 0 needed 2 compiles 3
03:21:48   src/ov_SC02_017/ov_SC02_017_jr_8015C32C.c:func_801627E8 A=DIFFERS B: removed 0 needed 2 compiles 3
03:21:48   src/ov_SC02_027/ov_SC02_027_jr_8015C32C.c:func_801627E8 A=DIFFERS B: removed 0 needed 2 compiles 3
03:21:48   src/ov_SC02_026/ov_SC02_026_jr_8015C32C.c:func_801627E8 A=DIFFERS B: removed 0 needed 2 compiles 3
03:21:48   src/ov_SC02_015/ov_SC02_015_jr_8015C32C.c:func_80163EC8 A=DIFFERS B: removed 0 needed 1 compiles 2
03:21:49   src/ov_SC02_021/ov_SC02_021_jr_8015C32C.c:func_801627E8 A=DIFFERS B: removed 0 needed 2 compiles 3
03:21:49   src/ov_SC02_031/ov_SC02_031_jr_8015C32C.c:func_801627E8 A=DIFFERS B: removed 0 needed 2 compiles 3
03:21:49   src/ov_SC02_035/ov_SC02_035_jr_8015C32C.c:func_801627E8 A=DIFFERS B: removed 0 needed 2 compiles 3
03:21:49   src/ov_SC02_028/ov_SC02_028_jr_8015C32C.c:func_801627E8 A=DIFFERS B: removed 0 needed 2 compiles 3
03:21:49   src/ov_SC02_016/ov_SC02_016_jr_8015C32C.c:func_80163EC8 A=DIFFERS B: removed 0 needed 1 compiles 2
03:21:49   src/ov_SC02_039/ov_SC02_039_jr_8015C32C.c:func_801627E8 A=DIFFERS B: removed 0 needed 2 compiles 3
03:21:49   src/ov_SC02_017/ov_SC02_017_jr_8015C32C.c:func_80163EC8 A=DIFFERS B: removed 0 needed 1 compiles 2
03:21:50   src/ov_SC02_026/ov_SC02_026_jr_8015C32C.c:func_80163EC8 A=DIFFERS B: removed 0 needed 1 compiles 2
03:21:50   src/ov_SC02_021/ov_SC02_021_jr_8015C32C.c:func_80163EC8 A=DIFFERS B: removed 0 needed 1 compiles 2
03:21:50   src/ov_SC02_027/ov_SC02_027_jr_8015C32C.c:func_80163EC8 A=DIFFERS B: removed 0 needed 1 compiles 2
03:21:50   src/ov_SC02_035/ov_SC02_035_jr_8015C32C.c:func_80163EC8 A=DIFFERS B: removed 0 needed 1 compiles 2
03:21:50   src/ov_SC02_028/ov_SC02_028_jr_8015C32C.c:func_80163EC8 A=DIFFERS B: removed 0 needed 1 compiles 2
03:21:50   src/ov_SC02_039/ov_SC02_039_jr_8015C32C.c:func_80163EC8 A=DIFFERS B: removed 0 needed 1 compiles 2
03:21:51   src/ov_SC02_031/ov_SC02_031_jr_8015C32C.c:func_80163EC8 A=DIFFERS B: removed 0 needed 1 compiles 2
03:21:53   src/ov_SC01_005/ov_SC01_005_jr_8015C32C.c:func_80168828 A=DIFFERS B: removed 0 needed 2 compiles 3
03:21:54   src/ov_SC02_015/ov_SC02_015_jr_8015C32C.c:func_80168828 A=DIFFERS B: removed 0 needed 2 compiles 3
03:21:54   src/ov_SC02_000/ov_SC02_000_jr_8015C32C.c:func_80168828 A=DIFFERS B: removed 0 needed 2 compiles 3
03:21:55   src/ov_SC02_016/ov_SC02_016_jr_8015C32C.c:func_80168828 A=DIFFERS B: removed 0 needed 2 compiles 3
03:21:55   src/ov_SC02_017/ov_SC02_017_jr_8015C32C.c:func_80168828 A=DIFFERS B: removed 0 needed 2 compiles 3
03:21:56   src/ov_SC02_026/ov_SC02_026_jr_8015C32C.c:func_80168828 A=DIFFERS B: removed 0 needed 2 compiles 3
03:21:56   src/ov_SC02_027/ov_SC02_027_jr_8015C32C.c:func_80168828 A=DIFFERS B: removed 0 needed 2 compiles 3
03:21:56   src/ov_SC02_021/ov_SC02_021_jr_8015C32C.c:func_80168828 A=DIFFERS B: removed 0 needed 2 compiles 3
03:21:56   src/ov_SC02_039/ov_SC02_039_jr_8015C32C.c:func_80168828 A=DIFFERS B: removed 0 needed 2 compiles 3
03:21:56   src/ov_SC02_035/ov_SC02_035_jr_8015C32C.c:func_80168828 A=DIFFERS B: removed 0 needed 2 compiles 3
03:21:57   src/ov_SC02_031/ov_SC02_031_jr_8015C32C.c:func_80168828 A=DIFFERS B: removed 0 needed 2 compiles 3
03:21:57   src/ov_SC02_028/ov_SC02_028_jr_8015C32C.c:func_80168828 A=DIFFERS B: removed 0 needed 2 compiles 3
03:21:59   src/ov_SC02_041/ov_SC02_041_jr_8015C32C.c:func_8015D738 A=DIFFERS B: removed 0 needed 1 compiles 2
03:22:00   src/ov_SC02_041/ov_SC02_041_jr_8015C32C.c:func_8015FBE0 A=DIFFERS B: removed 0 needed 1 compiles 2
03:22:00   src/ov_SC03_002/ov_SC03_002_jr_8015C32C.c:func_8015D738 A=DIFFERS B: removed 0 needed 1 compiles 2
03:22:00   src/ov_SC03_003/ov_SC03_003_jr_8015C32C.c:func_8015D738 A=DIFFERS B: removed 0 needed 1 compiles 2
03:22:00   src/ov_SC03_001/ov_SC03_001_jr_8015C32C.c:func_8015D738 A=DIFFERS B: removed 0 needed 1 compiles 2
03:22:01   src/ov_SC03_006/ov_SC03_006_jr_8015C32C.c:func_8015D738 A=DIFFERS B: removed 0 needed 1 compiles 2
03:22:01   src/ov_SC03_012/ov_SC03_012_jr_8015C32C.c:func_8015D738 A=DIFFERS B: removed 0 needed 1 compiles 2
03:22:01   src/ov_SC03_007/ov_SC03_007_jr_8015C32C.c:func_8015D738 A=DIFFERS B: removed 0 needed 1 compiles 2
03:22:01   src/ov_SC03_003/ov_SC03_003_jr_8015C32C.c:func_8015FBE0 A=DIFFERS B: removed 0 needed 1 compiles 2
03:22:02   src/ov_SC03_011/ov_SC03_011_jr_8015C32C.c:func_8015D738 A=DIFFERS B: removed 0 needed 1 compiles 2
03:22:02   src/ov_SC03_013/ov_SC03_013_jr_8015C32C.c:func_8015D738 A=DIFFERS B: removed 0 needed 1 compiles 2
03:22:02   src/ov_SC03_002/ov_SC03_002_jr_8015C32C.c:func_8015FBE0 A=DIFFERS B: removed 0 needed 1 compiles 2
03:22:02   src/ov_SC03_001/ov_SC03_001_jr_8015C32C.c:func_8015FBE0 A=DIFFERS B: removed 0 needed 1 compiles 2
03:22:02   src/ov_SC03_010/ov_SC03_010_jr_8015C32C.c:func_8015D738 A=DIFFERS B: removed 0 needed 1 compiles 2
03:22:02   src/ov_SC03_006/ov_SC03_006_jr_8015C32C.c:func_8015FBE0 A=DIFFERS B: removed 0 needed 1 compiles 2
03:22:02   src/ov_SC03_023/ov_SC03_023_jr_8015C32C.c:func_8015D738 A=DIFFERS B: removed 0 needed 1 compiles 2
03:22:03   src/ov_SC02_041/ov_SC02_041_jr_8015C32C.c:func_80161E08 A=DIFFERS B: removed 0 needed 3 compiles 4
03:22:03   src/ov_SC03_012/ov_SC03_012_jr_8015C32C.c:func_8015FBE0 A=DIFFERS B: removed 0 needed 1 compiles 2
03:22:03   src/ov_SC03_007/ov_SC03_007_jr_8015C32C.c:func_8015FBE0 A=DIFFERS B: removed 0 needed 1 compiles 2
03:22:03   src/ov_SC03_013/ov_SC03_013_jr_8015C32C.c:func_8015FBE0 A=DIFFERS B: removed 0 needed 1 compiles 2
03:22:03   src/ov_SC03_011/ov_SC03_011_jr_8015C32C.c:func_8015FBE0 A=DIFFERS B: removed 0 needed 1 compiles 2
03:22:03   src/ov_SC03_010/ov_SC03_010_jr_8015C32C.c:func_8015FBE0 A=DIFFERS B: removed 0 needed 1 compiles 2
03:22:04   src/ov_SC03_023/ov_SC03_023_jr_8015C32C.c:func_8015FBE0 A=DIFFERS B: removed 0 needed 1 compiles 2
03:22:04   src/ov_SC03_003/ov_SC03_003_jr_8015C32C.c:func_80161E08 A=DIFFERS B: removed 0 needed 3 compiles 4
03:22:05   src/ov_SC03_002/ov_SC03_002_jr_8015C32C.c:func_80161E08 A=DIFFERS B: removed 0 needed 3 compiles 4
03:22:05   src/ov_SC03_014/ov_SC03_014_jr_8015C32C.c:func_8015D738 A=DIFFERS B: removed 0 needed 1 compiles 2
03:22:05   src/ov_SC03_001/ov_SC03_001_jr_8015C32C.c:func_80161E08 A=DIFFERS B: removed 0 needed 3 compiles 4
03:22:05   src/ov_SC03_006/ov_SC03_006_jr_8015C32C.c:func_80161E08 A=DIFFERS B: removed 0 needed 3 compiles 4
03:22:05   src/ov_SC03_012/ov_SC03_012_jr_8015C32C.c:func_80161E08 A=DIFFERS B: removed 0 needed 3 compiles 4
03:22:06   src/ov_SC03_007/ov_SC03_007_jr_8015C32C.c:func_80161E08 A=DIFFERS B: removed 0 needed 3 compiles 4
03:22:06   src/ov_SC03_011/ov_SC03_011_jr_8015C32C.c:func_80161E08 A=DIFFERS B: removed 0 needed 3 compiles 4
03:22:06   src/ov_SC03_010/ov_SC03_010_jr_8015C32C.c:func_80161E08 A=DIFFERS B: removed 0 needed 3 compiles 4
03:22:06   src/ov_SC03_013/ov_SC03_013_jr_8015C32C.c:func_80161E08 A=DIFFERS B: removed 0 needed 3 compiles 4
03:22:07   src/ov_SC02_041/ov_SC02_041_jr_8015C32C.c:func_801627E8 A=DIFFERS B: removed 0 needed 2 compiles 3
03:22:07   src/ov_SC03_023/ov_SC03_023_jr_8015C32C.c:func_80161E08 A=DIFFERS B: removed 0 needed 3 compiles 4
03:22:07   src/ov_SC03_003/ov_SC03_003_jr_8015C32C.c:func_801627E8 A=DIFFERS B: removed 0 needed 2 compiles 3
03:22:08   src/ov_SC02_041/ov_SC02_041_jr_8015C32C.c:func_80163EC8 A=DIFFERS B: removed 0 needed 1 compiles 2
03:22:08   src/ov_SC03_014/ov_SC03_014_jr_8015C32C.c:func_8015FBE0 A=DIFFERS B: removed 0 needed 1 compiles 2
03:22:08   src/ov_SC03_003/ov_SC03_003_jr_8015C32C.c:func_80163EC8 A=DIFFERS B: removed 0 needed 1 compiles 2
03:22:08   src/ov_SC03_002/ov_SC03_002_jr_8015C32C.c:func_801627E8 A=DIFFERS B: removed 0 needed 2 compiles 3
03:22:09   src/ov_SC03_012/ov_SC03_012_jr_8015C32C.c:func_801627E8 A=DIFFERS B: removed 0 needed 2 compiles 3
03:22:09   src/ov_SC03_001/ov_SC03_001_jr_8015C32C.c:func_801627E8 A=DIFFERS B: removed 0 needed 2 compiles 3
03:22:09   src/ov_SC03_011/ov_SC03_011_jr_8015C32C.c:func_801627E8 A=DIFFERS B: removed 0 needed 2 compiles 3
03:22:09   src/ov_SC03_007/ov_SC03_007_jr_8015C32C.c:func_801627E8 A=DIFFERS B: removed 0 needed 2 compiles 3
03:22:09   src/ov_SC03_006/ov_SC03_006_jr_8015C32C.c:func_801627E8 A=DIFFERS B: removed 0 needed 2 compiles 3
03:22:10   src/ov_SC03_010/ov_SC03_010_jr_8015C32C.c:func_801627E8 A=DIFFERS B: removed 0 needed 2 compiles 3
03:22:10   src/ov_SC03_002/ov_SC03_002_jr_8015C32C.c:func_80163EC8 A=DIFFERS B: removed 0 needed 1 compiles 2
03:22:10   src/ov_SC03_013/ov_SC03_013_jr_8015C32C.c:func_801627E8 A=DIFFERS B: removed 0 needed 2 compiles 3
03:22:10   src/ov_SC03_023/ov_SC03_023_jr_8015C32C.c:func_801627E8 A=DIFFERS B: removed 0 needed 2 compiles 3
03:22:10   src/ov_SC03_007/ov_SC03_007_jr_8015C32C.c:func_80163EC8 A=DIFFERS B: removed 0 needed 1 compiles 2
03:22:10   src/ov_SC03_012/ov_SC03_012_jr_8015C32C.c:func_80163EC8 A=DIFFERS B: removed 0 needed 1 compiles 2
03:22:10   src/ov_SC03_011/ov_SC03_011_jr_8015C32C.c:func_80163EC8 A=DIFFERS B: removed 0 needed 1 compiles 2
03:22:10   src/ov_SC03_001/ov_SC03_001_jr_8015C32C.c:func_80163EC8 A=DIFFERS B: removed 0 needed 1 compiles 2
03:22:11   src/ov_SC03_010/ov_SC03_010_jr_8015C32C.c:func_80163EC8 A=DIFFERS B: removed 0 needed 1 compiles 2
03:22:11   src/ov_SC03_006/ov_SC03_006_jr_8015C32C.c:func_80163EC8 A=DIFFERS B: removed 0 needed 1 compiles 2
03:22:12   src/ov_SC03_013/ov_SC03_013_jr_8015C32C.c:func_80163EC8 A=DIFFERS B: removed 0 needed 1 compiles 2
03:22:12   src/ov_SC03_023/ov_SC03_023_jr_8015C32C.c:func_80163EC8 A=DIFFERS B: removed 0 needed 1 compiles 2
03:22:14   src/ov_SC03_014/ov_SC03_014_jr_8015C32C.c:func_80161E08 A=DIFFERS B: removed 0 needed 3 compiles 4
03:22:14   src/ov_SC02_041/ov_SC02_041_jr_8015C32C.c:func_80168828 A=DIFFERS B: removed 0 needed 2 compiles 3
03:22:15   src/ov_SC03_003/ov_SC03_003_jr_8015C32C.c:func_80168828 A=DIFFERS B: removed 0 needed 2 compiles 3
03:22:16   src/ov_SC03_002/ov_SC03_002_jr_8015C32C.c:func_80168828 A=DIFFERS B: removed 0 needed 2 compiles 3
03:22:16   src/ov_SC03_012/ov_SC03_012_jr_8015C32C.c:func_80168828 A=DIFFERS B: removed 0 needed 2 compiles 3
03:22:17   src/ov_SC03_001/ov_SC03_001_jr_8015C32C.c:func_80168828 A=DIFFERS B: removed 0 needed 2 compiles 3
03:22:17   src/ov_SC03_007/ov_SC03_007_jr_8015C32C.c:func_80168828 A=DIFFERS B: removed 0 needed 2 compiles 3
03:22:17   src/ov_SC03_006/ov_SC03_006_jr_8015C32C.c:func_80168828 A=DIFFERS B: removed 0 needed 2 compiles 3
03:22:18   src/ov_SC03_011/ov_SC03_011_jr_8015C32C.c:func_80168828 A=DIFFERS B: removed 0 needed 2 compiles 3
03:22:18   src/ov_SC03_010/ov_SC03_010_jr_8015C32C.c:func_80168828 A=DIFFERS B: removed 0 needed 2 compiles 3
03:22:19   src/ov_SC03_023/ov_SC03_023_jr_8015C32C.c:func_80168828 A=DIFFERS B: removed 0 needed 2 compiles 3
03:22:19   src/ov_SC03_013/ov_SC03_013_jr_8015C32C.c:func_80168828 A=DIFFERS B: removed 0 needed 2 compiles 3
03:22:19   src/ov_SC03_028/ov_SC03_028_jr_8015C32C.c:func_8015D738 A=DIFFERS B: removed 0 needed 1 compiles 2
03:22:20   src/ov_SC03_024/ov_SC03_024_jr_8015C32C.c:func_8015D738 A=DIFFERS B: removed 0 needed 1 compiles 2
03:22:20   src/ov_SC01_000/ov_SC01_000_jr_80140608.c:func_80141874 A=DIFFERS B: removed 0 needed 1 compiles 2
03:22:20   src/ov_SC07_007/ov_SC07_007_jr_801457A4.c:func_80145934 A=DIFFERS B: removed 0 needed 1 compiles 2
03:22:20   src/ov_SC01_001/ov_SC01_001_jr_80140608.c:func_80141874 A=DIFFERS B: removed 0 needed 1 compiles 2
03:22:20   src/ov_SC07_010/ov_SC07_010_jr_801457A4.c:func_80145934 A=DIFFERS B: removed 0 needed 1 compiles 2
03:22:20   src/ov_SC07_011/ov_SC07_011_jr_801457A4.c:func_80145934 A=DIFFERS B: removed 0 needed 1 compiles 2
03:22:21   src/ov_SC03_014/ov_SC03_014_jr_8015C32C.c:func_801627E8 A=DIFFERS B: removed 0 needed 2 compiles 3
03:22:21   src/ov_SC03_024/ov_SC03_024_jr_8015C32C.c:func_8015FBE0 A=DIFFERS B: removed 0 needed 1 compiles 2
03:22:21   src/ov_SC03_028/ov_SC03_028_jr_8015C32C.c:func_8015FBE0 A=DIFFERS B: removed 0 needed 1 compiles 2
03:22:21   src/ov_SC01_004/ov_SC01_004_jr_80140608.c:func_80141874 A=DIFFERS B: removed 0 needed 1 compiles 2
03:22:21   src/ov_SC01_000/ov_SC01_000_jr_80140608.c:func_80142EC0 A=DIFFERS B: removed 0 needed 2 compiles 3
03:22:21   src/ov_SC01_008/ov_SC01_008_jr_80140608.c:func_80141874 A=DIFFERS B: removed 0 needed 1 compiles 2
03:22:21   src/ov_SC07_010/ov_SC07_010_jr_801457A4.c:func_80145A2C A=DIFFERS B: removed 0 needed 1 compiles 2
03:22:22   src/ov_SC01_009/ov_SC01_009_jr_80140608.c:func_80141874 A=DIFFERS B: removed 0 needed 1 compiles 2
03:22:22   src/ov_SC07_007/ov_SC07_007_jr_801457A4.c:func_80145A2C A=DIFFERS B: removed 0 needed 1 compiles 2
03:22:22   src/ov_SC01_001/ov_SC01_001_jr_80140608.c:func_80142EC0 A=DIFFERS B: removed 0 needed 2 compiles 3
03:22:22   src/ov_SC07_011/ov_SC07_011_jr_801457A4.c:func_80145A2C A=DIFFERS B: removed 0 needed 1 compiles 2
03:22:22   src/ov_SC01_005/ov_SC01_005_jr_80140608.c:func_80141874 A=DIFFERS B: removed 0 needed 1 compiles 2
03:22:22   src/ov_SC01_000/ov_SC01_000_jr_80140608.c:func_8014305C A=DIFFERS B: removed 0 needed 2 compiles 3
03:22:22   src/ov_SC01_001/ov_SC01_001_jr_80140608.c:func_8014305C A=DIFFERS B: removed 0 needed 2 compiles 3
03:22:23   src/ov_SC01_000/ov_SC01_000_jr_80140608.c:func_801431E8 A=DIFFERS B: removed 0 needed 1 compiles 2
03:22:23   src/ov_SC01_004/ov_SC01_004_jr_80140608.c:func_80142EC0 A=DIFFERS B: removed 0 needed 2 compiles 3
03:22:23   src/ov_SC01_001/ov_SC01_001_jr_80140608.c:func_801431E8 A=DIFFERS B: removed 0 needed 1 compiles 2
03:22:23   src/ov_SC01_009/ov_SC01_009_jr_80140608.c:func_80142EC0 A=DIFFERS B: removed 0 needed 2 compiles 3
03:22:23   src/ov_SC01_008/ov_SC01_008_jr_80140608.c:func_80142EC0 A=DIFFERS B: removed 0 needed 2 compiles 3
03:22:23   src/ov_SC03_014/ov_SC03_014_jr_8015C32C.c:func_80163EC8 A=DIFFERS B: removed 0 needed 1 compiles 2
03:22:24   src/ov_SC01_004/ov_SC01_004_jr_80140608.c:func_8014305C A=DIFFERS B: removed 0 needed 2 compiles 3
03:22:24   src/ov_SC01_009/ov_SC01_009_jr_80140608.c:func_8014305C A=DIFFERS B: removed 0 needed 2 compiles 3
03:22:24   src/ov_SC03_028/ov_SC03_028_jr_8015C32C.c:func_80161E08 A=DIFFERS B: removed 0 needed 3 compiles 4
03:22:24   src/ov_SC03_024/ov_SC03_024_jr_8015C32C.c:func_80161E08 A=DIFFERS B: removed 0 needed 3 compiles 4
03:22:24   src/ov_SC01_008/ov_SC01_008_jr_80140608.c:func_8014305C A=DIFFERS B: removed 0 needed 2 compiles 3
03:22:24   src/ov_SC01_009/ov_SC01_009_jr_80140608.c:func_801431E8 A=DIFFERS B: removed 0 needed 1 compiles 2
03:22:25   src/ov_SC01_000/ov_SC01_000_jr_80140608.c:<file-scope> A=DIFFERS B: removed 0 needed 1 compiles 2
03:22:25   src/ov_SC01_008/ov_SC01_008_jr_80140608.c:func_801431E8 A=DIFFERS B: removed 0 needed 1 compiles 2
03:22:25   src/ov_SC01_004/ov_SC01_004_jr_80140608.c:func_801431E8 A=DIFFERS B: removed 0 needed 1 compiles 2
03:22:25   src/ov_SC01_001/ov_SC01_001_jr_80140608.c:<file-scope> A=DIFFERS B: removed 0 needed 1 compiles 2
03:22:25   src/ov_SC01_005/ov_SC01_005_jr_80140608.c:func_80142EC0 A=DIFFERS B: removed 0 needed 2 compiles 3
03:22:25   src/ov_SC07_007/ov_SC07_007_jr_801457A4.c:func_80148E54 A=DIFFERS B: removed 0 needed 2 compiles 3
03:22:26   src/ov_SC01_009/ov_SC01_009_jr_80140608.c:<file-scope> A=DIFFERS B: removed 0 needed 1 compiles 2
03:22:26   src/ov_SC01_074/ov_SC01_074_jr_80140608.c:func_80141874 A=DIFFERS B: removed 0 needed 1 compiles 2
03:22:26   src/ov_SC07_011/ov_SC07_011_jr_801457A4.c:func_80148E54 A=DIFFERS B: removed 0 needed 2 compiles 3
03:22:26   src/ov_SC07_010/ov_SC07_010_jr_801457A4.c:func_80148E54 A=DIFFERS B: removed 0 needed 2 compiles 3
03:22:26   src/ov_SC01_080/ov_SC01_080_jr_80140608.c:func_80141874 A=DIFFERS B: removed 0 needed 1 compiles 2
03:22:26   src/ov_SC01_008/ov_SC01_008_jr_80140608.c:<file-scope> A=DIFFERS B: removed 0 needed 1 compiles 2
03:22:26   src/ov_SC01_004/ov_SC01_004_jr_80140608.c:<file-scope> A=DIFFERS B: removed 0 needed 1 compiles 2
03:22:27   src/ov_SC01_084/ov_SC01_084_jr_80140608.c:func_80141874 A=DIFFERS B: removed 0 needed 1 compiles 2
03:22:27   src/ov_SC01_005/ov_SC01_005_jr_80140608.c:func_8014305C A=DIFFERS B: removed 0 needed 2 compiles 3
03:22:27   src/ov_SC01_074/ov_SC01_074_jr_80140608.c:func_80142EC0 A=DIFFERS B: removed 0 needed 2 compiles 3
03:22:27   src/ov_SC02_004/ov_SC02_004_jr_80140608.c:func_80141874 A=DIFFERS B: removed 0 needed 1 compiles 2
03:22:28   src/ov_SC01_005/ov_SC01_005_jr_80140608.c:func_801431E8 A=DIFFERS B: removed 0 needed 1 compiles 2
03:22:28   src/ov_SC01_080/ov_SC01_080_jr_80140608.c:func_80142EC0 A=DIFFERS B: removed 0 needed 2 compiles 3
03:22:28   src/ov_SC01_084/ov_SC01_084_jr_80140608.c:func_80142EC0 A=DIFFERS B: removed 0 needed 2 compiles 3
03:22:28   src/ov_SC02_000/ov_SC02_000_jr_80140608.c:func_80141874 A=DIFFERS B: removed 0 needed 1 compiles 2
03:22:28   src/ov_SC03_028/ov_SC03_028_jr_8015C32C.c:func_801627E8 A=DIFFERS B: removed 0 needed 2 compiles 3
03:22:28   src/ov_SC01_074/ov_SC01_074_jr_80140608.c:func_8014305C A=DIFFERS B: removed 0 needed 2 compiles 3
03:22:29   src/ov_SC03_024/ov_SC03_024_jr_8015C32C.c:func_801627E8 A=DIFFERS B: removed 0 needed 2 compiles 3
03:22:29   src/ov_SC01_080/ov_SC01_080_jr_80140608.c:func_8014305C A=DIFFERS B: removed 0 needed 2 compiles 3
03:22:29   src/ov_SC01_074/ov_SC01_074_jr_80140608.c:func_801431E8 A=DIFFERS B: removed 0 needed 1 compiles 2
03:22:29   src/ov_SC02_004/ov_SC02_004_jr_80140608.c:func_80142EC0 A=DIFFERS B: removed 0 needed 2 compiles 3
03:22:29   src/ov_SC01_084/ov_SC01_084_jr_80140608.c:func_8014305C A=DIFFERS B: removed 0 needed 2 compiles 3
03:22:29   src/ov_SC01_080/ov_SC01_080_jr_80140608.c:func_801431E8 A=DIFFERS B: removed 0 needed 1 compiles 2
03:22:30   src/ov_SC03_028/ov_SC03_028_jr_8015C32C.c:func_80163EC8 A=DIFFERS B: removed 0 needed 1 compiles 2
03:22:30   src/ov_SC01_084/ov_SC01_084_jr_80140608.c:func_801431E8 A=DIFFERS B: removed 0 needed 1 compiles 2
03:22:30   src/ov_SC03_024/ov_SC03_024_jr_8015C32C.c:func_80163EC8 A=DIFFERS B: removed 0 needed 1 compiles 2
03:22:30   src/ov_SC02_004/ov_SC02_004_jr_80140608.c:func_8014305C A=DIFFERS B: removed 0 needed 2 compiles 3
03:22:31   src/ov_SC02_004/ov_SC02_004_jr_80140608.c:func_801431E8 A=DIFFERS B: removed 0 needed 1 compiles 2
03:22:31   src/ov_SC01_005/ov_SC01_005_jr_80140608.c:<file-scope> A=DIFFERS B: removed 0 needed 1 compiles 2
03:22:31   src/ov_SC01_074/ov_SC01_074_jr_80140608.c:<file-scope> A=DIFFERS B: removed 0 needed 1 compiles 2
03:22:31   src/ov_SC01_080/ov_SC01_080_jr_80140608.c:<file-scope> A=DIFFERS B: removed 0 needed 1 compiles 2
03:22:31   src/ov_SC01_084/ov_SC01_084_jr_80140608.c:<file-scope> A=DIFFERS B: removed 0 needed 1 compiles 2
03:22:32   src/ov_SC02_000/ov_SC02_000_jr_80140608.c:func_80142EC0 A=DIFFERS B: removed 0 needed 2 compiles 3
03:22:32   src/ov_SC02_011/ov_SC02_011_jr_80140608.c:func_80141874 A=DIFFERS B: removed 0 needed 1 compiles 2
03:22:32   src/ov_SC02_004/ov_SC02_004_jr_80140608.c:<file-scope> A=DIFFERS B: removed 0 needed 1 compiles 2
03:22:32   src/ov_SC02_005/ov_SC02_005_jr_80140608.c:func_80141874 A=DIFFERS B: removed 0 needed 1 compiles 2
03:22:33   src/ov_SC02_015/ov_SC02_015_jr_80140608.c:func_80141874 A=DIFFERS B: removed 0 needed 1 compiles 2
03:22:33   src/ov_SC02_016/ov_SC02_016_jr_80140608.c:func_80141874 A=DIFFERS B: removed 0 needed 1 compiles 2
03:22:33   src/ov_SC02_017/ov_SC02_017_jr_80140608.c:func_80141874 A=DIFFERS B: removed 0 needed 1 compiles 2
03:22:33   src/ov_SC02_021/ov_SC02_021_jr_80140608.c:func_80141874 A=DIFFERS B: removed 0 needed 1 compiles 2
03:22:34   src/ov_SC02_000/ov_SC02_000_jr_80140608.c:func_8014305C A=DIFFERS B: removed 0 needed 2 compiles 3
03:22:34   src/ov_SC02_005/ov_SC02_005_jr_80140608.c:func_80142EC0 A=DIFFERS B: removed 0 needed 2 compiles 3
03:22:34   src/ov_SC02_026/ov_SC02_026_jr_80140608.c:func_80141874 A=DIFFERS B: removed 0 needed 1 compiles 2
03:22:34   src/ov_SC02_011/ov_SC02_011_jr_80140608.c:func_80142EC0 A=DIFFERS B: removed 0 needed 2 compiles 3
03:22:34   src/ov_SC02_015/ov_SC02_015_jr_80140608.c:func_80142EC0 A=DIFFERS B: removed 0 needed 2 compiles 3
03:22:35   src/ov_SC02_027/ov_SC02_027_jr_80140608.c:func_80141874 A=DIFFERS B: removed 0 needed 1 compiles 2
03:22:35   src/ov_SC02_016/ov_SC02_016_jr_80140608.c:func_80142EC0 A=DIFFERS B: removed 0 needed 2 compiles 3
03:22:35   src/ov_SC02_005/ov_SC02_005_jr_80140608.c:func_8014305C A=DIFFERS B: removed 0 needed 2 compiles 3
03:22:35   src/ov_SC02_000/ov_SC02_000_jr_80140608.c:func_801431E8 A=DIFFERS B: removed 0 needed 1 compiles 2
03:22:35   src/ov_SC02_017/ov_SC02_017_jr_80140608.c:func_80142EC0 A=DIFFERS B: removed 0 needed 2 compiles 3
03:22:35   src/ov_SC02_011/ov_SC02_011_jr_80140608.c:func_8014305C A=DIFFERS B: removed 0 needed 2 compiles 3
03:22:35   src/ov_SC02_005/ov_SC02_005_jr_80140608.c:func_801431E8 A=DIFFERS B: removed 0 needed 1 compiles 2
03:22:35   src/ov_SC02_015/ov_SC02_015_jr_80140608.c:func_8014305C A=DIFFERS B: removed 0 needed 2 compiles 3
03:22:36   src/ov_SC02_021/ov_SC02_021_jr_80140608.c:func_80142EC0 A=DIFFERS B: removed 0 needed 2 compiles 3
03:22:36   src/ov_SC02_026/ov_SC02_026_jr_80140608.c:func_80142EC0 A=DIFFERS B: removed 0 needed 2 compiles 3
03:22:36   src/ov_SC02_016/ov_SC02_016_jr_80140608.c:func_8014305C A=DIFFERS B: removed 0 needed 2 compiles 3
03:22:36   src/ov_SC02_015/ov_SC02_015_jr_80140608.c:func_801431E8 A=DIFFERS B: removed 0 needed 1 compiles 2
03:22:36   src/ov_SC02_011/ov_SC02_011_jr_80140608.c:func_801431E8 A=DIFFERS B: removed 0 needed 1 compiles 2
03:22:36   src/ov_SC02_017/ov_SC02_017_jr_80140608.c:func_8014305C A=DIFFERS B: removed 0 needed 2 compiles 3
03:22:36   src/ov_SC02_027/ov_SC02_027_jr_80140608.c:func_80142EC0 A=DIFFERS B: removed 0 needed 2 compiles 3
03:22:36   src/ov_SC03_028/ov_SC03_028_jr_8015C32C.c:func_80168828 A=DIFFERS B: removed 0 needed 2 compiles 3
03:22:37   src/ov_SC02_016/ov_SC02_016_jr_80140608.c:func_801431E8 A=DIFFERS B: removed 0 needed 1 compiles 2
03:22:37   src/ov_SC02_026/ov_SC02_026_jr_80140608.c:func_8014305C A=DIFFERS B: removed 0 needed 2 compiles 3
03:22:37   src/ov_SC02_017/ov_SC02_017_jr_80140608.c:func_801431E8 A=DIFFERS B: removed 0 needed 1 compiles 2
03:22:37   src/ov_SC02_021/ov_SC02_021_jr_80140608.c:func_8014305C A=DIFFERS B: removed 0 needed 2 compiles 3
03:22:37   src/ov_SC03_014/ov_SC03_014_jr_8015C32C.c:func_80168828 A=DIFFERS B: removed 0 needed 2 compiles 3
03:22:37   src/ov_SC03_024/ov_SC03_024_jr_8015C32C.c:func_80168828 A=DIFFERS B: removed 0 needed 2 compiles 3
03:22:37   src/ov_SC02_027/ov_SC02_027_jr_80140608.c:func_8014305C A=DIFFERS B: removed 0 needed 2 compiles 3
03:22:37   src/ov_SC02_005/ov_SC02_005_jr_80140608.c:<file-scope> A=DIFFERS B: removed 0 needed 1 compiles 2
03:22:37   src/ov_SC02_021/ov_SC02_021_jr_80140608.c:func_801431E8 A=DIFFERS B: removed 0 needed 1 compiles 2
03:22:38   src/ov_SC02_026/ov_SC02_026_jr_80140608.c:func_801431E8 A=DIFFERS B: removed 0 needed 1 compiles 2
03:22:38   src/ov_SC02_027/ov_SC02_027_jr_80140608.c:func_801431E8 A=DIFFERS B: removed 0 needed 1 compiles 2
03:22:38   src/ov_SC02_015/ov_SC02_015_jr_80140608.c:<file-scope> A=DIFFERS B: removed 0 needed 1 compiles 2
03:22:38   src/ov_SC02_011/ov_SC02_011_jr_80140608.c:<file-scope> A=DIFFERS B: removed 0 needed 1 compiles 2
03:22:38   src/ov_SC02_016/ov_SC02_016_jr_80140608.c:<file-scope> A=DIFFERS B: removed 0 needed 1 compiles 2
03:22:39   src/ov_SC02_017/ov_SC02_017_jr_80140608.c:<file-scope> A=DIFFERS B: removed 0 needed 1 compiles 2
03:22:39   src/ov_SC02_000/ov_SC02_000_jr_80140608.c:<file-scope> A=DIFFERS B: removed 0 needed 1 compiles 2
03:22:39   src/ov_SC02_031/ov_SC02_031_jr_80140608.c:func_80141874 A=DIFFERS B: removed 0 needed 1 compiles 2
03:22:39   src/ov_SC02_035/ov_SC02_035_jr_80140608.c:func_80141874 A=DIFFERS B: removed 0 needed 1 compiles 2
03:22:39   src/ov_SC02_021/ov_SC02_021_jr_80140608.c:<file-scope> A=DIFFERS B: removed 0 needed 1 compiles 2
03:22:39   src/ov_SC02_026/ov_SC02_026_jr_80140608.c:<file-scope> A=DIFFERS B: removed 0 needed 1 compiles 2
03:22:39   src/ov_SC02_028/ov_SC02_028_jr_80140608.c:func_80141874 A=DIFFERS B: removed 0 needed 1 compiles 2
03:22:40   src/ov_SC02_039/ov_SC02_039_jr_80140608.c:func_80141874 A=DIFFERS B: removed 0 needed 1 compiles 2
03:22:40   src/ov_SC02_027/ov_SC02_027_jr_80140608.c:<file-scope> A=DIFFERS B: removed 0 needed 1 compiles 2
03:22:40   src/ov_SC02_041/ov_SC02_041_jr_80140608.c:func_80141874 A=DIFFERS B: removed 0 needed 1 compiles 2
03:22:40   src/ov_SC03_002/ov_SC03_002_jr_80140608.c:func_80141874 A=DIFFERS B: removed 0 needed 1 compiles 2
03:22:40   src/ov_SC03_001/ov_SC03_001_jr_80140608.c:func_80141874 A=DIFFERS B: removed 0 needed 1 compiles 2
03:22:41   src/ov_SC03_003/ov_SC03_003_jr_80140608.c:func_80141874 A=DIFFERS B: removed 0 needed 1 compiles 2
03:22:41   src/ov_SC03_006/ov_SC03_006_jr_80140608.c:func_80141874 A=DIFFERS B: removed 0 needed 1 compiles 2
03:22:41   src/ov_SC02_031/ov_SC02_031_jr_80140608.c:func_80142EC0 A=DIFFERS B: removed 0 needed 2 compiles 3
03:22:41   src/ov_SC03_007/ov_SC03_007_jr_80140608.c:func_80141874 A=DIFFERS B: removed 0 needed 1 compiles 2
03:22:41   src/ov_SC03_010/ov_SC03_010_jr_80140608.c:func_80141874 A=DIFFERS B: removed 0 needed 1 compiles 2
03:22:41   src/ov_SC02_035/ov_SC02_035_jr_80140608.c:func_80142EC0 A=DIFFERS B: removed 0 needed 2 compiles 3
03:22:41   src/ov_SC02_039/ov_SC02_039_jr_80140608.c:func_80142EC0 A=DIFFERS B: removed 0 needed 2 compiles 3
03:22:41   src/ov_SC02_028/ov_SC02_028_jr_80140608.c:func_80142EC0 A=DIFFERS B: removed 0 needed 2 compiles 3
03:22:42   src/ov_SC02_041/ov_SC02_041_jr_80140608.c:func_80142EC0 A=DIFFERS B: removed 0 needed 2 compiles 3
03:22:42   src/ov_SC03_002/ov_SC03_002_jr_80140608.c:func_80142EC0 A=DIFFERS B: removed 0 needed 2 compiles 3
03:22:42   src/ov_SC03_012/ov_SC03_012_jr_80140608.c:func_80141874 A=DIFFERS B: removed 0 needed 1 compiles 2
03:22:42   src/ov_SC02_035/ov_SC02_035_jr_80140608.c:func_8014305C A=DIFFERS B: removed 0 needed 2 compiles 3
03:22:42   src/ov_SC02_028/ov_SC02_028_jr_80140608.c:func_8014305C A=DIFFERS B: removed 0 needed 2 compiles 3
03:22:42   src/ov_SC03_003/ov_SC03_003_jr_80140608.c:func_80142EC0 A=DIFFERS B: removed 0 needed 2 compiles 3
03:22:42   src/ov_SC02_039/ov_SC02_039_jr_80140608.c:func_8014305C A=DIFFERS B: removed 0 needed 2 compiles 3
03:22:42   src/ov_SC02_031/ov_SC02_031_jr_80140608.c:func_8014305C A=DIFFERS B: removed 0 needed 2 compiles 3
03:22:42   src/ov_SC03_001/ov_SC03_001_jr_80140608.c:func_80142EC0 A=DIFFERS B: removed 0 needed 2 compiles 3
03:22:43   src/ov_SC03_002/ov_SC03_002_jr_80140608.c:func_8014305C A=DIFFERS B: removed 0 needed 2 compiles 3
03:22:43   src/ov_SC03_006/ov_SC03_006_jr_80140608.c:func_80142EC0 A=DIFFERS B: removed 0 needed 2 compiles 3
03:22:43   src/ov_SC02_035/ov_SC02_035_jr_80140608.c:func_801431E8 A=DIFFERS B: removed 0 needed 1 compiles 2
03:22:43   src/ov_SC02_041/ov_SC02_041_jr_80140608.c:func_8014305C A=DIFFERS B: removed 0 needed 2 compiles 3
03:22:43   src/ov_SC02_028/ov_SC02_028_jr_80140608.c:func_801431E8 A=DIFFERS B: removed 0 needed 1 compiles 2
03:22:43   src/ov_SC03_010/ov_SC03_010_jr_80140608.c:func_80142EC0 A=DIFFERS B: removed 0 needed 2 compiles 3
03:22:43   src/ov_SC02_039/ov_SC02_039_jr_80140608.c:func_801431E8 A=DIFFERS B: removed 0 needed 1 compiles 2
03:22:43   src/ov_SC03_007/ov_SC03_007_jr_80140608.c:func_80142EC0 A=DIFFERS B: removed 0 needed 2 compiles 3
03:22:43   src/ov_SC02_031/ov_SC02_031_jr_80140608.c:func_801431E8 A=DIFFERS B: removed 0 needed 1 compiles 2
03:22:43   src/ov_SC03_003/ov_SC03_003_jr_80140608.c:func_8014305C A=DIFFERS B: removed 0 needed 2 compiles 3
03:22:43   src/ov_SC03_002/ov_SC03_002_jr_80140608.c:func_801431E8 A=DIFFERS B: removed 0 needed 1 compiles 2
03:22:43   src/ov_SC03_001/ov_SC03_001_jr_80140608.c:func_8014305C A=DIFFERS B: removed 0 needed 2 compiles 3
03:22:43   src/ov_SC02_041/ov_SC02_041_jr_80140608.c:func_801431E8 A=DIFFERS B: removed 0 needed 1 compiles 2
03:22:44   src/ov_SC03_006/ov_SC03_006_jr_80140608.c:func_8014305C A=DIFFERS B: removed 0 needed 2 compiles 3
03:22:44   src/ov_SC03_012/ov_SC03_012_jr_80140608.c:func_80142EC0 A=DIFFERS B: removed 0 needed 2 compiles 3
03:22:44   src/ov_SC03_003/ov_SC03_003_jr_80140608.c:func_801431E8 A=DIFFERS B: removed 0 needed 1 compiles 2
03:22:44   src/ov_SC03_001/ov_SC03_001_jr_80140608.c:func_801431E8 A=DIFFERS B: removed 0 needed 1 compiles 2
03:22:44   src/ov_SC03_007/ov_SC03_007_jr_80140608.c:func_8014305C A=DIFFERS B: removed 0 needed 2 compiles 3
03:22:44   src/ov_SC03_010/ov_SC03_010_jr_80140608.c:func_8014305C A=DIFFERS B: removed 0 needed 2 compiles 3
03:22:44   src/ov_SC02_028/ov_SC02_028_jr_80140608.c:<file-scope> A=DIFFERS B: removed 0 needed 1 compiles 2
03:22:44   src/ov_SC02_035/ov_SC02_035_jr_80140608.c:<file-scope> A=DIFFERS B: removed 0 needed 1 compiles 2
03:22:44   src/ov_SC03_006/ov_SC03_006_jr_80140608.c:func_801431E8 A=DIFFERS B: removed 0 needed 1 compiles 2
03:22:44   src/ov_SC02_039/ov_SC02_039_jr_80140608.c:<file-scope> A=DIFFERS B: removed 0 needed 1 compiles 2
03:22:44   src/ov_SC03_007/ov_SC03_007_jr_80140608.c:func_801431E8 A=DIFFERS B: removed 0 needed 1 compiles 2
03:22:44   src/ov_SC03_010/ov_SC03_010_jr_80140608.c:func_801431E8 A=DIFFERS B: removed 0 needed 1 compiles 2
03:22:45   src/ov_SC03_012/ov_SC03_012_jr_80140608.c:func_8014305C A=DIFFERS B: removed 0 needed 2 compiles 3
03:22:45   src/ov_SC03_002/ov_SC03_002_jr_80140608.c:<file-scope> A=DIFFERS B: removed 0 needed 1 compiles 2
03:22:45   src/ov_SC02_031/ov_SC02_031_jr_80140608.c:<file-scope> A=DIFFERS B: removed 0 needed 1 compiles 2
03:22:45   src/ov_SC02_041/ov_SC02_041_jr_80140608.c:<file-scope> A=DIFFERS B: removed 0 needed 1 compiles 2
03:22:45   src/ov_SC03_012/ov_SC03_012_jr_80140608.c:func_801431E8 A=DIFFERS B: removed 0 needed 1 compiles 2
03:22:45   src/ov_SC03_013/ov_SC03_013_jr_80140608.c:func_80141874 A=DIFFERS B: removed 0 needed 1 compiles 2
03:22:45   src/ov_SC03_001/ov_SC03_001_jr_80140608.c:<file-scope> A=DIFFERS B: removed 0 needed 1 compiles 2
03:22:46   src/ov_SC03_003/ov_SC03_003_jr_80140608.c:<file-scope> A=DIFFERS B: removed 0 needed 1 compiles 2
03:22:46   src/ov_SC03_023/ov_SC03_023_jr_80140608.c:func_80141874 A=DIFFERS B: removed 0 needed 1 compiles 2
03:22:46   src/ov_SC03_010/ov_SC03_010_jr_80140608.c:<file-scope> A=DIFFERS B: removed 0 needed 1 compiles 2
03:22:46   src/ov_SC03_007/ov_SC03_007_jr_80140608.c:<file-scope> A=DIFFERS B: removed 0 needed 1 compiles 2
03:22:46   src/ov_SC03_028/ov_SC03_028_jr_80140608.c:func_80141874 A=DIFFERS B: removed 0 needed 1 compiles 2
03:22:46   src/ov_SC03_006/ov_SC03_006_jr_80140608.c:<file-scope> A=DIFFERS B: removed 0 needed 1 compiles 2
03:22:46   src/ov_SC03_029/ov_SC03_029_jr_80140608.c:func_80141874 A=DIFFERS B: removed 0 needed 1 compiles 2
03:22:47   src/ov_SC03_014/ov_SC03_014_jr_80140608.c:func_80141874 A=DIFFERS B: removed 0 needed 1 compiles 2
03:22:47   src/ov_SC03_030/ov_SC03_030_jr_80140608.c:func_80141874 A=DIFFERS B: removed 0 needed 1 compiles 2
03:22:47   src/ov_SC03_024/ov_SC03_024_jr_80140608.c:func_80141874 A=DIFFERS B: removed 0 needed 1 compiles 2
03:22:47   src/ov_SC03_031/ov_SC03_031_jr_80140608.c:func_80141874 A=DIFFERS B: removed 0 needed 1 compiles 2
03:22:47   src/ov_SC03_013/ov_SC03_013_jr_80140608.c:func_80142EC0 A=DIFFERS B: removed 0 needed 2 compiles 3
03:22:47   src/ov_SC03_012/ov_SC03_012_jr_80140608.c:<file-scope> A=DIFFERS B: removed 0 needed 1 compiles 2
03:22:47   src/ov_SC03_023/ov_SC03_023_jr_80140608.c:func_80142EC0 A=DIFFERS B: removed 0 needed 2 compiles 3
03:22:47   src/ov_SC03_091/ov_SC03_091_jr_80140608.c:func_80141874 A=DIFFERS B: removed 0 needed 1 compiles 2
03:22:47   src/ov_SC03_089/ov_SC03_089_jr_80140608.c:func_80141874 A=DIFFERS B: removed 0 needed 1 compiles 2
03:22:48   src/ov_SC03_090/ov_SC03_090_jr_80140608.c:func_80141874 A=DIFFERS B: removed 0 needed 1 compiles 2
03:22:48   src/ov_SC03_028/ov_SC03_028_jr_80140608.c:func_80142EC0 A=DIFFERS B: removed 0 needed 2 compiles 3
03:22:48   src/ov_SC03_029/ov_SC03_029_jr_80140608.c:func_80142EC0 A=DIFFERS B: removed 0 needed 2 compiles 3
03:22:48   src/ov_SC03_024/ov_SC03_024_jr_80140608.c:func_80142EC0 A=DIFFERS B: removed 0 needed 2 compiles 3
03:22:48   src/ov_SC03_023/ov_SC03_023_jr_80140608.c:func_8014305C A=DIFFERS B: removed 0 needed 2 compiles 3
03:22:48   src/ov_SC03_013/ov_SC03_013_jr_80140608.c:func_8014305C A=DIFFERS B: removed 0 needed 2 compiles 3
03:22:48   src/ov_SC03_030/ov_SC03_030_jr_80140608.c:func_80142EC0 A=DIFFERS B: removed 0 needed 2 compiles 3
03:22:48   src/ov_SC03_031/ov_SC03_031_jr_80140608.c:func_80142EC0 A=DIFFERS B: removed 0 needed 2 compiles 3
03:22:49   src/ov_SC03_023/ov_SC03_023_jr_80140608.c:func_801431E8 A=DIFFERS B: removed 0 needed 1 compiles 2
03:22:49   src/ov_SC03_028/ov_SC03_028_jr_80140608.c:func_8014305C A=DIFFERS B: removed 0 needed 2 compiles 3
03:22:49   src/ov_SC03_092/ov_SC03_092_jr_80140608.c:func_80141874 A=DIFFERS B: removed 0 needed 1 compiles 2
03:22:49   src/ov_SC03_013/ov_SC03_013_jr_80140608.c:func_801431E8 A=DIFFERS B: removed 0 needed 1 compiles 2
03:22:49   src/ov_SC03_029/ov_SC03_029_jr_80140608.c:func_8014305C A=DIFFERS B: removed 0 needed 2 compiles 3
03:22:49   src/ov_SC03_024/ov_SC03_024_jr_80140608.c:func_8014305C A=DIFFERS B: removed 0 needed 2 compiles 3
03:22:49   src/ov_SC03_089/ov_SC03_089_jr_80140608.c:func_80142EC0 A=DIFFERS B: removed 0 needed 2 compiles 3
03:22:49   src/ov_SC03_090/ov_SC03_090_jr_80140608.c:func_80142EC0 A=DIFFERS B: removed 0 needed 2 compiles 3
03:22:49   src/ov_SC03_091/ov_SC03_091_jr_80140608.c:func_80142EC0 A=DIFFERS B: removed 0 needed 2 compiles 3
03:22:49   src/ov_SC03_031/ov_SC03_031_jr_80140608.c:func_8014305C A=DIFFERS B: removed 0 needed 2 compiles 3
03:22:49   src/ov_SC03_028/ov_SC03_028_jr_80140608.c:func_801431E8 A=DIFFERS B: removed 0 needed 1 compiles 2
03:22:49   src/ov_SC03_030/ov_SC03_030_jr_80140608.c:func_8014305C A=DIFFERS B: removed 0 needed 2 compiles 3
03:22:49   src/ov_SC03_024/ov_SC03_024_jr_80140608.c:func_801431E8 A=DIFFERS B: removed 0 needed 1 compiles 2
03:22:50   src/ov_SC03_014/ov_SC03_014_jr_80140608.c:func_80142EC0 A=DIFFERS B: removed 0 needed 2 compiles 3
03:22:50   src/ov_SC03_029/ov_SC03_029_jr_80140608.c:func_801431E8 A=DIFFERS B: removed 0 needed 1 compiles 2
03:22:50   src/ov_SC03_031/ov_SC03_031_jr_80140608.c:func_801431E8 A=DIFFERS B: removed 0 needed 1 compiles 2
03:22:50   src/ov_SC03_030/ov_SC03_030_jr_80140608.c:func_801431E8 A=DIFFERS B: removed 0 needed 1 compiles 2
03:22:50   src/ov_SC03_023/ov_SC03_023_jr_80140608.c:<file-scope> A=DIFFERS B: removed 0 needed 1 compiles 2
03:22:50   src/ov_SC03_091/ov_SC03_091_jr_80140608.c:func_8014305C A=DIFFERS B: removed 0 needed 2 compiles 3
03:22:50   src/ov_SC03_090/ov_SC03_090_jr_80140608.c:func_8014305C A=DIFFERS B: removed 0 needed 2 compiles 3
03:22:50   src/ov_SC03_089/ov_SC03_089_jr_80140608.c:func_8014305C A=DIFFERS B: removed 0 needed 2 compiles 3
03:22:50   src/ov_SC03_013/ov_SC03_013_jr_80140608.c:<file-scope> A=DIFFERS B: removed 0 needed 1 compiles 2
03:22:50   src/ov_SC03_092/ov_SC03_092_jr_80140608.c:func_80142EC0 A=DIFFERS B: removed 0 needed 2 compiles 3
03:22:51   src/ov_SC03_091/ov_SC03_091_jr_80140608.c:func_801431E8 A=DIFFERS B: removed 0 needed 1 compiles 2
03:22:51   src/ov_SC03_090/ov_SC03_090_jr_80140608.c:func_801431E8 A=DIFFERS B: removed 0 needed 1 compiles 2
03:22:51   src/ov_SC03_089/ov_SC03_089_jr_80140608.c:func_801431E8 A=DIFFERS B: removed 0 needed 1 compiles 2
03:22:51   src/ov_SC03_028/ov_SC03_028_jr_80140608.c:<file-scope> A=DIFFERS B: removed 0 needed 1 compiles 2
03:22:51   src/ov_SC03_024/ov_SC03_024_jr_80140608.c:<file-scope> A=DIFFERS B: removed 0 needed 1 compiles 2
03:22:51   src/ov_SC03_029/ov_SC03_029_jr_80140608.c:<file-scope> A=DIFFERS B: removed 0 needed 1 compiles 2
03:22:51   src/ov_SC03_093/ov_SC03_093_jr_80140608.c:func_80141874 A=DIFFERS B: removed 0 needed 1 compiles 2
03:22:51   src/ov_SC03_014/ov_SC03_014_jr_80140608.c:func_8014305C A=DIFFERS B: removed 0 needed 2 compiles 3
03:22:51   src/ov_SC03_030/ov_SC03_030_jr_80140608.c:<file-scope> A=DIFFERS B: removed 0 needed 1 compiles 2
03:22:51   src/ov_SC03_094/ov_SC03_094_jr_80140608.c:func_80141874 A=DIFFERS B: removed 0 needed 1 compiles 2
03:22:51   src/ov_SC03_031/ov_SC03_031_jr_80140608.c:<file-scope> A=DIFFERS B: removed 0 needed 1 compiles 2
03:22:51   src/ov_SC03_092/ov_SC03_092_jr_80140608.c:func_8014305C A=DIFFERS B: removed 0 needed 2 compiles 3
03:22:52   src/ov_SC03_090/ov_SC03_090_jr_80140608.c:<file-scope> A=DIFFERS B: removed 0 needed 1 compiles 2
03:22:52   src/ov_SC03_089/ov_SC03_089_jr_80140608.c:<file-scope> A=DIFFERS B: removed 0 needed 1 compiles 2
03:22:52   src/ov_SC03_096/ov_SC03_096_jr_80140608.c:func_80141874 A=DIFFERS B: removed 0 needed 1 compiles 2
03:22:52   src/ov_SC03_095/ov_SC03_095_jr_80140608.c:func_80141874 A=DIFFERS B: removed 0 needed 1 compiles 2
03:22:52   src/ov_SC03_091/ov_SC03_091_jr_80140608.c:<file-scope> A=DIFFERS B: removed 0 needed 1 compiles 2
03:22:52   src/ov_SC03_092/ov_SC03_092_jr_80140608.c:func_801431E8 A=DIFFERS B: removed 0 needed 1 compiles 2
03:22:52   src/ov_SC03_014/ov_SC03_014_jr_80140608.c:func_801431E8 A=DIFFERS B: removed 0 needed 1 compiles 2
03:22:52   src/ov_SC03_097/ov_SC03_097_jr_80140608.c:func_80141874 A=DIFFERS B: removed 0 needed 1 compiles 2
03:22:53   src/ov_SC03_098/ov_SC03_098_jr_80140608.c:func_80141874 A=DIFFERS B: removed 0 needed 1 compiles 2
03:22:53   src/ov_SC03_099/ov_SC03_099_jr_80140608.c:func_80141874 A=DIFFERS B: removed 0 needed 1 compiles 2
03:22:53   src/ov_SC03_093/ov_SC03_093_jr_80140608.c:func_80142EC0 A=DIFFERS B: removed 0 needed 2 compiles 3
03:22:53   src/ov_SC03_094/ov_SC03_094_jr_80140608.c:func_80142EC0 A=DIFFERS B: removed 0 needed 2 compiles 3
03:22:53   src/ov_SC03_100/ov_SC03_100_jr_80140608.c:func_80141874 A=DIFFERS B: removed 0 needed 1 compiles 2
03:22:53   src/ov_SC03_096/ov_SC03_096_jr_80140608.c:func_80142EC0 A=DIFFERS B: removed 0 needed 2 compiles 3
03:22:53   src/ov_SC03_102/ov_SC03_102_jr_80140608.c:func_80141874 A=DIFFERS B: removed 0 needed 1 compiles 2
03:22:53   src/ov_SC03_101/ov_SC03_101_jr_80140608.c:func_80141874 A=DIFFERS B: removed 0 needed 1 compiles 2
03:22:54   src/ov_SC03_095/ov_SC03_095_jr_80140608.c:func_80142EC0 A=DIFFERS B: removed 0 needed 2 compiles 3
03:22:54   src/ov_SC03_093/ov_SC03_093_jr_80140608.c:func_8014305C A=DIFFERS B: removed 0 needed 2 compiles 3
03:22:54   src/ov_SC03_094/ov_SC03_094_jr_80140608.c:func_8014305C A=DIFFERS B: removed 0 needed 2 compiles 3
03:22:54   src/ov_SC03_097/ov_SC03_097_jr_80140608.c:func_80142EC0 A=DIFFERS B: removed 0 needed 2 compiles 3
03:22:54   src/ov_SC03_092/ov_SC03_092_jr_80140608.c:<file-scope> A=DIFFERS B: removed 0 needed 1 compiles 2
03:22:54   src/ov_SC03_093/ov_SC03_093_jr_80140608.c:func_801431E8 A=DIFFERS B: removed 0 needed 1 compiles 2
03:22:54   src/ov_SC03_096/ov_SC03_096_jr_80140608.c:func_8014305C A=DIFFERS B: removed 0 needed 2 compiles 3
03:22:54   src/ov_SC03_099/ov_SC03_099_jr_80140608.c:func_80142EC0 A=DIFFERS B: removed 0 needed 2 compiles 3
03:22:54   src/ov_SC03_098/ov_SC03_098_jr_80140608.c:func_80142EC0 A=DIFFERS B: removed 0 needed 2 compiles 3
03:22:54   src/ov_SC03_095/ov_SC03_095_jr_80140608.c:func_8014305C A=DIFFERS B: removed 0 needed 2 compiles 3
03:22:54   src/ov_SC03_094/ov_SC03_094_jr_80140608.c:func_801431E8 A=DIFFERS B: removed 0 needed 1 compiles 2
03:22:54   src/ov_SC03_100/ov_SC03_100_jr_80140608.c:func_80142EC0 A=DIFFERS B: removed 0 needed 2 compiles 3
03:22:55   src/ov_SC03_097/ov_SC03_097_jr_80140608.c:func_8014305C A=DIFFERS B: removed 0 needed 2 compiles 3
03:22:55   src/ov_SC03_096/ov_SC03_096_jr_80140608.c:func_801431E8 A=DIFFERS B: removed 0 needed 1 compiles 2
03:22:55   src/ov_SC03_101/ov_SC03_101_jr_80140608.c:func_80142EC0 A=DIFFERS B: removed 0 needed 2 compiles 3
03:22:55   src/ov_SC03_095/ov_SC03_095_jr_80140608.c:func_801431E8 A=DIFFERS B: removed 0 needed 1 compiles 2
03:22:55   src/ov_SC03_103/ov_SC03_103_jr_80140608.c:func_80141874 A=DIFFERS B: removed 0 needed 1 compiles 2
03:22:55   src/ov_SC03_102/ov_SC03_102_jr_80140608.c:func_80142EC0 A=DIFFERS B: removed 0 needed 2 compiles 3
03:22:55   src/ov_SC03_099/ov_SC03_099_jr_80140608.c:func_8014305C A=DIFFERS B: removed 0 needed 2 compiles 3
03:22:55   src/ov_SC03_100/ov_SC03_100_jr_80140608.c:func_8014305C A=DIFFERS B: removed 0 needed 2 compiles 3
03:22:55   src/ov_SC03_098/ov_SC03_098_jr_80140608.c:func_8014305C A=DIFFERS B: removed 0 needed 2 compiles 3
03:22:55   src/ov_SC03_097/ov_SC03_097_jr_80140608.c:func_801431E8 A=DIFFERS B: removed 0 needed 1 compiles 2
03:22:55   src/ov_SC03_093/ov_SC03_093_jr_80140608.c:<file-scope> A=DIFFERS B: removed 0 needed 1 compiles 2
03:22:55   src/ov_SC03_014/ov_SC03_014_jr_80140608.c:<file-scope> A=DIFFERS B: removed 0 needed 1 compiles 2
03:22:56   src/ov_SC03_094/ov_SC03_094_jr_80140608.c:<file-scope> A=DIFFERS B: removed 0 needed 1 compiles 2
03:22:56   src/ov_SC03_100/ov_SC03_100_jr_80140608.c:func_801431E8 A=DIFFERS B: removed 0 needed 1 compiles 2
03:22:56   src/ov_SC03_098/ov_SC03_098_jr_80140608.c:func_801431E8 A=DIFFERS B: removed 0 needed 1 compiles 2
03:22:56   src/ov_SC03_101/ov_SC03_101_jr_80140608.c:func_8014305C A=DIFFERS B: removed 0 needed 2 compiles 3
03:22:56   src/ov_SC03_102/ov_SC03_102_jr_80140608.c:func_8014305C A=DIFFERS B: removed 0 needed 2 compiles 3
03:22:56   src/ov_SC03_099/ov_SC03_099_jr_80140608.c:func_801431E8 A=DIFFERS B: removed 0 needed 1 compiles 2
03:22:56   src/ov_SC03_096/ov_SC03_096_jr_80140608.c:<file-scope> A=DIFFERS B: removed 0 needed 1 compiles 2
03:22:56   src/ov_SC03_095/ov_SC03_095_jr_80140608.c:<file-scope> A=DIFFERS B: removed 0 needed 1 compiles 2
03:22:56   src/ov_SC03_103/ov_SC03_103_jr_80140608.c:func_80142EC0 A=DIFFERS B: removed 0 needed 2 compiles 3
03:22:56   src/ov_SC03_101/ov_SC03_101_jr_80140608.c:func_801431E8 A=DIFFERS B: removed 0 needed 1 compiles 2
03:22:56   src/ov_SC03_104/ov_SC03_104_jr_80140608.c:func_80141874 A=DIFFERS B: removed 0 needed 1 compiles 2
03:22:57   src/ov_SC03_102/ov_SC03_102_jr_80140608.c:func_801431E8 A=DIFFERS B: removed 0 needed 1 compiles 2
03:22:57   src/ov_SC03_097/ov_SC03_097_jr_80140608.c:<file-scope> A=DIFFERS B: removed 0 needed 1 compiles 2
03:22:57   src/ov_SC03_105/ov_SC03_105_jr_80140608.c:func_80141874 A=DIFFERS B: removed 0 needed 1 compiles 2
03:22:57   src/ov_SC03_100/ov_SC03_100_jr_80140608.c:<file-scope> A=DIFFERS B: removed 0 needed 1 compiles 2
03:22:57   src/ov_SC03_099/ov_SC03_099_jr_80140608.c:<file-scope> A=DIFFERS B: removed 0 needed 1 compiles 2
03:22:57   src/ov_SC03_108/ov_SC03_108_jr_80140608.c:func_80141874 A=DIFFERS B: removed 0 needed 1 compiles 2
03:22:57   src/ov_SC03_103/ov_SC03_103_jr_80140608.c:func_8014305C A=DIFFERS B: removed 0 needed 2 compiles 3
03:22:57   src/ov_SC03_109/ov_SC03_109_jr_80140608.c:func_80141874 A=DIFFERS B: removed 0 needed 1 compiles 2
03:22:58   src/ov_SC03_098/ov_SC03_098_jr_80140608.c:<file-scope> A=DIFFERS B: removed 0 needed 1 compiles 2
03:22:58   src/ov_SC03_110/ov_SC03_110_jr_80140608.c:func_80141874 A=DIFFERS B: removed 0 needed 1 compiles 2
03:22:58   src/ov_SC03_101/ov_SC03_101_jr_80140608.c:<file-scope> A=DIFFERS B: removed 0 needed 1 compiles 2
03:22:58   src/ov_SC03_104/ov_SC03_104_jr_80140608.c:func_80142EC0 A=DIFFERS B: removed 0 needed 2 compiles 3
03:22:58   src/ov_SC03_105/ov_SC03_105_jr_80140608.c:func_80142EC0 A=DIFFERS B: removed 0 needed 2 compiles 3
03:22:58   src/ov_SC03_102/ov_SC03_102_jr_80140608.c:<file-scope> A=DIFFERS B: removed 0 needed 1 compiles 2
03:22:58   src/ov_SC03_103/ov_SC03_103_jr_80140608.c:func_801431E8 A=DIFFERS B: removed 0 needed 1 compiles 2
03:22:58   src/ov_SC03_111/ov_SC03_111_jr_80140608.c:func_80141874 A=DIFFERS B: removed 0 needed 1 compiles 2
03:22:58   src/ov_SC03_112/ov_SC03_112_jr_80140608.c:func_80141874 A=DIFFERS B: removed 0 needed 1 compiles 2
03:22:59   src/ov_SC03_108/ov_SC03_108_jr_80140608.c:func_80142EC0 A=DIFFERS B: removed 0 needed 2 compiles 3
03:22:59   src/ov_SC03_104/ov_SC03_104_jr_80140608.c:func_8014305C A=DIFFERS B: removed 0 needed 2 compiles 3
03:22:59   src/ov_SC03_113/ov_SC03_113_jr_80140608.c:func_80141874 A=DIFFERS B: removed 0 needed 1 compiles 2
03:22:59   src/ov_SC03_114/ov_SC03_114_jr_80140608.c:func_80141874 A=DIFFERS B: removed 0 needed 1 compiles 2
03:22:59   src/ov_SC03_105/ov_SC03_105_jr_80140608.c:func_8014305C A=DIFFERS B: removed 0 needed 2 compiles 3
03:22:59   src/ov_SC03_109/ov_SC03_109_jr_80140608.c:func_80142EC0 A=DIFFERS B: removed 0 needed 2 compiles 3
03:22:59   src/ov_SC03_110/ov_SC03_110_jr_80140608.c:func_80142EC0 A=DIFFERS B: removed 0 needed 2 compiles 3
03:22:59   src/ov_SC03_115/ov_SC03_115_jr_80140608.c:func_80141874 A=DIFFERS B: removed 0 needed 1 compiles 2
03:22:59   src/ov_SC03_116/ov_SC03_116_jr_80140608.c:func_80141874 A=DIFFERS B: removed 0 needed 1 compiles 2
03:22:59   src/ov_SC03_108/ov_SC03_108_jr_80140608.c:func_8014305C A=DIFFERS B: removed 0 needed 2 compiles 3
03:22:59   src/ov_SC03_104/ov_SC03_104_jr_80140608.c:func_801431E8 A=DIFFERS B: removed 0 needed 1 compiles 2
03:22:59   src/ov_SC03_103/ov_SC03_103_jr_80140608.c:<file-scope> A=DIFFERS B: removed 0 needed 1 compiles 2
03:23:00   src/ov_SC03_109/ov_SC03_109_jr_80140608.c:func_8014305C A=DIFFERS B: removed 0 needed 2 compiles 3
03:23:00   src/ov_SC03_105/ov_SC03_105_jr_80140608.c:func_801431E8 A=DIFFERS B: removed 0 needed 1 compiles 2
03:23:00   src/ov_SC03_112/ov_SC03_112_jr_80140608.c:func_80142EC0 A=DIFFERS B: removed 0 needed 2 compiles 3
03:23:00   src/ov_SC03_108/ov_SC03_108_jr_80140608.c:func_801431E8 A=DIFFERS B: removed 0 needed 1 compiles 2
03:23:00   src/ov_SC03_110/ov_SC03_110_jr_80140608.c:func_8014305C A=DIFFERS B: removed 0 needed 2 compiles 3
03:23:00   src/ov_SC03_111/ov_SC03_111_jr_80140608.c:func_80142EC0 A=DIFFERS B: removed 0 needed 2 compiles 3
03:23:00   src/ov_SC03_109/ov_SC03_109_jr_80140608.c:func_801431E8 A=DIFFERS B: removed 0 needed 1 compiles 2
03:23:00   src/ov_SC03_110/ov_SC03_110_jr_80140608.c:func_801431E8 A=DIFFERS B: removed 0 needed 1 compiles 2
03:23:00   src/ov_SC03_115/ov_SC03_115_jr_80140608.c:func_80142EC0 A=DIFFERS B: removed 0 needed 2 compiles 3
03:23:01   src/ov_SC03_117/ov_SC03_117_jr_80140608.c:func_80141874 A=DIFFERS B: removed 0 needed 1 compiles 2
03:23:01   src/ov_SC03_114/ov_SC03_114_jr_80140608.c:func_80142EC0 A=DIFFERS B: removed 0 needed 2 compiles 3
03:23:01   src/ov_SC03_112/ov_SC03_112_jr_80140608.c:func_8014305C A=DIFFERS B: removed 0 needed 2 compiles 3
03:23:01   src/ov_SC03_113/ov_SC03_113_jr_80140608.c:func_80142EC0 A=DIFFERS B: removed 0 needed 2 compiles 3
03:23:01   src/ov_SC03_111/ov_SC03_111_jr_80140608.c:func_8014305C A=DIFFERS B: removed 0 needed 2 compiles 3
03:23:01   src/ov_SC03_116/ov_SC03_116_jr_80140608.c:func_80142EC0 A=DIFFERS B: removed 0 needed 2 compiles 3
03:23:01   src/ov_SC03_105/ov_SC03_105_jr_80140608.c:<file-scope> A=DIFFERS B: removed 0 needed 1 compiles 2
03:23:01   src/ov_SC03_104/ov_SC03_104_jr_80140608.c:<file-scope> A=DIFFERS B: removed 0 needed 1 compiles 2
03:23:01   src/ov_SC03_108/ov_SC03_108_jr_80140608.c:<file-scope> A=DIFFERS B: removed 0 needed 1 compiles 2
03:23:01   src/ov_SC03_111/ov_SC03_111_jr_80140608.c:func_801431E8 A=DIFFERS B: removed 0 needed 1 compiles 2
03:23:01   src/ov_SC03_112/ov_SC03_112_jr_80140608.c:func_801431E8 A=DIFFERS B: removed 0 needed 1 compiles 2
03:23:01   src/ov_SC03_113/ov_SC03_113_jr_80140608.c:func_8014305C A=DIFFERS B: removed 0 needed 2 compiles 3
03:23:01   src/ov_SC03_115/ov_SC03_115_jr_80140608.c:func_8014305C A=DIFFERS B: removed 0 needed 2 compiles 3
03:23:01   src/ov_SC03_114/ov_SC03_114_jr_80140608.c:func_8014305C A=DIFFERS B: removed 0 needed 2 compiles 3
03:23:02   src/ov_SC03_116/ov_SC03_116_jr_80140608.c:func_8014305C A=DIFFERS B: removed 0 needed 2 compiles 3
03:23:02   src/ov_SC03_109/ov_SC03_109_jr_80140608.c:<file-scope> A=DIFFERS B: removed 0 needed 1 compiles 2
03:23:02   src/ov_SC03_110/ov_SC03_110_jr_80140608.c:<file-scope> A=DIFFERS B: removed 0 needed 1 compiles 2
03:23:02   src/ov_SC03_115/ov_SC03_115_jr_80140608.c:func_801431E8 A=DIFFERS B: removed 0 needed 1 compiles 2
03:23:02   src/ov_SC03_113/ov_SC03_113_jr_80140608.c:func_801431E8 A=DIFFERS B: removed 0 needed 1 compiles 2
03:23:02   src/ov_SC03_117/ov_SC03_117_jr_80140608.c:func_80142EC0 A=DIFFERS B: removed 0 needed 2 compiles 3
03:23:02   src/ov_SC03_121/ov_SC03_121_jr_80140608.c:func_80141874 A=DIFFERS B: removed 0 needed 1 compiles 2
03:23:02   src/ov_SC03_114/ov_SC03_114_jr_80140608.c:func_801431E8 A=DIFFERS B: removed 0 needed 1 compiles 2
03:23:02   src/ov_SC03_116/ov_SC03_116_jr_80140608.c:func_801431E8 A=DIFFERS B: removed 0 needed 1 compiles 2
03:23:02   src/ov_SC03_112/ov_SC03_112_jr_80140608.c:<file-scope> A=DIFFERS B: removed 0 needed 1 compiles 2
03:23:03   src/ov_SC03_124/ov_SC03_124_jr_80140608.c:func_80141874 A=DIFFERS B: removed 0 needed 1 compiles 2
03:23:03   src/ov_SC03_111/ov_SC03_111_jr_80140608.c:<file-scope> A=DIFFERS B: removed 0 needed 1 compiles 2
03:23:03   src/ov_SC03_118/ov_SC03_118_jr_80140608.c:func_80141874 A=DIFFERS B: removed 0 needed 1 compiles 2
03:23:03   src/ov_SC03_125/ov_SC03_125_jr_80140608.c:func_80141874 A=DIFFERS B: removed 0 needed 1 compiles 2
03:23:03   src/ov_SC03_117/ov_SC03_117_jr_80140608.c:func_8014305C A=DIFFERS B: removed 0 needed 2 compiles 3
03:23:03   src/ov_SC03_115/ov_SC03_115_jr_80140608.c:<file-scope> A=DIFFERS B: removed 0 needed 1 compiles 2
03:23:03   src/ov_SC04_000/ov_SC04_000_jr_80140608.c:func_80141874 A=DIFFERS B: removed 0 needed 1 compiles 2
03:23:03   src/ov_SC03_113/ov_SC03_113_jr_80140608.c:<file-scope> A=DIFFERS B: removed 0 needed 1 compiles 2
03:23:03   src/ov_SC03_117/ov_SC03_117_jr_80140608.c:func_801431E8 A=DIFFERS B: removed 0 needed 1 compiles 2
03:23:03   src/ov_SC03_114/ov_SC03_114_jr_80140608.c:<file-scope> A=DIFFERS B: removed 0 needed 1 compiles 2
03:23:04   src/ov_SC03_121/ov_SC03_121_jr_80140608.c:func_80142EC0 A=DIFFERS B: removed 0 needed 2 compiles 3
03:23:04   src/ov_SC04_002/ov_SC04_002_jr_80140608.c:func_80141874 A=DIFFERS B: removed 0 needed 1 compiles 2
03:23:04   src/ov_SC04_003/ov_SC04_003_jr_80140608.c:func_80141874 A=DIFFERS B: removed 0 needed 1 compiles 2
03:23:04   src/ov_SC03_116/ov_SC03_116_jr_80140608.c:<file-scope> A=DIFFERS B: removed 0 needed 1 compiles 2
03:23:04   src/ov_SC03_124/ov_SC03_124_jr_80140608.c:func_80142EC0 A=DIFFERS B: removed 0 needed 2 compiles 3
03:23:04   src/ov_SC03_125/ov_SC03_125_jr_80140608.c:func_80142EC0 A=DIFFERS B: removed 0 needed 2 compiles 3
03:23:04   src/ov_SC04_000/ov_SC04_000_jr_80140608.c:func_80142EC0 A=DIFFERS B: removed 0 needed 2 compiles 3
03:23:04   src/ov_SC03_121/ov_SC03_121_jr_80140608.c:func_8014305C A=DIFFERS B: removed 0 needed 2 compiles 3
03:23:05   src/ov_SC04_004/ov_SC04_004_jr_80140608.c:func_80141874 A=DIFFERS B: removed 0 needed 1 compiles 2
03:23:05   src/ov_SC04_005/ov_SC04_005_jr_80140608.c:func_80141874 A=DIFFERS B: removed 0 needed 1 compiles 2
03:23:05   src/ov_SC03_117/ov_SC03_117_jr_80140608.c:<file-scope> A=DIFFERS B: removed 0 needed 1 compiles 2
03:23:05   src/ov_SC04_007/ov_SC04_007_jr_80140608.c:func_80141874 A=DIFFERS B: removed 0 needed 1 compiles 2
03:23:05   src/ov_SC03_121/ov_SC03_121_jr_80140608.c:func_801431E8 A=DIFFERS B: removed 0 needed 1 compiles 2
03:23:05   src/ov_SC04_006/ov_SC04_006_jr_80140608.c:func_80141874 A=DIFFERS B: removed 0 needed 1 compiles 2
03:23:05   src/ov_SC03_124/ov_SC03_124_jr_80140608.c:func_8014305C A=DIFFERS B: removed 0 needed 2 compiles 3
03:23:05   src/ov_SC04_003/ov_SC04_003_jr_80140608.c:func_80142EC0 A=DIFFERS B: removed 0 needed 2 compiles 3
03:23:05   src/ov_SC03_125/ov_SC03_125_jr_80140608.c:func_8014305C A=DIFFERS B: removed 0 needed 2 compiles 3
03:23:05   src/ov_SC04_000/ov_SC04_000_jr_80140608.c:func_8014305C A=DIFFERS B: removed 0 needed 2 compiles 3
03:23:05   src/ov_SC04_002/ov_SC04_002_jr_80140608.c:func_80142EC0 A=DIFFERS B: removed 0 needed 2 compiles 3
03:23:06   src/ov_SC03_124/ov_SC03_124_jr_80140608.c:func_801431E8 A=DIFFERS B: removed 0 needed 1 compiles 2
03:23:06   src/ov_SC03_125/ov_SC03_125_jr_80140608.c:func_801431E8 A=DIFFERS B: removed 0 needed 1 compiles 2
03:23:06   src/ov_SC03_118/ov_SC03_118_jr_80140608.c:func_80142EC0 A=DIFFERS B: removed 0 needed 2 compiles 3
03:23:06   src/ov_SC04_000/ov_SC04_000_jr_80140608.c:func_801431E8 A=DIFFERS B: removed 0 needed 1 compiles 2
03:23:06   src/ov_SC04_003/ov_SC04_003_jr_80140608.c:func_8014305C A=DIFFERS B: removed 0 needed 2 compiles 3
03:23:06   src/ov_SC04_004/ov_SC04_004_jr_80140608.c:func_80142EC0 A=DIFFERS B: removed 0 needed 2 compiles 3
03:23:06   src/ov_SC04_009/ov_SC04_009_jr_80140608.c:func_80141874 A=DIFFERS B: removed 0 needed 1 compiles 2
03:23:06   src/ov_SC04_002/ov_SC04_002_jr_80140608.c:func_8014305C A=DIFFERS B: removed 0 needed 2 compiles 3
03:23:07   src/ov_SC04_005/ov_SC04_005_jr_80140608.c:func_80142EC0 A=DIFFERS B: removed 0 needed 2 compiles 3
03:23:07   src/ov_SC04_003/ov_SC04_003_jr_80140608.c:func_801431E8 A=DIFFERS B: removed 0 needed 1 compiles 2
03:23:07   src/ov_SC04_006/ov_SC04_006_jr_80140608.c:func_80142EC0 A=DIFFERS B: removed 0 needed 2 compiles 3
03:23:07   src/ov_SC03_121/ov_SC03_121_jr_80140608.c:<file-scope> A=DIFFERS B: removed 0 needed 1 compiles 2
03:23:07   src/ov_SC04_007/ov_SC04_007_jr_80140608.c:func_80142EC0 A=DIFFERS B: removed 0 needed 2 compiles 3
03:23:07   src/ov_SC04_002/ov_SC04_002_jr_80140608.c:func_801431E8 A=DIFFERS B: removed 0 needed 1 compiles 2
03:23:07   src/ov_SC04_004/ov_SC04_004_jr_80140608.c:func_8014305C A=DIFFERS B: removed 0 needed 2 compiles 3
03:23:07   src/ov_SC03_124/ov_SC03_124_jr_80140608.c:<file-scope> A=DIFFERS B: removed 0 needed 1 compiles 2
03:23:07   src/ov_SC04_005/ov_SC04_005_jr_80140608.c:func_8014305C A=DIFFERS B: removed 0 needed 2 compiles 3
03:23:08   src/ov_SC04_006/ov_SC04_006_jr_80140608.c:func_8014305C A=DIFFERS B: removed 0 needed 2 compiles 3
03:23:08   src/ov_SC03_125/ov_SC03_125_jr_80140608.c:<file-scope> A=DIFFERS B: removed 0 needed 1 compiles 2
03:23:08   src/ov_SC03_118/ov_SC03_118_jr_80140608.c:func_8014305C A=DIFFERS B: removed 0 needed 2 compiles 3
03:23:08   src/ov_SC04_000/ov_SC04_000_jr_80140608.c:<file-scope> A=DIFFERS B: removed 0 needed 1 compiles 2
03:23:08   src/ov_SC04_004/ov_SC04_004_jr_80140608.c:func_801431E8 A=DIFFERS B: removed 0 needed 1 compiles 2
03:23:08   src/ov_SC04_007/ov_SC04_007_jr_80140608.c:func_8014305C A=DIFFERS B: removed 0 needed 2 compiles 3
03:23:08   src/ov_SC04_009/ov_SC04_009_jr_80140608.c:func_80142EC0 A=DIFFERS B: removed 0 needed 2 compiles 3
03:23:08   src/ov_SC04_003/ov_SC04_003_jr_80140608.c:<file-scope> A=DIFFERS B: removed 0 needed 1 compiles 2
03:23:08   src/ov_SC04_010/ov_SC04_010_jr_80140608.c:func_80141874 A=DIFFERS B: removed 0 needed 1 compiles 2
03:23:08   src/ov_SC04_005/ov_SC04_005_jr_80140608.c:func_801431E8 A=DIFFERS B: removed 0 needed 1 compiles 2
03:23:08   src/ov_SC04_006/ov_SC04_006_jr_80140608.c:func_801431E8 A=DIFFERS B: removed 0 needed 1 compiles 2
03:23:08   src/ov_SC04_007/ov_SC04_007_jr_80140608.c:func_801431E8 A=DIFFERS B: removed 0 needed 1 compiles 2
03:23:08   src/ov_SC04_002/ov_SC04_002_jr_80140608.c:<file-scope> A=DIFFERS B: removed 0 needed 1 compiles 2
03:23:09   src/ov_SC04_012/ov_SC04_012_jr_80140608.c:func_80141874 A=DIFFERS B: removed 0 needed 1 compiles 2
03:23:09   src/ov_SC04_009/ov_SC04_009_jr_80140608.c:func_8014305C A=DIFFERS B: removed 0 needed 2 compiles 3
03:23:09   src/ov_SC04_015/ov_SC04_015_jr_80140608.c:func_80141874 A=DIFFERS B: removed 0 needed 1 compiles 2
03:23:09   src/ov_SC03_118/ov_SC03_118_jr_80140608.c:func_801431E8 A=DIFFERS B: removed 0 needed 1 compiles 2
03:23:09   src/ov_SC04_016/ov_SC04_016_jr_80140608.c:func_80141874 A=DIFFERS B: removed 0 needed 1 compiles 2
03:23:09   src/ov_SC04_010/ov_SC04_010_jr_80140608.c:func_80142EC0 A=DIFFERS B: removed 0 needed 2 compiles 3
03:23:09   src/ov_SC04_009/ov_SC04_009_jr_80140608.c:func_801431E8 A=DIFFERS B: removed 0 needed 1 compiles 2
03:23:10   src/ov_SC04_006/ov_SC04_006_jr_80140608.c:<file-scope> A=DIFFERS B: removed 0 needed 1 compiles 2
03:23:10   src/ov_SC04_004/ov_SC04_004_jr_80140608.c:<file-scope> A=DIFFERS B: removed 0 needed 1 compiles 2
03:23:10   src/ov_SC04_005/ov_SC04_005_jr_80140608.c:<file-scope> A=DIFFERS B: removed 0 needed 1 compiles 2
03:23:10   src/ov_SC04_007/ov_SC04_007_jr_80140608.c:<file-scope> A=DIFFERS B: removed 0 needed 1 compiles 2
03:23:10   src/ov_SC04_020/ov_SC04_020_jr_80140608.c:func_80141874 A=DIFFERS B: removed 0 needed 1 compiles 2
03:23:10   src/ov_SC04_015/ov_SC04_015_jr_80140608.c:func_80142EC0 A=DIFFERS B: removed 0 needed 2 compiles 3
03:23:10   src/ov_SC04_010/ov_SC04_010_jr_80140608.c:func_8014305C A=DIFFERS B: removed 0 needed 2 compiles 3
03:23:10   src/ov_SC04_012/ov_SC04_012_jr_80140608.c:func_80142EC0 A=DIFFERS B: removed 0 needed 2 compiles 3
03:23:10   src/ov_SC04_018/ov_SC04_018_jr_80140608.c:func_80141874 A=DIFFERS B: removed 0 needed 1 compiles 2
03:23:11   src/ov_SC04_016/ov_SC04_016_jr_80140608.c:func_80142EC0 A=DIFFERS B: removed 0 needed 2 compiles 3
03:23:11   src/ov_SC04_010/ov_SC04_010_jr_80140608.c:func_801431E8 A=DIFFERS B: removed 0 needed 1 compiles 2
03:23:11   src/ov_SC05_001/ov_SC05_001_jr_80140608.c:func_80141874 A=DIFFERS B: removed 0 needed 1 compiles 2
03:23:11   src/ov_SC04_015/ov_SC04_015_jr_80140608.c:func_8014305C A=DIFFERS B: removed 0 needed 2 compiles 3
03:23:11   src/ov_SC05_000/ov_SC05_000_jr_80140608.c:func_80141874 A=DIFFERS B: removed 0 needed 1 compiles 2
03:23:11   src/ov_SC04_009/ov_SC04_009_jr_80140608.c:<file-scope> A=DIFFERS B: removed 0 needed 1 compiles 2
03:23:11   src/ov_SC04_012/ov_SC04_012_jr_80140608.c:func_8014305C A=DIFFERS B: removed 0 needed 2 compiles 3
03:23:11   src/ov_SC05_002/ov_SC05_002_jr_80140608.c:func_80141874 A=DIFFERS B: removed 0 needed 1 compiles 2
03:23:11   src/ov_SC05_003/ov_SC05_003_jr_80140608.c:func_80141874 A=DIFFERS B: removed 0 needed 1 compiles 2
03:23:11   src/ov_SC04_016/ov_SC04_016_jr_80140608.c:func_8014305C A=DIFFERS B: removed 0 needed 2 compiles 3
03:23:12   src/ov_SC04_020/ov_SC04_020_jr_80140608.c:func_80142EC0 A=DIFFERS B: removed 0 needed 2 compiles 3
03:23:12   src/ov_SC04_015/ov_SC04_015_jr_80140608.c:func_801431E8 A=DIFFERS B: removed 0 needed 1 compiles 2
03:23:12   src/ov_SC04_012/ov_SC04_012_jr_80140608.c:func_801431E8 A=DIFFERS B: removed 0 needed 1 compiles 2
03:23:12   src/ov_SC04_010/ov_SC04_010_jr_80140608.c:<file-scope> A=DIFFERS B: removed 0 needed 1 compiles 2
03:23:12   src/ov_SC04_016/ov_SC04_016_jr_80140608.c:func_801431E8 A=DIFFERS B: removed 0 needed 1 compiles 2
03:23:12   src/ov_SC05_000/ov_SC05_000_jr_80140608.c:func_80142EC0 A=DIFFERS B: removed 0 needed 2 compiles 3
03:23:12   src/ov_SC05_001/ov_SC05_001_jr_80140608.c:func_80142EC0 A=DIFFERS B: removed 0 needed 2 compiles 3
03:23:12   src/ov_SC04_020/ov_SC04_020_jr_80140608.c:func_8014305C A=DIFFERS B: removed 0 needed 2 compiles 3
03:23:12   src/ov_SC03_118/ov_SC03_118_jr_80140608.c:<file-scope> A=DIFFERS B: removed 0 needed 1 compiles 2
03:23:12   src/ov_SC05_004/ov_SC05_004_jr_80140608.c:func_80141874 A=DIFFERS B: removed 0 needed 1 compiles 2
03:23:13   src/ov_SC05_002/ov_SC05_002_jr_80140608.c:func_80142EC0 A=DIFFERS B: removed 0 needed 2 compiles 3
03:23:13   src/ov_SC04_020/ov_SC04_020_jr_80140608.c:func_801431E8 A=DIFFERS B: removed 0 needed 1 compiles 2
03:23:13   src/ov_SC05_001/ov_SC05_001_jr_80140608.c:func_8014305C A=DIFFERS B: removed 0 needed 2 compiles 3
03:23:13   src/ov_SC04_015/ov_SC04_015_jr_80140608.c:<file-scope> A=DIFFERS B: removed 0 needed 1 compiles 2
03:23:13   src/ov_SC05_003/ov_SC05_003_jr_80140608.c:func_80142EC0 A=DIFFERS B: removed 0 needed 2 compiles 3
03:23:13   src/ov_SC05_000/ov_SC05_000_jr_80140608.c:func_8014305C A=DIFFERS B: removed 0 needed 2 compiles 3
03:23:13   src/ov_SC05_005/ov_SC05_005_jr_80140608.c:func_80141874 A=DIFFERS B: removed 0 needed 1 compiles 2
03:23:13   src/ov_SC04_018/ov_SC04_018_jr_80140608.c:func_80142EC0 A=DIFFERS B: removed 0 needed 2 compiles 3
03:23:13   src/ov_SC04_012/ov_SC04_012_jr_80140608.c:<file-scope> A=DIFFERS B: removed 0 needed 1 compiles 2
03:23:13   src/ov_SC05_002/ov_SC05_002_jr_80140608.c:func_8014305C A=DIFFERS B: removed 0 needed 2 compiles 3
03:23:13   src/ov_SC05_001/ov_SC05_001_jr_80140608.c:func_801431E8 A=DIFFERS B: removed 0 needed 1 compiles 2
03:23:13   src/ov_SC04_016/ov_SC04_016_jr_80140608.c:<file-scope> A=DIFFERS B: removed 0 needed 1 compiles 2
03:23:14   src/ov_SC05_000/ov_SC05_000_jr_80140608.c:func_801431E8 A=DIFFERS B: removed 0 needed 1 compiles 2
03:23:14   src/ov_SC05_003/ov_SC05_003_jr_80140608.c:func_8014305C A=DIFFERS B: removed 0 needed 2 compiles 3
03:23:14   src/ov_SC05_006/ov_SC05_006_jr_80140608.c:func_80141874 A=DIFFERS B: removed 0 needed 1 compiles 2
03:23:14   src/ov_SC05_004/ov_SC05_004_jr_80140608.c:func_80142EC0 A=DIFFERS B: removed 0 needed 2 compiles 3
03:23:14   src/ov_SC05_002/ov_SC05_002_jr_80140608.c:func_801431E8 A=DIFFERS B: removed 0 needed 1 compiles 2
03:23:14   src/ov_SC05_007/ov_SC05_007_jr_80140608.c:func_80141874 A=DIFFERS B: removed 0 needed 1 compiles 2
03:23:14   src/ov_SC04_020/ov_SC04_020_jr_80140608.c:<file-scope> A=DIFFERS B: removed 0 needed 1 compiles 2
03:23:14   src/ov_SC05_005/ov_SC05_005_jr_80140608.c:func_80142EC0 A=DIFFERS B: removed 0 needed 2 compiles 3
03:23:15   src/ov_SC05_003/ov_SC05_003_jr_80140608.c:func_801431E8 A=DIFFERS B: removed 0 needed 1 compiles 2
03:23:15   src/ov_SC05_010/ov_SC05_010_jr_80140608.c:func_80141874 A=DIFFERS B: removed 0 needed 1 compiles 2
03:23:15   src/ov_SC05_008/ov_SC05_008_jr_80140608.c:func_80141874 A=DIFFERS B: removed 0 needed 1 compiles 2
03:23:15   src/ov_SC05_006/ov_SC05_006_jr_80140608.c:func_80142EC0 A=DIFFERS B: removed 0 needed 2 compiles 3
03:23:15   src/ov_SC05_004/ov_SC05_004_jr_80140608.c:func_8014305C A=DIFFERS B: removed 0 needed 2 compiles 3
03:23:15   src/ov_SC04_018/ov_SC04_018_jr_80140608.c:func_8014305C A=DIFFERS B: removed 0 needed 2 compiles 3
03:23:15   src/ov_SC05_000/ov_SC05_000_jr_80140608.c:<file-scope> A=DIFFERS B: removed 0 needed 1 compiles 2
03:23:15   src/ov_SC05_001/ov_SC05_001_jr_80140608.c:<file-scope> A=DIFFERS B: removed 0 needed 1 compiles 2
03:23:15   src/ov_SC05_002/ov_SC05_002_jr_80140608.c:<file-scope> A=DIFFERS B: removed 0 needed 1 compiles 2
03:23:15   src/ov_SC05_011/ov_SC05_011_jr_80140608.c:func_80141874 A=DIFFERS B: removed 0 needed 1 compiles 2
03:23:16   src/ov_SC05_005/ov_SC05_005_jr_80140608.c:func_8014305C A=DIFFERS B: removed 0 needed 2 compiles 3
03:23:16   src/ov_SC05_007/ov_SC05_007_jr_80140608.c:func_80142EC0 A=DIFFERS B: removed 0 needed 2 compiles 3
03:23:16   src/ov_SC05_004/ov_SC05_004_jr_80140608.c:func_801431E8 A=DIFFERS B: removed 0 needed 1 compiles 2
03:23:16   src/ov_SC05_006/ov_SC05_006_jr_80140608.c:func_8014305C A=DIFFERS B: removed 0 needed 2 compiles 3
03:23:16   src/ov_SC05_010/ov_SC05_010_jr_80140608.c:func_80142EC0 A=DIFFERS B: removed 0 needed 2 compiles 3
03:23:16   src/ov_SC05_005/ov_SC05_005_jr_80140608.c:func_801431E8 A=DIFFERS B: removed 0 needed 1 compiles 2
03:23:16   src/ov_SC05_006/ov_SC05_006_jr_80140608.c:func_801431E8 A=DIFFERS B: removed 0 needed 1 compiles 2
03:23:16   src/ov_SC05_008/ov_SC05_008_jr_80140608.c:func_80142EC0 A=DIFFERS B: removed 0 needed 2 compiles 3
03:23:16   src/ov_SC05_003/ov_SC05_003_jr_80140608.c:<file-scope> A=DIFFERS B: removed 0 needed 1 compiles 2
03:23:16   src/ov_SC05_018/ov_SC05_018_jr_80140608.c:func_80141874 A=DIFFERS B: removed 0 needed 1 compiles 2
03:23:16   src/ov_SC04_018/ov_SC04_018_jr_80140608.c:func_801431E8 A=DIFFERS B: removed 0 needed 1 compiles 2
03:23:16   src/ov_SC05_007/ov_SC05_007_jr_80140608.c:func_8014305C A=DIFFERS B: removed 0 needed 2 compiles 3
03:23:17   src/ov_SC05_017/ov_SC05_017_jr_80140608.c:func_80141874 A=DIFFERS B: removed 0 needed 1 compiles 2
03:23:17   src/ov_SC06_000/ov_SC06_000_jr_80140608.c:func_80141874 A=DIFFERS B: removed 0 needed 1 compiles 2
03:23:17   src/ov_SC05_011/ov_SC05_011_jr_80140608.c:func_80142EC0 A=DIFFERS B: removed 0 needed 2 compiles 3
03:23:17   src/ov_SC05_010/ov_SC05_010_jr_80140608.c:func_8014305C A=DIFFERS B: removed 0 needed 2 compiles 3
03:23:17   src/ov_SC05_007/ov_SC05_007_jr_80140608.c:func_801431E8 A=DIFFERS B: removed 0 needed 1 compiles 2
03:23:17   src/ov_SC05_004/ov_SC05_004_jr_80140608.c:<file-scope> A=DIFFERS B: removed 0 needed 1 compiles 2
03:23:17   src/ov_SC05_008/ov_SC05_008_jr_80140608.c:func_8014305C A=DIFFERS B: removed 0 needed 2 compiles 3
03:23:17   src/ov_SC05_005/ov_SC05_005_jr_80140608.c:<file-scope> A=DIFFERS B: removed 0 needed 1 compiles 2
03:23:17   src/ov_SC05_011/ov_SC05_011_jr_80140608.c:func_8014305C A=DIFFERS B: removed 0 needed 2 compiles 3
03:23:18   src/ov_SC06_006/ov_SC06_006_jr_80140608.c:func_80141874 A=DIFFERS B: removed 0 needed 1 compiles 2
03:23:18   src/ov_SC05_010/ov_SC05_010_jr_80140608.c:func_801431E8 A=DIFFERS B: removed 0 needed 1 compiles 2
03:23:18   src/ov_SC05_006/ov_SC05_006_jr_80140608.c:<file-scope> A=DIFFERS B: removed 0 needed 1 compiles 2
03:23:18   src/ov_SC05_008/ov_SC05_008_jr_80140608.c:func_801431E8 A=DIFFERS B: removed 0 needed 1 compiles 2
03:23:18   src/ov_SC05_018/ov_SC05_018_jr_80140608.c:func_80142EC0 A=DIFFERS B: removed 0 needed 2 compiles 3
03:23:18   src/ov_SC05_011/ov_SC05_011_jr_80140608.c:func_801431E8 A=DIFFERS B: removed 0 needed 1 compiles 2
03:23:18   src/ov_SC05_017/ov_SC05_017_jr_80140608.c:func_80142EC0 A=DIFFERS B: removed 0 needed 2 compiles 3
03:23:18   src/ov_SC06_000/ov_SC06_000_jr_80140608.c:func_80142EC0 A=DIFFERS B: removed 0 needed 2 compiles 3
03:23:18   src/ov_SC06_008/ov_SC06_008_jr_80140608.c:func_80141874 A=DIFFERS B: removed 0 needed 1 compiles 2
03:23:18   src/ov_SC05_007/ov_SC05_007_jr_80140608.c:<file-scope> A=DIFFERS B: removed 0 needed 1 compiles 2
03:23:19   src/ov_SC06_010/ov_SC06_010_jr_80140608.c:func_80141874 A=DIFFERS B: removed 0 needed 1 compiles 2
03:23:19   src/ov_SC05_018/ov_SC05_018_jr_80140608.c:func_8014305C A=DIFFERS B: removed 0 needed 2 compiles 3
03:23:19   src/ov_SC05_010/ov_SC05_010_jr_80140608.c:<file-scope> A=DIFFERS B: removed 0 needed 1 compiles 2
03:23:19   src/ov_SC06_000/ov_SC06_000_jr_80140608.c:func_8014305C A=DIFFERS B: removed 0 needed 2 compiles 3
03:23:19   src/ov_SC05_017/ov_SC05_017_jr_80140608.c:func_8014305C A=DIFFERS B: removed 0 needed 2 compiles 3
03:23:19   src/ov_SC06_011/ov_SC06_011_jr_80140608.c:func_80141874 A=DIFFERS B: removed 0 needed 1 compiles 2
03:23:19   src/ov_SC06_006/ov_SC06_006_jr_80140608.c:func_80142EC0 A=DIFFERS B: removed 0 needed 2 compiles 3
03:23:19   src/ov_SC04_018/ov_SC04_018_jr_80140608.c:<file-scope> A=DIFFERS B: removed 0 needed 1 compiles 2
03:23:19   src/ov_SC05_018/ov_SC05_018_jr_80140608.c:func_801431E8 A=DIFFERS B: removed 0 needed 1 compiles 2
03:23:19   src/ov_SC06_013/ov_SC06_013_jr_80140608.c:func_80141874 A=DIFFERS B: removed 0 needed 1 compiles 2
03:23:19   src/ov_SC05_011/ov_SC05_011_jr_80140608.c:<file-scope> A=DIFFERS B: removed 0 needed 1 compiles 2
03:23:20   src/ov_SC05_008/ov_SC05_008_jr_80140608.c:<file-scope> A=DIFFERS B: removed 0 needed 1 compiles 2
03:23:20   src/ov_SC06_000/ov_SC06_000_jr_80140608.c:func_801431E8 A=DIFFERS B: removed 0 needed 1 compiles 2
03:23:20   src/ov_SC05_017/ov_SC05_017_jr_80140608.c:func_801431E8 A=DIFFERS B: removed 0 needed 1 compiles 2
03:23:20   src/ov_SC06_014/ov_SC06_014_jr_80140608.c:func_80141874 A=DIFFERS B: removed 0 needed 1 compiles 2
03:23:20   src/ov_SC06_008/ov_SC06_008_jr_80140608.c:func_80142EC0 A=DIFFERS B: removed 0 needed 2 compiles 3
03:23:20   src/ov_SC06_006/ov_SC06_006_jr_80140608.c:func_8014305C A=DIFFERS B: removed 0 needed 2 compiles 3
03:23:20   src/ov_SC06_010/ov_SC06_010_jr_80140608.c:func_80142EC0 A=DIFFERS B: removed 0 needed 2 compiles 3
03:23:20   src/ov_SC06_006/ov_SC06_006_jr_80140608.c:func_801431E8 A=DIFFERS B: removed 0 needed 1 compiles 2
03:23:21   src/ov_SC06_008/ov_SC06_008_jr_80140608.c:func_8014305C A=DIFFERS B: removed 0 needed 2 compiles 3
03:23:21   src/ov_SC06_011/ov_SC06_011_jr_80140608.c:func_80142EC0 A=DIFFERS B: removed 0 needed 2 compiles 3
03:23:21   src/ov_SC05_018/ov_SC05_018_jr_80140608.c:<file-scope> A=DIFFERS B: removed 0 needed 1 compiles 2
03:23:21   src/ov_SC06_000/ov_SC06_000_jr_80140608.c:<file-scope> A=DIFFERS B: removed 0 needed 1 compiles 2
03:23:21   src/ov_SC06_015/ov_SC06_015_jr_80140608.c:func_80141874 A=DIFFERS B: removed 0 needed 1 compiles 2
03:23:21   src/ov_SC06_013/ov_SC06_013_jr_80140608.c:func_80142EC0 A=DIFFERS B: removed 0 needed 2 compiles 3
03:23:21   src/ov_SC06_018/ov_SC06_018_jr_80140608.c:func_80141874 A=DIFFERS B: removed 0 needed 1 compiles 2
03:23:21   src/ov_SC06_010/ov_SC06_010_jr_80140608.c:func_8014305C A=DIFFERS B: removed 0 needed 2 compiles 3
03:23:21   src/ov_SC06_008/ov_SC06_008_jr_80140608.c:func_801431E8 A=DIFFERS B: removed 0 needed 1 compiles 2
03:23:21   src/ov_SC06_014/ov_SC06_014_jr_80140608.c:func_80142EC0 A=DIFFERS B: removed 0 needed 2 compiles 3
03:23:21   src/ov_SC06_016/ov_SC06_016_jr_80140608.c:func_80141874 A=DIFFERS B: removed 0 needed 1 compiles 2
03:23:21   src/ov_SC05_017/ov_SC05_017_jr_80140608.c:<file-scope> A=DIFFERS B: removed 0 needed 1 compiles 2
03:23:21   src/ov_SC06_010/ov_SC06_010_jr_80140608.c:func_801431E8 A=DIFFERS B: removed 0 needed 1 compiles 2
03:23:21   src/ov_SC06_011/ov_SC06_011_jr_80140608.c:func_8014305C A=DIFFERS B: removed 0 needed 2 compiles 3
03:23:22   src/ov_SC06_022/ov_SC06_022_jr_80140608.c:func_80141874 A=DIFFERS B: removed 0 needed 1 compiles 2
03:23:22   src/ov_SC06_013/ov_SC06_013_jr_80140608.c:func_8014305C A=DIFFERS B: removed 0 needed 2 compiles 3
03:23:22   src/ov_SC06_006/ov_SC06_006_jr_80140608.c:<file-scope> A=DIFFERS B: removed 0 needed 1 compiles 2
03:23:22   src/ov_SC06_014/ov_SC06_014_jr_80140608.c:func_8014305C A=DIFFERS B: removed 0 needed 2 compiles 3
03:23:22   src/ov_SC06_018/ov_SC06_018_jr_80140608.c:func_80142EC0 A=DIFFERS B: removed 0 needed 2 compiles 3
03:23:22   src/ov_SC06_011/ov_SC06_011_jr_80140608.c:func_801431E8 A=DIFFERS B: removed 0 needed 1 compiles 2
03:23:22   src/ov_SC06_020/ov_SC06_020_jr_80140608.c:func_80141874 A=DIFFERS B: removed 0 needed 1 compiles 2
03:23:22   src/ov_SC06_008/ov_SC06_008_jr_80140608.c:<file-scope> A=DIFFERS B: removed 0 needed 1 compiles 2
03:23:22   src/ov_SC06_013/ov_SC06_013_jr_80140608.c:func_801431E8 A=DIFFERS B: removed 0 needed 1 compiles 2
03:23:22   src/ov_SC06_016/ov_SC06_016_jr_80140608.c:func_80142EC0 A=DIFFERS B: removed 0 needed 2 compiles 3
03:23:22   src/ov_SC06_015/ov_SC06_015_jr_80140608.c:func_80142EC0 A=DIFFERS B: removed 0 needed 2 compiles 3
03:23:22   src/ov_SC06_024/ov_SC06_024_jr_80140608.c:func_80141874 A=DIFFERS B: removed 0 needed 1 compiles 2
03:23:22   src/ov_SC06_014/ov_SC06_014_jr_80140608.c:func_801431E8 A=DIFFERS B: removed 0 needed 1 compiles 2
03:23:23   src/ov_SC06_010/ov_SC06_010_jr_80140608.c:<file-scope> A=DIFFERS B: removed 0 needed 1 compiles 2
03:23:23   src/ov_SC06_018/ov_SC06_018_jr_80140608.c:func_8014305C A=DIFFERS B: removed 0 needed 2 compiles 3
03:23:23   src/ov_SC06_022/ov_SC06_022_jr_80140608.c:func_80142EC0 A=DIFFERS B: removed 0 needed 2 compiles 3
03:23:23   src/ov_SC06_016/ov_SC06_016_jr_80140608.c:func_8014305C A=DIFFERS B: removed 0 needed 2 compiles 3
03:23:23   src/ov_SC06_025/ov_SC06_025_jr_80140608.c:func_80141874 A=DIFFERS B: removed 0 needed 1 compiles 2
03:23:23   src/ov_SC06_015/ov_SC06_015_jr_80140608.c:func_8014305C A=DIFFERS B: removed 0 needed 2 compiles 3
03:23:23   src/ov_SC06_011/ov_SC06_011_jr_80140608.c:<file-scope> A=DIFFERS B: removed 0 needed 1 compiles 2
03:23:23   src/ov_SC06_020/ov_SC06_020_jr_80140608.c:func_80142EC0 A=DIFFERS B: removed 0 needed 2 compiles 3
03:23:23   src/ov_SC06_018/ov_SC06_018_jr_80140608.c:func_801431E8 A=DIFFERS B: removed 0 needed 1 compiles 2
03:23:23   src/ov_SC06_027/ov_SC06_027_jr_80140608.c:func_80141874 A=DIFFERS B: removed 0 needed 1 compiles 2
03:23:23   src/ov_SC06_013/ov_SC06_013_jr_80140608.c:<file-scope> A=DIFFERS B: removed 0 needed 1 compiles 2
03:23:24   src/ov_SC06_024/ov_SC06_024_jr_80140608.c:func_80142EC0 A=DIFFERS B: removed 0 needed 2 compiles 3
03:23:24   src/ov_SC06_015/ov_SC06_015_jr_80140608.c:func_801431E8 A=DIFFERS B: removed 0 needed 1 compiles 2
03:23:24   src/ov_SC06_016/ov_SC06_016_jr_80140608.c:func_801431E8 A=DIFFERS B: removed 0 needed 1 compiles 2
03:23:24   src/ov_SC06_014/ov_SC06_014_jr_80140608.c:<file-scope> A=DIFFERS B: removed 0 needed 1 compiles 2
03:23:24   src/ov_SC06_020/ov_SC06_020_jr_80140608.c:func_8014305C A=DIFFERS B: removed 0 needed 2 compiles 3
03:23:24   src/ov_SC06_029/ov_SC06_029_jr_80140608.c:func_80141874 A=DIFFERS B: removed 0 needed 1 compiles 2
03:23:24   src/ov_SC06_022/ov_SC06_022_jr_80140608.c:func_8014305C A=DIFFERS B: removed 0 needed 2 compiles 3
03:23:24   src/ov_SC06_025/ov_SC06_025_jr_80140608.c:func_80142EC0 A=DIFFERS B: removed 0 needed 2 compiles 3
03:23:24   src/ov_SC06_030/ov_SC06_030_jr_80140608.c:func_80141874 A=DIFFERS B: removed 0 needed 1 compiles 2
03:23:24   src/ov_SC06_024/ov_SC06_024_jr_80140608.c:func_8014305C A=DIFFERS B: removed 0 needed 2 compiles 3
03:23:24   src/ov_SC06_022/ov_SC06_022_jr_80140608.c:func_801431E8 A=DIFFERS B: removed 0 needed 1 compiles 2
03:23:25   src/ov_SC06_020/ov_SC06_020_jr_80140608.c:func_801431E8 A=DIFFERS B: removed 0 needed 1 compiles 2
03:23:25   src/ov_SC06_032/ov_SC06_032_jr_80140608.c:func_80141874 A=DIFFERS B: removed 0 needed 1 compiles 2
03:23:25   src/ov_SC06_018/ov_SC06_018_jr_80140608.c:<file-scope> A=DIFFERS B: removed 0 needed 1 compiles 2
03:23:25   src/ov_SC06_027/ov_SC06_027_jr_80140608.c:func_80142EC0 A=DIFFERS B: removed 0 needed 2 compiles 3
03:23:25   src/ov_SC06_024/ov_SC06_024_jr_80140608.c:func_801431E8 A=DIFFERS B: removed 0 needed 1 compiles 2
03:23:25   src/ov_SC06_033/ov_SC06_033_jr_80140608.c:func_80141874 A=DIFFERS B: removed 0 needed 1 compiles 2
03:23:25   src/ov_SC06_025/ov_SC06_025_jr_80140608.c:func_8014305C A=DIFFERS B: removed 0 needed 2 compiles 3
03:23:25   src/ov_SC06_015/ov_SC06_015_jr_80140608.c:<file-scope> A=DIFFERS B: removed 0 needed 1 compiles 2
03:23:25   src/ov_SC06_029/ov_SC06_029_jr_80140608.c:func_80142EC0 A=DIFFERS B: removed 0 needed 2 compiles 3
03:23:25   src/ov_SC06_016/ov_SC06_016_jr_80140608.c:<file-scope> A=DIFFERS B: removed 0 needed 1 compiles 2
03:23:26   src/ov_SC06_027/ov_SC06_027_jr_80140608.c:func_8014305C A=DIFFERS B: removed 0 needed 2 compiles 3
03:23:26   src/ov_SC06_030/ov_SC06_030_jr_80140608.c:func_80142EC0 A=DIFFERS B: removed 0 needed 2 compiles 3
03:23:26   src/ov_SC06_032/ov_SC06_032_jr_80140608.c:func_80142EC0 A=DIFFERS B: removed 0 needed 2 compiles 3
03:23:26   src/ov_SC06_025/ov_SC06_025_jr_80140608.c:func_801431E8 A=DIFFERS B: removed 0 needed 1 compiles 2
03:23:26   src/ov_SC06_020/ov_SC06_020_jr_80140608.c:<file-scope> A=DIFFERS B: removed 0 needed 1 compiles 2
03:23:26   src/ov_SC06_022/ov_SC06_022_jr_80140608.c:<file-scope> A=DIFFERS B: removed 0 needed 1 compiles 2
03:23:26   src/ov_SC06_024/ov_SC06_024_jr_80140608.c:<file-scope> A=DIFFERS B: removed 0 needed 1 compiles 2
03:23:26   src/ov_SC06_029/ov_SC06_029_jr_80140608.c:func_8014305C A=DIFFERS B: removed 0 needed 2 compiles 3
03:23:26   src/ov_SC07_000/ov_SC07_000_jr_80140608.c:func_80141874 A=DIFFERS B: removed 0 needed 1 compiles 2
03:23:26   src/ov_SC06_027/ov_SC06_027_jr_80140608.c:func_801431E8 A=DIFFERS B: removed 0 needed 1 compiles 2
03:23:26   src/ov_SC07_001/ov_SC07_001_jr_80140608.c:func_80141874 A=DIFFERS B: removed 0 needed 1 compiles 2
03:23:26   src/ov_SC06_033/ov_SC06_033_jr_80140608.c:func_80142EC0 A=DIFFERS B: removed 0 needed 2 compiles 3
03:23:26   src/ov_SC06_030/ov_SC06_030_jr_80140608.c:func_8014305C A=DIFFERS B: removed 0 needed 2 compiles 3
03:23:26   src/ov_SC06_032/ov_SC06_032_jr_80140608.c:func_8014305C A=DIFFERS B: removed 0 needed 2 compiles 3
03:23:27   src/ov_SC07_002/ov_SC07_002_jr_80140608.c:func_80141874 A=DIFFERS B: removed 0 needed 1 compiles 2
03:23:27   src/ov_SC06_030/ov_SC06_030_jr_80140608.c:func_801431E8 A=DIFFERS B: removed 0 needed 1 compiles 2
03:23:27   src/ov_SC07_008/ov_SC07_008_jr_80140608.c:func_80141874 A=DIFFERS B: removed 0 needed 1 compiles 2
03:23:27   src/ov_SC06_033/ov_SC06_033_jr_80140608.c:func_8014305C A=DIFFERS B: removed 0 needed 2 compiles 3
03:23:27   src/ov_SC06_029/ov_SC06_029_jr_80140608.c:func_801431E8 A=DIFFERS B: removed 0 needed 1 compiles 2
03:23:27   src/ov_SC06_025/ov_SC06_025_jr_80140608.c:<file-scope> A=DIFFERS B: removed 0 needed 1 compiles 2
03:23:27   src/ov_SC07_007/ov_SC07_007_jr_80140608.c:func_80141874 A=DIFFERS B: removed 0 needed 1 compiles 2
03:23:27   src/ov_SC07_009/ov_SC07_009_jr_80140608.c:func_80141874 A=DIFFERS B: removed 0 needed 1 compiles 2
03:23:27   src/ov_SC06_027/ov_SC06_027_jr_80140608.c:<file-scope> A=DIFFERS B: removed 0 needed 1 compiles 2
03:23:27   src/ov_SC06_032/ov_SC06_032_jr_80140608.c:func_801431E8 A=DIFFERS B: removed 0 needed 1 compiles 2
03:23:27   src/ov_SC06_033/ov_SC06_033_jr_80140608.c:func_801431E8 A=DIFFERS B: removed 0 needed 1 compiles 2
03:23:28   src/ov_SC07_001/ov_SC07_001_jr_80140608.c:func_80142EC0 A=DIFFERS B: removed 0 needed 2 compiles 3
03:23:28   src/ov_SC07_000/ov_SC07_000_jr_80140608.c:func_80142EC0 A=DIFFERS B: removed 0 needed 2 compiles 3
03:23:28   src/ov_SC07_002/ov_SC07_002_jr_80140608.c:func_80142EC0 A=DIFFERS B: removed 0 needed 2 compiles 3
03:23:28   src/ov_SC02_037/ov_SC02_037_jr_8013C98C.c:func_8013CF68 A=DIFFERS B: removed 0 needed 1 compiles 2
03:23:28   src/ov_SC07_001/ov_SC07_001_jr_80140608.c:func_8014305C A=DIFFERS B: removed 0 needed 2 compiles 3
03:23:28   src/ov_SC07_008/ov_SC07_008_jr_80140608.c:func_80142EC0 A=DIFFERS B: removed 0 needed 2 compiles 3
03:23:28   src/ov_SC07_011/ov_SC07_011_jr_80140608.c:func_80141874 A=DIFFERS B: removed 0 needed 1 compiles 2
03:23:28   src/ov_SC06_030/ov_SC06_030_jr_80140608.c:<file-scope> A=DIFFERS B: removed 0 needed 1 compiles 2
03:23:28   src/ov_SC07_000/ov_SC07_000_jr_80140608.c:func_8014305C A=DIFFERS B: removed 0 needed 2 compiles 3
03:23:28   src/ov_SC02_037/ov_SC02_037_jr_8013C98C.c:func_8013D178 A=DIFFERS B: removed 0 needed 1 compiles 2
03:23:29   src/ov_SC06_029/ov_SC06_029_jr_80140608.c:<file-scope> A=DIFFERS B: removed 0 needed 1 compiles 2
03:23:29   src/ov_SC07_009/ov_SC07_009_jr_80140608.c:func_80142EC0 A=DIFFERS B: removed 0 needed 2 compiles 3
03:23:29   src/ov_SC07_007/ov_SC07_007_jr_80140608.c:func_80142EC0 A=DIFFERS B: removed 0 needed 2 compiles 3
03:23:29   src/ov_SC06_033/ov_SC06_033_jr_80140608.c:<file-scope> A=DIFFERS B: removed 0 needed 1 compiles 2
03:23:29   src/ov_SC06_032/ov_SC06_032_jr_80140608.c:<file-scope> A=DIFFERS B: removed 0 needed 1 compiles 2
03:23:29   src/ov_SC07_001/ov_SC07_001_jr_80140608.c:func_801431E8 A=DIFFERS B: removed 0 needed 1 compiles 2
03:23:29   src/ov_SC02_037/ov_SC02_037_jr_8013C98C.c:func_8013D53C A=DIFFERS B: removed 0 needed 2 compiles 3
03:23:29   src/ov_SC07_002/ov_SC07_002_jr_80140608.c:func_8014305C A=DIFFERS B: removed 0 needed 2 compiles 3
03:23:29   src/ov_SC07_000/ov_SC07_000_jr_80140608.c:func_801431E8 A=DIFFERS B: removed 0 needed 1 compiles 2
03:23:29   src/ov_SC01_001/ov_SC01_001_jr_8013C98C.c:func_8013CF68 A=DIFFERS B: removed 0 needed 1 compiles 2
03:23:29   src/ov_SC07_008/ov_SC07_008_jr_80140608.c:func_8014305C A=DIFFERS B: removed 0 needed 2 compiles 3
03:23:29   src/ov_SC01_004/ov_SC01_004_jr_8013C98C.c:func_8013CF68 A=DIFFERS B: removed 0 needed 1 compiles 2
03:23:29   src/ov_SC07_009/ov_SC07_009_jr_80140608.c:func_8014305C A=DIFFERS B: removed 0 needed 2 compiles 3
03:23:29   src/ov_SC01_001/ov_SC01_001_jr_8013C98C.c:func_8013D178 A=DIFFERS B: removed 0 needed 1 compiles 2
03:23:29   src/ov_SC01_008/ov_SC01_008_jr_8013C98C.c:func_8013CF68 A=DIFFERS B: removed 0 needed 1 compiles 2
03:23:29   src/ov_SC07_002/ov_SC07_002_jr_80140608.c:func_801431E8 A=DIFFERS B: removed 0 needed 1 compiles 2
03:23:29   src/ov_SC07_007/ov_SC07_007_jr_80140608.c:func_8014305C A=DIFFERS B: removed 0 needed 2 compiles 3
03:23:29   src/ov_SC01_004/ov_SC01_004_jr_8013C98C.c:func_8013D178 A=DIFFERS B: removed 0 needed 1 compiles 2
03:23:30   src/ov_SC07_008/ov_SC07_008_jr_80140608.c:func_801431E8 A=DIFFERS B: removed 0 needed 1 compiles 2
03:23:30   src/ov_SC07_011/ov_SC07_011_jr_80140608.c:func_80142EC0 A=DIFFERS B: removed 0 needed 2 compiles 3
03:23:30   src/ov_SC01_008/ov_SC01_008_jr_8013C98C.c:func_8013D178 A=DIFFERS B: removed 0 needed 1 compiles 2
03:23:30   src/ov_SC02_037/ov_SC02_037_jr_8013C98C.c:func_8013E5E8 A=DIFFERS B: removed 0 needed 1 compiles 2
03:23:30   src/ov_SC01_005/ov_SC01_005_jr_8013C98C.c:func_8013CF68 A=DIFFERS B: removed 0 needed 1 compiles 2
03:23:30   src/ov_SC01_001/ov_SC01_001_jr_8013C98C.c:func_8013D53C A=DIFFERS B: removed 0 needed 2 compiles 3
03:23:30   src/ov_SC07_009/ov_SC07_009_jr_80140608.c:func_801431E8 A=DIFFERS B: removed 0 needed 1 compiles 2
03:23:30   src/ov_SC07_007/ov_SC07_007_jr_80140608.c:func_801431E8 A=DIFFERS B: removed 0 needed 1 compiles 2
03:23:30   src/ov_SC01_004/ov_SC01_004_jr_8013C98C.c:func_8013D53C A=DIFFERS B: removed 0 needed 2 compiles 3
03:23:30   src/ov_SC01_008/ov_SC01_008_jr_8013C98C.c:func_8013D53C A=DIFFERS B: removed 0 needed 2 compiles 3
03:23:30   src/ov_SC02_037/ov_SC02_037_jr_8013C98C.c:func_8013EB7C A=DIFFERS B: removed 0 needed 1 compiles 2
03:23:30   src/ov_SC07_011/ov_SC07_011_jr_80140608.c:func_8014305C A=DIFFERS B: removed 0 needed 2 compiles 3
03:23:30   src/ov_SC07_001/ov_SC07_001_jr_80140608.c:<file-scope> A=DIFFERS B: removed 0 needed 1 compiles 2
03:23:30   src/ov_SC07_000/ov_SC07_000_jr_80140608.c:<file-scope> A=DIFFERS B: removed 0 needed 1 compiles 2
03:23:30   src/ov_SC01_005/ov_SC01_005_jr_8013C98C.c:func_8013D178 A=DIFFERS B: removed 0 needed 1 compiles 2
03:23:31   src/ov_SC01_001/ov_SC01_001_jr_8013C98C.c:func_8013E5E8 A=DIFFERS B: removed 0 needed 1 compiles 2
03:23:31   src/ov_SC07_011/ov_SC07_011_jr_80140608.c:func_801431E8 A=DIFFERS B: removed 0 needed 1 compiles 2
03:23:31   src/ov_SC07_008/ov_SC07_008_jr_80140608.c:<file-scope> A=DIFFERS B: removed 0 needed 1 compiles 2
03:23:31   src/ov_SC01_009/ov_SC01_009_jr_8013C98C.c:func_8013CF68 A=DIFFERS B: removed 0 needed 1 compiles 2
03:23:31   src/ov_SC01_074/ov_SC01_074_jr_8013C98C.c:func_8013CF68 A=DIFFERS B: removed 0 needed 1 compiles 2
03:23:31   src/ov_SC01_080/ov_SC01_080_jr_8013C98C.c:func_8013CF68 A=DIFFERS B: removed 0 needed 1 compiles 2
03:23:31   src/ov_SC01_004/ov_SC01_004_jr_8013C98C.c:func_8013E5E8 A=DIFFERS B: removed 0 needed 1 compiles 2
03:23:31   src/ov_SC01_008/ov_SC01_008_jr_8013C98C.c:func_8013E5E8 A=DIFFERS B: removed 0 needed 1 compiles 2
03:23:31   src/ov_SC01_009/ov_SC01_009_jr_8013C98C.c:func_8013D178 A=DIFFERS B: removed 0 needed 1 compiles 2
03:23:31   src/ov_SC07_002/ov_SC07_002_jr_80140608.c:<file-scope> A=DIFFERS B: removed 0 needed 1 compiles 2
03:23:31   src/ov_SC01_005/ov_SC01_005_jr_8013C98C.c:func_8013D53C A=DIFFERS B: removed 0 needed 2 compiles 3
03:23:31   src/ov_SC01_001/ov_SC01_001_jr_8013C98C.c:func_8013EB7C A=DIFFERS B: removed 0 needed 1 compiles 2
03:23:31   src/ov_SC07_009/ov_SC07_009_jr_80140608.c:<file-scope> A=DIFFERS B: removed 0 needed 1 compiles 2
03:23:31   src/ov_SC07_007/ov_SC07_007_jr_80140608.c:<file-scope> A=DIFFERS B: removed 0 needed 1 compiles 2
03:23:31   src/ov_SC01_080/ov_SC01_080_jr_8013C98C.c:func_8013D178 A=DIFFERS B: removed 0 needed 1 compiles 2
03:23:31   src/ov_SC01_074/ov_SC01_074_jr_8013C98C.c:func_8013D178 A=DIFFERS B: removed 0 needed 1 compiles 2
03:23:32   src/ov_SC01_004/ov_SC01_004_jr_8013C98C.c:func_8013EB7C A=DIFFERS B: removed 0 needed 1 compiles 2
03:23:32   src/ov_SC01_009/ov_SC01_009_jr_8013C98C.c:func_8013D53C A=DIFFERS B: removed 0 needed 2 compiles 3
03:23:32   src/ov_SC02_004/ov_SC02_004_jr_8013C98C.c:func_8013CF68 A=DIFFERS B: removed 0 needed 1 compiles 2
03:23:32   src/ov_SC01_008/ov_SC01_008_jr_8013C98C.c:func_8013EB7C A=DIFFERS B: removed 0 needed 1 compiles 2
03:23:32   src/ov_SC02_011/ov_SC02_011_jr_8013C98C.c:func_8013CF68 A=DIFFERS B: removed 0 needed 1 compiles 2
03:23:32   src/ov_SC02_015/ov_SC02_015_jr_8013C98C.c:func_8013CF68 A=DIFFERS B: removed 0 needed 1 compiles 2
03:23:32   src/ov_SC07_011/ov_SC07_011_jr_80140608.c:<file-scope> A=DIFFERS B: removed 0 needed 1 compiles 2
03:23:32   src/ov_SC02_000/ov_SC02_000_jr_8013C98C.c:func_8013CF68 A=DIFFERS B: removed 0 needed 1 compiles 2
03:23:32   src/ov_SC01_074/ov_SC01_074_jr_8013C98C.c:func_8013D53C A=DIFFERS B: removed 0 needed 2 compiles 3
03:23:32   src/ov_SC01_080/ov_SC01_080_jr_8013C98C.c:func_8013D53C A=DIFFERS B: removed 0 needed 2 compiles 3
03:23:32   src/ov_SC02_004/ov_SC02_004_jr_8013C98C.c:func_8013D178 A=DIFFERS B: removed 0 needed 1 compiles 2
03:23:32   src/ov_SC02_011/ov_SC02_011_jr_8013C98C.c:func_8013D178 A=DIFFERS B: removed 0 needed 1 compiles 2
03:23:32   src/ov_SC02_017/ov_SC02_017_jr_8013C98C.c:func_8013CF68 A=DIFFERS B: removed 0 needed 1 compiles 2
03:23:32   src/ov_SC02_016/ov_SC02_016_jr_8013C98C.c:func_8013CF68 A=DIFFERS B: removed 0 needed 1 compiles 2
03:23:32   src/ov_SC02_015/ov_SC02_015_jr_8013C98C.c:func_8013D178 A=DIFFERS B: removed 0 needed 1 compiles 2
03:23:33   src/ov_SC02_017/ov_SC02_017_jr_8013C98C.c:func_8013D178 A=DIFFERS B: removed 0 needed 1 compiles 2
03:23:33   src/ov_SC02_016/ov_SC02_016_jr_8013C98C.c:func_8013D178 A=DIFFERS B: removed 0 needed 1 compiles 2
03:23:33   src/ov_SC01_009/ov_SC01_009_jr_8013C98C.c:func_8013E5E8 A=DIFFERS B: removed 0 needed 1 compiles 2
03:23:33   src/ov_SC02_000/ov_SC02_000_jr_8013C98C.c:func_8013D178 A=DIFFERS B: removed 0 needed 1 compiles 2
03:23:33   src/ov_SC02_011/ov_SC02_011_jr_8013C98C.c:func_8013D53C A=DIFFERS B: removed 0 needed 2 compiles 3
03:23:33   src/ov_SC02_026/ov_SC02_026_jr_8013C98C.c:func_8013CF68 A=DIFFERS B: removed 0 needed 1 compiles 2
03:23:33   src/ov_SC02_021/ov_SC02_021_jr_8013C98C.c:func_8013CF68 A=DIFFERS B: removed 0 needed 1 compiles 2
03:23:33   src/ov_SC02_004/ov_SC02_004_jr_8013C98C.c:func_8013D53C A=DIFFERS B: removed 0 needed 2 compiles 3
03:23:33   src/ov_SC02_015/ov_SC02_015_jr_8013C98C.c:func_8013D53C A=DIFFERS B: removed 0 needed 2 compiles 3
03:23:33   src/ov_SC01_080/ov_SC01_080_jr_8013C98C.c:func_8013E5E8 A=DIFFERS B: removed 0 needed 1 compiles 2
03:23:33   src/ov_SC01_074/ov_SC01_074_jr_8013C98C.c:func_8013E5E8 A=DIFFERS B: removed 0 needed 1 compiles 2
03:23:33   src/ov_SC01_005/ov_SC01_005_jr_8013C98C.c:func_8013E5E8 A=DIFFERS B: removed 0 needed 1 compiles 2
03:23:33   src/ov_SC02_026/ov_SC02_026_jr_8013C98C.c:func_8013D178 A=DIFFERS B: removed 0 needed 1 compiles 2
03:23:33   src/ov_SC02_021/ov_SC02_021_jr_8013C98C.c:func_8013D178 A=DIFFERS B: removed 0 needed 1 compiles 2
03:23:33   src/ov_SC02_016/ov_SC02_016_jr_8013C98C.c:func_8013D53C A=DIFFERS B: removed 0 needed 2 compiles 3
03:23:33   src/ov_SC01_009/ov_SC01_009_jr_8013C98C.c:func_8013EB7C A=DIFFERS B: removed 0 needed 1 compiles 2
03:23:33   src/ov_SC02_017/ov_SC02_017_jr_8013C98C.c:func_8013D53C A=DIFFERS B: removed 0 needed 2 compiles 3
03:23:33   src/ov_SC01_080/ov_SC01_080_jr_8013C98C.c:func_8013EB7C A=DIFFERS B: removed 0 needed 1 compiles 2
03:23:33   src/ov_SC01_074/ov_SC01_074_jr_8013C98C.c:func_8013EB7C A=DIFFERS B: removed 0 needed 1 compiles 2
03:23:34   src/ov_SC02_004/ov_SC02_004_jr_8013C98C.c:func_8013E5E8 A=DIFFERS B: removed 0 needed 1 compiles 2
03:23:34   src/ov_SC02_021/ov_SC02_021_jr_8013C98C.c:func_8013D53C A=DIFFERS B: removed 0 needed 2 compiles 3
03:23:34   src/ov_SC02_011/ov_SC02_011_jr_8013C98C.c:func_8013E5E8 A=DIFFERS B: removed 0 needed 1 compiles 2
03:23:34   src/ov_SC02_026/ov_SC02_026_jr_8013C98C.c:func_8013D53C A=DIFFERS B: removed 0 needed 2 compiles 3
03:23:34   src/ov_SC02_027/ov_SC02_027_jr_8013C98C.c:func_8013CF68 A=DIFFERS B: removed 0 needed 1 compiles 2
03:23:34   src/ov_SC02_000/ov_SC02_000_jr_8013C98C.c:func_8013D53C A=DIFFERS B: removed 0 needed 2 compiles 3
03:23:34   src/ov_SC02_015/ov_SC02_015_jr_8013C98C.c:func_8013E5E8 A=DIFFERS B: removed 0 needed 1 compiles 2
03:23:34   src/ov_SC02_031/ov_SC02_031_jr_8013C98C.c:func_8013CF68 A=DIFFERS B: removed 0 needed 1 compiles 2
03:23:34   src/ov_SC01_005/ov_SC01_005_jr_8013C98C.c:func_8013EB7C A=DIFFERS B: removed 0 needed 1 compiles 2
03:23:34   src/ov_SC02_004/ov_SC02_004_jr_8013C98C.c:func_8013EB7C A=DIFFERS B: removed 0 needed 1 compiles 2
03:23:34   src/ov_SC02_028/ov_SC02_028_jr_8013C98C.c:func_8013CF68 A=DIFFERS B: removed 0 needed 1 compiles 2
03:23:34   src/ov_SC02_016/ov_SC02_016_jr_8013C98C.c:func_8013E5E8 A=DIFFERS B: removed 0 needed 1 compiles 2
03:23:34   src/ov_SC02_017/ov_SC02_017_jr_8013C98C.c:func_8013E5E8 A=DIFFERS B: removed 0 needed 1 compiles 2
03:23:34   src/ov_SC02_027/ov_SC02_027_jr_8013C98C.c:func_8013D178 A=DIFFERS B: removed 0 needed 1 compiles 2
03:23:34   src/ov_SC02_011/ov_SC02_011_jr_8013C98C.c:func_8013EB7C A=DIFFERS B: removed 0 needed 1 compiles 2
03:23:34   src/ov_SC02_031/ov_SC02_031_jr_8013C98C.c:func_8013D178 A=DIFFERS B: removed 0 needed 1 compiles 2
03:23:35   src/ov_SC02_015/ov_SC02_015_jr_8013C98C.c:func_8013EB7C A=DIFFERS B: removed 0 needed 1 compiles 2
03:23:35   src/ov_SC02_028/ov_SC02_028_jr_8013C98C.c:func_8013D178 A=DIFFERS B: removed 0 needed 1 compiles 2
03:23:35   src/ov_SC02_026/ov_SC02_026_jr_8013C98C.c:func_8013E5E8 A=DIFFERS B: removed 0 needed 1 compiles 2
03:23:35   src/ov_SC02_035/ov_SC02_035_jr_8013C98C.c:func_8013CF68 A=DIFFERS B: removed 0 needed 1 compiles 2
03:23:35   src/ov_SC02_039/ov_SC02_039_jr_8013C98C.c:func_8013CF68 A=DIFFERS B: removed 0 needed 1 compiles 2
03:23:35   src/ov_SC02_017/ov_SC02_017_jr_8013C98C.c:func_8013EB7C A=DIFFERS B: removed 0 needed 1 compiles 2
03:23:35   src/ov_SC02_027/ov_SC02_027_jr_8013C98C.c:func_8013D53C A=DIFFERS B: removed 0 needed 2 compiles 3
03:23:35   src/ov_SC02_021/ov_SC02_021_jr_8013C98C.c:func_8013E5E8 A=DIFFERS B: removed 0 needed 1 compiles 2
03:23:35   src/ov_SC02_031/ov_SC02_031_jr_8013C98C.c:func_8013D53C A=DIFFERS B: removed 0 needed 2 compiles 3
03:23:35   src/ov_SC02_016/ov_SC02_016_jr_8013C98C.c:func_8013EB7C A=DIFFERS B: removed 0 needed 1 compiles 2
03:23:35   src/ov_SC02_035/ov_SC02_035_jr_8013C98C.c:func_8013D178 A=DIFFERS B: removed 0 needed 1 compiles 2
03:23:35   src/ov_SC02_039/ov_SC02_039_jr_8013C98C.c:func_8013D178 A=DIFFERS B: removed 0 needed 1 compiles 2
03:23:35   src/ov_SC02_041/ov_SC02_041_jr_8013C98C.c:func_8013CF68 A=DIFFERS B: removed 0 needed 1 compiles 2
03:23:35   src/ov_SC03_002/ov_SC03_002_jr_8013C98C.c:func_8013CF68 A=DIFFERS B: removed 0 needed 1 compiles 2
03:23:35   src/ov_SC02_028/ov_SC02_028_jr_8013C98C.c:func_8013D53C A=DIFFERS B: removed 0 needed 2 compiles 3
03:23:35   src/ov_SC02_026/ov_SC02_026_jr_8013C98C.c:func_8013EB7C A=DIFFERS B: removed 0 needed 1 compiles 2
03:23:35   src/ov_SC03_003/ov_SC03_003_jr_8013C98C.c:func_8013CF68 A=DIFFERS B: removed 0 needed 1 compiles 2
03:23:35   src/ov_SC02_021/ov_SC02_021_jr_8013C98C.c:func_8013EB7C A=DIFFERS B: removed 0 needed 1 compiles 2
03:23:36   src/ov_SC02_041/ov_SC02_041_jr_8013C98C.c:func_8013D178 A=DIFFERS B: removed 0 needed 1 compiles 2
03:23:36   src/ov_SC03_002/ov_SC03_002_jr_8013C98C.c:func_8013D178 A=DIFFERS B: removed 0 needed 1 compiles 2
03:23:36   src/ov_SC03_006/ov_SC03_006_jr_8013C98C.c:func_8013CF68 A=DIFFERS B: removed 0 needed 1 compiles 2
03:23:36   src/ov_SC02_035/ov_SC02_035_jr_8013C98C.c:func_8013D53C A=DIFFERS B: removed 0 needed 2 compiles 3
03:23:36   src/ov_SC02_000/ov_SC02_000_jr_8013C98C.c:func_8013E5E8 A=DIFFERS B: removed 0 needed 1 compiles 2
03:23:36   src/ov_SC03_003/ov_SC03_003_jr_8013C98C.c:func_8013D178 A=DIFFERS B: removed 0 needed 1 compiles 2
03:23:36   src/ov_SC02_027/ov_SC02_027_jr_8013C98C.c:func_8013E5E8 A=DIFFERS B: removed 0 needed 1 compiles 2
03:23:36   src/ov_SC02_039/ov_SC02_039_jr_8013C98C.c:func_8013D53C A=DIFFERS B: removed 0 needed 2 compiles 3
03:23:36   src/ov_SC02_031/ov_SC02_031_jr_8013C98C.c:func_8013E5E8 A=DIFFERS B: removed 0 needed 1 compiles 2
03:23:36   src/ov_SC03_006/ov_SC03_006_jr_8013C98C.c:func_8013D178 A=DIFFERS B: removed 0 needed 1 compiles 2
03:23:36   src/ov_SC03_010/ov_SC03_010_jr_8013C98C.c:func_8013CF68 A=DIFFERS B: removed 0 needed 1 compiles 2
03:23:36   src/ov_SC02_041/ov_SC02_041_jr_8013C98C.c:func_8013D53C A=DIFFERS B: removed 0 needed 2 compiles 3
03:23:36   src/ov_SC03_003/ov_SC03_003_jr_8013C98C.c:func_8013D53C A=DIFFERS B: removed 0 needed 2 compiles 3
03:23:36   src/ov_SC03_002/ov_SC03_002_jr_8013C98C.c:func_8013D53C A=DIFFERS B: removed 0 needed 2 compiles 3
03:23:36   src/ov_SC03_007/ov_SC03_007_jr_8013C98C.c:func_8013CF68 A=DIFFERS B: removed 0 needed 1 compiles 2
03:23:36   src/ov_SC02_027/ov_SC02_027_jr_8013C98C.c:func_8013EB7C A=DIFFERS B: removed 0 needed 1 compiles 2
03:23:36   src/ov_SC02_031/ov_SC02_031_jr_8013C98C.c:func_8013EB7C A=DIFFERS B: removed 0 needed 1 compiles 2
03:23:36   src/ov_SC03_006/ov_SC03_006_jr_8013C98C.c:func_8013D53C A=DIFFERS B: removed 0 needed 2 compiles 3
03:23:36   src/ov_SC03_010/ov_SC03_010_jr_8013C98C.c:func_8013D178 A=DIFFERS B: removed 0 needed 1 compiles 2
03:23:36   src/ov_SC02_028/ov_SC02_028_jr_8013C98C.c:func_8013E5E8 A=DIFFERS B: removed 0 needed 1 compiles 2
03:23:36   src/ov_SC03_007/ov_SC03_007_jr_8013C98C.c:func_8013D178 A=DIFFERS B: removed 0 needed 1 compiles 2
03:23:36   src/ov_SC02_035/ov_SC02_035_jr_8013C98C.c:func_8013E5E8 A=DIFFERS B: removed 0 needed 1 compiles 2
03:23:37   src/ov_SC02_039/ov_SC02_039_jr_8013C98C.c:func_8013E5E8 A=DIFFERS B: removed 0 needed 1 compiles 2
03:23:37   src/ov_SC02_000/ov_SC02_000_jr_8013C98C.c:func_8013EB7C A=DIFFERS B: removed 0 needed 1 compiles 2
03:23:37   src/ov_SC03_010/ov_SC03_010_jr_8013C98C.c:func_8013D53C A=DIFFERS B: removed 0 needed 2 compiles 3
03:23:37   src/ov_SC03_012/ov_SC03_012_jr_8013C98C.c:func_8013CF68 A=DIFFERS B: removed 0 needed 1 compiles 2
03:23:37   src/ov_SC03_011/ov_SC03_011_jr_8013C98C.c:func_8013CF68 A=DIFFERS B: removed 0 needed 1 compiles 2
03:23:37   src/ov_SC03_007/ov_SC03_007_jr_8013C98C.c:func_8013D53C A=DIFFERS B: removed 0 needed 2 compiles 3
03:23:37   src/ov_SC02_035/ov_SC02_035_jr_8013C98C.c:func_8013EB7C A=DIFFERS B: removed 0 needed 1 compiles 2
03:23:37   src/ov_SC02_028/ov_SC02_028_jr_8013C98C.c:func_8013EB7C A=DIFFERS B: removed 0 needed 1 compiles 2
03:23:37   src/ov_SC03_002/ov_SC03_002_jr_8013C98C.c:func_8013E5E8 A=DIFFERS B: removed 0 needed 1 compiles 2
03:23:37   src/ov_SC02_041/ov_SC02_041_jr_8013C98C.c:func_8013E5E8 A=DIFFERS B: removed 0 needed 1 compiles 2
03:23:37   src/ov_SC03_003/ov_SC03_003_jr_8013C98C.c:func_8013E5E8 A=DIFFERS B: removed 0 needed 1 compiles 2
03:23:37   src/ov_SC03_012/ov_SC03_012_jr_8013C98C.c:func_8013D178 A=DIFFERS B: removed 0 needed 1 compiles 2
03:23:37   src/ov_SC02_039/ov_SC02_039_jr_8013C98C.c:func_8013EB7C A=DIFFERS B: removed 0 needed 1 compiles 2
03:23:37   src/ov_SC03_011/ov_SC03_011_jr_8013C98C.c:func_8013D178 A=DIFFERS B: removed 0 needed 1 compiles 2
03:23:37   src/ov_SC03_006/ov_SC03_006_jr_8013C98C.c:func_8013E5E8 A=DIFFERS B: removed 0 needed 1 compiles 2
03:23:38   src/ov_SC03_002/ov_SC03_002_jr_8013C98C.c:func_8013EB7C A=DIFFERS B: removed 0 needed 1 compiles 2
03:23:38   src/ov_SC03_023/ov_SC03_023_jr_8013C98C.c:func_8013CF68 A=DIFFERS B: removed 0 needed 1 compiles 2
03:23:38   src/ov_SC02_041/ov_SC02_041_jr_8013C98C.c:func_8013EB7C A=DIFFERS B: removed 0 needed 1 compiles 2
03:23:38   src/ov_SC03_003/ov_SC03_003_jr_8013C98C.c:func_8013EB7C A=DIFFERS B: removed 0 needed 1 compiles 2
03:23:38   src/ov_SC03_013/ov_SC03_013_jr_8013C98C.c:func_8013CF68 A=DIFFERS B: removed 0 needed 1 compiles 2
03:23:38   src/ov_SC03_024/ov_SC03_024_jr_8013C98C.c:func_8013CF68 A=DIFFERS B: removed 0 needed 1 compiles 2
03:23:38   src/ov_SC03_010/ov_SC03_010_jr_8013C98C.c:func_8013E5E8 A=DIFFERS B: removed 0 needed 1 compiles 2
03:23:38   src/ov_SC03_011/ov_SC03_011_jr_8013C98C.c:func_8013D53C A=DIFFERS B: removed 0 needed 2 compiles 3
03:23:38   src/ov_SC03_006/ov_SC03_006_jr_8013C98C.c:func_8013EB7C A=DIFFERS B: removed 0 needed 1 compiles 2
03:23:38   src/ov_SC03_007/ov_SC03_007_jr_8013C98C.c:func_8013E5E8 A=DIFFERS B: removed 0 needed 1 compiles 2
03:23:38   src/ov_SC03_012/ov_SC03_012_jr_8013C98C.c:func_8013D53C A=DIFFERS B: removed 0 needed 2 compiles 3
03:23:38   src/ov_SC03_014/ov_SC03_014_jr_8013C98C.c:func_8013CF68 A=DIFFERS B: removed 0 needed 1 compiles 2
03:23:38   src/ov_SC03_023/ov_SC03_023_jr_8013C98C.c:func_8013D178 A=DIFFERS B: removed 0 needed 1 compiles 2
03:23:38   src/ov_SC03_028/ov_SC03_028_jr_8013C98C.c:func_8013CF68 A=DIFFERS B: removed 0 needed 1 compiles 2
03:23:38   src/ov_SC03_024/ov_SC03_024_jr_8013C98C.c:func_8013D178 A=DIFFERS B: removed 0 needed 1 compiles 2
03:23:38   src/ov_SC03_013/ov_SC03_013_jr_8013C98C.c:func_8013D178 A=DIFFERS B: removed 0 needed 1 compiles 2
03:23:39   src/ov_SC03_010/ov_SC03_010_jr_8013C98C.c:func_8013EB7C A=DIFFERS B: removed 0 needed 1 compiles 2
03:23:39   src/ov_SC03_028/ov_SC03_028_jr_8013C98C.c:func_8013D178 A=DIFFERS B: removed 0 needed 1 compiles 2
03:23:39   src/ov_SC03_023/ov_SC03_023_jr_8013C98C.c:func_8013D53C A=DIFFERS B: removed 0 needed 2 compiles 3
03:23:39   src/ov_SC03_007/ov_SC03_007_jr_8013C98C.c:func_8013EB7C A=DIFFERS B: removed 0 needed 1 compiles 2
03:23:39   src/ov_SC03_024/ov_SC03_024_jr_8013C98C.c:func_8013D53C A=DIFFERS B: removed 0 needed 2 compiles 3
03:23:39   src/ov_SC03_011/ov_SC03_011_jr_8013C98C.c:func_8013E5E8 A=DIFFERS B: removed 0 needed 1 compiles 2
03:23:39   src/ov_SC03_013/ov_SC03_013_jr_8013C98C.c:func_8013D53C A=DIFFERS B: removed 0 needed 2 compiles 3
03:23:39   src/ov_SC03_014/ov_SC03_014_jr_8013C98C.c:func_8013D178 A=DIFFERS B: removed 0 needed 1 compiles 2
03:23:39   src/ov_SC03_028/ov_SC03_028_jr_8013C98C.c:func_8013D53C A=DIFFERS B: removed 0 needed 2 compiles 3
03:23:39   src/ov_SC03_012/ov_SC03_012_jr_8013C98C.c:func_8013E5E8 A=DIFFERS B: removed 0 needed 1 compiles 2
03:23:39   src/ov_SC03_011/ov_SC03_011_jr_8013C98C.c:func_8013EB7C A=DIFFERS B: removed 0 needed 1 compiles 2
03:23:40   src/ov_SC03_023/ov_SC03_023_jr_8013C98C.c:func_8013E5E8 A=DIFFERS B: removed 0 needed 1 compiles 2
03:23:40   src/ov_SC03_013/ov_SC03_013_jr_8013C98C.c:func_8013E5E8 A=DIFFERS B: removed 0 needed 1 compiles 2
03:23:40   src/ov_SC03_024/ov_SC03_024_jr_8013C98C.c:func_8013E5E8 A=DIFFERS B: removed 0 needed 1 compiles 2
03:23:40   src/ov_SC03_012/ov_SC03_012_jr_8013C98C.c:func_8013EB7C A=DIFFERS B: removed 0 needed 1 compiles 2
03:23:40   src/ov_SC03_023/ov_SC03_023_jr_8013C98C.c:func_8013EB7C A=DIFFERS B: removed 0 needed 1 compiles 2
03:23:40   src/ov_SC03_013/ov_SC03_013_jr_8013C98C.c:func_8013EB7C A=DIFFERS B: removed 0 needed 1 compiles 2
03:23:40   src/ov_SC03_014/ov_SC03_014_jr_8013C98C.c:func_8013D53C A=DIFFERS B: removed 0 needed 2 compiles 3
03:23:40   src/ov_SC03_028/ov_SC03_028_jr_8013C98C.c:func_8013E5E8 A=DIFFERS B: removed 0 needed 1 compiles 2
03:23:40   src/ov_SC03_024/ov_SC03_024_jr_8013C98C.c:func_8013EB7C A=DIFFERS B: removed 0 needed 1 compiles 2
03:23:41   src/ov_SC01_001/ov_SC01_001_jr_8012ACE0.c:func_80133AB0 A=DIFFERS B: removed 0 needed 4 compiles 5
03:23:41   src/ov_SC01_000/ov_SC01_000_jr_8012ACE0.c:func_80133AB0 A=DIFFERS B: removed 0 needed 4 compiles 5
03:23:41   src/ov_SC03_028/ov_SC03_028_jr_8013C98C.c:func_8013EB7C A=DIFFERS B: removed 0 needed 1 compiles 2
03:23:41   src/ov_SC01_004/ov_SC01_004_jr_8012ACE0.c:func_80133AB0 A=DIFFERS B: removed 0 needed 4 compiles 5
03:23:42   src/ov_SC01_008/ov_SC01_008_jr_8012ACE0.c:func_80133AB0 A=DIFFERS B: removed 0 needed 4 compiles 5
03:23:42   src/ov_SC01_000/ov_SC01_000_jr_8012ACE0.c:func_80133CD4 A=DIFFERS B: removed 0 needed 1 compiles 2
03:23:42   src/ov_SC01_004/ov_SC01_004_jr_8012ACE0.c:func_80133CD4 A=DIFFERS B: removed 0 needed 1 compiles 2
03:23:42   src/ov_SC03_014/ov_SC03_014_jr_8013C98C.c:func_8013E5E8 A=DIFFERS B: removed 0 needed 1 compiles 2
03:23:42   src/ov_SC01_001/ov_SC01_001_jr_8012ACE0.c:func_80133CD4 A=DIFFERS B: removed 0 needed 1 compiles 2
03:23:42   src/ov_SC01_009/ov_SC01_009_jr_8012ACE0.c:func_80133AB0 A=DIFFERS B: removed 0 needed 4 compiles 5
03:23:43   src/ov_SC01_008/ov_SC01_008_jr_8012ACE0.c:func_80133CD4 A=DIFFERS B: removed 0 needed 1 compiles 2
03:23:43   src/ov_SC03_014/ov_SC03_014_jr_8013C98C.c:func_8013EB7C A=DIFFERS B: removed 0 needed 1 compiles 2
03:23:43   src/ov_SC01_074/ov_SC01_074_jr_8012ACE0.c:func_80133AB0 A=DIFFERS B: removed 0 needed 4 compiles 5
03:23:43   src/ov_SC01_080/ov_SC01_080_jr_8012ACE0.c:func_80133AB0 A=DIFFERS B: removed 0 needed 4 compiles 5
03:23:43   src/ov_SC01_009/ov_SC01_009_jr_8012ACE0.c:func_80133CD4 A=DIFFERS B: removed 0 needed 1 compiles 2
03:23:43   src/ov_SC01_084/ov_SC01_084_jr_8012ACE0.c:func_80133AB0 A=DIFFERS B: removed 0 needed 4 compiles 5
03:23:44   src/ov_SC01_000/ov_SC01_000_jr_8012ACE0.c:func_801345F8 A=DIFFERS B: removed 0 needed 3 compiles 4
03:23:44   src/ov_SC01_004/ov_SC01_004_jr_8012ACE0.c:func_801345F8 A=DIFFERS B: removed 0 needed 3 compiles 4
03:23:44   src/ov_SC02_004/ov_SC02_004_jr_8012ACE0.c:func_80133AB0 A=DIFFERS B: removed 0 needed 4 compiles 5
03:23:44   src/ov_SC01_074/ov_SC01_074_jr_8012ACE0.c:func_80133CD4 A=DIFFERS B: removed 0 needed 1 compiles 2
03:23:44   src/ov_SC01_080/ov_SC01_080_jr_8012ACE0.c:func_80133CD4 A=DIFFERS B: removed 0 needed 1 compiles 2
03:23:44   src/ov_SC01_001/ov_SC01_001_jr_8012ACE0.c:func_801345F8 A=DIFFERS B: removed 0 needed 3 compiles 4
03:23:44   src/ov_SC01_084/ov_SC01_084_jr_8012ACE0.c:func_80133CD4 A=DIFFERS B: removed 0 needed 1 compiles 2
03:23:45   src/ov_SC01_005/ov_SC01_005_jr_8012ACE0.c:func_80133AB0 A=DIFFERS B: removed 0 needed 4 compiles 5
03:23:45   src/ov_SC02_004/ov_SC02_004_jr_8012ACE0.c:func_80133CD4 A=DIFFERS B: removed 0 needed 1 compiles 2
03:23:45   src/ov_SC01_008/ov_SC01_008_jr_8012ACE0.c:func_801345F8 A=DIFFERS B: removed 0 needed 3 compiles 4
03:23:45   src/ov_SC01_000/ov_SC01_000_jr_8012ACE0.c:func_80134C20 A=DIFFERS B: removed 0 needed 2 compiles 3
03:23:45   src/ov_SC01_004/ov_SC01_004_jr_8012ACE0.c:func_80134C20 A=DIFFERS B: removed 0 needed 2 compiles 3
03:23:46   src/ov_SC01_009/ov_SC01_009_jr_8012ACE0.c:func_801345F8 A=DIFFERS B: removed 0 needed 3 compiles 4
03:23:46   src/ov_SC02_000/ov_SC02_000_jr_8012ACE0.c:func_80133AB0 A=DIFFERS B: removed 0 needed 4 compiles 5
03:23:46   src/ov_SC02_005/ov_SC02_005_jr_8012ACE0.c:func_80133AB0 A=DIFFERS B: removed 0 needed 4 compiles 5
03:23:46   src/ov_SC01_001/ov_SC01_001_jr_8012ACE0.c:func_80134C20 A=DIFFERS B: removed 0 needed 2 compiles 3
03:23:46   src/ov_SC01_074/ov_SC01_074_jr_8012ACE0.c:func_801345F8 A=DIFFERS B: removed 0 needed 3 compiles 4
03:23:46   src/ov_SC01_008/ov_SC01_008_jr_8012ACE0.c:func_80134C20 A=DIFFERS B: removed 0 needed 2 compiles 3
03:23:47   src/ov_SC01_084/ov_SC01_084_jr_8012ACE0.c:func_801345F8 A=DIFFERS B: removed 0 needed 3 compiles 4
03:23:47   src/ov_SC02_004/ov_SC02_004_jr_8012ACE0.c:func_801345F8 A=DIFFERS B: removed 0 needed 3 compiles 4
03:23:47   src/ov_SC01_080/ov_SC01_080_jr_8012ACE0.c:func_801345F8 A=DIFFERS B: removed 0 needed 3 compiles 4
03:23:47   src/ov_SC01_005/ov_SC01_005_jr_8012ACE0.c:func_80133CD4 A=DIFFERS B: removed 0 needed 1 compiles 2
03:23:47   src/ov_SC02_005/ov_SC02_005_jr_8012ACE0.c:func_80133CD4 A=DIFFERS B: removed 0 needed 1 compiles 2
03:23:47   src/ov_SC01_009/ov_SC01_009_jr_8012ACE0.c:func_80134C20 A=DIFFERS B: removed 0 needed 2 compiles 3
03:23:48   src/ov_SC02_000/ov_SC02_000_jr_8012ACE0.c:func_80133CD4 A=DIFFERS B: removed 0 needed 1 compiles 2
03:23:48   src/ov_SC01_000/ov_SC01_000_jr_8012ACE0.c:func_80135168 A=DIFFERS B: removed 0 needed 5 compiles 6
03:23:48   src/ov_SC01_084/ov_SC01_084_jr_8012ACE0.c:func_80134C20 A=DIFFERS B: removed 0 needed 2 compiles 3
03:23:48   src/ov_SC01_074/ov_SC01_074_jr_8012ACE0.c:func_80134C20 A=DIFFERS B: removed 0 needed 2 compiles 3
03:23:48   src/ov_SC01_004/ov_SC01_004_jr_8012ACE0.c:func_80135168 A=DIFFERS B: removed 0 needed 5 compiles 6
03:23:48   src/ov_SC02_004/ov_SC02_004_jr_8012ACE0.c:func_80134C20 A=DIFFERS B: removed 0 needed 2 compiles 3
03:23:49   src/ov_SC01_080/ov_SC01_080_jr_8012ACE0.c:func_80134C20 A=DIFFERS B: removed 0 needed 2 compiles 3
03:23:49   src/ov_SC01_001/ov_SC01_001_jr_8012ACE0.c:func_80135168 A=DIFFERS B: removed 0 needed 5 compiles 6
03:23:49   src/ov_SC02_005/ov_SC02_005_jr_8012ACE0.c:func_801345F8 A=DIFFERS B: removed 0 needed 3 compiles 4
03:23:49   src/ov_SC01_008/ov_SC01_008_jr_8012ACE0.c:func_80135168 A=DIFFERS B: removed 0 needed 5 compiles 6
03:23:51   src/ov_SC01_009/ov_SC01_009_jr_8012ACE0.c:func_80135168 A=DIFFERS B: removed 0 needed 5 compiles 6
03:23:51   src/ov_SC02_005/ov_SC02_005_jr_8012ACE0.c:func_80134C20 A=DIFFERS B: removed 0 needed 2 compiles 3
03:23:51   src/ov_SC01_074/ov_SC01_074_jr_8012ACE0.c:func_80135168 A=DIFFERS B: removed 0 needed 5 compiles 6
03:23:51   src/ov_SC01_005/ov_SC01_005_jr_8012ACE0.c:func_801345F8 A=DIFFERS B: removed 0 needed 3 compiles 4
03:23:51   src/ov_SC01_084/ov_SC01_084_jr_8012ACE0.c:func_80135168 A=DIFFERS B: removed 0 needed 5 compiles 6
03:23:52   src/ov_SC02_011/ov_SC02_011_jr_8012ACE0.c:func_80133AB0 A=DIFFERS B: removed 0 needed 4 compiles 5
03:23:52   src/ov_SC02_015/ov_SC02_015_jr_8012ACE0.c:func_80133AB0 A=DIFFERS B: removed 0 needed 4 compiles 5
03:23:52   src/ov_SC01_080/ov_SC01_080_jr_8012ACE0.c:func_80135168 A=DIFFERS B: removed 0 needed 5 compiles 6
03:23:52   src/ov_SC02_004/ov_SC02_004_jr_8012ACE0.c:func_80135168 A=DIFFERS B: removed 0 needed 5 compiles 6
03:23:52   src/ov_SC02_000/ov_SC02_000_jr_8012ACE0.c:func_801345F8 A=DIFFERS B: removed 0 needed 3 compiles 4
03:23:52   src/ov_SC02_016/ov_SC02_016_jr_8012ACE0.c:func_80133AB0 A=DIFFERS B: removed 0 needed 4 compiles 5
03:23:53   src/ov_SC02_017/ov_SC02_017_jr_8012ACE0.c:func_80133AB0 A=DIFFERS B: removed 0 needed 4 compiles 5
03:23:53   src/ov_SC02_015/ov_SC02_015_jr_8012ACE0.c:func_80133CD4 A=DIFFERS B: removed 0 needed 1 compiles 2
03:23:53   src/ov_SC02_011/ov_SC02_011_jr_8012ACE0.c:func_80133CD4 A=DIFFERS B: removed 0 needed 1 compiles 2
03:23:53   src/ov_SC02_016/ov_SC02_016_jr_8012ACE0.c:func_80133CD4 A=DIFFERS B: removed 0 needed 1 compiles 2
03:23:54   src/ov_SC02_017/ov_SC02_017_jr_8012ACE0.c:func_80133CD4 A=DIFFERS B: removed 0 needed 1 compiles 2
03:23:54   src/ov_SC02_021/ov_SC02_021_jr_8012ACE0.c:func_80133AB0 A=DIFFERS B: removed 0 needed 4 compiles 5
03:23:54   src/ov_SC02_005/ov_SC02_005_jr_8012ACE0.c:func_80135168 A=DIFFERS B: removed 0 needed 5 compiles 6
03:23:55   src/ov_SC01_005/ov_SC01_005_jr_8012ACE0.c:func_80134C20 A=DIFFERS B: removed 0 needed 2 compiles 3
03:23:55   src/ov_SC02_026/ov_SC02_026_jr_8012ACE0.c:func_80133AB0 A=DIFFERS B: removed 0 needed 4 compiles 5
03:23:55   src/ov_SC02_021/ov_SC02_021_jr_8012ACE0.c:func_80133CD4 A=DIFFERS B: removed 0 needed 1 compiles 2
03:23:55   src/ov_SC02_027/ov_SC02_027_jr_8012ACE0.c:func_80133AB0 A=DIFFERS B: removed 0 needed 4 compiles 5
03:23:55   src/ov_SC02_015/ov_SC02_015_jr_8012ACE0.c:func_801345F8 A=DIFFERS B: removed 0 needed 3 compiles 4
03:23:55   src/ov_SC02_028/ov_SC02_028_jr_8012ACE0.c:func_80133AB0 A=DIFFERS B: removed 0 needed 4 compiles 5
03:23:55   src/ov_SC02_011/ov_SC02_011_jr_8012ACE0.c:func_801345F8 A=DIFFERS B: removed 0 needed 3 compiles 4
03:23:56   src/ov_SC02_016/ov_SC02_016_jr_8012ACE0.c:func_801345F8 A=DIFFERS B: removed 0 needed 3 compiles 4
03:23:56   src/ov_SC02_026/ov_SC02_026_jr_8012ACE0.c:func_80133CD4 A=DIFFERS B: removed 0 needed 1 compiles 2
03:23:56   src/ov_SC02_031/ov_SC02_031_jr_8012ACE0.c:func_80133AB0 A=DIFFERS B: removed 0 needed 4 compiles 5
03:23:56   src/ov_SC02_017/ov_SC02_017_jr_8012ACE0.c:func_801345F8 A=DIFFERS B: removed 0 needed 3 compiles 4
03:23:56   src/ov_SC02_000/ov_SC02_000_jr_8012ACE0.c:func_80134C20 A=DIFFERS B: removed 0 needed 2 compiles 3
03:23:56   src/ov_SC02_027/ov_SC02_027_jr_8012ACE0.c:func_80133CD4 A=DIFFERS B: removed 0 needed 1 compiles 2
03:23:56   src/ov_SC02_028/ov_SC02_028_jr_8012ACE0.c:func_80133CD4 A=DIFFERS B: removed 0 needed 1 compiles 2
03:23:57   src/ov_SC02_015/ov_SC02_015_jr_8012ACE0.c:func_80134C20 A=DIFFERS B: removed 0 needed 2 compiles 3
03:23:57   src/ov_SC02_031/ov_SC02_031_jr_8012ACE0.c:func_80133CD4 A=DIFFERS B: removed 0 needed 1 compiles 2
03:23:57   src/ov_SC02_035/ov_SC02_035_jr_8012ACE0.c:func_80133AB0 A=DIFFERS B: removed 0 needed 4 compiles 5
03:23:57   src/ov_SC02_021/ov_SC02_021_jr_8012ACE0.c:func_801345F8 A=DIFFERS B: removed 0 needed 3 compiles 4
03:23:57   src/ov_SC02_017/ov_SC02_017_jr_8012ACE0.c:func_80134C20 A=DIFFERS B: removed 0 needed 2 compiles 3
03:23:57   src/ov_SC02_011/ov_SC02_011_jr_8012ACE0.c:func_80134C20 A=DIFFERS B: removed 0 needed 2 compiles 3
03:23:57   src/ov_SC02_016/ov_SC02_016_jr_8012ACE0.c:func_80134C20 A=DIFFERS B: removed 0 needed 2 compiles 3
03:23:58   src/ov_SC02_026/ov_SC02_026_jr_8012ACE0.c:func_801345F8 A=DIFFERS B: removed 0 needed 3 compiles 4
03:23:58   src/ov_SC02_035/ov_SC02_035_jr_8012ACE0.c:func_80133CD4 A=DIFFERS B: removed 0 needed 1 compiles 2
03:23:58   src/ov_SC02_027/ov_SC02_027_jr_8012ACE0.c:func_801345F8 A=DIFFERS B: removed 0 needed 3 compiles 4
03:23:58   src/ov_SC02_028/ov_SC02_028_jr_8012ACE0.c:func_801345F8 A=DIFFERS B: removed 0 needed 3 compiles 4
03:23:59   src/ov_SC02_021/ov_SC02_021_jr_8012ACE0.c:func_80134C20 A=DIFFERS B: removed 0 needed 2 compiles 3
03:23:59   src/ov_SC02_031/ov_SC02_031_jr_8012ACE0.c:func_801345F8 A=DIFFERS B: removed 0 needed 3 compiles 4
03:23:59   src/ov_SC02_026/ov_SC02_026_jr_8012ACE0.c:func_80134C20 A=DIFFERS B: removed 0 needed 2 compiles 3
03:24:00   src/ov_SC02_015/ov_SC02_015_jr_8012ACE0.c:func_80135168 A=DIFFERS B: removed 0 needed 5 compiles 6
03:24:00   src/ov_SC02_027/ov_SC02_027_jr_8012ACE0.c:func_80134C20 A=DIFFERS B: removed 0 needed 2 compiles 3
03:24:00   src/ov_SC02_028/ov_SC02_028_jr_8012ACE0.c:func_80134C20 A=DIFFERS B: removed 0 needed 2 compiles 3
03:24:00   src/ov_SC02_031/ov_SC02_031_jr_8012ACE0.c:func_80134C20 A=DIFFERS B: removed 0 needed 2 compiles 3
03:24:00   src/ov_SC02_035/ov_SC02_035_jr_8012ACE0.c:func_801345F8 A=DIFFERS B: removed 0 needed 3 compiles 4
03:24:00   src/ov_SC02_017/ov_SC02_017_jr_8012ACE0.c:func_80135168 A=DIFFERS B: removed 0 needed 5 compiles 6
03:24:01   src/ov_SC02_011/ov_SC02_011_jr_8012ACE0.c:func_80135168 A=DIFFERS B: removed 0 needed 5 compiles 6
03:24:01   src/ov_SC01_005/ov_SC01_005_jr_8012ACE0.c:func_80135168 A=DIFFERS B: removed 0 needed 5 compiles 6
03:24:01   src/ov_SC02_016/ov_SC02_016_jr_8012ACE0.c:func_80135168 A=DIFFERS B: removed 0 needed 5 compiles 6
03:24:02   src/ov_SC02_035/ov_SC02_035_jr_8012ACE0.c:func_80134C20 A=DIFFERS B: removed 0 needed 2 compiles 3
03:24:02   src/ov_SC02_021/ov_SC02_021_jr_8012ACE0.c:func_80135168 A=DIFFERS B: removed 0 needed 5 compiles 6
03:24:03   src/ov_SC02_000/ov_SC02_000_jr_8012ACE0.c:func_80135168 A=DIFFERS B: removed 0 needed 5 compiles 6
03:24:03   src/ov_SC02_026/ov_SC02_026_jr_8012ACE0.c:func_80135168 A=DIFFERS B: removed 0 needed 5 compiles 6
03:24:03   src/ov_SC02_039/ov_SC02_039_jr_8012ACE0.c:func_80133AB0 A=DIFFERS B: removed 0 needed 4 compiles 5
03:24:04   src/ov_SC02_031/ov_SC02_031_jr_8012ACE0.c:func_80135168 A=DIFFERS B: removed 0 needed 5 compiles 6
03:24:04   src/ov_SC02_027/ov_SC02_027_jr_8012ACE0.c:func_80135168 A=DIFFERS B: removed 0 needed 5 compiles 6
03:24:04   src/ov_SC02_028/ov_SC02_028_jr_8012ACE0.c:func_80135168 A=DIFFERS B: removed 0 needed 5 compiles 6
03:24:04   src/ov_SC02_041/ov_SC02_041_jr_8012ACE0.c:func_80133AB0 A=DIFFERS B: removed 0 needed 4 compiles 5
03:24:05   src/ov_SC03_001/ov_SC03_001_jr_8012ACE0.c:func_80133AB0 A=DIFFERS B: removed 0 needed 4 compiles 5
03:24:05   src/ov_SC02_039/ov_SC02_039_jr_8012ACE0.c:func_80133CD4 A=DIFFERS B: removed 0 needed 1 compiles 2
03:24:05   src/ov_SC03_002/ov_SC03_002_jr_8012ACE0.c:func_80133AB0 A=DIFFERS B: removed 0 needed 4 compiles 5
03:24:05   src/ov_SC02_035/ov_SC02_035_jr_8012ACE0.c:func_80135168 A=DIFFERS B: removed 0 needed 5 compiles 6
03:24:05   src/ov_SC02_041/ov_SC02_041_jr_8012ACE0.c:func_80133CD4 A=DIFFERS B: removed 0 needed 1 compiles 2
03:24:06   src/ov_SC03_003/ov_SC03_003_jr_8012ACE0.c:func_80133AB0 A=DIFFERS B: removed 0 needed 4 compiles 5
03:24:06   src/ov_SC03_001/ov_SC03_001_jr_8012ACE0.c:func_80133CD4 A=DIFFERS B: removed 0 needed 1 compiles 2
03:24:06   src/ov_SC03_002/ov_SC03_002_jr_8012ACE0.c:func_80133CD4 A=DIFFERS B: removed 0 needed 1 compiles 2
03:24:06   src/ov_SC03_006/ov_SC03_006_jr_8012ACE0.c:func_80133AB0 A=DIFFERS B: removed 0 needed 4 compiles 5
03:24:07   src/ov_SC03_003/ov_SC03_003_jr_8012ACE0.c:func_80133CD4 A=DIFFERS B: removed 0 needed 1 compiles 2
03:24:07   src/ov_SC03_007/ov_SC03_007_jr_8012ACE0.c:func_80133AB0 A=DIFFERS B: removed 0 needed 4 compiles 5
03:24:07   src/ov_SC02_039/ov_SC02_039_jr_8012ACE0.c:func_801345F8 A=DIFFERS B: removed 0 needed 3 compiles 4
03:24:07   src/ov_SC03_010/ov_SC03_010_jr_8012ACE0.c:func_80133AB0 A=DIFFERS B: removed 0 needed 4 compiles 5
03:24:07   src/ov_SC03_012/ov_SC03_012_jr_8012ACE0.c:func_80133AB0 A=DIFFERS B: removed 0 needed 4 compiles 5
03:24:07   src/ov_SC03_011/ov_SC03_011_jr_8012ACE0.c:func_80133AB0 A=DIFFERS B: removed 0 needed 4 compiles 5
03:24:08   src/ov_SC02_041/ov_SC02_041_jr_8012ACE0.c:func_801345F8 A=DIFFERS B: removed 0 needed 3 compiles 4
03:24:08   src/ov_SC03_006/ov_SC03_006_jr_8012ACE0.c:func_80133CD4 A=DIFFERS B: removed 0 needed 1 compiles 2
03:24:08   src/ov_SC03_013/ov_SC03_013_jr_8012ACE0.c:func_80133AB0 A=DIFFERS B: removed 0 needed 4 compiles 5
03:24:08   src/ov_SC03_001/ov_SC03_001_jr_8012ACE0.c:func_801345F8 A=DIFFERS B: removed 0 needed 3 compiles 4
03:24:08   src/ov_SC03_007/ov_SC03_007_jr_8012ACE0.c:func_80133CD4 A=DIFFERS B: removed 0 needed 1 compiles 2
03:24:08   src/ov_SC03_002/ov_SC03_002_jr_8012ACE0.c:func_801345F8 A=DIFFERS B: removed 0 needed 3 compiles 4
03:24:08   src/ov_SC03_010/ov_SC03_010_jr_8012ACE0.c:func_80133CD4 A=DIFFERS B: removed 0 needed 1 compiles 2
03:24:08   src/ov_SC03_012/ov_SC03_012_jr_8012ACE0.c:func_80133CD4 A=DIFFERS B: removed 0 needed 1 compiles 2
03:24:09   src/ov_SC03_011/ov_SC03_011_jr_8012ACE0.c:func_80133CD4 A=DIFFERS B: removed 0 needed 1 compiles 2
03:24:09   src/ov_SC02_039/ov_SC02_039_jr_8012ACE0.c:func_80134C20 A=DIFFERS B: removed 0 needed 2 compiles 3
03:24:09   src/ov_SC03_013/ov_SC03_013_jr_8012ACE0.c:func_80133CD4 A=DIFFERS B: removed 0 needed 1 compiles 2
03:24:09   src/ov_SC03_003/ov_SC03_003_jr_8012ACE0.c:func_801345F8 A=DIFFERS B: removed 0 needed 3 compiles 4
03:24:09   src/ov_SC02_041/ov_SC02_041_jr_8012ACE0.c:func_80134C20 A=DIFFERS B: removed 0 needed 2 compiles 3
03:24:09   src/ov_SC03_001/ov_SC03_001_jr_8012ACE0.c:func_80134C20 A=DIFFERS B: removed 0 needed 2 compiles 3
03:24:09   src/ov_SC03_002/ov_SC03_002_jr_8012ACE0.c:func_80134C20 A=DIFFERS B: removed 0 needed 2 compiles 3
03:24:10   src/ov_SC03_006/ov_SC03_006_jr_8012ACE0.c:func_801345F8 A=DIFFERS B: removed 0 needed 3 compiles 4
03:24:10   src/ov_SC03_010/ov_SC03_010_jr_8012ACE0.c:func_801345F8 A=DIFFERS B: removed 0 needed 3 compiles 4
03:24:10   src/ov_SC03_012/ov_SC03_012_jr_8012ACE0.c:func_801345F8 A=DIFFERS B: removed 0 needed 3 compiles 4
03:24:11   src/ov_SC03_007/ov_SC03_007_jr_8012ACE0.c:func_801345F8 A=DIFFERS B: removed 0 needed 3 compiles 4
03:24:11   src/ov_SC03_003/ov_SC03_003_jr_8012ACE0.c:func_80134C20 A=DIFFERS B: removed 0 needed 2 compiles 3
03:24:11   src/ov_SC03_013/ov_SC03_013_jr_8012ACE0.c:func_801345F8 A=DIFFERS B: removed 0 needed 3 compiles 4
03:24:11   src/ov_SC03_011/ov_SC03_011_jr_8012ACE0.c:func_801345F8 A=DIFFERS B: removed 0 needed 3 compiles 4
03:24:11   src/ov_SC03_006/ov_SC03_006_jr_8012ACE0.c:func_80134C20 A=DIFFERS B: removed 0 needed 2 compiles 3
03:24:12   src/ov_SC03_014/ov_SC03_014_jr_8012ACE0.c:func_80133AB0 A=DIFFERS B: removed 0 needed 4 compiles 5
03:24:12   src/ov_SC03_010/ov_SC03_010_jr_8012ACE0.c:func_80134C20 A=DIFFERS B: removed 0 needed 2 compiles 3
03:24:12   src/ov_SC03_012/ov_SC03_012_jr_8012ACE0.c:func_80134C20 A=DIFFERS B: removed 0 needed 2 compiles 3
03:24:12   src/ov_SC02_039/ov_SC02_039_jr_8012ACE0.c:func_80135168 A=DIFFERS B: removed 0 needed 5 compiles 6
03:24:12   src/ov_SC03_007/ov_SC03_007_jr_8012ACE0.c:func_80134C20 A=DIFFERS B: removed 0 needed 2 compiles 3
03:24:13   src/ov_SC02_041/ov_SC02_041_jr_8012ACE0.c:func_80135168 A=DIFFERS B: removed 0 needed 5 compiles 6
03:24:13   src/ov_SC03_001/ov_SC03_001_jr_8012ACE0.c:func_80135168 A=DIFFERS B: removed 0 needed 5 compiles 6
03:24:13   src/ov_SC03_002/ov_SC03_002_jr_8012ACE0.c:func_80135168 A=DIFFERS B: removed 0 needed 5 compiles 6
03:24:13   src/ov_SC03_013/ov_SC03_013_jr_8012ACE0.c:func_80134C20 A=DIFFERS B: removed 0 needed 2 compiles 3
03:24:13   src/ov_SC03_011/ov_SC03_011_jr_8012ACE0.c:func_80134C20 A=DIFFERS B: removed 0 needed 2 compiles 3
03:24:14   src/ov_SC03_014/ov_SC03_014_jr_8012ACE0.c:func_80133CD4 A=DIFFERS B: removed 0 needed 1 compiles 2
03:24:14   src/ov_SC03_003/ov_SC03_003_jr_8012ACE0.c:func_80135168 A=DIFFERS B: removed 0 needed 5 compiles 6
03:24:15   src/ov_SC03_006/ov_SC03_006_jr_8012ACE0.c:func_80135168 A=DIFFERS B: removed 0 needed 5 compiles 6
03:24:15   src/ov_SC03_012/ov_SC03_012_jr_8012ACE0.c:func_80135168 A=DIFFERS B: removed 0 needed 5 compiles 6
03:24:15   src/ov_SC03_010/ov_SC03_010_jr_8012ACE0.c:func_80135168 A=DIFFERS B: removed 0 needed 5 compiles 6
03:24:15   src/ov_SC03_007/ov_SC03_007_jr_8012ACE0.c:func_80135168 A=DIFFERS B: removed 0 needed 5 compiles 6
03:24:16   src/ov_SC03_023/ov_SC03_023_jr_8012ACE0.c:func_80133AB0 A=DIFFERS B: removed 0 needed 4 compiles 5
03:24:16   src/ov_SC03_024/ov_SC03_024_jr_8012ACE0.c:func_80133AB0 A=DIFFERS B: removed 0 needed 4 compiles 5
03:24:16   src/ov_SC03_013/ov_SC03_013_jr_8012ACE0.c:func_80135168 A=DIFFERS B: removed 0 needed 5 compiles 6
03:24:16   src/ov_SC04_008/ov_SC04_008_jr_80140608.c:func_801431E8 A=DIFFERS B: removed 0 needed 1 compiles 2
03:24:16   src/ov_SC03_028/ov_SC03_028_jr_8012ACE0.c:func_80133AB0 A=DIFFERS B: removed 0 needed 4 compiles 5
03:24:16   src/ov_SC03_029/ov_SC03_029_jr_8012ACE0.c:func_80133AB0 A=DIFFERS B: removed 0 needed 4 compiles 5
03:24:16   src/ov_SC05_009/ov_SC05_009_jr_80140608.c:func_801431E8 A=DIFFERS B: removed 0 needed 1 compiles 2
03:24:17   src/ov_SC04_008/ov_SC04_008_jr_80140608.c:<file-scope> A=DIFFERS B: removed 0 needed 1 compiles 2
03:24:17   src/ov_SC03_023/ov_SC03_023_jr_8012ACE0.c:func_80133CD4 A=DIFFERS B: removed 0 needed 1 compiles 2
03:24:17   src/ov_SC03_024/ov_SC03_024_jr_8012ACE0.c:func_80133CD4 A=DIFFERS B: removed 0 needed 1 compiles 2
03:24:17   src/ov_SC03_011/ov_SC03_011_jr_8012ACE0.c:func_80135168 A=DIFFERS B: removed 0 needed 5 compiles 6
03:24:17   src/ov_SC05_009/ov_SC05_009_jr_80140608.c:<file-scope> A=DIFFERS B: removed 0 needed 1 compiles 2
03:24:17   src/ov_SC03_029/ov_SC03_029_jr_8012ACE0.c:func_80133CD4 A=DIFFERS B: removed 0 needed 1 compiles 2
03:24:17   src/ov_SC03_028/ov_SC03_028_jr_8012ACE0.c:func_80133CD4 A=DIFFERS B: removed 0 needed 1 compiles 2
03:24:17   src/ov_SC04_021/ov_SC04_021_jr_80140608.c:<file-scope> A=DIFFERS B: removed 0 needed 1 compiles 2
03:24:17   src/ov_SC03_126/ov_SC03_126_jr_80140608.c:<file-scope> A=DIFFERS B: removed 0 needed 1 compiles 2
03:24:17   src/ov_MAIN_012/ov_MAIN_012_jr_80131340.c:func_80133AB0 A=DIFFERS B: removed 0 needed 4 compiles 5
03:24:17   src/ov_SC02_037/ov_SC02_037_jr_80131340.c:func_80133AB0 A=DIFFERS B: removed 0 needed 4 compiles 5
03:24:18   src/ov_SC01_077/ov_SC01_077_jr_8012ACE0.c:func_80133AB0 A=DIFFERS B: removed 0 needed 4 compiles 5
03:24:18   src/ov_SC05_019/ov_SC05_019_jr_80140608.c:<file-scope> A=DIFFERS B: removed 0 needed 1 compiles 2
03:24:18   src/ov_SC03_014/ov_SC03_014_jr_8012ACE0.c:func_801345F8 A=DIFFERS B: removed 0 needed 3 compiles 4
03:24:18   src/ov_SC01_000/ov_SC01_000_jr_80135A4C.c:func_80135A4C A=DIFFERS B: removed 0 needed 3 compiles 4
03:24:18   src/ov_SC01_004/ov_SC01_004_jr_80135A4C.c:func_80135A4C A=DIFFERS B: removed 0 needed 3 compiles 4
03:24:18   src/ov_MAIN_012/ov_MAIN_012_jr_80135A4C.c:func_80135A4C A=DIFFERS B: removed 0 needed 3 compiles 4
03:24:18   src/ov_SC01_001/ov_SC01_001_jr_80135A4C.c:func_80135A4C A=DIFFERS B: removed 0 needed 3 compiles 4
03:24:19   src/ov_SC02_037/ov_SC02_037_jr_80131340.c:func_801345F8 A=DIFFERS B: removed 0 needed 3 compiles 4
03:24:19   src/ov_MAIN_012/ov_MAIN_012_jr_80131340.c:func_801345F8 A=DIFFERS B: removed 0 needed 3 compiles 4
03:24:19   src/ov_SC01_077/ov_SC01_077_jr_8012ACE0.c:func_80133CD4 A=DIFFERS B: removed 0 needed 1 compiles 2
03:24:19   src/ov_SC01_074/ov_SC01_074_jr_80135A4C.c:func_80135A4C A=DIFFERS B: removed 0 needed 3 compiles 4
03:24:19   src/ov_SC01_009/ov_SC01_009_jr_80135A4C.c:func_80135A4C A=DIFFERS B: removed 0 needed 3 compiles 4
03:24:19   src/ov_SC03_024/ov_SC03_024_jr_8012ACE0.c:func_801345F8 A=DIFFERS B: removed 0 needed 3 compiles 4
03:24:19   src/ov_SC03_023/ov_SC03_023_jr_8012ACE0.c:func_801345F8 A=DIFFERS B: removed 0 needed 3 compiles 4
03:24:19   src/ov_SC01_008/ov_SC01_008_jr_80135A4C.c:func_80135A4C A=DIFFERS B: removed 0 needed 3 compiles 4
03:24:19   src/ov_SC01_077/ov_SC01_077_jr_80135A4C.c:func_80135A4C A=DIFFERS B: removed 0 needed 3 compiles 4
03:24:19   src/ov_SC01_005/ov_SC01_005_jr_80135A4C.c:func_80135A4C A=DIFFERS B: removed 0 needed 3 compiles 4
03:24:20   src/ov_SC01_080/ov_SC01_080_jr_80135A4C.c:func_80135A4C A=DIFFERS B: removed 0 needed 3 compiles 4
03:24:20   src/ov_SC03_029/ov_SC03_029_jr_8012ACE0.c:func_801345F8 A=DIFFERS B: removed 0 needed 3 compiles 4
03:24:20   src/ov_SC01_084/ov_SC01_084_jr_80135A4C.c:func_80135A4C A=DIFFERS B: removed 0 needed 3 compiles 4
03:24:20   src/ov_SC02_004/ov_SC02_004_jr_80135A4C.c:func_80135A4C A=DIFFERS B: removed 0 needed 3 compiles 4
03:24:20   src/ov_SC03_028/ov_SC03_028_jr_8012ACE0.c:func_801345F8 A=DIFFERS B: removed 0 needed 3 compiles 4
03:24:20   src/ov_SC02_005/ov_SC02_005_jr_80135A4C.c:func_80135A4C A=DIFFERS B: removed 0 needed 3 compiles 4
03:24:20   src/ov_SC02_000/ov_SC02_000_jr_80135A4C.c:func_80135A4C A=DIFFERS B: removed 0 needed 3 compiles 4
03:24:20   src/ov_SC02_011/ov_SC02_011_jr_80135A4C.c:func_80135A4C A=DIFFERS B: removed 0 needed 3 compiles 4
03:24:20   src/ov_SC02_015/ov_SC02_015_jr_80135A4C.c:func_80135A4C A=DIFFERS B: removed 0 needed 3 compiles 4
03:24:20   src/ov_SC02_017/ov_SC02_017_jr_80135A4C.c:func_80135A4C A=DIFFERS B: removed 0 needed 3 compiles 4
03:24:20   src/ov_SC02_016/ov_SC02_016_jr_80135A4C.c:func_80135A4C A=DIFFERS B: removed 0 needed 3 compiles 4
03:24:21   src/ov_SC02_021/ov_SC02_021_jr_80135A4C.c:func_80135A4C A=DIFFERS B: removed 0 needed 3 compiles 4
03:24:21   src/ov_SC02_028/ov_SC02_028_jr_80135A4C.c:func_80135A4C A=DIFFERS B: removed 0 needed 3 compiles 4
03:24:21   src/ov_SC03_023/ov_SC03_023_jr_8012ACE0.c:func_80134C20 A=DIFFERS B: removed 0 needed 2 compiles 3
03:24:21   src/ov_SC02_027/ov_SC02_027_jr_80135A4C.c:func_80135A4C A=DIFFERS B: removed 0 needed 3 compiles 4
03:24:21   src/ov_SC02_026/ov_SC02_026_jr_80135A4C.c:func_80135A4C A=DIFFERS B: removed 0 needed 3 compiles 4
03:24:21   src/ov_SC02_035/ov_SC02_035_jr_80135A4C.c:func_80135A4C A=DIFFERS B: removed 0 needed 3 compiles 4
03:24:21   src/ov_SC02_031/ov_SC02_031_jr_80135A4C.c:func_80135A4C A=DIFFERS B: removed 0 needed 3 compiles 4
03:24:21   src/ov_SC03_024/ov_SC03_024_jr_8012ACE0.c:func_80134C20 A=DIFFERS B: removed 0 needed 2 compiles 3
03:24:21   src/ov_SC01_077/ov_SC01_077_jr_8012ACE0.c:func_801345F8 A=DIFFERS B: removed 0 needed 3 compiles 4
03:24:21   src/ov_SC02_037/ov_SC02_037_jr_80135A4C.c:func_80135A4C A=DIFFERS B: removed 0 needed 3 compiles 4
03:24:21   src/ov_SC02_039/ov_SC02_039_jr_80135A4C.c:func_80135A4C A=DIFFERS B: removed 0 needed 3 compiles 4
03:24:21   src/ov_SC03_014/ov_SC03_014_jr_8012ACE0.c:func_80134C20 A=DIFFERS B: removed 0 needed 2 compiles 3
03:24:21   src/ov_SC03_028/ov_SC03_028_jr_8012ACE0.c:func_80134C20 A=DIFFERS B: removed 0 needed 2 compiles 3
03:24:21   src/ov_SC02_041/ov_SC02_041_jr_80135A4C.c:func_80135A4C A=DIFFERS B: removed 0 needed 3 compiles 4
03:24:21   src/ov_SC03_003/ov_SC03_003_jr_80135A4C.c:func_80135A4C A=DIFFERS B: removed 0 needed 3 compiles 4
03:24:21   src/ov_SC03_002/ov_SC03_002_jr_80135A4C.c:func_80135A4C A=DIFFERS B: removed 0 needed 3 compiles 4
03:24:22   src/ov_SC03_001/ov_SC03_001_jr_80135A4C.c:func_80135A4C A=DIFFERS B: removed 0 needed 3 compiles 4
03:24:22   src/ov_SC03_029/ov_SC03_029_jr_8012ACE0.c:func_80134C20 A=DIFFERS B: removed 0 needed 2 compiles 3
03:24:22   src/ov_SC03_006/ov_SC03_006_jr_80135A4C.c:func_80135A4C A=DIFFERS B: removed 0 needed 3 compiles 4
03:24:22   src/ov_SC03_007/ov_SC03_007_jr_80135A4C.c:func_80135A4C A=DIFFERS B: removed 0 needed 3 compiles 4
03:24:22   src/ov_SC03_010/ov_SC03_010_jr_80135A4C.c:func_80135A4C A=DIFFERS B: removed 0 needed 3 compiles 4
03:24:22   src/ov_SC03_011/ov_SC03_011_jr_80135A4C.c:func_80135A4C A=DIFFERS B: removed 0 needed 3 compiles 4
03:24:22   src/ov_SC03_012/ov_SC03_012_jr_80135A4C.c:func_80135A4C A=DIFFERS B: removed 0 needed 3 compiles 4
03:24:22   src/ov_SC03_013/ov_SC03_013_jr_80135A4C.c:func_80135A4C A=DIFFERS B: removed 0 needed 3 compiles 4
03:24:22   src/ov_SC03_023/ov_SC03_023_jr_80135A4C.c:func_80135A4C A=DIFFERS B: removed 0 needed 3 compiles 4
03:24:23   src/ov_SC03_024/ov_SC03_024_jr_80135A4C.c:func_80135A4C A=DIFFERS B: removed 0 needed 3 compiles 4
03:24:23   src/ov_SC03_028/ov_SC03_028_jr_80135A4C.c:func_80135A4C A=DIFFERS B: removed 0 needed 3 compiles 4
03:24:23   src/ov_SC03_014/ov_SC03_014_jr_80135A4C.c:func_80135A4C A=DIFFERS B: removed 0 needed 3 compiles 4
03:24:23   src/ov_SC01_077/ov_SC01_077_jr_8012ACE0.c:func_80134C20 A=DIFFERS B: removed 0 needed 2 compiles 3
03:24:24   src/ov_SC03_023/ov_SC03_023_jr_8012ACE0.c:func_80135168 A=DIFFERS B: removed 0 needed 5 compiles 6
03:24:24   src/ov_SC03_028/ov_SC03_028_jr_8012ACE0.c:func_80135168 A=DIFFERS B: removed 0 needed 5 compiles 6
03:24:24   src/ov_SC03_024/ov_SC03_024_jr_8012ACE0.c:func_80135168 A=DIFFERS B: removed 0 needed 5 compiles 6
03:24:25   src/ov_SC03_029/ov_SC03_029_jr_8012ACE0.c:func_80135168 A=DIFFERS B: removed 0 needed 5 compiles 6
03:24:27   src/ov_SC03_014/ov_SC03_014_jr_8012ACE0.c:func_80135168 A=DIFFERS B: removed 0 needed 5 compiles 6
03:24:28 delever: batch tus2 — 300 files (TUs; 2483 drawable) · 2752 bodies: 495 lever-free, 2257 residue, 0 refused · sites removed 3505 / needed 5262 / refused 0 / deferred 0 · replays 1350 (0 disagreed) · compiles 5616 in 251 s wall · final 300/300 identical · written 297 files
tus2 wall=255.86 s
exit=0
