  CC      build/src/ov_SC04_018/ov_SC04_018_jr_80178D40.o
  CC      build/src/ov_SC04_018/ov_SC04_018_jr_8013FFD8.o
  CC      build/src/ov_SC04_018/ov_SC04_018_jr_80154C24.o
  CC      build/src/ov_SC04_018/ov_SC04_018_jr_8018CC40.o
  CC      build/src/ov_SC04_018/ov_SC04_018_jr_8017AE2C.o
  CC      build/src/ov_SC04_018/ov_SC04_018_jr_8015444C.o
  CC      build/src/ov_SC04_018/ov_SC04_018_jr_80140608.o
  CC      build/src/ov_SC04_018/ov_SC04_018_jr_8015A3C8.o
  CC      build/src/ov_SC04_018/ov_SC04_018_jr_801734BC.o
  CC      build/src/ov_SC04_018/ov_SC04_018_jr_8015AE2C.o
  CC      build/src/ov_SC04_018/ov_SC04_018_jr_80183E6C.o
  CC      build/src/ov_SC04_018/ov_SC04_018_jr_801588CC.o
  CC      build/src/ov_SC04_018/ov_SC04_018_jr_80135D20.o
  CC      build/src/ov_SC04_018/ov_SC04_018_jr_8017A4AC.o
  CC      build/src/ov_SC04_018/ov_SC04_018_jr_80171B4C.o
  CC      build/src/ov_SC04_018/ov_SC04_018_jr_80135888.o
src/ov_SC04_018/ov_SC04_018_jr_8013FFD8.c:1054: warning: type mismatch with previous external decl
src/ov_SC04_018/ov_SC04_018_jr_8013FFD8.c:918: warning: previous external decl of `D_8018E2C8'
src/ov_SC04_018/ov_SC04_018_jr_8013FFD8.c: In function `func_8014032C':
src/ov_SC04_018/ov_SC04_018_jr_8013FFD8.c:1073: warning: type mismatch with previous external decl
src/ov_SC04_018/ov_SC04_018_jr_8013FFD8.c:919: warning: previous external decl of `D_8018E2D4'
src/ov_SC04_018/ov_SC04_018_jr_8013FFD8.c:1078: warning: type mismatch with previous external decl
src/ov_SC04_018/ov_SC04_018_jr_8013FFD8.c:932: warning: previous external decl of `D_801E5B5C'
src/ov_SC04_018/ov_SC04_018_jr_8013FFD8.c:1160: warning: return makes integer from pointer without a cast
src/ov_SC04_018/ov_SC04_018_jr_8018CC40.c:1522: warning: conflicting types for built-in function `memcpy'
src/ov_SC04_018/ov_SC04_018_jr_80178D40.c:1530: warning: conflicting types for built-in function `memcpy'
src/ov_SC04_018/ov_SC04_018_jr_8018CC40.c: In function `func_8018CC40':
src/ov_SC04_018/ov_SC04_018_jr_8018CC40.c:3272: warning: passing arg 2 of `func_80178CBC' makes integer from pointer without a cast
src/ov_SC04_018/ov_SC04_018_jr_8018CC40.c:3275: warning: passing arg 2 of `func_80178CBC' makes integer from pointer without a cast
src/ov_SC04_018/ov_SC04_018_jr_8018CC40.c:3280: warning: passing arg 1 makes integer from pointer without a cast
src/ov_SC04_018/ov_SC04_018_jr_8018CC40.c:3281: warning: passing arg 1 makes integer from pointer without a cast
src/ov_SC04_018/ov_SC04_018_jr_8018CC40.c:3287: warning: passing arg 1 makes integer from pointer without a cast
src/ov_SC04_018/ov_SC04_018_jr_8018CC40.c:3291: warning: passing arg 1 makes integer from pointer without a cast
src/ov_SC04_018/ov_SC04_018_jr_8018CC40.c:3301: warning: passing arg 1 makes integer from pointer without a cast
src/ov_SC04_018/ov_SC04_018_jr_8018CC40.c:3302: warning: passing arg 1 makes integer from pointer without a cast
src/ov_SC04_018/ov_SC04_018_jr_80140608.c: In function `func_80140D68':
src/ov_SC04_018/ov_SC04_018_jr_80140608.c:1253: warning: type mismatch with previous external decl
src/ov_SC04_018/ov_SC04_018_jr_80140608.c:1114: warning: previous external decl of `D_800AE7BC'
src/ov_SC04_018/ov_SC04_018_jr_80178D40.c: In function `func_80178D40':
src/ov_SC04_018/ov_SC04_018_jr_80178D40.c:2732: warning: passing arg 1 makes integer from pointer without a cast
src/ov_SC04_018/ov_SC04_018_jr_80178D40.c:3139: warning: passing arg 1 makes integer from pointer without a cast
src/ov_SC04_018/../shared/ov/func_801412A8.h: In function `aF801412A8':
In file included from src/ov_SC04_018/ov_SC04_018_jr_80140608.c:1434:
src/ov_SC04_018/../shared/ov/func_801412A8.h:5: warning: type mismatch with previous external decl
src/ov_SC04_018/ov_SC04_018_jr_80140608.c:1114: warning: previous external decl of `D_800AE7BC'
src/ov_SC04_018/ov_SC04_018_jr_80183E6C.c:1522: warning: conflicting types for built-in function `memcpy'
src/ov_SC04_018/ov_SC04_018_jr_80135D20.c:578: warning: conflicting types for built-in function `memcpy'
src/ov_SC04_018/ov_SC04_018_jr_80135888.c:578: warning: conflicting types for built-in function `memcpy'
src/ov_SC04_018/ov_SC04_018_jr_80171B4C.c:1532: warning: conflicting types for built-in function `memcpy'
src/ov_SC04_018/ov_SC04_018_jr_80135888.c: In function `func_80135888':
src/ov_SC04_018/ov_SC04_018_jr_80135888.c:680: warning: passing arg 1 of `func_80135EB0' makes pointer from integer without a cast
src/ov_SC04_018/ov_SC04_018_jr_80135888.c:687: warning: passing arg 1 of `func_80135EB0' makes pointer from integer without a cast
src/ov_SC04_018/ov_SC04_018_jr_801734BC.c:1533: warning: conflicting types for built-in function `memcpy'
src/ov_SC04_018/../shared/ov/func_80158AE4.h: In function `func_80158AE4':
In file included from src/ov_SC04_018/ov_SC04_018_jr_801588CC.c:1159:
src/ov_SC04_018/../shared/ov/func_80158AE4.h:20: warning: passing arg 1 makes integer from pointer without a cast
src/ov_SC04_018/../shared/ov/func_80158AE4.h:21: warning: passing arg 1 makes integer from pointer without a cast
src/ov_SC04_018/../shared/ov/func_80158AE4.h:22: warning: passing arg 1 of `func_80165A20' makes integer from pointer without a cast
src/ov_SC04_018/../shared/ov/func_80158AE4.h:23: warning: passing arg 1 of `func_80165A78' makes integer from pointer without a cast
src/ov_SC04_018/../shared/ov/func_80158AE4.h:26: warning: passing arg 1 of `func_8014B160' makes integer from pointer without a cast
src/ov_SC04_018/ov_SC04_018_jr_801588CC.c: In function `func_80158BB0':
src/ov_SC04_018/ov_SC04_018_jr_801588CC.c:1178: warning: passing arg 2 of `func_80154274' makes integer from pointer without a cast
src/ov_SC04_018/ov_SC04_018_jr_801588CC.c:1179: warning: passing arg 1 of `func_80154A74' makes integer from pointer without a cast
src/ov_SC04_018/../shared/ov/func_8015ADB0.h: In function `func_8015ADB0':
In file included from src/ov_SC04_018/ov_SC04_018_jr_8015A3C8.c:1470:
src/ov_SC04_018/../shared/ov/func_8015ADB0.h:12: warning: passing arg 1 of `func_80161124' makes pointer from integer without a cast
src/ov_SC04_018/ov_SC04_018_jr_8017AE2C.c:1528: warning: conflicting types for built-in function `memcpy'
src/ov_SC04_018/ov_SC04_018_jr_8017A4AC.c:1530: warning: conflicting types for built-in function `memcpy'
src/ov_SC04_018/ov_SC04_018_jr_80183E6C.c: In function `func_80184298':
src/ov_SC04_018/ov_SC04_018_jr_80183E6C.c:3214: warning: passing arg 2 makes integer from pointer without a cast
src/ov_SC04_018/ov_SC04_018_jr_801734BC.c:2344: warning: type mismatch with previous external decl
src/ov_SC04_018/ov_SC04_018_jr_801734BC.c:2321: warning: previous external decl of `func_80173544'
src/ov_SC04_018/ov_SC04_018_jr_80183E6C.c: At top level:
src/ov_SC04_018/ov_SC04_018_jr_80183E6C.c:3240: warning: prototype for `func_80183FA8' follows
src/ov_SC04_018/ov_SC04_018_jr_80183E6C.c:3076: warning: non-prototype definition here
src/ov_SC04_018/../shared/ov/func_80171CC4.h: In function `func_80171CC4':
In file included from src/ov_SC04_018/ov_SC04_018_jr_80171B4C.c:2267:
src/ov_SC04_018/../shared/ov/func_80171CC4.h:9: warning: passing arg 1 of `func_80171D78' makes integer from pointer without a cast
src/ov_SC04_018/../shared/ov/func_80171CC4.h:9: warning: passing arg 2 of `func_80171D78' makes integer from pointer without a cast
src/ov_SC04_018/../shared/ov/func_80173A60.h: In function `func_80173A60':
In file included from src/ov_SC04_018/ov_SC04_018_jr_801734BC.c:2415:
src/ov_SC04_018/../shared/ov/func_80173A60.h:24: warning: passing arg 2 of `__builtin_memcpy' makes pointer from integer without a cast
src/ov_SC04_018/../shared/ov/func_80179D30.h: At top level:
In file included from src/ov_SC04_018/ov_SC04_018_jr_80178D40.c:3371:
src/ov_SC04_018/../shared/ov/func_80179D30.h:4: warning: type mismatch with previous external decl
src/ov_SC04_018/ov_SC04_018_jr_80178D40.c:2642: warning: previous external decl of `func_80179D30'
In file included from src/ov_SC04_018/ov_SC04_018_jr_80178D40.c:3373:
src/ov_SC04_018/../shared/ov/func_80179D78.h:4: warning: type mismatch with previous external decl
src/ov_SC04_018/ov_SC04_018_jr_80178D40.c:2643: warning: previous external decl of `func_80179D78'
src/ov_SC04_018/../shared/ov/func_80173BC0.h: In function `func_80173BC0':
In file included from src/ov_SC04_018/ov_SC04_018_jr_801734BC.c:2428:
src/ov_SC04_018/../shared/ov/func_80173BC0.h:20: warning: passing arg 1 of `func_80171A34' from incompatible pointer type
In file included from src/ov_SC04_018/ov_SC04_018_jr_80154C24.c:1259:
src/ov_SC04_018/../shared/ov/func_801565C0.h:4: warning: type mismatch with previous external decl
src/ov_SC04_018/ov_SC04_018_jr_80154C24.c:1205: warning: previous external decl of `func_801565C0'
In file included from src/ov_SC04_018/ov_SC04_018_jr_80178D40.c:3375:
src/ov_SC04_018/../shared/ov/func_80179DCC.h:4: warning: type mismatch with previous external decl
src/ov_SC04_018/ov_SC04_018_jr_80178D40.c:2645: warning: previous external decl of `func_80179DCC'
src/ov_SC04_018/../shared/ov/func_80156600.h: In function `func_80156600':
In file included from src/ov_SC04_018/ov_SC04_018_jr_80154C24.c:1295:
src/ov_SC04_018/../shared/ov/func_80156600.h:11: warning: return makes integer from pointer without a cast
src/ov_SC04_018/../shared/ov/func_80156600.h:16: warning: return makes integer from pointer without a cast
In file included from src/ov_SC04_018/ov_SC04_018_jr_80178D40.c:3379:
src/ov_SC04_018/../shared/ov/func_80179E1C.h:4: warning: type mismatch with previous external decl
src/ov_SC04_018/ov_SC04_018_jr_80178D40.c:2647: warning: previous external decl of `func_80179E1C'
src/ov_SC04_018/../shared/ov/func_80156670.h: At top level:
In file included from src/ov_SC04_018/ov_SC04_018_jr_80154C24.c:1300:
src/ov_SC04_018/../shared/ov/func_80156670.h:6: warning: type mismatch with previous external decl
src/ov_SC04_018/ov_SC04_018_jr_80154C24.c:1201: warning: previous external decl of `func_80156670'
In file included from src/ov_SC04_018/ov_SC04_018_jr_80178D40.c:3381:
src/ov_SC04_018/../shared/ov/func_80179E48.h:4: warning: type mismatch with previous external decl
src/ov_SC04_018/ov_SC04_018_jr_80178D40.c:2648: warning: previous external decl of `func_80179E48'
In file included from src/ov_SC04_018/ov_SC04_018_jr_80178D40.c:3383:
src/ov_SC04_018/../shared/ov/func_80179E74.h:4: warning: type mismatch with previous external decl
src/ov_SC04_018/ov_SC04_018_jr_80178D40.c:2649: warning: previous external decl of `func_80179E74'
In file included from src/ov_SC04_018/ov_SC04_018_jr_80178D40.c:3385:
src/ov_SC04_018/../shared/ov/func_80179EA0.h:4: warning: type mismatch with previous external decl
src/ov_SC04_018/ov_SC04_018_jr_80178D40.c:2644: warning: previous external decl of `func_80179EA0'
In file included from src/ov_SC04_018/ov_SC04_018_jr_80178D40.c:3387:
src/ov_SC04_018/../shared/ov/func_80179EE8.h:4: warning: type mismatch with previous external decl
src/ov_SC04_018/ov_SC04_018_jr_80178D40.c:2650: warning: previous external decl of `func_80179EE8'
In file included from src/ov_SC04_018/ov_SC04_018_jr_80178D40.c:3389:
src/ov_SC04_018/../shared/ov/func_80179F14.h:4: warning: type mismatch with previous external decl
src/ov_SC04_018/ov_SC04_018_jr_80178D40.c:2651: warning: previous external decl of `func_80179F14'
In file included from src/ov_SC04_018/ov_SC04_018_jr_80178D40.c:3393:
src/ov_SC04_018/../shared/ov/func_80179F6C.h:4: warning: type mismatch with previous external decl
src/ov_SC04_018/ov_SC04_018_jr_80178D40.c:2653: warning: previous external decl of `func_80179F6C'
In file included from src/ov_SC04_018/ov_SC04_018_jr_80178D40.c:3395:
src/ov_SC04_018/../shared/ov/func_80179F98.h:4: warning: type mismatch with previous external decl
src/ov_SC04_018/ov_SC04_018_jr_80178D40.c:2654: warning: previous external decl of `func_80179F98'
In file included from src/ov_SC04_018/ov_SC04_018_jr_80178D40.c:3397:
src/ov_SC04_018/../shared/ov/func_80179FEC.h:4: warning: type mismatch with previous external decl
src/ov_SC04_018/ov_SC04_018_jr_80178D40.c:2655: warning: previous external decl of `func_80179FEC'
In file included from src/ov_SC04_018/ov_SC04_018_jr_80154C24.c:1305:
src/ov_SC04_018/../shared/ov/func_80156848.h:8: warning: type mismatch with previous external decl
src/ov_SC04_018/ov_SC04_018_jr_80154C24.c:1203: warning: previous external decl of `func_80156848'
In file included from src/ov_SC04_018/ov_SC04_018_jr_80178D40.c:3399:
src/ov_SC04_018/../shared/ov/func_8017A040.h:4: warning: type mismatch with previous external decl
src/ov_SC04_018/ov_SC04_018_jr_80178D40.c:2656: warning: previous external decl of `func_8017A040'
src/ov_SC04_018/ov_SC04_018_jr_80183E6C.c:3344: warning: parameter names (without types) in function declaration
src/ov_SC04_018/ov_SC04_018_jr_8017AE2C.c: In function `func_8017B368':
src/ov_SC04_018/ov_SC04_018_jr_8017AE2C.c:2815: warning: type mismatch with previous external decl
src/ov_SC04_018/ov_SC04_018_jr_8017AE2C.c:2766: warning: previous external decl of `D_80190B54'
src/ov_SC04_018/../shared/ov/func_8017248C.h: In function `func_8017248C':
In file included from src/ov_SC04_018/ov_SC04_018_jr_80171B4C.c:2297:
src/ov_SC04_018/../shared/ov/func_8017248C.h:6: warning: passing arg 1 makes pointer from integer without a cast
src/ov_SC04_018/../shared/ov/func_8017248C.h:6: warning: passing arg 2 makes pointer from integer without a cast
src/ov_SC04_018/ov_SC04_018_jr_80178D40.c:3474: warning: type mismatch with previous external decl
src/ov_SC04_018/ov_SC04_018_jr_80178D40.c:2676: warning: previous external decl of `func_8017A3B0'
src/ov_SC04_018/ov_SC04_018_jr_8017AE2C.c: In function `func_8017B490':
src/ov_SC04_018/ov_SC04_018_jr_8017AE2C.c:2851: warning: type mismatch with previous external decl
src/ov_SC04_018/ov_SC04_018_jr_8017AE2C.c:2766: warning: previous external decl of `D_80190B54'
src/ov_SC04_018/ov_SC04_018_jr_80178D40.c:3498: warning: type mismatch with previous external decl
src/ov_SC04_018/ov_SC04_018_jr_80178D40.c:2677: warning: previous external decl of `func_8017A3D8'
src/ov_SC04_018/ov_SC04_018_jr_80135D20.c: In function `func_80136A94':
src/ov_SC04_018/ov_SC04_018_jr_80135D20.c:1208: warning: type mismatch with previous external decl
src/ov_SC04_018/ov_SC04_018_jr_80135D20.c:774: warning: previous external decl of `D_80126722'
src/ov_SC04_018/../shared/ov/func_8017250C.h: In function `func_8017250C':
In file included from src/ov_SC04_018/ov_SC04_018_jr_80171B4C.c:2301:
src/ov_SC04_018/../shared/ov/func_8017250C.h:5: warning: passing arg 1 of `func_80172560' from incompatible pointer type
src/ov_SC04_018/../shared/ov/func_8017250C.h:5: warning: passing arg 2 of `func_80172560' from incompatible pointer type
src/ov_SC04_018/../shared/ov/func_801743F0.h: In function `func_801743F0':
In file included from src/ov_SC04_018/ov_SC04_018_jr_801734BC.c:2478:
src/ov_SC04_018/../shared/ov/func_801743F0.h:8: warning: passing arg 1 of `func_80172658' from incompatible pointer type
src/ov_SC04_018/../shared/ov/func_801726D0.h: In function `func_801726D0':
In file included from src/ov_SC04_018/ov_SC04_018_jr_80171B4C.c:2347:
src/ov_SC04_018/../shared/ov/func_801726D0.h:10: warning: assignment from incompatible pointer type
src/ov_SC04_018/ov_SC04_018_jr_8017AE2C.c: At top level:
src/ov_SC04_018/ov_SC04_018_jr_8017AE2C.c:3131: warning: type mismatch with previous external decl
src/ov_SC04_018/ov_SC04_018_jr_8017AE2C.c:2811: warning: previous external decl of `D_801E6CCC'
src/ov_SC04_018/ov_SC04_018_jr_8017AE2C.c:3132: warning: type mismatch with previous external decl
src/ov_SC04_018/ov_SC04_018_jr_8017AE2C.c:2812: warning: previous external decl of `D_801E6CD4'
In file included from src/ov_SC04_018/ov_SC04_018_jr_80154C24.c:1329:
src/ov_SC04_018/../shared/ov/func_80156ECC.h:3: warning: type mismatch with previous external decl
src/ov_SC04_018/../shared/ov/func_80156B74.h:11: warning: previous external decl of `func_80156ECC'
src/ov_SC04_018/../shared/ov/func_80156ECC.h: In function `func_80156ECC':
src/ov_SC04_018/../shared/ov/func_80156ECC.h:8: warning: passing arg 1 of `func_80156FA8' makes pointer from integer without a cast
src/ov_SC04_018/../shared/ov/func_80156ECC.h:8: warning: passing arg 2 of `func_80156FA8' makes pointer from integer without a cast
src/ov_SC04_018/../shared/ov/func_80156ECC.h:8: warning: passing arg 3 of `func_80156FA8' makes pointer from integer without a cast
src/ov_SC04_018/../shared/ov/func_80159B08.h: In function `func_80159B08':
In file included from src/ov_SC04_018/ov_SC04_018_jr_801588CC.c:1584:
src/ov_SC04_018/../shared/ov/func_80159B08.h:7: warning: passing arg 1 of `func_80159BE4' makes integer from pointer without a cast
src/ov_SC04_018/../shared/ov/func_801372B0.h: At top level:
In file included from src/ov_SC04_018/ov_SC04_018_jr_80135D20.c:1288:
src/ov_SC04_018/../shared/ov/func_801372B0.h:3: warning: type mismatch with previous external decl
src/ov_SC04_018/ov_SC04_018_jr_80135D20.c:1206: warning: previous external decl of `ApplyMatrixSV'
src/ov_SC04_018/ov_SC04_018_jr_8017AE2C.c:3315: warning: type mismatch with previous external decl
src/ov_SC04_018/ov_SC04_018_jr_8017AE2C.c:2765: warning: previous external decl of `func_8017BE60'
src/ov_SC04_018/../shared/ov/func_80142838.h: In function `func_80142838':
In file included from src/ov_SC04_018/ov_SC04_018_jr_80140608.c:1768:
src/ov_SC04_018/../shared/ov/func_80142838.h:15: warning: passing arg 1 of `func_8012C0EC' makes integer from pointer without a cast
src/ov_SC04_018/../shared/ov/func_801571C4.h: At top level:
In file included from src/ov_SC04_018/ov_SC04_018_jr_80154C24.c:1337:
src/ov_SC04_018/../shared/ov/func_801571C4.h:11: warning: type mismatch with previous external decl
src/ov_SC04_018/../shared/ov/func_80157158.h:6: warning: previous external decl of `func_801571C4'
src/ov_SC04_018/../shared/ov/func_801571C4.h:11: warning: type mismatch with previous implicit declaration
src/ov_SC04_018/../shared/ov/func_80157158.h:6: warning: previous implicit declaration of `func_801571C4'
src/ov_SC04_018/../shared/ov/func_801571C4.h:11: warning: `func_801571C4' was previously implicitly declared to return `int'
src/ov_SC04_018/../shared/ov/func_801571C4.h: In function `func_801571C4':
src/ov_SC04_018/../shared/ov/func_801571C4.h:42: warning: passing arg 3 of `func_80135260' makes pointer from integer without a cast
src/ov_SC04_018/../shared/ov/func_801571C4.h:42: warning: passing arg 4 of `func_80135260' makes pointer from integer without a cast
src/ov_SC04_018/../shared/ov/func_80172D14.h: In function `func_80172D14':
In file included from src/ov_SC04_018/ov_SC04_018_jr_80171B4C.c:2438:
src/ov_SC04_018/../shared/ov/func_80172D14.h:9: warning: passing arg 1 of `func_80171AB0' makes integer from pointer without a cast
src/ov_SC04_018/../shared/ov/func_80172D14.h:11: warning: passing arg 1 of `func_80174650' makes integer from pointer without a cast
src/ov_SC04_018/ov_SC04_018_jr_8017AE2C.c: In function `func_8017C1AC':
src/ov_SC04_018/ov_SC04_018_jr_8017AE2C.c:3481: warning: passing arg 2 of `RotMatrixYXZ' makes pointer from integer without a cast
src/ov_SC04_018/../shared/ov/func_80172E20.h: In function `func_80172E20':
In file included from src/ov_SC04_018/ov_SC04_018_jr_80171B4C.c:2455:
src/ov_SC04_018/../shared/ov/func_80172E20.h:14: warning: passing arg 1 of `func_80171AB0' makes integer from pointer without a cast
src/ov_SC04_018/../shared/ov/func_80172E20.h:16: warning: passing arg 1 of `func_80174650' makes integer from pointer without a cast
src/ov_SC04_018/../shared/ov/func_8015BF48.h: In function `func_8015BF48':
In file included from src/ov_SC04_018/ov_SC04_018_jr_8015AE2C.c:1794:
src/ov_SC04_018/../shared/ov/func_8015BF48.h:7: warning: passing arg 1 of `func_8015C0C4' makes integer from pointer without a cast
src/ov_SC04_018/ov_SC04_018_jr_8015AE2C.c: In function `func_8015C128':
src/ov_SC04_018/ov_SC04_018_jr_8015AE2C.c:1831: warning: type mismatch with previous external decl
src/ov_SC04_018/ov_SC04_018_jr_8015AE2C.c:1246: warning: previous external decl of `D_8018F8B0'
src/ov_SC04_018/../shared/ov/func_8015773C.h: In function `func_8015773C':
In file included from src/ov_SC04_018/ov_SC04_018_jr_80154C24.c:1359:
src/ov_SC04_018/../shared/ov/func_8015773C.h:11: warning: passing arg 1 of `func_801553A8' from incompatible pointer type
src/ov_SC04_018/ov_SC04_018_jr_80154C24.c: In function `func_801577C8':
src/ov_SC04_018/ov_SC04_018_jr_80154C24.c:1382: src/ov_SC04_018/../shared/ov/func_80142F68.h: warning: In function `func_80142F68':
passing arg 1 of `func_80147078' makes pointer from integer without a castIn file included
 from src/ov_SC04_018/ov_SC04_018_jr_80140608.c:1981:
src/ov_SC04_018/../shared/ov/func_80142F68.h:15: warning: passing arg 1 of `func_8012C0EC' makes integer from pointer without a cast
src/ov_SC04_018/ov_SC04_018_jr_80154C24.c: At top level:
src/ov_SC04_018/ov_SC04_018_jr_80154C24.c:1397: warning: type mismatch with previous external decl
src/ov_SC04_018/ov_SC04_018_jr_80154C24.c:1383: warning: previous external decl of `func_80157808'
src/ov_SC04_018/ov_SC04_018_jr_80154C24.c:1397: warning: type mismatch with previous implicit declaration
src/ov_SC04_018/ov_SC04_018_jr_80154C24.c:1383: warning: previous implicit declaration of `func_80157808'
src/ov_SC04_018/ov_SC04_018_jr_80154C24.c:1397: warning: `func_80157808' was previously implicitly declared to return `int'
src/ov_SC04_018/../shared/ov/func_8017303C.h: In function `func_8017303C':
In file included from src/ov_SC04_018/ov_SC04_018_jr_80171B4C.c:2473:
src/ov_SC04_018/../shared/ov/func_8017303C.h:9: warning: assignment makes integer from pointer without a cast
src/ov_SC04_018/../shared/ov/func_801730FC.h: In function `func_801730FC':
In file included from src/ov_SC04_018/ov_SC04_018_jr_80171B4C.c:2486:
src/ov_SC04_018/../shared/ov/func_801730FC.h:12: warning: passing arg 1 of `func_80147060' from incompatible pointer type
src/ov_SC04_018/../shared/ov/func_801730FC.h:13: warning: passing arg 1 of `func_80154150' makes integer from pointer without a cast
src/ov_SC04_018/ov_SC04_018_jr_80171B4C.c: In function `func_80173220':
src/ov_SC04_018/ov_SC04_018_jr_80171B4C.c:2518: warning: passing arg 1 of `func_80174650' makes integer from pointer without a cast
src/ov_SC04_018/../shared/ov/func_801430F4.h: In function `func_801430F4':
In file included from src/ov_SC04_018/ov_SC04_018_jr_80140608.c:2024:
src/ov_SC04_018/../shared/ov/func_801430F4.h:15: warning: passing arg 1 of `func_8012C0EC' makes integer from pointer without a cast
src/ov_SC04_018/../shared/ov/func_801432FC.h: In function `func_801432FC':
In file included from src/ov_SC04_018/ov_SC04_018_jr_80140608.c:2079:
src/ov_SC04_018/../shared/ov/func_801432FC.h:15: warning: passing arg 1 of `func_8012C044' makes integer from pointer without a cast
src/ov_SC04_018/ov_SC04_018_jr_801734BC.c: In function `func_80175218':
src/ov_SC04_018/ov_SC04_018_jr_801734BC.c:2679: warning: passing arg 1 makes integer from pointer without a cast
src/ov_SC04_018/ov_SC04_018_jr_801734BC.c:2680: warning: passing arg 1 makes integer from pointer without a cast
src/ov_SC04_018/../shared/ov/func_801433F0.h: In function `func_801433F0':
In file included from src/ov_SC04_018/ov_SC04_018_jr_80140608.c:2083:
src/ov_SC04_018/../shared/ov/func_801433F0.h:12: warning: passing arg 1 of `func_80128ED8' makes integer from pointer without a cast
src/ov_SC04_018/../shared/ov/func_801433F0.h:12: warning: passing arg 2 of `func_80128ED8' from incompatible pointer type
  CC      build/src/ov_SC04_018/ov_SC04_018_jr_80185D70.o
src/ov_SC04_018/../shared/ov/func_8014350C.h: In function `func_8014350C':
In file included from src/ov_SC04_018/ov_SC04_018_jr_80140608.c:2122:
src/ov_SC04_018/../shared/ov/func_8014350C.h:13: warning: passing arg 1 of `func_80128ED8' makes integer from pointer without a cast
src/ov_SC04_018/ov_SC04_018_jr_80154C24.c: In function `func_80158038':
src/ov_SC04_018/ov_SC04_018_jr_80154C24.c:1610: warning: passing arg 1 of `func_80154A74' makes integer from pointer without a cast
src/ov_SC04_018/ov_SC04_018_jr_80154C24.c:1613: warning: passing arg 2 of `func_80146994' makes integer from pointer without a cast
  CC      build/src/ov_SC04_018/ov_SC04_018_jr_801380E0.o
  CC      build/src/ov_SC04_018/ov_SC04_018_jr_8012ACE0.o
  CC      build/src/ov_SC04_018/ov_SC04_018_jr_80186570.o
src/ov_SC04_018/../shared/ov/func_801758FC.h: In function `func_801758FC':
In file included from src/ov_SC04_018/ov_SC04_018_jr_801734BC.c:2792:
src/ov_SC04_018/../shared/ov/func_801758FC.h:6: warning: type mismatch with previous external decl
src/ov_SC04_018/../shared/ov/func_80175820.h:6: warning: previous external decl of `D_800AE7BC'
src/ov_SC04_018/../shared/ov/func_801758FC.h:7: warning: type mismatch with previous external decl
src/ov_SC04_018/../shared/ov/func_80175820.h:7: warning: previous external decl of `D_800AF634'
src/ov_SC04_018/../shared/ov/func_801759D8.h: In function `func_801759D8':
In file included from src/ov_SC04_018/ov_SC04_018_jr_801734BC.c:2799:
src/ov_SC04_018/../shared/ov/func_801759D8.h:7: warning: type mismatch with previous external decl
src/ov_SC04_018/../shared/ov/func_80175820.h:6: warning: previous external decl of `D_800AE7BC'
src/ov_SC04_018/../shared/ov/func_801759D8.h:8: warning: type mismatch with previous external decl
src/ov_SC04_018/../shared/ov/func_80175820.h:7: warning: previous external decl of `D_800AF634'
  CC      build/src/ov_SC04_018/ov_SC04_018.o
src/ov_SC04_018/ov_SC04_018_jr_801734BC.c: In function `func_80175AB8':
src/ov_SC04_018/ov_SC04_018_jr_801734BC.c:2807: warning: type mismatch with previous external decl
src/ov_SC04_018/../shared/ov/func_80175820.h:7: warning: previous external decl of `D_800AF634'
src/ov_SC04_018/ov_SC04_018_jr_80140608.c: In function `func_801442F8':
src/ov_SC04_018/ov_SC04_018_jr_80140608.c:2369: warning: passing arg 1 of `func_8012C218' makes pointer from integer without a cast
src/ov_SC04_018/ov_SC04_018_jr_801734BC.c: In function `func_80175DA8':
src/ov_SC04_018/ov_SC04_018_jr_801734BC.c:2905: warning: type mismatch with previous external decl
src/ov_SC04_018/../shared/ov/func_80175820.h:7: warning: previous external decl of `D_800AF634'
src/ov_SC04_018/ov_SC04_018_jr_80140608.c: In function `func_80144458':
src/ov_SC04_018/ov_SC04_018_jr_80140608.c:2434: warning: passing arg 1 of `func_8012AD80' makes integer from pointer without a cast
src/ov_SC04_018/ov_SC04_018_jr_80140608.c:2440: warning: passing arg 1 of `func_80128ED8' makes integer from pointer without a cast
src/ov_SC04_018/../shared/ov/func_8014462C.h: In function `func_8014462C':
In file included from src/ov_SC04_018/ov_SC04_018_jr_80140608.c:2449:
src/ov_SC04_018/../shared/ov/func_8014462C.h:13: warning: passing arg 1 of `func_80128ED8' makes integer from pointer without a cast
src/ov_SC04_018/../shared/ov/func_8014462C.h:13: warning: passing arg 2 of `func_80128ED8' from incompatible pointer type
src/ov_SC04_018/ov_SC04_018_jr_801734BC.c: In function `func_80176218':
src/ov_SC04_018/ov_SC04_018_jr_801734BC.c:3253: warning: passing arg 1 of `func_80177DA8' makes pointer from integer without a cast
  CC      build/src/ov_SC04_018/ov_SC04_018_after.o
  CC      build/src/ov_SC04_018/ov_SC04_018_jr_801789AC.o
  CC      build/src/ov_SC04_018/ov_SC04_018_jr_80188E1C.o
src/ov_SC04_018/ov_SC04_018_jr_80185D70.c:1522: warning: conflicting types for built-in function `memcpy'
  CC      build/src/ov_SC04_018/ov_SC04_018_jr_8016AB6C.o
src/ov_SC04_018/ov_SC04_018_jr_80186570.c:1522: warning: conflicting types for built-in function `memcpy'
src/ov_SC04_018/../shared/ov/func_801387B8.h: In function `func_801387B8':
In file included from src/ov_SC04_018/ov_SC04_018_jr_801380E0.c:1020:
src/ov_SC04_018/../shared/ov/func_801387B8.h:5: warning: type mismatch with previous external decl
src/ov_SC04_018/ov_SC04_018_jr_801380E0.c:719: warning: previous external decl of `func_80139220'
src/ov_SC04_018/../shared/ov/func_801387B8.h:29: warning: passing arg 1 of `func_80138DE0' makes pointer from integer without a cast
src/ov_SC04_018/ov_SC04_018_jr_8017AE2C.c: In function `func_8017EC10':
src/ov_SC04_018/ov_SC04_018_jr_8017AE2C.c:5072: warning: passing arg 1 of `func_8012BEE8' makes integer from pointer without a cast
src/ov_SC04_018/ov_SC04_018_jr_8017AE2C.c:5075: warning: passing arg 1 of `func_8012B2CC' makes integer from pointer without a cast
src/ov_SC04_018/ov_SC04_018_jr_8017AE2C.c:5076: warning: passing arg 1 of `func_8012B200' makes integer from pointer without a cast
src/ov_SC04_018/ov_SC04_018_jr_8017AE2C.c:5077: warning: passing arg 1 of `func_8012B178' makes integer from pointer without a cast
src/ov_SC04_018/ov_SC04_018_jr_8017AE2C.c:5082: warning: passing arg 1 of `func_8012AD80' makes integer from pointer without a cast
src/ov_SC04_018/ov_SC04_018_jr_8017AE2C.c:5083: warning: passing arg 1 of `func_8012BEE8' makes integer from pointer without a cast
src/ov_SC04_018/ov_SC04_018_jr_8017AE2C.c:5085: warning: passing arg 1 of `func_8012E8A8' makes integer from pointer without a cast
  CC      build/src/ov_SC04_018/ov_SC04_018_o0c.o
src/ov_SC04_018/../shared/ov/func_80138AB4.h: At top level:
In file included from src/ov_SC04_018/ov_SC04_018_jr_801380E0.c:1026:
src/ov_SC04_018/../shared/ov/func_80138AB4.h:7: warning: type mismatch with previous external decl
src/ov_SC04_018/ov_SC04_018_jr_801380E0.c:714: warning: previous external decl of `func_80138AB4'
src/ov_SC04_018/../shared/ov/func_80138AB4.h: In function `func_80138AB4':
src/ov_SC04_018/../shared/ov/func_80138AB4.h:18: warning: passing arg 1 of `func_80138DE0' makes pointer from integer without a cast
src/ov_SC04_018/ov_SC04_018_jr_801380E0.c: At top level:
src/ov_SC04_018/ov_SC04_018_jr_801380E0.c:1050: warning: type mismatch with previous external decl
src/ov_SC04_018/ov_SC04_018_jr_801380E0.c:715: warning: previous external decl of `func_80138C60'
In file included from src/ov_SC04_018/ov_SC04_018_jr_801380E0.c:1090:
src/ov_SC04_018/../shared/ov/func_80138D58.h:4: warning: type mismatch with previous external decl
src/ov_SC04_018/ov_SC04_018_jr_801380E0.c:716: warning: previous external decl of `func_80138D58'
src/ov_SC04_018/ov_SC04_018_jr_80186570.c: In function `func_80186E24':
src/ov_SC04_018/ov_SC04_018_jr_80186570.c:3772: warning: assignment makes pointer from integer without a cast
src/ov_SC04_018/ov_SC04_018_jr_80186570.c:3801: warning: assignment makes pointer from integer without a cast
In file included from src/ov_SC04_018/ov_SC04_018_jr_801380E0.c:1100:
src/ov_SC04_018/../shared/ov/func_8013914C.h:3: warning: type mismatch with previous external decl
src/ov_SC04_018/ov_SC04_018_jr_801380E0.c:719: warning: previous external decl of `func_80139220'
In file included from src/ov_SC04_018/ov_SC04_018_jr_801380E0.c:1102:
src/ov_SC04_018/../shared/ov/func_801391F0.h:5: warning: type mismatch with previous external decl
src/ov_SC04_018/ov_SC04_018_jr_801380E0.c:718: warning: previous external decl of `func_801391F0'
src/ov_SC04_018/../shared/ov/func_80145B24.h: In function `func_80145B24':
In file included from src/ov_SC04_018/ov_SC04_018_after.c:111:
src/ov_SC04_018/../shared/ov/func_80145B24.h:18: warning: assignment from incompatible pointer type
src/ov_SC04_018/ov_SC04_018_jr_80186570.c: In function `func_801877B0':
src/ov_SC04_018/ov_SC04_018_jr_80186570.c:3862: warning: passing arg 2 of `func_801376E8' makes integer from pointer without a cast
src/ov_SC04_018/ov_SC04_018_after.c: At top level:
src/ov_SC04_018/ov_SC04_018_after.c:235: warning: type mismatch with previous external decl
src/ov_SC04_018/ov_SC04_018_after.c:136: warning: previous external decl of `func_80145EE8'
src/ov_SC04_018/../shared/ov/func_80139680.h: In function `func_80139680':
In file included from src/ov_SC04_018/ov_SC04_018_jr_801380E0.c:1114:
src/ov_SC04_018/../shared/ov/func_80139680.h:39: warning: passing arg 2 of `func_80052460' makes integer from pointer without a cast
src/ov_SC04_018/../shared/ov/func_8017FA58__6c1baed5.h: At top level:
In file included from src/ov_SC04_018/ov_SC04_018_jr_8017AE2C.c:5784:
src/ov_SC04_018/../shared/ov/func_8017FA58__6c1baed5.h:4: warning: prototype for `func_8017F500In file included' follows from src/ov_SC04_018/ov_SC04_018_after.c:322
:
src/ov_SC04_018/ov_SC04_018_jr_8017AE2C.c:5515: src/ov_SC04_018/../shared/ov/func_80146128.h:4: warning: warning: non-prototype definition here
type mismatch with previous external decl
src/ov_SC04_018/ov_SC04_018_after.c:146: warning: previous external decl of `D_80126B78'
src/ov_SC04_018/../shared/ov/func_80146128.h:16: warning: type mismatch with previous external decl
src/ov_SC04_018/ov_SC04_018_after.c:127: warning: previous external decl of `func_80147098'
src/ov_SC04_018/../shared/ov/func_80139788.h: At top level:
In file included from src/ov_SC04_018/ov_SC04_018_jr_801380E0.c:1116:
src/ov_SC04_018/../shared/ov/func_80139788.h:3: warning: type mismatch with previous external decl
src/ov_SC04_018/ov_SC04_018_jr_801380E0.c:709: warning: previous external decl of `func_8001931C'
src/ov_SC04_018/../shared/ov/func_80139788.h:5: warning: type mismatch with previous external decl
src/ov_SC04_018/ov_SC04_018_jr_801380E0.c:720: warning: previous external decl of `func_80139788'
src/ov_SC04_018/ov_SC04_018_jr_8017AE2C.c: In function `func_8017FB0C':
src/ov_SC04_018/ov_SC04_018_jr_8017AE2C.c:5830: warning: passing arg 1 of `func_8017F564' makes pointer from integer without a cast
src/ov_SC04_018/../shared/ov/func_80139914.h: In function `func_80139914':
In file included from src/ov_SC04_018/ov_SC04_018_jr_801380E0.c:1187:
src/ov_SC04_018/../shared/ov/func_80139914.h:12: warning: passing arg 1 of `func_8013A8B0' makes pointer from integer without a cast
src/ov_SC04_018/../shared/ov/func_80178004.h: In function `func_80178004':
In file included from src/ov_SC04_018/ov_SC04_018_jr_801734BC.c:3846:
src/ov_SC04_018/../shared/ov/func_80178004.h:133: warning: return makes integer from pointer without a cast
src/ov_SC04_018/ov_SC04_018_jr_801789AC.c:1531: warning: conflicting types for built-in function `memcpy'
src/ov_SC04_018/../shared/ov/func_801803BC__b5a1123a.h: At top level:
In file included from src/ov_SC04_018/ov_SC04_018_jr_8017AE2C.c:6221:
src/ov_SC04_018/../shared/ov/func_801803BC__b5a1123a.h:8: warning: type mismatch with previous external decl
src/ov_SC04_018/ov_SC04_018_jr_8017AE2C.c:6209: warning: previous external decl of `D_801B9DF8'
src/ov_SC04_018/../shared/ov/func_80139C7C.h: At top level:
In file included from src/ov_SC04_018/ov_SC04_018_jr_801380E0.c:1255:
src/ov_SC04_018/../shared/ov/func_80139C7C.h:3: warning: type mismatch with previous external decl
src/ov_SC04_018/ov_SC04_018_jr_801380E0.c:1085: warning: previous external decl of `func_80139C7C'
src/ov_SC04_018/../shared/ov/func_80139C7C.h:3: warning: type mismatch with previous implicit declaration
src/ov_SC04_018/ov_SC04_018_jr_801380E0.c:1085: warning: previous implicit declaration of `func_80139C7C'
src/ov_SC04_018/../shared/ov/func_80139C7C.h:3: warning: `func_80139C7C' was previously implicitly declared to return `int'
In file included from src/ov_SC04_018/ov_SC04_018_after.c:373:
src/ov_SC04_018/../shared/ov/func_801468C8.h:5: warning: type mismatch with previous external decl
src/ov_SC04_018/ov_SC04_018_after.c:135: warning: previous external decl of `func_801468C8'
src/ov_SC04_018/ov_SC04_018_jr_80188E1C.c:1522: warning: conflicting types for built-in function `memcpy'
  CC      build/src/ov_SC04_018/ov_SC04_018_jr_801878E8.o
src/ov_SC04_018/ov_SC04_018_jr_8017AE2C.c: In function `func_80180618':
src/ov_SC04_018/ov_SC04_018_jr_8017AE2C.c:6308: warning: passing arg 1 of `func_8018042C' makes integer from pointer without a cast
  CC      build/src/ov_SC04_018/ov_SC04_018_jr_80159C84.o
src/ov_SC04_018/ov_SC04_018_jr_801789AC.c: In function `func_80178B70':
src/ov_SC04_018/ov_SC04_018_jr_801789AC.c:2685: warning: type mismatch with previous external decl
src/ov_SC04_018/ov_SC04_018_jr_801789AC.c:2666: warning: previous external decl of `D_80190B50'
src/ov_SC04_018/ov_SC04_018_jr_801789AC.c:2690: warning: passing arg 2 of `func_80178CBC' makes integer from pointer without a cast
src/ov_SC04_018/../shared/ov/func_80178BB8.h: In function `func_80178BB8':
In file included from src/ov_SC04_018/ov_SC04_018_jr_801789AC.c:2695:
src/ov_SC04_018/../shared/ov/func_80178BB8.h:4: warning: type mismatch with previous external decl
src/ov_SC04_018/ov_SC04_018_jr_801789AC.c:2664: warning: previous external decl of `func_80178BF8'
src/ov_SC04_018/../shared/ov/func_8012A418.h: In function `func_8012A418':
In file included from src/ov_SC04_018/ov_SC04_018.c:754:
src/ov_SC04_018/../shared/ov/func_8012A418.h:10: warning: assignment from incompatible pointer type
src/ov_SC04_018/ov_SC04_018_jr_801789AC.c: At top level:
src/ov_SC04_018/ov_SC04_018_jr_801789AC.c:2703: warning: type mismatch with previous external declsrc/ov_SC04_018/ov_SC04_018_o0c.c: 
In function `func_8013B6A0':
src/ov_SC04_018/ov_SC04_018_jr_801789AC.c:2664: src/ov_SC04_018/ov_SC04_018_o0c.c:801: warning: warning: previous external decl of `type mismatch with previous external declfunc_80178BF8
'src/ov_SC04_018/ov_SC04_018_o0c.c:787: 
warning: previous external decl of `D_801E79E8'
src/ov_SC04_018/ov_SC04_018_jr_8016AB6C.c:1525: warning: conflicting types for built-in function `memcpy'
src/ov_SC04_018/ov_SC04_018_o0c.c: In function `func_8013B7AC':
src/ov_SC04_018/ov_SC04_018_o0c.c:813: warning: type mismatch with previous external decl
src/ov_SC04_018/ov_SC04_018_o0c.c:787: warning: previous external decl of `D_801E79E8'
src/ov_SC04_018/ov_SC04_018_o0c.c: At top level:
src/ov_SC04_018/ov_SC04_018_o0c.c:829: warning: type mismatch with previous external decl
src/ov_SC04_018/ov_SC04_018_o0c.c:822: warning: previous external decl of `func_8013B83C'
src/ov_SC04_018/ov_SC04_018_o0c.c:829: warning: type mismatch with previous implicit declaration
src/ov_SC04_018/ov_SC04_018_o0c.c:822: warning: previous implicit declaration of `func_8013B83C'
src/ov_SC04_018/ov_SC04_018_o0c.c:829: warning: `func_8013B83C' was previously implicitly declared to return `int'
In file included from src/ov_SC04_018/ov_SC04_018_jr_801380E0.c:1271:
src/ov_SC04_018/../shared/ov/func_80139FE8.h:3: warning: type mismatch with previous external decl
src/ov_SC04_018/ov_SC04_018_jr_801380E0.c:711: warning: previous external decl of `func_8001B22C'
src/ov_SC04_018/../shared/ov/func_80180954__9759cc1e.h: In function `func_80180954':
In file included from src/ov_SC04_018/ov_SC04_018_jr_8017AE2C.c:6471:
src/ov_SC04_018/../shared/ov/func_80180954__9759cc1e.h:10: warning: type mismatch with previous external decl
src/ov_SC04_018/ov_SC04_018_jr_8017AE2C.c:4868: warning: previous external decl of `D_801B9AA8'
In file included from src/ov_SC04_018/ov_SC04_018_after.c:480:
src/ov_SC04_018/../shared/ov/func_80146C3C.h:3: warning: type mismatch with previous external decl
src/ov_SC04_018/ov_SC04_018_after.c:123: warning: previous external decl of `func_80016714'
src/ov_SC04_018/ov_SC04_018_o0c.c:961: warning: type mismatch with previous external decl
src/ov_SC04_018/ov_SC04_018_o0c.c:862: warning: previous external decl of `func_8013BD74'
src/ov_SC04_018/ov_SC04_018_o0c.c:961: warning: type mismatch with previous implicit declaration
src/ov_SC04_018/ov_SC04_018_o0c.c:951: warning: previous implicit declaration of `func_8013BD74'
src/ov_SC04_018/ov_SC04_018_o0c.c:961: warning: `func_8013BD74' was previously implicitly declared to return `int'
src/ov_SC04_018/../shared/ov/func_8012A6D0.h: In function `func_8012A6D0':
In file included from src/ov_SC04_018/ov_SC04_018.c:775:
src/ov_SC04_018/../shared/ov/func_8012A6D0.h:7: warning: initialization makes integer from pointer without a cast
src/ov_SC04_018/../shared/ov/func_8012A6D0.h:8: warning: initialization makes integer from pointer without a cast
src/ov_SC04_018/ov_SC04_018_jr_8017AE2C.c: In function `func_80180A08':
src/ov_SC04_018/ov_SC04_018_jr_8017AE2C.c:6548: warning: passing arg 1 of `func_8012A828' makes pointer from integer without a cast
In file included from src/ov_SC04_018/ov_SC04_018_o0c.c:1020:
src/ov_SC04_018/../shared/ov/func_8013C08C.h:4: warning: type mismatch with previous external decl
src/ov_SC04_018/ov_SC04_018_o0c.c:840: warning: previous external decl of `func_8013C08C'
src/ov_SC04_018/../shared/ov/func_80146D90.h: In function `func_80146D90':
In file included from src/ov_SC04_018/ov_SC04_018_after.c:494:
src/ov_SC04_018/../shared/ov/func_80146D90.h:6: warning: passing arg 1 of `func_80146DE8' makes pointer from integer without a cast
src/ov_SC04_018/../shared/ov/func_8012A828.h: In function `func_8012A828':
In file included from src/ov_SC04_018/ov_SC04_018.c:783:
src/ov_SC04_018/../shared/ov/func_8012A828.h:6: warning: assignment makes integer from pointer without a cast
src/ov_SC04_018/../shared/ov/func_80147060.h: In function `func_80147060':
In file included from src/ov_SC04_018/ov_SC04_018_after.c:516:
src/ov_SC04_018/../shared/ov/func_80147060.h:7: warning: `return' with a value, in function returning void
src/ov_SC04_018/../shared/ov/func_80147084.h: At top level:
In file included from src/ov_SC04_018/ov_SC04_018_after.c:522:
src/ov_SC04_018/../shared/ov/func_80147084.h:3: warning: type mismatch with previous external decl
src/ov_SC04_018/ov_SC04_018_after.c:126: warning: previous external decl of `func_80147084'
In file included from src/ov_SC04_018/ov_SC04_018_after.c:530:
src/ov_SC04_018/../shared/ov/func_801470AC.h:3: warning: type mismatch with previous external decl
src/ov_SC04_018/ov_SC04_018_after.c:128: warning: previous external decl of `func_801470AC'
  CC      build/src/ov_SC04_018/ov_SC04_018_jr_8013C98C.o
  CC      build/src/ov_SC04_018/ov_SC04_018_jr_8013F350.o
src/ov_SC04_018/ov_SC04_018_jr_80188E1C.c: In function `func_80189540':
src/ov_SC04_018/ov_SC04_018_jr_80188E1C.c:3839: warning: type mismatch with previous external decl
src/ov_SC04_018/ov_SC04_018_jr_80188E1C.c:3162: warning: previous external decl of `D_801E7774'
  CC      build/src/ov_SC04_018/ov_SC04_018_jr_80135A4C.o
In file included from src/ov_SC04_018/ov_SC04_018_after.c:546:
src/ov_SC04_018/../shared/ov/func_801472DC.h:3: warning: type mismatch with previous external decl
src/ov_SC04_018/ov_SC04_018_after.c:163: warning: previous external decl of `D_8012707C'
src/ov_SC04_018/../shared/ov/func_80147324.h: In function `func_80147324':
In file included from src/ov_SC04_018/ov_SC04_018_after.c:552:
src/ov_SC04_018/../shared/ov/func_80147324.h:8: warning: comparison between pointer and integer
src/ov_SC04_018/../shared/ov/func_8016B448.h: In function `func_8016B448':
In file included from src/ov_SC04_018/ov_SC04_018_jr_8016AB6C.c:2143:
src/ov_SC04_018/../shared/ov/func_8016B448.h:10: warning: passing arg 1 of `func_8014C050' makes integer from pointer without a cast
src/ov_SC04_018/../shared/ov/func_8016B448.h:12: warning: passing arg 1 of `func_8016B984' makes pointer from integer without a cast
src/ov_SC04_018/../shared/ov/func_8016B448.h:14: warning: passing arg 2 of `func_80146A6C' makes pointer from integer without a cast
src/ov_SC04_018/../shared/ov/func_801819B0__32bb12da.h: At top level:
In file included from src/ov_SC04_018/ov_SC04_018_jr_8017AE2C.c:7219:
src/ov_SC04_018/../shared/ov/func_801819B0__32bb12da.h:5: warning: type mismatch with previous external decl
src/ov_SC04_018/ov_SC04_018_jr_8017AE2C.c:7116: warning: previous external decl of `func_801819B0'
src/ov_SC04_018/../shared/ov/func_801819B0__32bb12da.h:5: warning: type mismatch with previous implicit declaration
src/ov_SC04_018/ov_SC04_018_jr_8017AE2C.c:7116: warning: previous implicit declaration of `func_801819B0'
src/ov_SC04_018/../shared/ov/func_801819B0__32bb12da.h:5: warning: `func_801819B0' was previously implicitly declared to return `int'
src/ov_SC04_018/../shared/ov/func_8016BA68.h: In function `func_8016BA68':
In file included from src/ov_SC04_018/ov_SC04_018_jr_8016AB6C.c:2395:
src/ov_SC04_018/../shared/ov/func_8016BA68.h:9: warning: passing arg 1 of `func_8014C050' makes integer from pointer without a cast
src/ov_SC04_018/../shared/ov/func_8016BA68.h:11: warning: passing arg 1 makes pointer from integer without a cast
src/ov_SC04_018/../shared/ov/func_8016BA68.h:13: warning: passing arg 2 of `func_80146A6C' makes pointer from integer without a cast
src/ov_SC04_018/../shared/ov/func_8012D098.h: In function `func_8012D098':
In file included from src/ov_SC04_018/ov_SC04_018_jr_8012ACE0.c:551:
src/ov_SC04_018/../shared/ov/func_8012D098.h:26: warning: passing arg 1 of `func_8012F214' makes integer from pointer without a cast
src/ov_SC04_018/../shared/ov/func_8012D098.h:26: warning: passing arg 2 of `func_8012F214' makes integer from pointer without a cast
src/ov_SC04_018/../shared/ov/func_8012D098.h:26: warning: passing arg 3 of `func_8012F214' makes integer from pointer without a cast
src/ov_SC04_018/../shared/ov/func_8012D098.h:30: warning: passing arg 1 of `func_8012F214' makes integer from pointer without a cast
src/ov_SC04_018/../shared/ov/func_8012D098.h:30: warning: passing arg 2 of `func_8012F214' makes integer from pointer without a cast
src/ov_SC04_018/../shared/ov/func_8012D098.h:30: warning: passing arg 3 of `func_8012F214' makes integer from pointer without a cast
src/ov_SC04_018/../shared/ov/func_8012D098.h:34: warning: passing arg 1 of `func_8012F214' makes integer from pointer without a cast
src/ov_SC04_018/../shared/ov/func_8012D098.h:34: warning: passing arg 2 of `func_8012F214' makes integer from pointer without a cast
src/ov_SC04_018/../shared/ov/func_8012D098.h:34: warning: passing arg 3 of `func_8012F214' makes integer from pointer without a cast
src/ov_SC04_018/../shared/ov/func_8012D098.h:38: warning: passing arg 1 of `func_8012F214' makes integer from pointer without a cast
src/ov_SC04_018/../shared/ov/func_8012D098.h:38: warning: passing arg 2 of `func_8012F214' makes integer from pointer without a cast
src/ov_SC04_018/../shared/ov/func_8012D098.h:38: warning: passing arg 3 of `func_8012F214' makes integer from pointer without a cast
src/ov_SC04_018/../shared/ov/func_8012D098.h:42: warning: passing arg 1 of `func_8012F214' makes integer from pointer without a cast
src/ov_SC04_018/../shared/ov/func_8012D098.h:42: warning: passing arg 2 of `func_8012F214' makes integer from pointer without a cast
src/ov_SC04_018/../shared/ov/func_8012D098.h:42: warning: passing arg 3 of `func_8012F214' makes integer from pointer without a cast
src/ov_SC04_018/../shared/ov/func_8012D098.h:46: warning: passing arg 1 of `func_8012F214' makes integer from pointer without a cast
src/ov_SC04_018/../shared/ov/func_8012D098.h:46: warning: passing arg 2 of `func_8012F214' makes integer from pointer without a cast
src/ov_SC04_018/../shared/ov/func_8012D098.h:46: warning: passing arg 3 of `func_8012F214' makes integer from pointer without a cast
src/ov_SC04_018/../shared/ov/func_8012D098.h:50: warning: passing arg 1 of `func_8012F214' makes integer from pointer without a cast
src/ov_SC04_018/../shared/ov/func_8012D098.h:50: warning: passing arg 2 of `func_8012F214' makes integer from pointer without a cast
src/ov_SC04_018/../shared/ov/func_8012D098.h:50: warning: passing arg 3 of `func_8012F214' makes integer from pointer without a cast
src/ov_SC04_018/../shared/ov/func_8012D098.h:54: warning: passing arg 1 of `func_8012F214' makes integer from pointer without a cast
src/ov_SC04_018/../shared/ov/func_8012D098.h:54: warning: passing arg 2 of `func_8012F214' makes integer from pointer without a cast
src/ov_SC04_018/../shared/ov/func_8012D098.h:54: warning: passing arg 3 of `func_8012F214' makes integer from pointer without a cast
src/ov_SC04_018/../shared/ov/func_8012D098.h:55: warning: passing arg 1 of `func_8012D3B4' makes integer from pointer without a cast
src/ov_SC04_018/../shared/ov/func_8012D098.h:55: warning: passing arg 2 of `func_8012D3B4' makes integer from pointer without a cast
src/ov_SC04_018/../shared/ov/func_8012D098.h:56: warning: passing arg 1 of `func_8012D3B4' makes integer from pointer without a cast
src/ov_SC04_018/../shared/ov/func_8012D098.h:56: warning: passing arg 2 of `func_8012D3B4' makes integer from pointer without a cast
src/ov_SC04_018/../shared/ov/func_8012D098.h:57: warning: passing arg 1 of `func_8012D3B4' makes integer from pointer without a cast
src/ov_SC04_018/../shared/ov/func_8012D098.h:57: warning: passing arg 2 of `func_8012D3B4' makes integer from pointer without a cast
src/ov_SC04_018/../shared/ov/func_8012D098.h:58: warning: passing arg 1 of `func_8012D3B4' makes integer from pointer without a cast
src/ov_SC04_018/../shared/ov/func_8012D098.h:58: warning: passing arg 2 of `func_8012D3B4' makes integer from pointer without a cast
src/ov_SC04_018/../shared/ov/func_8012D098.h:59: warning: passing arg 1 of `func_8012D3B4' makes integer from pointer without a cast
src/ov_SC04_018/../shared/ov/func_8012D098.h:59: warning: passing arg 2 of `func_8012D3B4' makes integer from pointer without a cast
src/ov_SC04_018/../shared/ov/func_8012D098.h:60: warning: passing arg 1 of `func_8012D3B4' makes integer from pointer without a cast
src/ov_SC04_018/../shared/ov/func_8012D098.h:60: warning: passing arg 2 of `func_8012D3B4' makes integer from pointer without a cast
src/ov_SC04_018/../shared/ov/func_8012D098.h:61: warning: passing arg 1 of `func_8012D3B4' makes integer from pointer without a cast
src/ov_SC04_018/../shared/ov/func_8012D098.h:61: warning: passing arg 2 of `func_8012D3B4' makes integer from pointer without a cast
src/ov_SC04_018/../shared/ov/func_8012D098.h:62: warning: passing arg 1 of `func_8012D3B4' makes integer from pointer without a cast
src/ov_SC04_018/../shared/ov/func_8012D098.h:62: warning: passing arg 2 of `func_8012D3B4' makes integer from pointer without a cast
src/ov_SC04_018/../shared/ov/func_8012D098.h:63: warning: passing arg 1 of `func_8012D3B4' makes integer from pointer without a cast
src/ov_SC04_018/../shared/ov/func_8012D098.h:63: warning: passing arg 2 of `func_8012D3B4' makes integer from pointer without a cast
src/ov_SC04_018/../shared/ov/func_8012D098.h:64: warning: passing arg 1 of `func_8012D3B4' makes integer from pointer without a cast
src/ov_SC04_018/../shared/ov/func_8012D098.h:64: warning: passing arg 2 of `func_8012D3B4' makes integer from pointer without a cast
src/ov_SC04_018/../shared/ov/func_8012D098.h:65: warning: passing arg 1 of `func_8012D3B4' makes integer from pointer without a cast
src/ov_SC04_018/../shared/ov/func_8012D098.h:65: warning: passing arg 2 of `func_8012D3B4' makes integer from pointer without a cast
src/ov_SC04_018/../shared/ov/func_8012D098.h:66: warning: passing arg 1 of `func_8012D3B4' makes integer from pointer without a cast
src/ov_SC04_018/../shared/ov/func_8012D098.h:66: warning: passing arg 2 of `func_8012D3B4' makes integer from pointer without a cast
src/ov_SC04_018/ov_SC04_018_jr_8016AB6C.c: In function `func_8016BCC0':
src/ov_SC04_018/ov_SC04_018_jr_8016AB6C.c:2466: warning: type mismatch with previous external decl
src/ov_SC04_018/ov_SC04_018_jr_8016AB6C.c:2416: warning: previous external decl of `func_8016BF50'
src/ov_SC04_018/ov_SC04_018_jr_8016AB6C.c:2473: warning: passing arg 1 of `func_8016BFA8' makes integer from pointer without a cast
src/ov_SC04_018/ov_SC04_018_jr_8016AB6C.c:2473: warning: passing arg 2 of `func_8016BFA8' makes integer from pointer without a cast
src/ov_SC04_018/ov_SC04_018_jr_8016AB6C.c:2473: warning: passing arg 3 of `func_8016BFA8' makes integer from pointer without a cast
src/ov_SC04_018/ov_SC04_018_jr_8016AB6C.c:2473: warning: passing arg 4 of `func_8016BFA8' makes integer from pointer without a cast
src/ov_SC04_018/../shared/ov/func_80147AD4.h: In function `func_80147AD4':
In file included from src/ov_SC04_018/ov_SC04_018_after.c:604:
src/ov_SC04_018/../shared/ov/func_80147AD4.h:8: warning: passing arg 2 of `func_80147B5C' makes pointer from integer without a cast
src/ov_SC04_018/../shared/ov/func_8012D38C.h: In function `func_8012D38C':
In file included from src/ov_SC04_018/ov_SC04_018_jr_8012ACE0.c:553:
src/ov_SC04_018/../shared/ov/func_8012D38C.h:5: warning: passing arg 1 of `func_8012D098' makes pointer from integer without a cast
src/ov_SC04_018/ov_SC04_018_jr_8016AB6C.c: In function `func_8016BD78':
src/ov_SC04_018/ov_SC04_018_jr_8016AB6C.c:2491: warning: type mismatch with previous external decl
src/ov_SC04_018/ov_SC04_018_jr_8016AB6C.c:2416: warning: previous external decl of `func_8016BF50'
src/ov_SC04_018/ov_SC04_018_jr_8016AB6C.c:2491: warning: type mismatch with previous implicit declaration
src/ov_SC04_018/ov_SC04_018_jr_8016AB6C.c:2466: warning: previous implicit declaration of `func_8016BF50'
src/ov_SC04_018/../shared/ov/func_8012D3B4.h: At top level:
In file included from src/ov_SC04_018/ov_SC04_018_jr_8012ACE0.c:557:
src/ov_SC04_018/../shared/ov/func_8012D3B4.h:4: warning: type mismatch with previous external decl
src/ov_SC04_018/../shared/ov/func_80182120__7705efc3.h: src/ov_SC04_018/../shared/ov/func_8012CFA8.h:6: In function `func_80182120':
warning: In file includedprevious external decl of ` from src/ov_SC04_018/ov_SC04_018_jr_8017AE2C.c:7612RotTransPers:
'src/ov_SC04_018/../shared/ov/func_80182120__7705efc3.h:10: 
warning: src/ov_SC04_018/ov_SC04_018_jr_80188E1C.c: type mismatch with previous external declIn function `func_80189E14':

src/ov_SC04_018/ov_SC04_018_jr_80188E1C.c:3925: src/ov_SC04_018/ov_SC04_018_jr_8017AE2C.c:4868: warning: warning: `return' with a value, in function returning voidprevious external decl of `
D_801B9AA8'
src/ov_SC04_018/../shared/ov/func_8012D3B4.h: In function `func_8012D3B4':
src/ov_SC04_018/../shared/ov/func_8012D3B4.h:22: warning: passing arg 2 of `RotTransPers' makes integer from pointer without a cast
src/ov_SC04_018/../shared/ov/func_8012D3B4.h:23: warning: passing arg 2 of `RotTransPers' makes integer from pointer without a cast
  CC      build/src/ov_SC04_018/ov_SC04_018_jr_8015C32C.o
src/ov_SC04_018/../shared/ov/func_8012D4B4.h: In function `func_8012D4B4':
In file included from src/ov_SC04_018/ov_SC04_018_jr_8012ACE0.c:559:
src/ov_SC04_018/../shared/ov/func_8012D4B4.h:27: warning: passing arg 2 of `RotTransPers' makes integer from pointer without a cast
src/ov_SC04_018/../shared/ov/func_8012D4B4.h:29: warning: passing arg 2 of `RotTransPers' makes integer from pointer without a cast
src/ov_SC04_018/../shared/ov/func_8013B204.h: src/ov_SC04_018/../shared/ov/func_80147D38.h: In function `func_8013B204':
In function `func_80147D38':
In file includedIn file included from src/ov_SC04_018/ov_SC04_018_jr_801380E0.c:1374 from src/ov_SC04_018/ov_SC04_018_after.c:614:
:
src/ov_SC04_018/../shared/ov/func_8013B204.h:10: src/ov_SC04_018/../shared/ov/func_80147D38.h:12: warning: warning: assignment makes pointer from integer without a castpassing arg 2 of `func_80147DC0' makes integer from pointer without a cast

src/ov_SC04_018/ov_SC04_018_jr_8016AB6C.c: In function `func_8016BEA0':
src/ov_SC04_018/ov_SC04_018_jr_8016AB6C.c:2532: warning: type mismatch with previous external decl
src/ov_SC04_018/ov_SC04_018_jr_8016AB6C.c:2416: warning: previous external decl of `func_8016BF50'
src/ov_SC04_018/ov_SC04_018_jr_8016AB6C.c:2532: warning: type mismatch with previous implicit declaration
src/ov_SC04_018/ov_SC04_018_jr_8016AB6C.c:2466: warning: previous implicit declaration of `func_8016BF50'
src/ov_SC04_018/../shared/ov/func_8016BF50.h: At top level:
In file included from src/ov_SC04_018/ov_SC04_018_jr_8016AB6C.c:2557:
src/ov_SC04_018/../shared/ov/func_8016BF50.h:6: warning: type mismatch with previous external decl
src/ov_SC04_018/ov_SC04_018_jr_8016AB6C.c:2416: warning: previous external decl of `func_8016BF50'
src/ov_SC04_018/ov_SC04_018_jr_80188E1C.c: In function `func_8018A1D0':
src/ov_SC04_018/ov_SC04_018_jr_80188E1C.c:4135: warning: `return' with a value, in function returning void
src/ov_SC04_018/ov_SC04_018_jr_80188E1C.c:4137: warning: `return' with a value, in function returning void
src/ov_SC04_018/ov_SC04_018_jr_8016AB6C.c:2706: warning: type mismatch with previous external decl
src/ov_SC04_018/ov_SC04_018_jr_8016AB6C.c:2652: warning: previous external decl of `D_801E615C'
src/ov_SC04_018/ov_SC04_018_jr_8016AB6C.c:2707: warning: type mismatch with previous external decl
src/ov_SC04_018/ov_SC04_018_jr_8016AB6C.c:2655: warning: previous external decl of `D_801E6164'
src/ov_SC04_018/ov_SC04_018_jr_8017AE2C.c: In function `func_80182920':
src/ov_SC04_018/ov_SC04_018_jr_8017AE2C.c:8071: warning: type mismatch with previous external decl
src/ov_SC04_018/ov_SC04_018_jr_8017AE2C.c:7533: warning: previous external decl of `D_801B66CC'
src/ov_SC04_018/ov_SC04_018_jr_8012ACE0.c: At top level:
src/ov_SC04_018/ov_SC04_018_jr_8012ACE0.c:598: warning: type mismatch with previous external decl
src/ov_SC04_018/ov_SC04_018_jr_8012ACE0.c:573: warning: previous external decl of `func_8012F568'
src/ov_SC04_018/ov_SC04_018_jr_8012ACE0.c: In function `func_8012DB84':
src/ov_SC04_018/ov_SC04_018_jr_8012ACE0.c:606: warning: passing arg 5 of `func_8012F568' makes integer from pointer without a cast
src/ov_SC04_018/ov_SC04_018_jr_8012ACE0.c:606: warning: passing arg 6 of `func_8012F568' makes integer from pointer without a cast
src/ov_SC04_018/ov_SC04_018_jr_8017AE2C.c: In function `func_80182ACC':
src/ov_SC04_018/ov_SC04_018_jr_8017AE2C.c:8141: warning: passing arg 2 of `func_80178CBC' makes integer from pointer without a cast
In file included from src/ov_SC04_018/ov_SC04_018_jr_8016AB6C.c:2830:
src/ov_SC04_018/../shared/ov/func_8016C83C.h:5: warning: type mismatch with previous external decl
src/ov_SC04_018/ov_SC04_018_jr_8016AB6C.c:2749: warning: previous external decl of `func_8016CF04'
src/ov_SC04_018/ov_SC04_018_jr_801878E8.c:1522: warning: conflicting types for built-in function `memcpy'
src/ov_SC04_018/ov_SC04_018_jr_8013C98C.c: In function `func_8013C9C4':
src/ov_SC04_018/ov_SC04_018_jr_8013C98C.c:804: warning: assignment makes integer from pointer without a cast
src/ov_SC04_018/ov_SC04_018_jr_8012ACE0.c: In function `func_8012DDA4':
src/ov_SC04_018/ov_SC04_018_jr_8012ACE0.c:630: warning: return makes integer from pointer without a cast
src/ov_SC04_018/ov_SC04_018_jr_8017AE2C.c: In function `func_80182D24':
src/ov_SC04_018/ov_SC04_018_jr_8017AE2C.c:8231: warning: type mismatch with previous external decl
src/ov_SC04_018/ov_SC04_018_jr_8017AE2C.c:8184: warning: previous external decl of `D_80191F1C'
src/ov_SC04_018/ov_SC04_018_jr_8012ACE0.c: In function `func_8012DE2C':
src/ov_SC04_018/ov_SC04_018_jr_8012ACE0.c:645: warning: type mismatch with previous external decl
src/ov_SC04_018/ov_SC04_018_jr_8012ACE0.c:620: warning: previous external decl of `D_801E5A34'
src/ov_SC04_018/ov_SC04_018_jr_8012ACE0.c:646: warning: type mismatch with previous external decl
src/ov_SC04_018/ov_SC04_018_jr_8012ACE0.c:621: warning: previous external decl of `D_801E5A30'
src/ov_SC04_018/ov_SC04_018_jr_8012ACE0.c:661: warning: return makes integer from pointer without a cast
src/ov_SC04_018/ov_SC04_018_jr_8017AE2C.c: At top level:
src/ov_SC04_018/ov_SC04_018_jr_8017AE2C.c:8289: warning: type mismatch with previous external decl
src/ov_SC04_018/../shared/ov/func_80182C24__7cc27ccd.h:11: warning: previous external decl of `D_801B670C'
src/ov_SC04_018/ov_SC04_018_jr_80135A4C.c:578: warning: conflicting types for built-in function `memcpy'
src/ov_SC04_018/ov_SC04_018_jr_8017AE2C.c: In function `func_80182E40':
src/ov_SC04_018/ov_SC04_018_jr_8017AE2C.c:8303: warning: passing arg 1 of `func_80182BCC' makes pointer from integer without a cast
src/ov_SC04_018/ov_SC04_018_jr_8016AB6C.c: In function `func_8016C998':
src/ov_SC04_018/ov_SC04_018_jr_8016AB6C.c:2845: warning: type mismatch with previous external decl
src/ov_SC04_018/ov_SC04_018_jr_8016AB6C.c:2751: warning: previous external decl of `D_801E6230'
src/ov_SC04_018/ov_SC04_018_jr_80188E1C.c: In function `func_8018ACD4':
src/ov_SC04_018/ov_SC04_018_jr_80188E1C.c:4587: warning: assignment makes integer from pointer without a cast
src/ov_SC04_018/ov_SC04_018_jr_80188E1C.c: In function `func_8018AD08':
src/ov_SC04_018/ov_SC04_018_jr_80188E1C.c:4596: warning: assignment makes integer from pointer without a cast
src/ov_SC04_018/../shared/ov/func_8018AD3C__f58c9192.h: In function `func_8018AD3C':
In file included from src/ov_SC04_018/ov_SC04_018_jr_80188E1C.c:4602:
src/ov_SC04_018/../shared/ov/func_8018AD3C__f58c9192.h:7: warning: assignment makes integer from pointer without a cast
src/ov_SC04_018/ov_SC04_018_jr_80188E1C.c: In function `func_8018AD70':
src/ov_SC04_018/ov_SC04_018_jr_80188E1C.c:4611: warning: assignment makes integer from pointer without a cast
src/ov_SC04_018/ov_SC04_018_jr_80188E1C.c: In function `func_8018ADA4':
src/ov_SC04_018/ov_SC04_018_jr_80188E1C.c:4622: src/ov_SC04_018/../shared/ov/func_8015A1FC.h: warning: In function `func_8015A1FC':
assignment makes integer from pointer without a castIn file included
 from src/ov_SC04_018/ov_SC04_018_jr_80159C84.c:1378:
src/ov_SC04_018/../shared/ov/func_8015A1FC.h:7: warning: passing arg 1 of `func_8015A2D8' makes integer from pointer without a cast
{standard input}: Assembler messages:
{standard input}:567: Warning: used $at without ".set noat"
{standard input}:568: Warning: used $at without ".set noat"
{standard input}:676: Warning: used $at without ".set noat"
{standard input}:677: Warning: used $at without ".set noat"
src/ov_SC04_018/ov_SC04_018_jr_8016AB6C.c: In function `func_8016CBC0':
src/ov_SC04_018/ov_SC04_018_jr_8016AB6C.c:2903: warning: type mismatch with previous external decl
src/ov_SC04_018/ov_SC04_018_jr_8016AB6C.c:2751: warning: previous external decl of `D_801E6230'
src/ov_SC04_018/ov_SC04_018_jr_80188E1C.c: In function `func_8018AE4C':
src/ov_SC04_018/ov_SC04_018_jr_80188E1C.c:4651: warning: assignment makes integer from pointer without a cast
src/ov_SC04_018/../shared/ov/func_8012E138.h: In function `func_8012E138':
In file included from src/ov_SC04_018/ov_SC04_018_jr_8012ACE0.c:683:
src/ov_SC04_018/../shared/ov/func_8012E138.h:19: warning: passing arg 2 of `func_8012F038' from incompatible pointer type
src/ov_SC04_018/../shared/ov/func_8012E138.h:19: warning: passing arg 3 of `func_8012F038' from incompatible pointer type
src/ov_SC04_018/../shared/ov/func_8012E138.h:36: warning: passing arg 2 of `func_8012F14C' makes integer from pointer without a cast
src/ov_SC04_018/../shared/ov/func_8012E138.h:36: warning: passing arg 3 of `func_8012F14C' makes integer from pointer without a cast
src/ov_SC04_018/../shared/ov/func_8012E138.h:37: warning: passing arg 3 of `func_80135888' makes integer from pointer without a cast
src/ov_SC04_018/../shared/ov/func_8012E138.h:37: warning: passing arg 4 of `func_80135888' makes integer from pointer without a cast
src/ov_SC04_018/ov_SC04_018_jr_80188E1C.c: In function `func_8018AECC':
src/ov_SC04_018/ov_SC04_018_jr_80188E1C.c:4678: warning: assignment makes integer from pointer without a cast
src/ov_SC04_018/../shared/ov/func_8018AF00.h: In function `func_8018AF00':
In file included from src/ov_SC04_018/ov_SC04_018_jr_80188E1C.c:4683:
src/ov_SC04_018/../shared/ov/func_8018AF00.h:7: warning: assignment makes integer from pointer without a cast
src/ov_SC04_018/ov_SC04_018_jr_8017AE2C.c: In function `func_801831D8':
src/ov_SC04_018/ov_SC04_018_jr_8017AE2C.c:8482: warning: type mismatch with previous external decl
src/ov_SC04_018/ov_SC04_018_jr_8017AE2C.c:4868: warning: previous external decl of `D_801B9AA8'
src/ov_SC04_018/ov_SC04_018_jr_80188E1C.c: In function `func_8018AF34':
src/ov_SC04_018/ov_SC04_018_jr_80188E1C.c:4692: warning: assignment makes integer from pointer without a cast
src/ov_SC04_018/ov_SC04_018_jr_8017AE2C.c: At top level:
src/ov_SC04_018/ov_SC04_018_jr_8017AE2C.c:8513: warning: type mismatch with previous external decl
src/ov_SC04_018/ov_SC04_018_jr_8017AE2C.c:8483: warning: previous external decl of `D_801B6730'
src/ov_SC04_018/ov_SC04_018_jr_8016AB6C.c: In function `func_8016CF04':
src/ov_SC04_018/ov_SC04_018_jr_8016AB6C.c:3049: warning: type mismatch with previous external decl
src/ov_SC04_018/ov_SC04_018_jr_8016AB6C.c:2751: warning: previous external decl of `D_801E6230'
src/ov_SC04_018/ov_SC04_018_jr_80188E1C.c: In function `func_8018AFB4':
src/ov_SC04_018/ov_SC04_018_jr_80188E1C.c:4721: warning: assignment makes integer from pointer without a cast
src/ov_SC04_018/ov_SC04_018_jr_8013F350.c: In function `func_8013FAF8':
src/ov_SC04_018/ov_SC04_018_jr_8013F350.c:1303: warning: passing arg 1 of `func_80024054' makes pointer from integer without a cast
src/ov_SC04_018/ov_SC04_018_jr_8013F350.c:1319: warning: passing arg 1 of `func_80024054' makes pointer from integer without a cast
src/ov_SC04_018/ov_SC04_018_jr_8015C32C.c:1546: warning: "NULL" redefined
 1546 | #define NULL 0
      | 
In file included from src/ov_SC04_018/ov_SC04_018_jr_8015C32C.c:1:
include/common.h:41: note: this is the location of the previous definition
   41 | #define NULL ((void *)0)   /* m2c emits NULL for null pointers; byte-neutral (== 0) */
      | 
src/ov_SC04_018/ov_SC04_018_jr_8013F350.c:1344: warning: passing arg 1 of `func_80137D08' makes integer from pointer without a cast
src/ov_SC04_018/ov_SC04_018_jr_8013F350.c:1344: warning: passing arg 2 of `func_80137D08' makes integer from pointer without a cast
src/ov_SC04_018/ov_SC04_018_jr_8013F350.c:1344: warning: assignment makes pointer from integer without a cast
src/ov_SC04_018/ov_SC04_018_jr_8013F350.c:1347: warning: passing arg 1 of `func_8013AB54' makes integer from pointer without a cast
src/ov_SC04_018/ov_SC04_018_jr_8013F350.c:1347: warning: passing arg 2 of `func_8013AB54' makes integer from pointer without a cast
src/ov_SC04_018/ov_SC04_018_jr_8013F350.c:1347: warning: assignment makes pointer from integer without a cast
src/ov_SC04_018/../shared/ov/func_8016D848.h: In function `func_8016D848':
In file included from src/ov_SC04_018/ov_SC04_018_jr_8016AB6C.c:3260:
src/ov_SC04_018/../shared/ov/func_8016D848.h:40: warning: passing arg 1 of `func_800D20C0' makes pointer from integer without a cast
src/ov_SC04_018/../shared/ov/func_8016D848.h:40: warning: passing arg 2 of `func_800D20C0' makes pointer from integer without a cast
src/ov_SC04_018/../shared/ov/func_80149210.h: At top level:
In file included from src/ov_SC04_018/ov_SC04_018_after.c:882:
src/ov_SC04_018/../shared/ov/func_80149210.h:3: warning: type mismatch with previous external decl
src/ov_SC04_018/ov_SC04_018_after.c:129: warning: previous external decl of `func_80149210'
src/ov_SC04_018/ov_SC04_018_jr_8017AE2C.c:8835: warning: type mismatch with previous external decl
src/ov_SC04_018/ov_SC04_018_jr_8017AE2C.c:8823: warning: previous external decl of `D_801B9C50'
src/ov_SC04_018/../shared/ov/func_8012F568.h: In function `func_8012F568':
In file included from src/ov_SC04_018/ov_SC04_018_jr_8012ACE0.c:1106:
src/ov_SC04_018/../shared/ov/func_8012F568.h:12: warning: passing arg 2 of `memcpy' makes pointer from integer without a cast
src/ov_SC04_018/../shared/ov/func_8012F568.h:13: warning: passing arg 2 of `memcpy' makes pointer from integer without a cast
src/ov_SC04_018/ov_SC04_018_jr_8016AB6C.c: In function `func_8016DC20':
src/ov_SC04_018/ov_SC04_018_jr_8016AB6C.c:3397: warning: passing arg 1 of `func_80128ED8' makes integer from pointer without a cast
src/ov_SC04_018/../shared/ov/func_8013E4B4.h: In function `func_8013E4B4':
In file included from src/ov_SC04_018/ov_SC04_018_jr_8013C98C.c:1789:
src/ov_SC04_018/../shared/ov/func_8013E4B4.h:14: warning: passing arg 1 of `func_8012C750' makes integer from pointer without a cast
src/ov_SC04_018/../shared/ov/func_8015C6AC.h: In function `func_8015C6AC':
In file included from src/ov_SC04_018/ov_SC04_018_jr_8015C32C.c:1332:
src/ov_SC04_018/../shared/ov/func_8015C6AC.h:7: warning: passing arg 1 of `func_8015C788' makes integer from pointer without a cast
src/ov_SC04_018/ov_SC04_018_jr_8017AE2C.c: In function `func_80183BC4':
src/ov_SC04_018/ov_SC04_018_jr_8017AE2C.c:8934: warning: passing arg 1 of `func_80183A08' makes integer from pointer without a cast
src/ov_SC04_018/ov_SC04_018_jr_8017AE2C.c: At top level:
src/ov_SC04_018/ov_SC04_018_jr_8017AE2C.c:8964: warning: type mismatch with previous external decl
src/ov_SC04_018/ov_SC04_018_jr_8017AE2C.c:8822: warning: previous external decl of `D_80192150'
src/ov_SC04_018/../shared/ov/func_8016DEE0.h: In function `func_8016DEE0':
In file included from src/ov_SC04_018/ov_SC04_018_jr_8016AB6C.c:3414:
src/ov_SC04_018/../shared/ov/func_8016DEE0.h:6: warning: passing arg 1 of `func_80128ED8' makes integer from pointer without a cast
src/ov_SC04_018/../shared/ov/func_8013EA54.h: At top level:
In file included from src/ov_SC04_018/ov_SC04_018_jr_8013C98C.c:1987:
src/ov_SC04_018/../shared/ov/func_8013EA54.h:7: warning: prototype for `func_8013E958' follows
src/ov_SC04_018/ov_SC04_018_jr_8013C98C.c:1951: warning: non-prototype definition here
src/ov_SC04_018/../shared/ov/func_8013EA54.h:15: warning: type mismatch with previous external decl
src/ov_SC04_018/ov_SC04_018_jr_8013C98C.c:1893: warning: previous external decl of `D_80115130'
src/ov_SC04_018/ov_SC04_018_jr_8015C32C.c: In function `func_8015CD20':
src/ov_SC04_018/ov_SC04_018_jr_8015C32C.c:1553: warning: type mismatch with previous external decl
src/ov_SC04_018/ov_SC04_018_jr_8015C32C.c:1245: warning: previous external decl of `D_8018F8B0'
src/ov_SC04_018/../shared/ov/func_8016E1CC.h: At top level:
In file included from src/ov_SC04_018/ov_SC04_018_jr_8016AB6C.c:3515:
src/ov_SC04_018/../shared/ov/func_8016E1CC.h:3: warning: type mismatch with previous external decl
src/ov_SC04_018/ov_SC04_018_jr_8016AB6C.c:3439: warning: previous external decl of `func_8016E3CC'
src/ov_SC04_018/ov_SC04_018_jr_8013C98C.c:2011: warning: type mismatch with previous external decl
src/ov_SC04_018/ov_SC04_018_jr_8013C98C.c:1891: warning: previous external decl of `D_80115128'
src/ov_SC04_018/ov_SC04_018_jr_801878E8.c: In function `func_80188B84':
src/ov_SC04_018/ov_SC04_018_jr_801878E8.c:3940: warning: type mismatch with previous external decl
src/ov_SC04_018/ov_SC04_018_jr_801878E8.c:3728: warning: previous external decl of `D_80115158'
src/ov_SC04_018/ov_SC04_018_jr_8015C32C.c: In function `func_8015D1B8':
src/ov_SC04_018/ov_SC04_018_jr_8015C32C.c:1778: warning: passing arg 1 of `func_801725F4' from incompatible pointer type
src/ov_SC04_018/ov_SC04_018_jr_8013C98C.c:2152: warning: type mismatch with previous external decl
src/ov_SC04_018/ov_SC04_018_jr_8013C98C.c:1953: warning: previous external decl of `func_800D0488'
src/ov_SC04_018/../shared/ov/func_8015D480.h: In function `func_8015D480':
In file included from src/ov_SC04_018/ov_SC04_018_jr_8015C32C.c:1833:
src/ov_SC04_018/../shared/ov/func_8015D480.h:7: warning: passing arg 1 of `func_8015D57C' makes integer from pointer without a cast
src/ov_SC04_018/../shared/ov/func_8015D57C.h: In function `func_8015D57C':
In file included from src/ov_SC04_018/ov_SC04_018_jr_8015C32C.c:1850:
src/ov_SC04_018/../shared/ov/func_8015D57C.h:12: warning: passing arg 1 of `func_801553A8' makes pointer from integer without a cast
src/ov_SC04_018/../shared/ov/func_8015D57C.h:13: warning: passing arg 1 of `func_80155440' makes pointer from integer without a cast
src/ov_SC04_018/../shared/ov/func_8015D57C.h:14: warning: passing arg 1 of `func_80146CA0' makes pointer from integer without a cast
src/ov_SC04_018/ov_SC04_018_jr_8015C32C.c:3301: warning: "SHB" redefined
 3301 | #define SHB(x) __asm__("" : "=r"(x) : "0"(x))
      | 
src/ov_SC04_018/ov_SC04_018_jr_8015C32C.c:3300: note: this is the location of the previous definition
 3300 | #define SHB(x) __asm__ __volatile__("" : "=r"(x) : "0"(x))
      | 
src/ov_SC04_018/../shared/ov/func_80149F2C.h: In function `func_80149F2C':
In file included from src/ov_SC04_018/ov_SC04_018_after.c:975:
src/ov_SC04_018/../shared/ov/func_80149F2C.h:9: warning: initialization makes pointer from integer without a cast
src/ov_SC04_018/ov_SC04_018_jr_8016AB6C.c:3663: warning: type mismatch with previous external decl
src/ov_SC04_018/ov_SC04_018_jr_8016AB6C.c:1901: warning: previous external decl of `func_80024054'
src/ov_SC04_018/../shared/ov/func_8015DA90.h: In function `func_8015DA90':
In file included from src/ov_SC04_018/ov_SC04_018_jr_8015C32C.c:2008:
src/ov_SC04_018/../shared/ov/func_8015DA90.h:7: warning: passing arg 1 of `func_8015DB6C' makes integer from pointer without a cast
src/ov_SC04_018/../shared/ov/func_8016EDEC.h: In function `func_8016EDEC':
In file included from src/ov_SC04_018/ov_SC04_018_jr_8016AB6C.c:3827:
src/ov_SC04_018/../shared/ov/func_8016EDEC.h:13: warning: assignment from incompatible pointer type
src/ov_SC04_018/../shared/ov/func_8016EDEC.h:16: warning: passing arg 1 from incompatible pointer type
src/ov_SC04_018/../shared/ov/func_8016EDEC.h:17: warning: passing arg 1 from incompatible pointer type
src/ov_SC04_018/../shared/ov/func_8016EE40.h: In function `func_8016EE40':
In file included from src/ov_SC04_018/ov_SC04_018_jr_8016AB6C.c:3829:
src/ov_SC04_018/../shared/ov/func_8016EE40.h:17: warning: passing arg 1 from incompatible pointer type
src/ov_SC04_018/../shared/ov/func_8016EE40.h:19: warning: passing arg 1 from incompatible pointer type
src/ov_SC04_018/../shared/ov/func_8015DDF0.h: In function `func_8015DDF0':
In file included from src/ov_SC04_018/ov_SC04_018_jr_8015C32C.c:2086:
src/ov_SC04_018/../shared/ov/func_8015DDF0.h:7: warning: passing arg 1 of `func_8015DECC' makes integer from pointer without a cast
src/ov_SC04_018/../shared/ov/func_8015E150.h: In function `func_8015E150':
In file included from src/ov_SC04_018/ov_SC04_018_jr_8015C32C.c:2164:
src/ov_SC04_018/../shared/ov/func_8015E150.h:7: warning: passing arg 1 of `func_8015E22C' makes integer from pointer without a cast
src/ov_SC04_018/ov_SC04_018_jr_8012ACE0.c: In function `func_80130D48':
src/ov_SC04_018/ov_SC04_018_jr_8012ACE0.c:1439: warning: assignment makes pointer from integer without a cast
src/ov_SC04_018/../shared/ov/func_8016F4FC.h: In function `func_8016F4FC':
In file included from src/ov_SC04_018/ov_SC04_018_jr_8016AB6C.c:3955:
src/ov_SC04_018/../shared/ov/func_8016F4FC.h:9: warning: passing arg 1 of `func_800D1724' makes integer from pointer without a cast
src/ov_SC04_018/../shared/ov/func_8016F71C.h: In function `func_8016F71C':
In file included from src/ov_SC04_018/ov_SC04_018_jr_8016AB6C.c:3981:
src/ov_SC04_018/../shared/ov/func_8016F71C.h:11: warning: passing arg 1 of `func_8016F764' makes pointer from integer without a cast
src/ov_SC04_018/ov_SC04_018_jr_8012ACE0.c: In function `func_80131340':
src/ov_SC04_018/ov_SC04_018_jr_8012ACE0.c:1626: warning: type mismatch with previous external decl
src/ov_SC04_018/ov_SC04_018_jr_8012ACE0.c:1509: warning: previous external decl of `D_8018D6CC'
src/ov_SC04_018/ov_SC04_018_jr_8012ACE0.c:1672: warning: passing arg 1 of `func_80131E00' makes pointer from integer without a cast
src/ov_SC04_018/../shared/ov/func_8015E84C.h: In function `func_8015E84C':
In file included from src/ov_SC04_018/ov_SC04_018_jr_8015C32C.c:2288:
src/ov_SC04_018/../shared/ov/func_8015E84C.h:7: warning: passing arg 1 of `func_8015E95C' makes integer from pointer without a cast
src/ov_SC04_018/ov_SC04_018_jr_8012ACE0.c:1726: warning: passing arg 1 of `func_80131E00' makes pointer from integer without a cast
src/ov_SC04_018/ov_SC04_018_jr_8012ACE0.c:1770: warning: passing arg 1 of `func_80131E00' makes pointer from integer without a cast
src/ov_SC04_018/ov_SC04_018_jr_8012ACE0.c:1801: warning: passing arg 1 of `func_80131E00' makes pointer from integer without a cast
src/ov_SC04_018/ov_SC04_018_jr_8012ACE0.c:1806: warning: passing arg 1 of `func_80131E00' makes pointer from integer without a cast
src/ov_SC04_018/ov_SC04_018_jr_8012ACE0.c:1823: warning: passing arg 1 of `func_80131E00' makes pointer from integer without a cast
src/ov_SC04_018/ov_SC04_018_jr_8012ACE0.c:1833: warning: passing arg 1 of `func_80131E00' makes pointer from integer without a cast
src/ov_SC04_018/../shared/ov/func_8015E95C.h: In function `func_8015E95C':
In file included from src/ov_SC04_018/ov_SC04_018_jr_8015C32C.c:2305:
src/ov_SC04_018/../shared/ov/func_8015E95C.h:10: warning: passing arg 1 of `func_8015E9B8' makes pointer from integer without a cast
src/ov_SC04_018/../shared/ov/func_8016FE2C.h: In function `func_8016FE2C':
In file included from src/ov_SC04_018/ov_SC04_018_jr_8016AB6C.c:4085:
src/ov_SC04_018/../shared/ov/func_8016FE2C.h:7: warning: passing arg 1 of `func_80172658' from incompatible pointer type
src/ov_SC04_018/ov_SC04_018_jr_8015C32C.c: In function `func_8015EA3C':
src/ov_SC04_018/ov_SC04_018_jr_8015C32C.c:2414: warning: passing arg 1 makes integer from pointer without a cast
src/ov_SC04_018/../shared/ov/func_8014B034.h: At top level:
In file included from src/ov_SC04_018/ov_SC04_018_after.c:1115:
src/ov_SC04_018/../shared/ov/func_8014B034.h:4: warning: type mismatch with previous external decl
src/ov_SC04_018/../shared/ov/func_8014ADE0.h:22: warning: previous external decl of `D_80078E90'
src/ov_SC04_018/../shared/ov/func_8015EDA0.h: In function `func_8015EDA0':
In file included from src/ov_SC04_018/ov_SC04_018_jr_8015C32C.c:2422:
src/ov_SC04_018/../shared/ov/func_8015EDA0.h:7: warning: passing arg 1 of `func_8015EE7C' makes integer from pointer without a cast
src/ov_SC04_018/../shared/ov/func_8015EFA4.h: In function `func_8015EFA4':
In file included from src/ov_SC04_018/ov_SC04_018_jr_8015C32C.c:2494:
src/ov_SC04_018/../shared/ov/func_8015EFA4.h:7: warning: passing arg 1 of `func_8015F080' makes integer from pointer without a cast
src/ov_SC04_018/../shared/ov/func_80170374.h: In function `func_80170374':
In file included from src/ov_SC04_018/ov_SC04_018_jr_8016AB6C.c:4153:
src/ov_SC04_018/../shared/ov/func_80170374.h:11: warning: passing arg 1 of `func_8014C168' from incompatible pointer type
src/ov_SC04_018/../shared/ov/func_8017044C.h: In function `func_8017044C':
In file included from src/ov_SC04_018/ov_SC04_018_jr_8016AB6C.c:4165:
src/ov_SC04_018/../shared/ov/func_8017044C.h:14: warning: passing arg 1 of `func_80171AB0' makes integer from pointer without a cast
src/ov_SC04_018/../shared/ov/func_801705C0.h: In function `func_801705C0':
In file included from src/ov_SC04_018/ov_SC04_018_jr_8016AB6C.c:4189:
src/ov_SC04_018/../shared/ov/func_801705C0.h:8: warning: passing arg 1 makes integer from pointer without a cast
src/ov_SC04_018/../shared/ov/func_80170B48.h: In function `func_80170B48':
In file included from src/ov_SC04_018/ov_SC04_018_jr_8016AB6C.c:4263:
src/ov_SC04_018/../shared/ov/func_80170B48.h:9: warning: passing arg 1 of `func_8014706C' makes pointer from integer without a cast
src/ov_SC04_018/../shared/ov/func_80170B90.h: At top level:
In file included from src/ov_SC04_018/ov_SC04_018_jr_8016AB6C.c:4265:
src/ov_SC04_018/../shared/ov/func_80170B90.h:5: warning: type mismatch with previous external decl
src/ov_SC04_018/../shared/ov/func_80170B48.h:12: warning: previous external decl of `func_80170B90'
src/ov_SC04_018/../shared/ov/func_80170B90.h:5: warning: type mismatch with previous implicit declaration
src/ov_SC04_018/../shared/ov/func_80170B48.h:12: warning: previous implicit declaration of `func_80170B90'
src/ov_SC04_018/../shared/ov/func_80170B90.h:5: warning: `func_80170B90' was previously implicitly declared to return `int'
src/ov_SC04_018/../shared/ov/func_80170CF0.h: In function `func_80170CF0':
In file included from src/ov_SC04_018/ov_SC04_018_jr_8016AB6C.c:4290:
src/ov_SC04_018/../shared/ov/func_80170CF0.h:11: warning: passing arg 1 makes integer from pointer without a cast
src/ov_SC04_018/ov_SC04_018_jr_8015C32C.c: In function `func_8015F89C':
src/ov_SC04_018/ov_SC04_018_jr_8015C32C.c:2713: warning: passing arg 2 of `func_801466F0' makes integer from pointer without a cast
src/ov_SC04_018/../shared/ov/func_80170DE0.h: In function `func_80170DE0':
In file included from src/ov_SC04_018/ov_SC04_018_jr_8016AB6C.c:4303:
src/ov_SC04_018/../shared/ov/func_80170DE0.h:11: warning: passing arg 1 makes integer from pointer without a cast
src/ov_SC04_018/../shared/ov/func_80170EAC.h: In function `func_80170EAC':
In file included from src/ov_SC04_018/ov_SC04_018_jr_8016AB6C.c:4315:
src/ov_SC04_018/../shared/ov/func_80170EAC.h:11: warning: passing arg 1 makes integer from pointer without a cast
src/ov_SC04_018/../shared/ov/func_801710DC.h: In function `func_801710DC':
In file included from src/ov_SC04_018/ov_SC04_018_jr_8016AB6C.c:4351:
src/ov_SC04_018/../shared/ov/func_801710DC.h:9: warning: passing arg 1 makes integer from pointer without a cast
src/ov_SC04_018/../shared/ov/func_801710DC.h:10: warning: passing arg 1 makes integer from pointer without a cast
In file included from src/ov_SC04_018/ov_SC04_018_after.c:1193:
src/ov_SC04_018/../shared/ov/func_8014BE9C.h:4: warning: type mismatch with previous external decl
src/ov_SC04_018/ov_SC04_018_after.c:130: warning: previous external decl of `func_8014BE9C'
src/ov_SC04_018/../shared/ov/func_801325B8.h: In function `func_801325B8':
In file included from src/ov_SC04_018/ov_SC04_018_jr_8012ACE0.c:2195:
src/ov_SC04_018/../shared/ov/func_801325B8.h:34: warning: passing arg 1 of `memcpy' makes pointer from integer without a cast
src/ov_SC04_018/../shared/ov/func_801325B8.h:34: warning: passing arg 2 of `memcpy' makes pointer from integer without a cast
src/ov_SC04_018/../shared/ov/func_801325B8.h:57: warning: passing arg 1 of `memcpy' makes pointer from integer without a cast
src/ov_SC04_018/../shared/ov/func_801325B8.h:57: warning: passing arg 2 of `memcpy' makes pointer from integer without a cast
src/ov_SC04_018/../shared/ov/func_8014C168.h: In function `func_8014C168':
In file included from src/ov_SC04_018/ov_SC04_018_after.c:1223:
src/ov_SC04_018/../shared/ov/func_8014C168.h:12: warning: return makes integer from pointer without a cast
src/ov_SC04_018/../shared/ov/func_8014C168.h:16: warning: return makes integer from pointer without a cast
src/ov_SC04_018/../shared/ov/func_8014C3D0.h: In function `func_8014C3D0':
In file included from src/ov_SC04_018/ov_SC04_018_after.c:1245:
src/ov_SC04_018/../shared/ov/func_8014C3D0.h:6: warning: passing arg 2 of `func_8014C59C' makes pointer from integer without a cast
src/ov_SC04_018/../shared/ov/func_8014C43C.h: In function `func_8014C43C':
In file included from src/ov_SC04_018/ov_SC04_018_after.c:1247:
src/ov_SC04_018/../shared/ov/func_8014C43C.h:9: warning: passing arg 4 of `func_8014C4AC' makes pointer from integer without a cast
src/ov_SC04_018/../shared/ov/func_80132EF4.h: In function `func_80132EF4':
In file included from src/ov_SC04_018/ov_SC04_018_jr_8012ACE0.c:2207:
src/ov_SC04_018/../shared/ov/func_80132EF4.h:6: warning: initialization makes integer from pointer without a cast
src/ov_SC04_018/../shared/ov/func_80132F40.h: In function `func_80132F40':
In file included from src/ov_SC04_018/ov_SC04_018_jr_8012ACE0.c:2288:
src/ov_SC04_018/../shared/ov/func_80132F40.h:34: warning: passing arg 2 of `func_8012F038' from incompatible pointer type
src/ov_SC04_018/../shared/ov/func_80132F40.h:34: warning: passing arg 3 of `func_8012F038' from incompatible pointer type
src/ov_SC04_018/../shared/ov/func_80132F40.h:36: warning: passing arg 2 of `func_8012F14C' makes integer from pointer without a cast
src/ov_SC04_018/../shared/ov/func_80132F40.h:36: warning: passing arg 3 of `func_8012F14C' makes integer from pointer without a cast
src/ov_SC04_018/../shared/ov/func_80160B70.h: In function `func_80160B70':
In file included from src/ov_SC04_018/ov_SC04_018_jr_8015C32C.c:3192:
src/ov_SC04_018/../shared/ov/func_80160B70.h:7: warning: passing arg 1 of `func_80160BB4' makes pointer from integer without a cast
src/ov_SC04_018/../shared/ov/func_8014C6D0.h: At top level:
In file included from src/ov_SC04_018/ov_SC04_018_after.c:1279:
src/ov_SC04_018/../shared/ov/func_8014C6D0.h:4: warning: type mismatch with previous external decl
src/ov_SC04_018/ov_SC04_018_after.c:138: warning: previous external decl of `func_8014C6D0'
In file included from src/ov_SC04_018/ov_SC04_018_after.c:1321:
src/ov_SC04_018/../shared/ov/func_8014C968.h:4: warning: type mismatch with previous external decl
src/ov_SC04_018/ov_SC04_018_after.c:137: warning: previous external decl of `func_8014C968'
src/ov_SC04_018/../shared/ov/func_80160F70.h: In function `func_80160F70':
In file included from src/ov_SC04_018/ov_SC04_018_jr_8015C32C.c:3253:
src/ov_SC04_018/../shared/ov/func_80160F70.h:15: warning: passing arg 1 of `func_8013767C' makes integer from pointer without a cast
src/ov_SC04_018/ov_SC04_018_jr_8015C32C.c: In function `aF80161208':
src/ov_SC04_018/ov_SC04_018_jr_8015C32C.c:3288: warning: passing arg 1 makes integer from pointer without a cast
src/ov_SC04_018/../shared/ov/func_80161278.h: In function `func_80161278':
In file included from src/ov_SC04_018/ov_SC04_018_jr_8015C32C.c:3294:
src/ov_SC04_018/../shared/ov/func_80161278.h:10: warning: passing arg 1 of `func_80161374' makes integer from pointer without a cast
src/ov_SC04_018/../shared/ov/func_801612B8.h: In function `func_801612B8':
In file included from src/ov_SC04_018/ov_SC04_018_jr_8015C32C.c:3296:
src/ov_SC04_018/../shared/ov/func_801612B8.h:11: warning: assignment makes integer from pointer without a cast
src/ov_SC04_018/../shared/ov/func_80161418.h: In function `func_80161418':
In file included from src/ov_SC04_018/ov_SC04_018_jr_8015C32C.c:3359:
src/ov_SC04_018/../shared/ov/func_80161418.h:6: warning: passing arg 1 of `func_8016163C' makes integer from pointer without a cast
src/ov_SC04_018/../shared/ov/func_8014CD0C.h: In function `func_8014CD0C':
In file included from src/ov_SC04_018/ov_SC04_018_after.c:1395:
src/ov_SC04_018/../shared/ov/func_8014CD0C.h:21: warning: passing arg 2 of `func_8014CF04' makes integer from pointer without a cast
src/ov_SC04_018/../shared/ov/func_80161450.h: In function `func_80161450':
In file included from src/ov_SC04_018/ov_SC04_018_jr_8015C32C.c:3361:
src/ov_SC04_018/../shared/ov/func_80161450.h:6: warning: passing arg 1 of `func_80161774' makes integer from pointer without a cast
src/ov_SC04_018/../shared/ov/func_80161488.h: In function `func_80161488':
In file included from src/ov_SC04_018/ov_SC04_018_jr_8015C32C.c:3363:
src/ov_SC04_018/../shared/ov/func_80161488.h:9: warning: passing arg 1 of `func_80161774' makes integer from pointer without a cast
src/ov_SC04_018/../shared/ov/func_801614E4.h: In function `func_801614E4':
In file included from src/ov_SC04_018/ov_SC04_018_jr_8015C32C.c:3365:
src/ov_SC04_018/../shared/ov/func_801614E4.h:6: warning: passing arg 1 of `func_80161888' makes integer from pointer without a cast
src/ov_SC04_018/../shared/ov/func_80161554.h: In function `func_80161554':
In file included from src/ov_SC04_018/ov_SC04_018_jr_8015C32C.c:3369:
src/ov_SC04_018/../shared/ov/func_80161554.h:6: warning: passing arg 1 of `func_8016163C' makes integer from pointer without a cast
src/ov_SC04_018/../shared/ov/func_8016158C.h: In function `func_8016158C':
In file included from src/ov_SC04_018/ov_SC04_018_jr_8015C32C.c:3371:
src/ov_SC04_018/../shared/ov/func_8016158C.h:6: warning: passing arg 1 of `func_80161774' makes integer from pointer without a cast
src/ov_SC04_018/../shared/ov/func_801615C4.h: In function `func_801615C4':
In file included from src/ov_SC04_018/ov_SC04_018_jr_8015C32C.c:3373:
src/ov_SC04_018/../shared/ov/func_801615C4.h:12: warning: passing arg 1 of `func_80146D90' makes integer from pointer without a cast
src/ov_SC04_018/../shared/ov/func_801615C4.h:15: warning: passing arg 1 makes integer from pointer without a cast
src/ov_SC04_018/../shared/ov/func_801615C4.h:17: warning: passing arg 1 makes integer from pointer without a cast
src/ov_SC04_018/ov_SC04_018_jr_8012ACE0.c: In function `func_80133AB0':
src/ov_SC04_018/ov_SC04_018_jr_8012ACE0.c:2539: warning: type mismatch with previous external decl
src/ov_SC04_018/ov_SC04_018_jr_8012ACE0.c:2428: warning: previous external decl of `D_8018D7A8'
src/ov_SC04_018/ov_SC04_018_jr_8012ACE0.c:2540: warning: type mismatch with previous external decl
src/ov_SC04_018/ov_SC04_018_jr_8012ACE0.c:2427: warning: previous external decl of `D_8018D7A4'
src/ov_SC04_018/ov_SC04_018_jr_8012ACE0.c: In function `func_80133CD4':
src/ov_SC04_018/ov_SC04_018_jr_8012ACE0.c:2623: warning: type mismatch with previous external decl
src/ov_SC04_018/ov_SC04_018_jr_8012ACE0.c:2428: warning: previous external decl of `D_8018D7A8'
src/ov_SC04_018/ov_SC04_018_jr_8012ACE0.c:2624: warning: type mismatch with previous external decl
src/ov_SC04_018/ov_SC04_018_jr_8012ACE0.c:2427: warning: previous external decl of `D_8018D7A4'
src/ov_SC04_018/ov_SC04_018_jr_8012ACE0.c:2625: warning: type mismatch with previous external decl
src/ov_SC04_018/ov_SC04_018_jr_8012ACE0.c:2541: warning: previous external decl of `D_8018D7B0'
src/ov_SC04_018/../shared/ov/func_8014D438.h: In function `func_8014D438':
In file included from src/ov_SC04_018/ov_SC04_018_after.c:1472:
src/ov_SC04_018/../shared/ov/func_8014D438.h:15: warning: passing arg 2 of `func_8014D610' makes integer from pointer without a cast
src/ov_SC04_018/ov_SC04_018_jr_8012ACE0.c: In function `func_801343C4':
src/ov_SC04_018/ov_SC04_018_jr_8012ACE0.c:2799: warning: type mismatch with previous external decl
src/ov_SC04_018/ov_SC04_018_jr_8012ACE0.c:2427: warning: previous external decl of `D_8018D7A4'
src/ov_SC04_018/ov_SC04_018_jr_8012ACE0.c:2800: warning: type mismatch with previous external decl
src/ov_SC04_018/ov_SC04_018_jr_8012ACE0.c:2428: warning: previous external decl of `D_8018D7A8'
src/ov_SC04_018/ov_SC04_018_jr_8012ACE0.c:2802: warning: type mismatch with previous external decl
src/ov_SC04_018/ov_SC04_018_jr_8012ACE0.c:2429: warning: previous external decl of `D_801E5A8C'
src/ov_SC04_018/ov_SC04_018_jr_8012ACE0.c: In function `func_80134510':
src/ov_SC04_018/ov_SC04_018_jr_8012ACE0.c:2855: warning: type mismatch with previous external decl
src/ov_SC04_018/ov_SC04_018_jr_8012ACE0.c:2427: warning: previous external decl of `D_8018D7A4'
src/ov_SC04_018/ov_SC04_018_jr_8012ACE0.c:2856: warning: type mismatch with previous external decl
src/ov_SC04_018/ov_SC04_018_jr_8012ACE0.c:2428: warning: previous external decl of `D_8018D7A8'
src/ov_SC04_018/ov_SC04_018_jr_8012ACE0.c:2857: warning: type mismatch with previous external decl
src/ov_SC04_018/ov_SC04_018_jr_8012ACE0.c:2626: warning: previous external decl of `D_8018D7AC'
src/ov_SC04_018/ov_SC04_018_jr_8015C32C.c: At top level:
src/ov_SC04_018/ov_SC04_018_jr_8015C32C.c:3785: warning: type mismatch with previous external decl
src/ov_SC04_018/ov_SC04_018_jr_8015C32C.c:3715: warning: previous external decl of `D_801E5C00'
src/ov_SC04_018/ov_SC04_018_jr_8012ACE0.c: In function `func_801345F8':
src/ov_SC04_018/ov_SC04_018_jr_8012ACE0.c:2904: warning: type mismatch with previous external decl
src/ov_SC04_018/ov_SC04_018_jr_8012ACE0.c:2427: warning: previous external decl of `D_8018D7A4'
src/ov_SC04_018/ov_SC04_018_jr_8015C32C.c:3807: warning: type mismatch with previous external decl
src/ov_SC04_018/ov_SC04_018_jr_8015C32C.c:3700: warning: previous external decl of `D_80078EB0'
src/ov_SC04_018/ov_SC04_018_jr_8015C32C.c: In function `func_801622C4':
src/ov_SC04_018/ov_SC04_018_jr_8015C32C.c:3876: warning: assignment from incompatible pointer type
src/ov_SC04_018/ov_SC04_018_jr_8012ACE0.c: At top level:
src/ov_SC04_018/ov_SC04_018_jr_8012ACE0.c:2963: warning: type mismatch with previous external decl
src/ov_SC04_018/ov_SC04_018_jr_8012ACE0.c:2903: warning: previous external decl of `func_801347A0'
src/ov_SC04_018/ov_SC04_018_jr_8012ACE0.c: In function `func_801347A0':
src/ov_SC04_018/ov_SC04_018_jr_8012ACE0.c:2965: warning: type mismatch with previous external decl
src/ov_SC04_018/ov_SC04_018_jr_8012ACE0.c:2428: warning: previous external decl of `D_8018D7A8'
src/ov_SC04_018/ov_SC04_018_jr_8012ACE0.c:2966: warning: type mismatch with previous external decl
src/ov_SC04_018/ov_SC04_018_jr_8012ACE0.c:2427: warning: previous external decl of `D_8018D7A4'
src/ov_SC04_018/ov_SC04_018_jr_8012ACE0.c:2967: warning: type mismatch with previous external decl
src/ov_SC04_018/ov_SC04_018_jr_8012ACE0.c:2626: warning: previous external decl of `D_8018D7AC'
src/ov_SC04_018/ov_SC04_018_jr_8012ACE0.c: In function `func_80134C20':
src/ov_SC04_018/ov_SC04_018_jr_8012ACE0.c:3087: warning: type mismatch with previous external decl
src/ov_SC04_018/ov_SC04_018_jr_8012ACE0.c:2427: warning: previous external decl of `D_8018D7A4'
src/ov_SC04_018/ov_SC04_018_jr_8012ACE0.c:3088: warning: type mismatch with previous external decl
src/ov_SC04_018/ov_SC04_018_jr_8012ACE0.c:2428: warning: previous external decl of `D_8018D7A8'
src/ov_SC04_018/ov_SC04_018_jr_8012ACE0.c:3089: warning: type mismatch with previous external decl
src/ov_SC04_018/ov_SC04_018_jr_8012ACE0.c:2626: warning: previous external decl of `D_8018D7AC'
src/ov_SC04_018/ov_SC04_018_jr_8012ACE0.c:3090: warning: type mismatch with previous external decl
src/ov_SC04_018/ov_SC04_018_jr_8012ACE0.c:2541: warning: previous external decl of `D_8018D7B0'
src/ov_SC04_018/../shared/ov/func_8014E48C.h: In function `func_8014E48C':
In file included from src/ov_SC04_018/ov_SC04_018_after.c:1900:
src/ov_SC04_018/../shared/ov/func_8014E48C.h:17: warning: passing arg 1 of `func_8014E514' makes pointer from integer without a cast
src/ov_SC04_018/../shared/ov/func_8014E48C.h:17: warning: passing arg 2 of `func_8014E514' makes integer from pointer without a cast
src/ov_SC04_018/../shared/ov/func_8014E48C.h:17: warning: passing arg 3 of `func_8014E514' makes integer from pointer without a cast
src/ov_SC04_018/ov_SC04_018_jr_8012ACE0.c: In function `func_80135004':
src/ov_SC04_018/ov_SC04_018_jr_8012ACE0.c:3182: warning: type mismatch with previous external decl
src/ov_SC04_018/ov_SC04_018_jr_8012ACE0.c:2428: warning: previous external decl of `D_8018D7A8'
src/ov_SC04_018/ov_SC04_018_jr_8012ACE0.c:3183: warning: type mismatch with previous external decl
src/ov_SC04_018/ov_SC04_018_jr_8012ACE0.c:2427: warning: previous external decl of `D_8018D7A4'
src/ov_SC04_018/ov_SC04_018_jr_8012ACE0.c: In function `func_80135168':
src/ov_SC04_018/ov_SC04_018_jr_8012ACE0.c:3251: warning: type mismatch with previous external decl
src/ov_SC04_018/ov_SC04_018_jr_8012ACE0.c:2427: warning: previous external decl of `D_8018D7A4'
src/ov_SC04_018/ov_SC04_018_jr_8012ACE0.c:3252: warning: type mismatch with previous external decl
src/ov_SC04_018/ov_SC04_018_jr_8012ACE0.c:2428: warning: previous external decl of `D_8018D7A8'
src/ov_SC04_018/../shared/ov/func_8014E790.h: In function `func_8014E790':
In file included from src/ov_SC04_018/ov_SC04_018_after.c:1978:
src/ov_SC04_018/../shared/ov/func_8014E790.h:8: warning: passing arg 3 of `func_80135888' makes integer from pointer without a cast
src/ov_SC04_018/../shared/ov/func_8014E790.h:8: warning: passing arg 4 of `func_80135888' makes integer from pointer without a cast
src/ov_SC04_018/ov_SC04_018_jr_8012ACE0.c: In function `func_80135260':
src/ov_SC04_018/ov_SC04_018_jr_8012ACE0.c:3326: warning: type mismatch with previous external decl
src/ov_SC04_018/ov_SC04_018_jr_8012ACE0.c:2427: warning: previous external decl of `D_8018D7A4'
src/ov_SC04_018/ov_SC04_018_jr_8012ACE0.c:3327: warning: type mismatch with previous external decl
src/ov_SC04_018/ov_SC04_018_jr_8012ACE0.c:2428: warning: previous external decl of `D_8018D7A8'
src/ov_SC04_018/ov_SC04_018_jr_8012ACE0.c:3328: warning: type mismatch with previous external decl
src/ov_SC04_018/ov_SC04_018_jr_8012ACE0.c:2541: warning: previous external decl of `D_8018D7B0'
src/ov_SC04_018/../shared/ov/func_8014E83C.h: In function `func_8014E83C':
In file included from src/ov_SC04_018/ov_SC04_018_after.c:1980:
src/ov_SC04_018/../shared/ov/func_8014E83C.h:18: warning: passing arg 3 of `func_80135888' makes integer from pointer without a cast
src/ov_SC04_018/../shared/ov/func_8014E83C.h:18: warning: passing arg 4 of `func_80135888' makes integer from pointer without a cast
src/ov_SC04_018/ov_SC04_018_jr_8012ACE0.c: In function `func_80135480':
src/ov_SC04_018/ov_SC04_018_jr_8012ACE0.c:3446: warning: type mismatch with previous external decl
src/ov_SC04_018/ov_SC04_018_jr_8012ACE0.c:2427: warning: previous external decl of `D_8018D7A4'
src/ov_SC04_018/ov_SC04_018_jr_8012ACE0.c:3447: warning: type mismatch with previous external decl
src/ov_SC04_018/ov_SC04_018_jr_8012ACE0.c:2428: warning: previous external decl of `D_8018D7A8'
src/ov_SC04_018/../shared/ov/func_8016345C.h: At top level:
In file included from src/ov_SC04_018/ov_SC04_018_jr_8015C32C.c:4173:
src/ov_SC04_018/../shared/ov/func_8016345C.h:5: warning: type mismatch with previous external decl
src/ov_SC04_018/ov_SC04_018_jr_8015C32C.c:4163: warning: previous external decl of `func_8016345C'
src/ov_SC04_018/../shared/ov/func_8016345C.h: In function `func_8016345C':
src/ov_SC04_018/../shared/ov/func_8016345C.h:8: warning: passing arg 6 of `func_80163534' makes pointer from integer without a cast
src/ov_SC04_018/ov_SC04_018_jr_8015C32C.c: At top level:
src/ov_SC04_018/ov_SC04_018_jr_8015C32C.c:4179: warning: type mismatch with previous external decl
src/ov_SC04_018/ov_SC04_018_jr_8015C32C.c:4164: warning: previous external decl of `D_801E5054'
src/ov_SC04_018/../shared/ov/func_8014EE14.h: In function `func_8014EE14':
In file included from src/ov_SC04_018/ov_SC04_018_after.c:2056:
src/ov_SC04_018/../shared/ov/func_8014EE14.h:22: warning: assignment makes integer from pointer without a cast
src/ov_SC04_018/../shared/ov/func_80150820.h: At top level:
In file included from src/ov_SC04_018/ov_SC04_018_after.c:2381:
src/ov_SC04_018/../shared/ov/func_80150820.h:5: warning: type mismatch with previous external decl
src/ov_SC04_018/ov_SC04_018_after.c:2344: warning: previous external decl of `func_80150820'
src/ov_SC04_018/ov_SC04_018_jr_8015C32C.c:4647: warning: type mismatch with previous external decl
src/ov_SC04_018/ov_SC04_018_jr_8015C32C.c:4625: warning: previous external decl of `D_801E5CF8'
src/ov_SC04_018/ov_SC04_018_jr_8015C32C.c: In function `func_801651B8':
src/ov_SC04_018/ov_SC04_018_jr_8015C32C.c:4655: warning: assignment makes integer from pointer without a cast
src/ov_SC04_018/../shared/ov/func_80151204.h: In function `func_80151204':
In file included from src/ov_SC04_018/ov_SC04_018_after.c:2603:
src/ov_SC04_018/../shared/ov/func_80151204.h:7: warning: passing arg 1 of `func_8014ACE8' makes pointer from integer without a cast
src/ov_SC04_018/../shared/ov/func_8015126C.h: In function `func_8015126C':
In file included from src/ov_SC04_018/ov_SC04_018_after.c:2607:
src/ov_SC04_018/../shared/ov/func_8015126C.h:132: warning: passing arg 1 of `func_8015173C' from incompatible pointer type
src/ov_SC04_018/../shared/ov/func_80165CA0.h: In function `func_80165CA0':
In file included from src/ov_SC04_018/ov_SC04_018_jr_8015C32C.c:4903:
src/ov_SC04_018/../shared/ov/func_80165CA0.h:13: warning: assignment from incompatible pointer type
src/ov_SC04_018/../shared/ov/func_80165FA4.h: In function `func_80165FA4':
In file included from src/ov_SC04_018/ov_SC04_018_jr_8015C32C.c:4916:
src/ov_SC04_018/../shared/ov/func_80165FA4.h:11: warning: passing arg 2 of `ApplyMatrixSV' makes pointer from integer without a cast
src/ov_SC04_018/../shared/ov/func_80165FA4.h:11: warning: passing arg 3 of `ApplyMatrixSV' makes pointer from integer without a cast
src/ov_SC04_018/../shared/ov/func_80165FA4.h:12: warning: passing arg 2 of `ApplyMatrixSV' makes pointer from integer without a cast
src/ov_SC04_018/../shared/ov/func_80165FA4.h:12: warning: passing arg 3 of `ApplyMatrixSV' makes pointer from integer without a cast
src/ov_SC04_018/../shared/ov/func_80151AE4.h: In function `func_80151AE4':
In file included from src/ov_SC04_018/ov_SC04_018_after.c:2680:
src/ov_SC04_018/../shared/ov/func_80151AE4.h:16: warning: passing arg 1 of `func_80149020' makes pointer from integer without a cast
src/ov_SC04_018/../shared/ov/func_80151AE4.h:19: warning: passing arg 1 of `func_80159B3C' makes pointer from integer without a cast
src/ov_SC04_018/../shared/ov/func_80151AE4.h:32: warning: passing arg 1 of `func_8015BDD0' makes pointer from integer without a cast
src/ov_SC04_018/../shared/ov/func_801665B4.h: In function `func_801665B4':
In file included from src/ov_SC04_018/ov_SC04_018_jr_8015C32C.c:4950:
src/ov_SC04_018/../shared/ov/func_801665B4.h:8: warning: passing arg 1 of `func_80128ED8' makes integer from pointer without a cast
src/ov_SC04_018/ov_SC04_018_after.c: In function `func_801520DC':
src/ov_SC04_018/ov_SC04_018_after.c:2735: warning: passing arg 1 of `func_80149020' makes pointer from integer without a cast
src/ov_SC04_018/ov_SC04_018_after.c:2736: warning: passing arg 1 of `func_801472C8' makes pointer from integer without a cast
src/ov_SC04_018/ov_SC04_018_after.c:2738: warning: passing arg 1 of `func_80146DB8' makes pointer from integer without a cast
src/ov_SC04_018/ov_SC04_018_after.c:2739: warning: passing arg 1 of `func_801477E8' makes pointer from integer without a cast
src/ov_SC04_018/ov_SC04_018_after.c:2740: warning: passing arg 1 of `func_8014CBF8' makes pointer from integer without a cast
src/ov_SC04_018/ov_SC04_018_after.c:2741: warning: passing arg 1 of `func_801474EC' makes pointer from integer without a cast
src/ov_SC04_018/ov_SC04_018_after.c:2742: warning: passing arg 2 of `func_80146A6C' makes pointer from integer without a cast
src/ov_SC04_018/ov_SC04_018_after.c:2744: warning: passing arg 1 of `func_80146CA0' makes pointer from integer without a cast
src/ov_SC04_018/../shared/ov/func_80152254.h: In function `func_80152254':
In file included from src/ov_SC04_018/ov_SC04_018_after.c:2752:
src/ov_SC04_018/../shared/ov/func_80152254.h:22: warning: passing arg 1 of `func_80159B3C' makes pointer from integer without a cast
src/ov_SC04_018/ov_SC04_018_after.c: In function `func_801528B0':
src/ov_SC04_018/ov_SC04_018_after.c:2866: warning: passing arg 1 of `func_80149020' makes pointer from integer without a cast
src/ov_SC04_018/ov_SC04_018_after.c:2867: warning: passing arg 1 of `func_80154274' makes pointer from integer without a cast
src/ov_SC04_018/ov_SC04_018_after.c:2867: warning: passing arg 2 of `func_80154274' makes integer from pointer without a cast
src/ov_SC04_018/ov_SC04_018_after.c:2870: warning: passing arg 1 of `func_80146DB8' makes pointer from integer without a cast
src/ov_SC04_018/ov_SC04_018_after.c:2871: warning: passing arg 1 of `func_801477E8' makes pointer from integer without a cast
src/ov_SC04_018/ov_SC04_018_after.c:2872: warning: passing arg 1 of `func_8014CBF8' makes pointer from integer without a cast
src/ov_SC04_018/ov_SC04_018_after.c:2873: warning: passing arg 1 of `func_801474EC' makes pointer from integer without a cast
src/ov_SC04_018/ov_SC04_018_after.c:2874: warning: passing arg 1 of `func_80146CA0' makes pointer from integer without a cast
src/ov_SC04_018/../shared/ov/func_8015294C.h: In function `func_8015294C':
In file included from src/ov_SC04_018/ov_SC04_018_after.c:2878:
src/ov_SC04_018/../shared/ov/func_8015294C.h:31: warning: passing arg 1 of `func_801472C8' from incompatible pointer type
src/ov_SC04_018/../shared/ov/func_80152A50.h: In function `func_80152A50':
In file included from src/ov_SC04_018/ov_SC04_018_after.c:2882:
src/ov_SC04_018/../shared/ov/func_80152A50.h:22: warning: passing arg 1 of `func_80159B3C' makes pointer from integer without a cast
src/ov_SC04_018/../shared/ov/func_80152BF0.h: In function `func_80152BF0':
In file included from src/ov_SC04_018/ov_SC04_018_after.c:2896:
src/ov_SC04_018/../shared/ov/func_80152BF0.h:13: warning: passing arg 1 of `func_80146CA0' makes pointer from integer without a cast
src/ov_SC04_018/../shared/ov/func_80152C80.h: In function `func_80152C80':
In file included from src/ov_SC04_018/ov_SC04_018_after.c:2900:
src/ov_SC04_018/../shared/ov/func_80152C80.h:12: warning: initialization makes integer from pointer without a cast
src/ov_SC04_018/ov_SC04_018_after.c: In function `func_80152DA8':
src/ov_SC04_018/ov_SC04_018_after.c:2931: warning: passing arg 1 of `func_80149020' makes pointer from integer without a cast
src/ov_SC04_018/ov_SC04_018_after.c:2932: warning: passing arg 1 of `func_80154274' makes pointer from integer without a cast
src/ov_SC04_018/ov_SC04_018_after.c:2932: warning: passing arg 2 of `func_80154274' makes integer from pointer without a cast
src/ov_SC04_018/ov_SC04_018_after.c:2936: warning: passing arg 1 of `func_80146DB8' makes pointer from integer without a cast
src/ov_SC04_018/ov_SC04_018_after.c:2937: warning: passing arg 1 of `func_801477E8' makes pointer from integer without a cast
src/ov_SC04_018/ov_SC04_018_after.c:2938: warning: passing arg 1 of `func_8014CBF8' makes pointer from integer without a cast
src/ov_SC04_018/ov_SC04_018_after.c:2939: warning: passing arg 1 of `func_801474EC' makes pointer from integer without a cast
src/ov_SC04_018/ov_SC04_018_after.c:2940: warning: passing arg 1 of `func_80146CA0' makes pointer from integer without a cast
src/ov_SC04_018/../shared/ov/func_80152E4C.h: In function `func_80152E4C':
In file included from src/ov_SC04_018/ov_SC04_018_after.c:2944:
src/ov_SC04_018/../shared/ov/func_80152E4C.h:34: warning: passing arg 1 of `func_801472C8' makes pointer from integer without a cast
src/ov_SC04_018/../shared/ov/func_80152F44.h: In function `func_80152F44':
In file included from src/ov_SC04_018/ov_SC04_018_after.c:2948:
src/ov_SC04_018/../shared/ov/func_80152F44.h:22: warning: passing arg 1 of `func_80159B3C' makes pointer from integer without a cast
src/ov_SC04_018/../shared/ov/func_801530E4.h: In function `func_801530E4':
In file included from src/ov_SC04_018/ov_SC04_018_after.c:2962:
src/ov_SC04_018/../shared/ov/func_801530E4.h:14: warning: passing arg 1 of `func_80149020' makes pointer from integer without a cast
src/ov_SC04_018/../shared/ov/func_801530E4.h:15: warning: passing arg 1 of `func_801472C8' makes pointer from integer without a cast
src/ov_SC04_018/../shared/ov/func_801530E4.h:17: warning: passing arg 1 of `func_8014CBF8' makes pointer from integer without a cast
src/ov_SC04_018/../shared/ov/func_801530E4.h:18: warning: passing arg 1 of `func_801474EC' makes pointer from integer without a cast
src/ov_SC04_018/../shared/ov/func_801530E4.h:19: warning: passing arg 1 of `func_80155440' makes pointer from integer without a cast
src/ov_SC04_018/../shared/ov/func_801530E4.h:20: warning: passing arg 1 of `func_80146CA0' makes pointer from integer without a cast
src/ov_SC04_018/../shared/ov/func_80153204.h: In function `func_80153204':
In file included from src/ov_SC04_018/ov_SC04_018_after.c:2968:
src/ov_SC04_018/../shared/ov/func_80153204.h:22: warning: passing arg 1 of `func_80159B3C' makes pointer from integer without a cast
src/ov_SC04_018/../shared/ov/func_8016829C.h: At top level:
In file included from src/ov_SC04_018/ov_SC04_018_jr_8015C32C.c:5734:
src/ov_SC04_018/../shared/ov/func_8016829C.h:4: warning: prototype for `func_80166994' follows
src/ov_SC04_018/ov_SC04_018_jr_8015C32C.c:5108: warning: non-prototype definition here
src/ov_SC04_018/../shared/ov/func_801533A4.h: In function `func_801533A4':
In file included from src/ov_SC04_018/ov_SC04_018_after.c:2982:
src/ov_SC04_018/../shared/ov/func_801533A4.h:12: warning: passing arg 1 of `func_80149020' makes pointer from integer without a cast
src/ov_SC04_018/../shared/ov/func_801533A4.h:15: warning: passing arg 1 of `func_8014CBF8' makes pointer from integer without a cast
src/ov_SC04_018/../shared/ov/func_801533A4.h:16: warning: passing arg 1 of `func_801474EC' makes pointer from integer without a cast
src/ov_SC04_018/../shared/ov/func_801533A4.h:17: warning: passing arg 1 of `func_80155440' makes pointer from integer without a cast
src/ov_SC04_018/../shared/ov/func_801533A4.h:18: warning: passing arg 1 of `func_80146CA0' makes pointer from integer without a cast
src/ov_SC04_018/../shared/ov/func_801534D8.h: In function `func_801534D8':
In file included from src/ov_SC04_018/ov_SC04_018_after.c:2988:
src/ov_SC04_018/../shared/ov/func_801534D8.h:22: warning: passing arg 1 of `func_80159B3C' makes pointer from integer without a cast
src/ov_SC04_018/../shared/ov/func_801539F8.h: In function `func_801539F8':
In file included from src/ov_SC04_018/ov_SC04_018_after.c:3004:
src/ov_SC04_018/../shared/ov/func_801539F8.h:14: warning: passing arg 3 of `func_80133784' makes integer from pointer without a cast
src/ov_SC04_018/../shared/ov/func_801539F8.h:20: warning: passing arg 3 of `func_80133784' makes integer from pointer without a cast
src/ov_SC04_018/../shared/ov/func_801539F8.h:24: warning: passing arg 3 of `func_80133784' makes integer from pointer without a cast
src/ov_SC04_018/../shared/ov/func_80168A14.h: In function `func_80168A14':
In file included from src/ov_SC04_018/ov_SC04_018_jr_8015C32C.c:5874:
src/ov_SC04_018/../shared/ov/func_80168A14.h:11: warning: passing arg 2 of `func_80146A6C' makes pointer from integer without a cast
src/ov_SC04_018/../shared/ov/func_80153C8C.h: At top level:
In file included from src/ov_SC04_018/ov_SC04_018_after.c:3020:
src/ov_SC04_018/../shared/ov/func_80153C8C.h:4: warning: type mismatch with previous external decl
src/ov_SC04_018/ov_SC04_018_after.c:140: warning: previous external decl of `func_80153C8C'
src/ov_SC04_018/../shared/ov/func_80154150.h: In function `func_80154150':
In file included from src/ov_SC04_018/ov_SC04_018_after.c:3078:
src/ov_SC04_018/../shared/ov/func_80154150.h:7: warning: passing arg 1 of `func_80154190' makes pointer from integer without a cast
src/ov_SC04_018/../shared/ov/func_80169E44.h: In function `func_80169E44':
In file included from src/ov_SC04_018/ov_SC04_018_jr_8015C32C.c:6052:
src/ov_SC04_018/../shared/ov/func_80169E44.h:9: warning: passing arg 1 of `func_80128ED8' makes integer from pointer without a cast
src/ov_SC04_018/../shared/ov/func_80169FE0.h: In function `func_80169FE0':
In file included from src/ov_SC04_018/ov_SC04_018_jr_8015C32C.c:6096:
src/ov_SC04_018/../shared/ov/func_80169FE0.h:6: warning: passing arg 1 of `func_80128ED8' makes integer from pointer without a cast
{standard input}: Assembler messages:
{standard input}:683: Warning: used $at without ".set noat"
{standard input}:684: Warning: used $at without ".set noat"
{standard input}:12681: Warning: used $at without ".set noat"
{standard input}:12682: Warning: used $at without ".set noat"
{standard input}:13010: Warning: used $at without ".set noat"
{standard input}:13011: Warning: used $at without ".set noat"
{standard input}:13332: Warning: used $at without ".set noat"
{standard input}:13333: Warning: used $at without ".set noat"
{standard input}:13637: Warning: used $at without ".set noat"
{standard input}:13638: Warning: used $at without ".set noat"
{standard input}:14342: Warning: used $at without ".set noat"
{standard input}:14343: Warning: used $at without ".set noat"
{standard input}:14785: Warning: used $at without ".set noat"
{standard input}:14786: Warning: used $at without ".set noat"
{standard input}:15021: Warning: used $at without ".set noat"
{standard input}:15022: Warning: used $at without ".set noat"
{standard input}:15267: Warning: used $at without ".set noat"
{standard input}:15268: Warning: used $at without ".set noat"
{standard input}:15617: Warning: used $at without ".set noat"
{standard input}:15618: Warning: used $at without ".set noat"
{standard input}:16023: Warning: used $at without ".set noat"
{standard input}:16024: Warning: used $at without ".set noat"
{standard input}:16259: Warning: used $at without ".set noat"
{standard input}:16260: Warning: used $at without ".set noat"
{standard input}:16477: Warning: used $at without ".set noat"
{standard input}:16478: Warning: used $at without ".set noat"
{standard input}:16746: Warning: used $at without ".set noat"
{standard input}:16747: Warning: used $at without ".set noat"
{standard input}:16898: Warning: used $at without ".set noat"
{standard input}:16899: Warning: used $at without ".set noat"
{standard input}:17015: Warning: used $at without ".set noat"
{standard input}:17016: Warning: used $at without ".set noat"
{standard input}:17725: Warning: used $at without ".set noat"
{standard input}:17726: Warning: used $at without ".set noat"
{standard input}:18374: Warning: used $at without ".set noat"
{standard input}:18375: Warning: used $at without ".set noat"
  LD      build/ov_SC04_018/ov_SC04_018.elf
  OBJCOPY build/ov_SC04_018/ov_SC04_018
  TRIM    build/ov_SC04_018/ov_SC04_018 (-1 B linker end-align pad)
[ OK ] build/ov_SC04_018/ov_SC04_018
       sha1 fe9b413fc48ba615ccf81cde49d7a1efad481bc9 == config/check.ov_SC04_018.sha  (BYTE-IDENTICAL)
