  CC      build/src/ov_SC01_005/ov_SC01_005_jr_8015444C.o
  CC      build/src/ov_SC01_005/ov_SC01_005_jr_8016AB6C.o
  CC      build/src/ov_SC01_005/ov_SC01_005_jr_8013F350.o
  CC      build/src/ov_SC01_005/ov_SC01_005_jr_8013FFD8.o
  CC      build/src/ov_SC01_005/ov_SC01_005_jr_80171B4C.o
  CC      build/src/ov_SC01_005/ov_SC01_005_jr_8015C32C.o
  CC      build/src/ov_SC01_005/ov_SC01_005_jr_8017C340.o
  CC      build/src/ov_SC01_005/ov_SC01_005_jr_80135D20.o
  CC      build/src/ov_SC01_005/ov_SC01_005_jr_801380E0.o
  CC      build/src/ov_SC01_005/ov_SC01_005_jr_801789AC.o
  CC      build/src/ov_SC01_005/ov_SC01_005_jr_8017A4AC.o
  CC      build/src/ov_SC01_005/ov_SC01_005_jr_801588CC.o
  CC      build/src/ov_SC01_005/ov_SC01_005_jr_8017EB44.o
  CC      build/src/ov_SC01_005/ov_SC01_005_jr_80159C84.o
  CC      build/src/ov_SC01_005/ov_SC01_005_jr_8017ED5C.o
  CC      build/src/ov_SC01_005/ov_SC01_005_jr_801734BC.o
src/ov_SC01_005/ov_SC01_005_jr_8016AB6C.c:1526: warning: conflicting types for built-in function `memcpy'
src/ov_SC01_005/ov_SC01_005_jr_8013FFD8.c:1054: warning: type mismatch with previous external decl
src/ov_SC01_005/ov_SC01_005_jr_8013FFD8.c:918: warning: previous external decl of `D_80183464'
src/ov_SC01_005/ov_SC01_005_jr_8013FFD8.c: In function `func_8014032C':
src/ov_SC01_005/ov_SC01_005_jr_8013FFD8.c:1073: warning: type mismatch with previous external decl
src/ov_SC01_005/ov_SC01_005_jr_8013FFD8.c:919: warning: previous external decl of `D_80183470'
src/ov_SC01_005/ov_SC01_005_jr_8013FFD8.c:1078: warning: type mismatch with previous external decl
src/ov_SC01_005/ov_SC01_005_jr_8013FFD8.c:932: warning: previous external decl of `D_801CC67C'
src/ov_SC01_005/ov_SC01_005_jr_8013FFD8.c:1160: warning: return makes integer from pointer without a cast
src/ov_SC01_005/ov_SC01_005_jr_80171B4C.c:1533: warning: conflicting types for built-in function `memcpy'
src/ov_SC01_005/ov_SC01_005_jr_8015C32C.c:1547: warning: "NULL" redefined
 1547 | #define NULL 0
      | 
In file included from src/ov_SC01_005/ov_SC01_005_jr_8015C32C.c:1:
include/common.h:41: note: this is the location of the previous definition
   41 | #define NULL ((void *)0)   /* m2c emits NULL for null pointers; byte-neutral (== 0) */
      | 
src/ov_SC01_005/../shared/ov/func_80171CC4.h: In function `func_80171CC4':
In file included from src/ov_SC01_005/ov_SC01_005_jr_80171B4C.c:2268:
src/ov_SC01_005/../shared/ov/func_80171CC4.h:9: warning: passing arg 1 of `func_80171D78' makes integer from pointer without a cast
src/ov_SC01_005/../shared/ov/func_80171CC4.h:9: warning: passing arg 2 of `func_80171D78' makes integer from pointer without a cast
src/ov_SC01_005/../shared/ov/func_8016B448.h: In function `func_8016B448':
In file included from src/ov_SC01_005/ov_SC01_005_jr_8016AB6C.c:2144:
src/ov_SC01_005/../shared/ov/func_8016B448.h:10: warning: passing arg 1 of `func_8014C050' makes integer from pointer without a cast
src/ov_SC01_005/../shared/ov/func_8016B448.h:12: warning: passing arg 1 of `func_8016B984' makes pointer from integer without a cast
src/ov_SC01_005/../shared/ov/func_8016B448.h:14: warning: passing arg 2 of `func_80146A6C' makes pointer from integer without a cast
src/ov_SC01_005/ov_SC01_005_jr_8017C340.c:1533: warning: conflicting types for built-in function `memcpy'
src/ov_SC01_005/ov_SC01_005_jr_80135D20.c:578: warning: conflicting types for built-in function `memcpy'
src/ov_SC01_005/../shared/ov/func_8017248C.h: In function `func_8017248C':
In file included from src/ov_SC01_005/ov_SC01_005_jr_80171B4C.c:2298:
src/ov_SC01_005/../shared/ov/func_8017248C.h:6: warning: passing arg 1 makes pointer from integer without a cast
src/ov_SC01_005/../shared/ov/func_8017248C.h:6: warning: passing arg 2 makes pointer from integer without a cast
src/ov_SC01_005/../shared/ov/func_8017250C.h: In function `func_8017250C':
In file included from src/ov_SC01_005/ov_SC01_005_jr_80171B4C.c:2302:
src/ov_SC01_005/../shared/ov/func_8017250C.h:5: warning: passing arg 1 of `func_80172560' from incompatible pointer type
src/ov_SC01_005/../shared/ov/func_8017250C.h:5: warning: passing arg 2 of `func_80172560' from incompatible pointer type
src/ov_SC01_005/../shared/ov/func_8016BA68.h: In function `func_8016BA68':
In file included from src/ov_SC01_005/ov_SC01_005_jr_8016AB6C.c:2396:
src/ov_SC01_005/../shared/ov/func_8016BA68.h:9: warning: passing arg 1 of `func_8014C050' makes integer from pointer without a cast
src/ov_SC01_005/../shared/ov/func_8016BA68.h:11: warning: passing arg 1 makes pointer from integer without a cast
src/ov_SC01_005/../shared/ov/func_8016BA68.h:13: warning: passing arg 2 of `func_80146A6C' makes pointer from integer without a cast
src/ov_SC01_005/../shared/ov/func_801726D0.h: In function `func_801726D0':
In file included from src/ov_SC01_005/ov_SC01_005_jr_80171B4C.c:2348:
src/ov_SC01_005/../shared/ov/func_801726D0.h:10: warning: assignment from incompatible pointer type
src/ov_SC01_005/ov_SC01_005_jr_8016AB6C.c: In function `func_8016BCC0':
src/ov_SC01_005/ov_SC01_005_jr_8016AB6C.c:2467: warning: type mismatch with previous external decl
src/ov_SC01_005/ov_SC01_005_jr_8016AB6C.c:2417: warning: previous external decl of `func_8016BF50'
src/ov_SC01_005/ov_SC01_005_jr_8016AB6C.c:2474: warning: passing arg 1 of `func_8016BFA8' makes integer from pointer without a cast
src/ov_SC01_005/ov_SC01_005_jr_8016AB6C.c:2474: warning: passing arg 2 of `func_8016BFA8' makes integer from pointer without a cast
src/ov_SC01_005/ov_SC01_005_jr_8016AB6C.c:2474: warning: passing arg 3 of `func_8016BFA8' makes integer from pointer without a cast
src/ov_SC01_005/ov_SC01_005_jr_8016AB6C.c:2474: warning: passing arg 4 of `func_8016BFA8' makes integer from pointer without a cast
src/ov_SC01_005/../shared/ov/func_80172D14.h: In function `func_80172D14':
In file included from src/ov_SC01_005/ov_SC01_005_jr_80171B4C.c:2439:
src/ov_SC01_005/../shared/ov/func_80172D14.h:9: warning: passing arg 1 of `func_80171AB0' makes integer from pointer without a cast
src/ov_SC01_005/../shared/ov/func_80172D14.h:11: warning: passing arg 1 of `func_80174650' makes integer from pointer without a cast
src/ov_SC01_005/ov_SC01_005_jr_8016AB6C.c: In function `func_8016BD78':
src/ov_SC01_005/ov_SC01_005_jr_8016AB6C.c:2492: warning: type mismatch with previous external decl
src/ov_SC01_005/ov_SC01_005_jr_8016AB6C.c:2417: warning: previous external decl of `func_8016BF50'
src/ov_SC01_005/ov_SC01_005_jr_8016AB6C.c:2492: warning: type mismatch with previous implicit declaration
src/ov_SC01_005/ov_SC01_005_jr_8016AB6C.c:2467: warning: previous implicit declaration of `func_8016BF50'
src/ov_SC01_005/../shared/ov/func_80172E20.h: In function `func_80172E20':
In file included from src/ov_SC01_005/ov_SC01_005_jr_80171B4C.c:2456:
src/ov_SC01_005/../shared/ov/func_80172E20.h:14: warning: passing arg 1 of `func_80171AB0' makes integer from pointer without a cast
src/ov_SC01_005/../shared/ov/func_80172E20.h:16: warning: passing arg 1 of `func_80174650' makes integer from pointer without a cast
src/ov_SC01_005/ov_SC01_005_jr_8016AB6C.c: In function `func_8016BEA0':
src/ov_SC01_005/ov_SC01_005_jr_8016AB6C.c:2533: warning: type mismatch with previous external decl
src/ov_SC01_005/ov_SC01_005_jr_8016AB6C.c:2417: warning: previous external decl of `func_8016BF50'
src/ov_SC01_005/ov_SC01_005_jr_8016AB6C.c:2533: warning: type mismatch with previous implicit declaration
src/ov_SC01_005/ov_SC01_005_jr_8016AB6C.c:2467: warning: previous implicit declaration of `func_8016BF50'
src/ov_SC01_005/../shared/ov/func_8017303C.h: In function `func_8017303C':
In file included from src/ov_SC01_005/ov_SC01_005_jr_80171B4C.c:2474:
src/ov_SC01_005/../shared/ov/func_8017303C.h:9: warning: assignment makes integer from pointer without a cast
src/ov_SC01_005/../shared/ov/func_8016BF50.h: At top level:
In file included from src/ov_SC01_005/ov_SC01_005_jr_8016AB6C.c:2558:
src/ov_SC01_005/../shared/ov/func_8016BF50.h:6: warning: type mismatch with previous external decl
src/ov_SC01_005/ov_SC01_005_jr_8016AB6C.c:2417: warning: previous external decl of `func_8016BF50'
src/ov_SC01_005/../shared/ov/func_801730FC.h: In function `func_801730FC':
In file included from src/ov_SC01_005/ov_SC01_005_jr_80171B4C.c:2487:
src/ov_SC01_005/../shared/ov/func_801730FC.h:12: warning: passing arg 1 of `func_80147060' from incompatible pointer type
src/ov_SC01_005/../shared/ov/func_801730FC.h:13: warning: passing arg 1 of `func_80154150' makes integer from pointer without a cast
src/ov_SC01_005/ov_SC01_005_jr_8017A4AC.c:1531: warning: conflicting types for built-in function `memcpy'
src/ov_SC01_005/../shared/ov/func_801387B8.h: In function `func_801387B8':
In file included from src/ov_SC01_005/ov_SC01_005_jr_801380E0.c:1020:
src/ov_SC01_005/../shared/ov/func_801387B8.h:5: warning: type mismatch with previous external decl
src/ov_SC01_005/ov_SC01_005_jr_801380E0.c:719: warning: previous external decl of `func_80139220'
src/ov_SC01_005/ov_SC01_005_jr_8013F350.c: In function `func_8013FAF8':
src/ov_SC01_005/ov_SC01_005_jr_8013F350.c:1303: warning: passing arg 1 of `func_80024054' makes pointer from integer without a cast
src/ov_SC01_005/../shared/ov/func_801387B8.h:29: warning: passing arg 1 of `func_80138DE0' makes pointer from integer without a cast
src/ov_SC01_005/ov_SC01_005_jr_8013F350.c:1319: warning: passing arg 1 of `func_80024054' makes pointer from integer without a cast
src/ov_SC01_005/ov_SC01_005_jr_8013F350.c:1344: warning: passing arg 1 of `func_80137D08' makes integer from pointer without a cast
src/ov_SC01_005/ov_SC01_005_jr_8013F350.c:1344: warning: passing arg 2 of `func_80137D08' makes integer from pointer without a cast
src/ov_SC01_005/ov_SC01_005_jr_8013F350.c:1344: warning: assignment makes pointer from integer without a cast
src/ov_SC01_005/ov_SC01_005_jr_8013F350.c:1347: warning: passing arg 1 of `func_8013AB54' makes integer from pointer without a cast
src/ov_SC01_005/ov_SC01_005_jr_8013F350.c:1347: warning: passing arg 2 of `func_8013AB54' makes integer from pointer without a cast
src/ov_SC01_005/ov_SC01_005_jr_8013F350.c:1347: warning: assignment makes pointer from integer without a cast
src/ov_SC01_005/ov_SC01_005_jr_80171B4C.c: In function `func_80173220':
src/ov_SC01_005/ov_SC01_005_jr_80171B4C.c:2519: warning: passing arg 1 of `func_80174650' makes integer from pointer without a cast
src/ov_SC01_005/ov_SC01_005_jr_8016AB6C.c:2707: warning: type mismatch with previous external decl
src/ov_SC01_005/ov_SC01_005_jr_8016AB6C.c:2653: warning: previous external decl of `D_801CCC7C'
src/ov_SC01_005/ov_SC01_005_jr_8016AB6C.c:2708: warning: type mismatch with previous external decl
src/ov_SC01_005/ov_SC01_005_jr_8016AB6C.c:2656: warning: previous external decl of `D_801CCC84'
src/ov_SC01_005/../shared/ov/func_80138AB4.h: At top level:
In file included from src/ov_SC01_005/ov_SC01_005_jr_801380E0.c:1026:
src/ov_SC01_005/../shared/ov/func_80138AB4.h:7: warning: type mismatch with previous external decl
src/ov_SC01_005/ov_SC01_005_jr_801380E0.c:714: warning: previous external decl of `func_80138AB4'
src/ov_SC01_005/../shared/ov/func_80138AB4.h: In function `func_80138AB4':
src/ov_SC01_005/../shared/ov/func_80138AB4.h:18: warning: passing arg 1 of `func_80138DE0' makes pointer from integer without a cast
src/ov_SC01_005/ov_SC01_005_jr_801734BC.c:1534: warning: conflicting types for built-in function `memcpy'
src/ov_SC01_005/ov_SC01_005_jr_801380E0.c: At top level:
src/ov_SC01_005/ov_SC01_005_jr_801380E0.c:1050: warning: type mismatch with previous external decl
src/ov_SC01_005/ov_SC01_005_jr_801380E0.c:715: warning: previous external decl of `func_80138C60'
In file included from src/ov_SC01_005/ov_SC01_005_jr_801380E0.c:1090:
src/ov_SC01_005/../shared/ov/func_80138D58.h:4: warning: type mismatch with previous external decl
src/ov_SC01_005/ov_SC01_005_jr_801380E0.c:716: warning: previous external decl of `func_80138D58'
src/ov_SC01_005/../shared/ov/func_8015C6AC.h: In function `func_8015C6AC':
In file included from src/ov_SC01_005/ov_SC01_005_jr_8015C32C.c:1333:
src/ov_SC01_005/../shared/ov/func_8015C6AC.h:7: warning: passing arg 1 of `func_8015C788' makes integer from pointer without a cast
src/ov_SC01_005/../shared/ov/func_80158AE4.h: In function `func_80158AE4':
In file included from src/ov_SC01_005/ov_SC01_005_jr_801588CC.c:1160:
src/ov_SC01_005/../shared/ov/func_80158AE4.h:20: warning: passing arg 1 makes integer from pointer without a cast
src/ov_SC01_005/../shared/ov/func_80158AE4.h:21: warning: passing arg 1 makes integer from pointer without a cast
src/ov_SC01_005/../shared/ov/func_80158AE4.h:22: warning: passing arg 1 of `func_80165A20' makes integer from pointer without a cast
src/ov_SC01_005/../shared/ov/func_80158AE4.h:23: warning: passing arg 1 of `func_80165A78' makes integer from pointer without a cast
src/ov_SC01_005/../shared/ov/func_80158AE4.h:26: warning: passing arg 1 of `func_8014B160' makes integer from pointer without a cast
src/ov_SC01_005/ov_SC01_005_jr_801588CC.c: In function `func_80158BB0':
src/ov_SC01_005/ov_SC01_005_jr_801588CC.c:1179: warning: passing arg 2 of `func_80154274' makes integer from pointer without a cast
src/ov_SC01_005/ov_SC01_005_jr_801588CC.c:1180: warning: passing arg 1 of `func_80154A74' makes integer from pointer without a cast
src/ov_SC01_005/ov_SC01_005_jr_801789AC.c:1532: warning: conflicting types for built-in function `memcpy'
src/ov_SC01_005/ov_SC01_005_jr_80135D20.c: In function `func_80136A94':
src/ov_SC01_005/ov_SC01_005_jr_80135D20.c:1208: warning: type mismatch with previous external decl
src/ov_SC01_005/ov_SC01_005_jr_80135D20.c:774: warning: previous external decl of `D_80126722'
In file included from src/ov_SC01_005/ov_SC01_005_jr_801380E0.c:1100:
src/ov_SC01_005/../shared/ov/func_8013914C.h:3: warning: type mismatch with previous external decl
src/ov_SC01_005/ov_SC01_005_jr_801380E0.c:719: warning: previous external decl of `func_80139220'
In file included from src/ov_SC01_005/ov_SC01_005_jr_801380E0.c:1102:
src/ov_SC01_005/../shared/ov/func_801391F0.h:5: warning: type mismatch with previous external decl
src/ov_SC01_005/ov_SC01_005_jr_801380E0.c:718: warning: previous external decl of `func_801391F0'
src/ov_SC01_005/ov_SC01_005_jr_801734BC.c:2345: warning: type mismatch with previous external decl
src/ov_SC01_005/ov_SC01_005_jr_801734BC.c:2322: warning: previous external decl of `func_80173544'
src/ov_SC01_005/ov_SC01_005_jr_8015C32C.c: In function `func_8015CD20':
src/ov_SC01_005/ov_SC01_005_jr_8015C32C.c:1554: warning: type mismatch with previous external decl
src/ov_SC01_005/ov_SC01_005_jr_8015C32C.c:1246: warning: previous external decl of `D_80184A4C'
  CC      build/src/ov_SC01_005/ov_SC01_005_o0b.o
src/ov_SC01_005/ov_SC01_005_jr_8017C340.c: In function `func_8017D9A0':
src/ov_SC01_005/ov_SC01_005_jr_8017C340.c:3447: warning: passing arg 5 of `func_8001ABBC' makes integer from pointer without a cast
src/ov_SC01_005/ov_SC01_005_jr_801789AC.c: In function `func_80178B70':
src/ov_SC01_005/ov_SC01_005_jr_801789AC.c:2686: warning: type mismatch with previous external decl
src/ov_SC01_005/ov_SC01_005_jr_801789AC.c:2667: warning: previous external decl of `D_80185CEC'
src/ov_SC01_005/ov_SC01_005_jr_801789AC.c:2691: warning: passing arg 2 of `func_80178CBC' makes integer from pointer without a cast
In file included from src/ov_SC01_005/ov_SC01_005_jr_8016AB6C.c:2831:
src/ov_SC01_005/../shared/ov/func_8016C83C.h:5: warning: type mismatch with previous external declsrc/ov_SC01_005/../shared/ov/func_80178BB8.h: 
In function `func_80178BB8':
src/ov_SC01_005/ov_SC01_005_jr_8016AB6C.c:2750: In file includedwarning:  from src/ov_SC01_005/ov_SC01_005_jr_801789AC.c:2696:
previous external decl of `src/ov_SC01_005/../shared/ov/func_80178BB8.h:4: func_8016CF04warning: 'type mismatch with previous external decl

src/ov_SC01_005/ov_SC01_005_jr_801789AC.c:2665: warning: previous external decl of `func_80178BF8'
src/ov_SC01_005/ov_SC01_005_jr_8017C340.c: In function `func_8017D9F4':
src/ov_SC01_005/ov_SC01_005_jr_8017C340.c:3474: warning: passing arg 5 of `func_8001ABBC' makes integer from pointer without a cast
src/ov_SC01_005/ov_SC01_005_jr_801789AC.c: At top level:
src/ov_SC01_005/ov_SC01_005_jr_801789AC.c:2704: warning: type mismatch with previous external decl
src/ov_SC01_005/ov_SC01_005_jr_801789AC.c:2665: warning: previous external decl of `func_80178BF8'
src/ov_SC01_005/ov_SC01_005_jr_8017ED5C.c:1525: warning: conflicting types for built-in function `memcpy'
src/ov_SC01_005/ov_SC01_005_jr_8017C340.c: In function `func_8017DB00':
src/ov_SC01_005/ov_SC01_005_jr_8017C340.c:3509: warning: cast from pointer to integer of different size
src/ov_SC01_005/ov_SC01_005_jr_8017C340.c: At top level:
src/ov_SC01_005/ov_SC01_005_jr_8017C340.c:3567: warning: type mismatch with previous external decl
src/ov_SC01_005/ov_SC01_005_jr_8017C340.c:3543: warning: previous external decl of `func_8017DC48'
src/ov_SC01_005/ov_SC01_005_jr_8017C340.c:3567: warning: type mismatch with previous implicit declaration
src/ov_SC01_005/ov_SC01_005_jr_8017C340.c:3543: warning: previous implicit declaration of `func_8017DC48'
src/ov_SC01_005/ov_SC01_005_jr_8017C340.c:3567: warning: `func_8017DC48' was previously implicitly declared to return `int'
src/ov_SC01_005/../shared/ov/func_80173A60.h: In function `func_80173A60':
In file included from src/ov_SC01_005/ov_SC01_005_jr_801734BC.c:2416:
src/ov_SC01_005/../shared/ov/func_80173A60.h:24: warning: passing arg 2 of `__builtin_memcpy' makes pointer from integer without a cast
src/ov_SC01_005/../shared/ov/func_80139680.h: In function `func_80139680':
In file included from src/ov_SC01_005/ov_SC01_005_jr_801380E0.c:1114:
src/ov_SC01_005/../shared/ov/func_80139680.h:39: warning: passing arg 2 of `func_80052460' makes integer from pointer without a cast
src/ov_SC01_005/../shared/ov/func_80173BC0.h: In function `func_80173BC0':
In file included from src/ov_SC01_005/ov_SC01_005_jr_801734BC.c:2429:
src/ov_SC01_005/../shared/ov/func_80173BC0.h:20: warning: passing arg 1 of `func_80171A34' from incompatible pointer type
src/ov_SC01_005/../shared/ov/func_80139788.h: At top level:
In file included from src/ov_SC01_005/ov_SC01_005_jr_801380E0.c:1116:
src/ov_SC01_005/../shared/ov/func_80139788.h:3: warning: type mismatch with previous external decl
src/ov_SC01_005/ov_SC01_005_jr_801380E0.c:709: warning: previous external decl of `func_8001931C'
src/ov_SC01_005/../shared/ov/func_80139788.h:5: warning: type mismatch with previous external decl
src/ov_SC01_005/ov_SC01_005_jr_801380E0.c:720: warning: previous external decl of `func_80139788'
src/ov_SC01_005/ov_SC01_005_jr_8017C340.c: In function `func_8017DEFC':
src/ov_SC01_005/ov_SC01_005_jr_8017C340.c:3730: warning: type mismatch with previous external decl
src/ov_SC01_005/ov_SC01_005_jr_8017C340.c:3575: warning: previous external decl of `D_8011514A'
src/ov_SC01_005/ov_SC01_005_jr_8017C340.c:3731: warning: type mismatch with previous external decl
src/ov_SC01_005/ov_SC01_005_jr_8017C340.c:3576: warning: previous external decl of `D_8011514C'
src/ov_SC01_005/../shared/ov/func_801372B0.h: At top level:
In file included from src/ov_SC01_005/ov_SC01_005_jr_80135D20.c:1288:
src/ov_SC01_005/../shared/ov/func_801372B0.h:3: warning: type mismatch with previous external decl
src/ov_SC01_005/ov_SC01_005_jr_80135D20.c:1206: warning: previous external decl of `ApplyMatrixSV'
src/ov_SC01_005/ov_SC01_005_jr_8016AB6C.c: In function `func_8016C998':
src/ov_SC01_005/ov_SC01_005_jr_8016AB6C.c:2846: warning: type mismatch with previous external decl
src/ov_SC01_005/ov_SC01_005_jr_8016AB6C.c:2752: warning: previous external decl of `D_801CCD50'
src/ov_SC01_005/../shared/ov/func_8017E0EC__a0512833.h: In function `func_8017E0EC':
In file included from src/ov_SC01_005/ov_SC01_005_jr_8017C340.c:3813:
src/ov_SC01_005/../shared/ov/func_8017E0EC__a0512833.h:7: warning: assignment from incompatible pointer type
src/ov_SC01_005/../shared/ov/func_80139914.h: In function `func_80139914':
In file included from src/ov_SC01_005/ov_SC01_005_jr_801380E0.c:1187:
src/ov_SC01_005/../shared/ov/func_80139914.h:12: warning: passing arg 1 of `func_8013A8B0' makes pointer from integer without a cast
src/ov_SC01_005/ov_SC01_005_jr_8016AB6C.c: In function `func_8016CBC0':
src/ov_SC01_005/ov_SC01_005_jr_8016AB6C.c:2904: warning: type mismatch with previous external decl
src/ov_SC01_005/ov_SC01_005_jr_8016AB6C.c:2752: warning: previous external decl of `D_801CCD50'
src/ov_SC01_005/ov_SC01_005_jr_8015C32C.c: In function `func_8015D1B8':
src/ov_SC01_005/ov_SC01_005_jr_8015C32C.c:1779: warning: passing arg 1 of `func_801725F4' from incompatible pointer type
src/ov_SC01_005/ov_SC01_005_jr_8017EB44.c:1525: warning: conflicting types for built-in function `memcpy'
  CC      build/src/ov_SC01_005/ov_SC01_005_o0c.o
src/ov_SC01_005/../shared/ov/func_80139C7C.h: At top level:
In file included from src/ov_SC01_005/ov_SC01_005_jr_801380E0.c:1255:
src/ov_SC01_005/../shared/ov/func_80139C7C.h:3: warning: type mismatch with previous external decl
src/ov_SC01_005/ov_SC01_005_jr_801380E0.c:1085: warning: previous external decl of `func_80139C7C'
src/ov_SC01_005/../shared/ov/func_80139C7C.h:3: warning: type mismatch with previous implicit declaration
src/ov_SC01_005/ov_SC01_005_jr_801380E0.c:1085: warning: previous implicit declaration of `func_80139C7C'
src/ov_SC01_005/../shared/ov/func_80139C7C.h:3: warning: `func_80139C7C' was previously implicitly declared to return `int'
src/ov_SC01_005/../shared/ov/func_8015D480.h: In function `func_8015D480':
In file included from src/ov_SC01_005/ov_SC01_005_jr_8015C32C.c:1834:
src/ov_SC01_005/../shared/ov/func_8015D480.h:7: warning: passing arg 1 of `func_8015D57C' makes integer from pointer without a cast
src/ov_SC01_005/../shared/ov/func_80159B08.h: In function `func_80159B08':
In file included from src/ov_SC01_005/ov_SC01_005_jr_801588CC.c:1585:
src/ov_SC01_005/../shared/ov/func_80159B08.h:7: warning: passing arg 1 of `func_80159BE4' makes integer from pointer without a cast
src/ov_SC01_005/../shared/ov/func_8015D57C.h: In function `func_8015D57C':
In file included from src/ov_SC01_005/ov_SC01_005_jr_8015C32C.c:1851:
src/ov_SC01_005/../shared/ov/func_8015D57C.h:12: warning: passing arg 1 of `func_801553A8' makes pointer from integer without a cast
src/ov_SC01_005/../shared/ov/func_8015D57C.h:13: warning: passing arg 1 of `func_80155440' makes pointer from integer without a cast
src/ov_SC01_005/../shared/ov/func_8015D57C.h:14: warning: passing arg 1 of `func_80146CA0' makes pointer from integer without a cast
src/ov_SC01_005/../shared/ov/func_801743F0.h: In function `func_801743F0':
In file included from src/ov_SC01_005/ov_SC01_005_jr_801734BC.c:2479:
src/ov_SC01_005/../shared/ov/func_801743F0.h:8: warning: passing arg 1 of `func_80172658' from incompatible pointer type
src/ov_SC01_005/ov_SC01_005_jr_8016AB6C.c: In function `func_8016CF04':
src/ov_SC01_005/ov_SC01_005_jr_8016AB6C.c:3050: warning: type mismatch with previous external decl
src/ov_SC01_005/ov_SC01_005_jr_8016AB6C.c:2752: warning: previous external decl of `D_801CCD50'
src/ov_SC01_005/ov_SC01_005_jr_8015C32C.c:3302: warning: "SHB" redefined
 3302 | #define SHB(x) __asm__("" : "=r"(x) : "0"(x))
      | 
src/ov_SC01_005/ov_SC01_005_jr_8015C32C.c:3301: note: this is the location of the previous definition
 3301 | #define SHB(x) __asm__ __volatile__("" : "=r"(x) : "0"(x))
      | 
In file included from src/ov_SC01_005/ov_SC01_005_jr_801380E0.c:1271:
src/ov_SC01_005/../shared/ov/func_80139FE8.h:3: warning: type mismatch with previous external decl
src/ov_SC01_005/ov_SC01_005_jr_801380E0.c:711: warning: previous external decl of `func_8001B22C'
src/ov_SC01_005/../shared/ov/func_8015A1FC.h: In function `func_8015A1FC':
In file included from src/ov_SC01_005/ov_SC01_005_jr_80159C84.c:1348:
src/ov_SC01_005/../shared/ov/func_8015A1FC.h:7: warning: passing arg 1 of `func_8015A2D8' makes integer from pointer without a cast
src/ov_SC01_005/../shared/ov/func_8015DA90.h: In function `func_8015DA90':
In file included from src/ov_SC01_005/ov_SC01_005_jr_8015C32C.c:2009:
src/ov_SC01_005/../shared/ov/func_8015DA90.h:7: warning: passing arg 1 of `func_8015DB6C' makes integer from pointer without a cast
src/ov_SC01_005/../shared/ov/func_8015DDF0.h: In function `func_8015DDF0':
In file included from src/ov_SC01_005/ov_SC01_005_jr_8015C32C.c:2087:
src/ov_SC01_005/../shared/ov/func_8015DDF0.h:7: warning: passing arg 1 of `func_8015DECC' makes integer from pointer without a cast
src/ov_SC01_005/ov_SC01_005_jr_8017ED5C.c:3209: warning: type mismatch with previous external decl
src/ov_SC01_005/../shared/ov/func_8017ED5C__d800c6d0.h:28: warning: previous external decl of `func_8017F730'
src/ov_SC01_005/../shared/ov/func_8015E150.h: In function `func_8015E150':
In file included from src/ov_SC01_005/ov_SC01_005_jr_8015C32C.c:2165:
src/ov_SC01_005/../shared/ov/func_8015E150.h:7: warning: passing arg 1 of `func_8015E22C' makes integer from pointer without a cast
  CC      build/src/ov_SC01_005/ov_SC01_005_jr_80140608.o
src/ov_SC01_005/../shared/ov/func_8016D848.h: In function `func_8016D848':
In file included from src/ov_SC01_005/ov_SC01_005_jr_8016AB6C.c:3261:
src/ov_SC01_005/../shared/ov/func_8016D848.h:40: warning: passing arg 1 of `func_800D20C0' makes pointer from integer without a cast
src/ov_SC01_005/../shared/ov/func_8016D848.h:40: warning: passing arg 2 of `func_800D20C0' makes pointer from integer without a cast
src/ov_SC01_005/ov_SC01_005_jr_801734BC.c: In function `func_80175218':
src/ov_SC01_005/ov_SC01_005_jr_801734BC.c:2679: warning: passing arg 1 makes integer from pointer without a cast
src/ov_SC01_005/ov_SC01_005_jr_801734BC.c:2680: warning: passing arg 1 makes integer from pointer without a cast
  CC      build/src/ov_SC01_005/ov_SC01_005_jr_8012ACE0.o
  CC      build/src/ov_SC01_005/ov_SC01_005_jr_8013C98C.o
src/ov_SC01_005/ov_SC01_005_jr_8017ED5C.c:3445: warning: type mismatch with previous external decl
src/ov_SC01_005/ov_SC01_005_jr_8017ED5C.c:2904: warning: previous external decl of `D_800AE7BC'
src/ov_SC01_005/../shared/ov/func_8015E84C.h: In function `func_8015E84C':
In file included from src/ov_SC01_005/ov_SC01_005_jr_8015C32C.c:2289:
src/ov_SC01_005/../shared/ov/func_8015E84C.h:7: warning: passing arg 1 of `func_8015E95C' makes integer from pointer without a cast
  CC      build/src/ov_SC01_005/ov_SC01_005_jr_80135888.o
src/ov_SC01_005/../shared/ov/func_801758FC.h: In function `func_801758FC':
In file included from src/ov_SC01_005/ov_SC01_005_jr_801734BC.c:2792:
src/ov_SC01_005/../shared/ov/func_801758FC.h:6: warning: type mismatch with previous external decl
src/ov_SC01_005/../shared/ov/func_80175820.h:6: warning: previous external decl of `D_800AE7BC'
src/ov_SC01_005/../shared/ov/func_801758FC.h:7: warning: type mismatch with previous external decl
src/ov_SC01_005/../shared/ov/func_80175820.h:7: warning: previous external decl of `D_800AF634'
src/ov_SC01_005/ov_SC01_005_jr_8016AB6C.c: In function `func_8016DC20':
src/ov_SC01_005/ov_SC01_005_jr_8016AB6C.c:3398: warning: passing arg 1 of `func_80128ED8' makes integer from pointer without a cast
src/ov_SC01_005/../shared/ov/func_801759D8.h: src/ov_SC01_005/../shared/ov/func_8015E95C.h: In function `func_801759D8':
In function `func_8015E95C':
In file includedIn file included from src/ov_SC01_005/ov_SC01_005_jr_801734BC.c:2799 from src/ov_SC01_005/ov_SC01_005_jr_8015C32C.c:2306:
:
src/ov_SC01_005/../shared/ov/func_801759D8.h:7: src/ov_SC01_005/../shared/ov/func_8015E95C.h:10: warning: warning: type mismatch with previous external declpassing arg 1 of `func_8015E9B8' makes pointer from integer without a cast

src/ov_SC01_005/../shared/ov/func_80175820.h:6: warning: previous external decl of `D_800AE7BC'
src/ov_SC01_005/../shared/ov/func_801759D8.h:8: warning: type mismatch with previous external decl
src/ov_SC01_005/../shared/ov/func_80175820.h:7: warning: previous external decl of `D_800AF634'
src/ov_SC01_005/../shared/ov/func_8013B204.h: In function `func_8013B204':
In file included from src/ov_SC01_005/ov_SC01_005_jr_801380E0.c:1374:
src/ov_SC01_005/../shared/ov/func_8013B204.h:10: warning: assignment makes pointer from integer without a cast
src/ov_SC01_005/ov_SC01_005_jr_8015C32C.c: In function `func_8015EA3C':
src/ov_SC01_005/ov_SC01_005_jr_8015C32C.c:2415: warning: passing arg 1 makes integer from pointer without a cast
src/ov_SC01_005/../shared/ov/func_8016DEE0.h: In function `func_8016DEE0':
In file included from src/ov_SC01_005/ov_SC01_005_jr_8016AB6C.c:3415:
src/ov_SC01_005/../shared/ov/func_8016DEE0.h:6: warning: passing arg 1 of `func_80128ED8' makes integer from pointer without a cast
src/ov_SC01_005/../shared/ov/func_8016E1CC.h: At top level:
In file included from src/ov_SC01_005/ov_SC01_005_jr_8016AB6C.c:3516:
src/ov_SC01_005/../shared/ov/func_8016E1CC.h:3: warning: type mismatch with previous external decl
src/ov_SC01_005/ov_SC01_005_jr_8016AB6C.c:3440: warning: previous external decl of `func_8016E3CC'
src/ov_SC01_005/../shared/ov/func_8015EDA0.h: In function `func_8015EDA0':
In file included from src/ov_SC01_005/ov_SC01_005_jr_8015C32C.c:2423:
src/ov_SC01_005/../shared/ov/func_8015EDA0.h:7: warning: passing arg 1 of `func_8015EE7C' makes integer from pointer without a cast
src/ov_SC01_005/ov_SC01_005_jr_801734BC.c: In function `func_80175AB8':
src/ov_SC01_005/ov_SC01_005_jr_801734BC.c:2807: warning: type mismatch with previous external decl
src/ov_SC01_005/../shared/ov/func_80175820.h:7: warning: previous external decl of `D_800AF634'
src/ov_SC01_005/ov_SC01_005_o0c.c: In function `func_8013B6A0':
src/ov_SC01_005/ov_SC01_005_o0c.c:801: warning: type mismatch with previous external decl
src/ov_SC01_005/ov_SC01_005_o0c.c:787: warning: previous external decl of `D_801CDF08'
src/ov_SC01_005/ov_SC01_005_o0c.c: In function `func_8013B7AC':
src/ov_SC01_005/ov_SC01_005_o0c.c:813: warning: type mismatch with previous external decl
src/ov_SC01_005/ov_SC01_005_o0c.c:787: warning: previous external decl of `D_801CDF08'
src/ov_SC01_005/ov_SC01_005_o0c.c: At top level:
src/ov_SC01_005/ov_SC01_005_o0c.c:829: warning: type mismatch with previous external decl
src/ov_SC01_005/ov_SC01_005_o0c.c:822: warning: previous external decl of `func_8013B83C'
src/ov_SC01_005/ov_SC01_005_o0c.c:829: warning: type mismatch with previous implicit declaration
src/ov_SC01_005/ov_SC01_005_o0c.c:822: warning: previous implicit declaration of `func_8013B83C'
src/ov_SC01_005/ov_SC01_005_o0c.c:829: warning: `func_8013B83C' was previously implicitly declared to return `int'
src/ov_SC01_005/../shared/ov/func_8015EFA4.h: In function `func_8015EFA4':
In file included from src/ov_SC01_005/ov_SC01_005_jr_8015C32C.c:2495:
src/ov_SC01_005/../shared/ov/func_8015EFA4.h:7: warning: passing arg 1 of `func_8015F080' makes integer from pointer without a cast
src/ov_SC01_005/ov_SC01_005_o0c.c:961: warning: type mismatch with previous external decl
src/ov_SC01_005/ov_SC01_005_o0c.c:862: warning: previous external decl of `func_8013BD74'
src/ov_SC01_005/ov_SC01_005_o0c.c:961: warning: type mismatch with previous implicit declaration
src/ov_SC01_005/ov_SC01_005_o0c.c:951: warning: previous implicit declaration of `func_8013BD74'
src/ov_SC01_005/ov_SC01_005_o0c.c:961: warning: `func_8013BD74' was previously implicitly declared to return `int'
In file included from src/ov_SC01_005/ov_SC01_005_o0c.c:1020:
src/ov_SC01_005/../shared/ov/func_8013C08C.h:4: warning: type mismatch with previous external decl
src/ov_SC01_005/ov_SC01_005_o0c.c:840: warning: previous external decl of `func_8013C08C'
src/ov_SC01_005/ov_SC01_005_jr_801734BC.c: In function `func_80175DA8':
src/ov_SC01_005/ov_SC01_005_jr_801734BC.c:2905: warning: type mismatch with previous external decl
src/ov_SC01_005/../shared/ov/func_80175820.h:7: warning: previous external decl of `D_800AF634'
src/ov_SC01_005/ov_SC01_005_jr_8017ED5C.c: In function `func_80180908':
src/ov_SC01_005/ov_SC01_005_jr_8017ED5C.c:3958: warning: passing arg 2 of `func_80178B18' makes integer from pointer without a cast
  CC      build/src/ov_SC01_005/ov_SC01_005.o
src/ov_SC01_005/ov_SC01_005_jr_8017ED5C.c: In function `func_80180E9C':
src/ov_SC01_005/ov_SC01_005_jr_8017ED5C.c:4236: warning: assignment makes integer from pointer without a cast
src/ov_SC01_005/ov_SC01_005_jr_8016AB6C.c:3664: warning: type mismatch with previous external decl
src/ov_SC01_005/ov_SC01_005_jr_8016AB6C.c:1902: warning: previous external decl of `func_80024054'
src/ov_SC01_005/ov_SC01_005_jr_8015C32C.c: In function `func_8015F89C':
src/ov_SC01_005/ov_SC01_005_jr_8015C32C.c:2714: warning: passing arg 2 of `func_801466F0' makes integer from pointer without a cast
src/ov_SC01_005/ov_SC01_005_jr_801734BC.c: In function `func_80176218':
src/ov_SC01_005/ov_SC01_005_jr_801734BC.c:3253: warning: passing arg 1 of `func_80177DA8' makes pointer from integer without a cast
src/ov_SC01_005/../shared/ov/func_8016EDEC.h: In function `func_8016EDEC':
In file included from src/ov_SC01_005/ov_SC01_005_jr_8016AB6C.c:3828:
src/ov_SC01_005/../shared/ov/func_8016EDEC.h:13: warning: assignment from incompatible pointer type
src/ov_SC01_005/../shared/ov/func_8016EDEC.h:16: warning: passing arg 1 from incompatible pointer type
src/ov_SC01_005/../shared/ov/func_8016EDEC.h:17: warning: passing arg 1 from incompatible pointer type
src/ov_SC01_005/../shared/ov/func_8016EE40.h: In function `func_8016EE40':
In file included from src/ov_SC01_005/ov_SC01_005_jr_8016AB6C.c:3830:
src/ov_SC01_005/../shared/ov/func_8016EE40.h:17: warning: passing arg 1 from incompatible pointer type
src/ov_SC01_005/../shared/ov/func_8016EE40.h:19: warning: passing arg 1 from incompatible pointer type
  CC      build/src/ov_SC01_005/ov_SC01_005_jr_80178D40.o
  CC      build/src/ov_SC01_005/ov_SC01_005_jr_80135A4C.o
src/ov_SC01_005/ov_SC01_005_jr_8017ED5C.c: At top level:
src/ov_SC01_005/ov_SC01_005_jr_8017ED5C.c:4586: warning: type mismatch with previous external decl
src/ov_SC01_005/ov_SC01_005_jr_8017ED5C.c:4556: warning: previous external decl of `func_80181B00'
src/ov_SC01_005/ov_SC01_005_jr_8017ED5C.c:4586: warning: type mismatch with previous implicit declaration
src/ov_SC01_005/ov_SC01_005_jr_8017ED5C.c:4556: warning: previous implicit declaration of `func_80181B00'
src/ov_SC01_005/ov_SC01_005_jr_8017ED5C.c:4586: warning: `func_80181B00' was previously implicitly declared to return `int'
src/ov_SC01_005/../shared/ov/func_8016F4FC.h: In function `func_8016F4FC':
In file included from src/ov_SC01_005/ov_SC01_005_jr_8016AB6C.c:3956:
src/ov_SC01_005/../shared/ov/func_8016F4FC.h:9: warning: passing arg 1 of `func_800D1724' makes integer from pointer without a cast
src/ov_SC01_005/ov_SC01_005_jr_8013C98C.c: In function `func_8013C9C4':
src/ov_SC01_005/ov_SC01_005_jr_8013C98C.c:804: warning: assignment makes integer from pointer without a cast
src/ov_SC01_005/../shared/ov/func_8016F71C.h: In function `func_8016F71C':
In file included from src/ov_SC01_005/ov_SC01_005_jr_8016AB6C.c:3982:
src/ov_SC01_005/../shared/ov/func_8016F71C.h:11: warning: passing arg 1 of `func_8016F764' makes pointer from integer without a cast
src/ov_SC01_005/ov_SC01_005_jr_80140608.c: In function `func_80140D68':
src/ov_SC01_005/ov_SC01_005_jr_80140608.c:1253: warning: type mismatch with previous external decl
src/ov_SC01_005/ov_SC01_005_jr_80140608.c:1114: warning: previous external decl of `D_800AE7BC'
  CC      build/src/ov_SC01_005/ov_SC01_005_jr_80154C24.o
src/ov_SC01_005/ov_SC01_005_jr_80135888.c:578: warning: conflicting types for built-in function `memcpy'
src/ov_SC01_005/ov_SC01_005_jr_80135888.c: In function `func_80135888':
src/ov_SC01_005/ov_SC01_005_jr_80135888.c:680: warning: passing arg 1 of `func_80135EB0' makes pointer from integer without a cast
src/ov_SC01_005/ov_SC01_005_jr_80135888.c:687: warning: passing arg 1 of `func_80135EB0' makes pointer from integer without a cast
src/ov_SC01_005/../shared/ov/func_801412A8.h: In function `aF801412A8':
In file included from src/ov_SC01_005/ov_SC01_005_jr_80140608.c:1434:
src/ov_SC01_005/../shared/ov/func_801412A8.h:5: warning: type mismatch with previous external decl
src/ov_SC01_005/ov_SC01_005_jr_80140608.c:1114: warning: previous external decl of `D_800AE7BC'
src/ov_SC01_005/../shared/ov/func_8016FE2C.h: In function `func_8016FE2C':
In file included from src/ov_SC01_005/ov_SC01_005_jr_8016AB6C.c:4086:
src/ov_SC01_005/../shared/ov/func_8016FE2C.h:7: warning: passing arg 1 of `func_80172658' from incompatible pointer type
src/ov_SC01_005/../shared/ov/func_80160B70.h: In function `func_80160B70':
In file included from src/ov_SC01_005/ov_SC01_005_jr_8015C32C.c:3193:
src/ov_SC01_005/../shared/ov/func_80160B70.h:7: warning: passing arg 1 of `func_80160BB4' makes pointer from integer without a cast
src/ov_SC01_005/../shared/ov/func_80170374.h: In function `func_80170374':
In file included from src/ov_SC01_005/ov_SC01_005_jr_8016AB6C.c:4154:
src/ov_SC01_005/../shared/ov/func_80170374.h:11: warning: passing arg 1 of `func_8014C168' from incompatible pointer type
src/ov_SC01_005/../shared/ov/func_8017044C.h: In function `func_8017044C':
In file included from src/ov_SC01_005/ov_SC01_005_jr_8016AB6C.c:4166:
src/ov_SC01_005/../shared/ov/func_8017044C.h:14: warning: passing arg 1 of `func_80171AB0' makes integer from pointer without a cast
src/ov_SC01_005/../shared/ov/func_801705C0.h: In function `func_801705C0':
In file included from src/ov_SC01_005/ov_SC01_005_jr_8016AB6C.c:4190:
src/ov_SC01_005/../shared/ov/func_801705C0.h:8: warning: passing arg 1 makes integer from pointer without a cast
src/ov_SC01_005/../shared/ov/func_80160F70.h: In function `func_80160F70':
In file included from src/ov_SC01_005/ov_SC01_005_jr_8015C32C.c:3254:
src/ov_SC01_005/../shared/ov/func_80160F70.h:15: warning: passing arg 1 of `func_8013767C' makes integer from pointer without a cast
src/ov_SC01_005/ov_SC01_005_jr_8015C32C.c: In function `aF80161208':
src/ov_SC01_005/ov_SC01_005_jr_8015C32C.c:3289: warning: passing arg 1 makes integer from pointer without a cast
src/ov_SC01_005/../shared/ov/func_80161278.h: In function `func_80161278':
In file included from src/ov_SC01_005/ov_SC01_005_jr_8015C32C.c:3295:
src/ov_SC01_005/../shared/ov/func_80161278.h:10: warning: passing arg 1 of `func_80161374' makes integer from pointer without a cast
src/ov_SC01_005/../shared/ov/func_801612B8.h: In function `func_801612B8':
In file included from src/ov_SC01_005/ov_SC01_005_jr_8015C32C.c:3297:
src/ov_SC01_005/../shared/ov/func_801612B8.h:11: warning: assignment makes integer from pointer without a cast
src/ov_SC01_005/../shared/ov/func_80161418.h: In function `func_80161418':
In file included from src/ov_SC01_005/ov_SC01_005_jr_8015C32C.c:3360:
src/ov_SC01_005/../shared/ov/func_80161418.h:6: warning: passing arg 1 of `func_8016163C' makes integer from pointer without a cast
src/ov_SC01_005/../shared/ov/func_80161450.h: In function `func_80161450':
In file included from src/ov_SC01_005/ov_SC01_005_jr_8015C32C.c:3362:
src/ov_SC01_005/../shared/ov/func_80161450.h:6: warning: passing arg 1 of `func_80161774' makes integer from pointer without a cast
src/ov_SC01_005/../shared/ov/func_80161488.h: In function `func_80161488':
In file included from src/ov_SC01_005/ov_SC01_005_jr_8015C32C.c:3364:
src/ov_SC01_005/../shared/ov/func_80161488.h:9: warning: passing arg 1 of `func_80161774' makes integer from pointer without a cast
src/ov_SC01_005/../shared/ov/func_801614E4.h: In function `func_801614E4':
In file included from src/ov_SC01_005/ov_SC01_005_jr_8015C32C.c:3366:
src/ov_SC01_005/../shared/ov/func_801614E4.h:6: warning: passing arg 1 of `func_80161888' makes integer from pointer without a cast
src/ov_SC01_005/../shared/ov/func_80161554.h: In function `func_80161554':
In file included from src/ov_SC01_005/ov_SC01_005_jr_8015C32C.c:3370:
src/ov_SC01_005/../shared/ov/func_80161554.h:6: warning: passing arg 1 of `func_8016163C' makes integer from pointer without a cast
src/ov_SC01_005/../shared/ov/func_8016158C.h: In function `func_8016158C':
In file included from src/ov_SC01_005/ov_SC01_005_jr_8015C32C.c:3372:
src/ov_SC01_005/../shared/ov/func_8016158C.h:6: warning: passing arg 1 of `func_80161774' makes integer from pointer without a cast
src/ov_SC01_005/../shared/ov/func_801615C4.h: In function `func_801615C4':
In file included from src/ov_SC01_005/ov_SC01_005_jr_8015C32C.c:3374:
src/ov_SC01_005/../shared/ov/func_801615C4.h:12: warning: passing arg 1 of `func_80146D90' makes integer from pointer without a cast
src/ov_SC01_005/../shared/ov/func_801615C4.h:15: warning: passing arg 1 makes integer from pointer without a cast
src/ov_SC01_005/../shared/ov/func_801615C4.h:17: warning: passing arg 1 makes integer from pointer without a cast
src/ov_SC01_005/../shared/ov/func_80170B48.h: In function `func_80170B48':
In file included from src/ov_SC01_005/ov_SC01_005_jr_8016AB6C.c:4264:
src/ov_SC01_005/../shared/ov/func_80170B48.h:9: warning: passing arg 1 of `func_8014706C' makes pointer from integer without a cast
src/ov_SC01_005/../shared/ov/func_80170B90.h: At top level:
In file included from src/ov_SC01_005/ov_SC01_005_jr_8016AB6C.c:4266:
src/ov_SC01_005/../shared/ov/func_80170B90.h:5: warning: type mismatch with previous external decl
src/ov_SC01_005/../shared/ov/func_80170B48.h:12: warning: previous external decl of `func_80170B90'
src/ov_SC01_005/../shared/ov/func_80170B90.h:5: warning: type mismatch with previous implicit declaration
src/ov_SC01_005/../shared/ov/func_80170B48.h:12: warning: previous implicit declaration of `func_80170B90'
src/ov_SC01_005/../shared/ov/func_80170B90.h:5: warning: `func_80170B90' was previously implicitly declared to return `int'
src/ov_SC01_005/../shared/ov/func_8013E4B4.h: In function `func_8013E4B4':
In file included from src/ov_SC01_005/ov_SC01_005_jr_8013C98C.c:1788:
src/ov_SC01_005/../shared/ov/func_8013E4B4.h:14: warning: passing arg 1 of `func_8012C750' makes integer from pointer without a cast
src/ov_SC01_005/../shared/ov/func_80170CF0.h: In function `func_80170CF0':
In file included from src/ov_SC01_005/ov_SC01_005_jr_8016AB6C.c:4291:
src/ov_SC01_005/../shared/ov/func_80170CF0.h:11: warning: passing arg 1 makes integer from pointer without a cast
src/ov_SC01_005/../shared/ov/func_80170DE0.h: In function `func_80170DE0':
In file included from src/ov_SC01_005/ov_SC01_005_jr_8016AB6C.c:4304:
src/ov_SC01_005/../shared/ov/func_80170DE0.h:11: warning: passing arg 1 makes integer from pointer without a cast
src/ov_SC01_005/../shared/ov/func_80170EAC.h: In function `func_80170EAC':
In file included from src/ov_SC01_005/ov_SC01_005_jr_8016AB6C.c:4316:
src/ov_SC01_005/../shared/ov/func_80170EAC.h:11: warning: passing arg 1 makes integer from pointer without a cast
  CC      build/src/ov_SC01_005/ov_SC01_005_jr_8017AE2C.o
src/ov_SC01_005/../shared/ov/func_8013EA54.h: At top level:
In file included from src/ov_SC01_005/ov_SC01_005_jr_8013C98C.c:1986:
src/ov_SC01_005/../shared/ov/func_8013EA54.h:7: warning: prototype for `func_8013E958' follows
src/ov_SC01_005/ov_SC01_005_jr_8013C98C.c:1950: warning: non-prototype definition here
src/ov_SC01_005/../shared/ov/func_8013EA54.h:15: warning: type mismatch with previous external decl
src/ov_SC01_005/ov_SC01_005_jr_8013C98C.c:1892: warning: previous external decl of `D_80115130'
src/ov_SC01_005/ov_SC01_005_jr_8013C98C.c:2010: warning: type mismatch with previous external decl
src/ov_SC01_005/ov_SC01_005_jr_8013C98C.c:1890: warning: previous external decl of `D_80115128'
src/ov_SC01_005/../shared/ov/func_801710DC.h: In function `func_801710DC':
In file included from src/ov_SC01_005/ov_SC01_005_jr_8016AB6C.c:4352:
src/ov_SC01_005/../shared/ov/func_801710DC.h:9: warning: passing arg 1 makes integer from pointer without a cast
src/ov_SC01_005/../shared/ov/func_801710DC.h:10: warning: passing arg 1 makes integer from pointer without a cast
src/ov_SC01_005/ov_SC01_005_jr_80135A4C.c:578: warning: conflicting types for built-in function `memcpy'
src/ov_SC01_005/../shared/ov/func_80142838.h: In function `func_80142838':
In file included from src/ov_SC01_005/ov_SC01_005_jr_80140608.c:1768:
src/ov_SC01_005/../shared/ov/func_80142838.h:15: warning: passing arg 1 of `func_8012C0EC' makes integer from pointer without a cast
src/ov_SC01_005/ov_SC01_005_jr_8013C98C.c:2151: warning: type mismatch with previous external decl
src/ov_SC01_005/ov_SC01_005_jr_8013C98C.c:1952: warning: previous external decl of `func_800D0488'
src/ov_SC01_005/../shared/ov/func_80178004.h: In function `func_80178004':
In file included from src/ov_SC01_005/ov_SC01_005_jr_801734BC.c:3846:
src/ov_SC01_005/../shared/ov/func_80178004.h:133: warning: return makes integer from pointer without a cast
  CC      build/src/ov_SC01_005/ov_SC01_005_after.o
src/ov_SC01_005/ov_SC01_005_jr_8015C32C.c: At top level:
src/ov_SC01_005/ov_SC01_005_jr_8015C32C.c:3752: warning: type mismatch with previous external decl
src/ov_SC01_005/ov_SC01_005_jr_8015C32C.c:3682: warning: previous external decl of `D_801CC720'
src/ov_SC01_005/ov_SC01_005_jr_8015C32C.c:3774: warning: type mismatch with previous external decl
src/ov_SC01_005/ov_SC01_005_jr_8015C32C.c:3667: warning: previous external decl of `D_80078EB0'
src/ov_SC01_005/ov_SC01_005_jr_8015C32C.c: In function `func_801622C4':
src/ov_SC01_005/ov_SC01_005_jr_8015C32C.c:3843: warning: assignment from incompatible pointer type
  CC      build/src/ov_SC01_005/ov_SC01_005_jr_8015AE2C.o
  CC      build/src/ov_SC01_005/ov_SC01_005_jr_8015A3C8.o
src/ov_SC01_005/../shared/ov/func_80142F68.h: In function `func_80142F68':
In file included from src/ov_SC01_005/ov_SC01_005_jr_80140608.c:1981:
src/ov_SC01_005/../shared/ov/func_80142F68.h:15: warning: passing arg 1 of `func_8012C0EC' makes integer from pointer without a cast
src/ov_SC01_005/ov_SC01_005_jr_80178D40.c:1531: warning: conflicting types for built-in function `memcpy'
src/ov_SC01_005/../shared/ov/func_801430F4.h: In function `func_801430F4':
In file included from src/ov_SC01_005/ov_SC01_005_jr_80140608.c:2024:
src/ov_SC01_005/../shared/ov/func_801430F4.h:15: warning: passing arg 1 of `func_8012C0EC' makes integer from pointer without a cast
src/ov_SC01_005/../shared/ov/func_801432FC.h: In function `func_801432FC':
In file included from src/ov_SC01_005/ov_SC01_005_jr_80140608.c:2079:
src/ov_SC01_005/../shared/ov/func_801432FC.h:15: warning: passing arg 1 of `func_8012C044' makes integer from pointer without a cast
src/ov_SC01_005/ov_SC01_005_jr_80178D40.c: In function `func_80178D40':
src/ov_SC01_005/ov_SC01_005_jr_80178D40.c:2734: warning: passing arg 1 makes integer from pointer without a cast
src/ov_SC01_005/../shared/ov/func_801433F0.h: In function `func_801433F0':
In file included from src/ov_SC01_005/ov_SC01_005_jr_80140608.c:2083:
src/ov_SC01_005/../shared/ov/func_801433F0.h:12: warning: passing arg 1 of `func_80128ED8' makes integer from pointer without a cast
src/ov_SC01_005/../shared/ov/func_801433F0.h:12: warning: passing arg 2 of `func_80128ED8' from incompatible pointer type
src/ov_SC01_005/ov_SC01_005_jr_80178D40.c:3141: warning: passing arg 1 makes integer from pointer without a cast
src/ov_SC01_005/../shared/ov/func_8014350C.h: In function `func_8014350C':
In file included from src/ov_SC01_005/ov_SC01_005_jr_80140608.c:2122:
src/ov_SC01_005/../shared/ov/func_8014350C.h:13: warning: passing arg 1 of `func_80128ED8' makes integer from pointer without a cast
src/ov_SC01_005/../shared/ov/func_8012D098.h: In function `func_8012D098':
In file included from src/ov_SC01_005/ov_SC01_005_jr_8012ACE0.c:542:
src/ov_SC01_005/../shared/ov/func_8012D098.h:26: warning: passing arg 1 of `func_8012F214' makes integer from pointer without a cast
src/ov_SC01_005/../shared/ov/func_8012D098.h:26: warning: passing arg 2 of `func_8012F214' makes integer from pointer without a cast
src/ov_SC01_005/../shared/ov/func_8012D098.h:26: warning: passing arg 3 of `func_8012F214' makes integer from pointer without a cast
src/ov_SC01_005/../shared/ov/func_8012D098.h:30: warning: passing arg 1 of `func_8012F214' makes integer from pointer without a cast
src/ov_SC01_005/../shared/ov/func_8012D098.h:30: warning: passing arg 2 of `func_8012F214' makes integer from pointer without a cast
src/ov_SC01_005/../shared/ov/func_8012D098.h:30: warning: passing arg 3 of `func_8012F214' makes integer from pointer without a cast
src/ov_SC01_005/../shared/ov/func_8012D098.h:34: warning: passing arg 1 of `func_8012F214' makes integer from pointer without a cast
src/ov_SC01_005/../shared/ov/func_8012D098.h:34: warning: passing arg 2 of `func_8012F214' makes integer from pointer without a cast
src/ov_SC01_005/../shared/ov/func_8012D098.h:34: warning: passing arg 3 of `func_8012F214' makes integer from pointer without a cast
src/ov_SC01_005/../shared/ov/func_8012D098.h:38: warning: passing arg 1 of `func_8012F214' makes integer from pointer without a cast
src/ov_SC01_005/../shared/ov/func_8012D098.h:38: warning: passing arg 2 of `func_8012F214' makes integer from pointer without a cast
src/ov_SC01_005/../shared/ov/func_8012D098.h:38: warning: passing arg 3 of `func_8012F214' makes integer from pointer without a cast
src/ov_SC01_005/../shared/ov/func_8012D098.h:42: warning: passing arg 1 of `func_8012F214' makes integer from pointer without a cast
src/ov_SC01_005/../shared/ov/func_8012D098.h:42: warning: passing arg 2 of `func_8012F214' makes integer from pointer without a cast
src/ov_SC01_005/../shared/ov/func_8012D098.h:42: warning: passing arg 3 of `func_8012F214' makes integer from pointer without a cast
src/ov_SC01_005/../shared/ov/func_8012D098.h:46: warning: passing arg 1 of `func_8012F214' makes integer from pointer without a cast
src/ov_SC01_005/../shared/ov/func_8012D098.h:46: warning: passing arg 2 of `func_8012F214' makes integer from pointer without a cast
src/ov_SC01_005/../shared/ov/func_8012D098.h:46: warning: passing arg 3 of `func_8012F214' makes integer from pointer without a cast
src/ov_SC01_005/../shared/ov/func_8012D098.h:50: warning: passing arg 1 of `func_8012F214' makes integer from pointer without a cast
src/ov_SC01_005/../shared/ov/func_8012D098.h:50: warning: passing arg 2 of `func_8012F214' makes integer from pointer without a cast
src/ov_SC01_005/../shared/ov/func_8012D098.h:50: warning: passing arg 3 of `func_8012F214' makes integer from pointer without a cast
src/ov_SC01_005/../shared/ov/func_8012D098.h:54: warning: passing arg 1 of `func_8012F214' makes integer from pointer without a cast
src/ov_SC01_005/../shared/ov/func_8012D098.h:54: warning: passing arg 2 of `func_8012F214' makes integer from pointer without a cast
src/ov_SC01_005/../shared/ov/func_8012D098.h:54: warning: passing arg 3 of `func_8012F214' makes integer from pointer without a cast
src/ov_SC01_005/../shared/ov/func_8012D098.h:55: warning: passing arg 1 of `func_8012D3B4' makes integer from pointer without a cast
src/ov_SC01_005/../shared/ov/func_8012D098.h:55: warning: passing arg 2 of `func_8012D3B4' makes integer from pointer without a cast
src/ov_SC01_005/../shared/ov/func_8012D098.h:56: warning: passing arg 1 of `func_8012D3B4' makes integer from pointer without a cast
src/ov_SC01_005/../shared/ov/func_8012D098.h:56: warning: passing arg 2 of `func_8012D3B4' makes integer from pointer without a cast
src/ov_SC01_005/../shared/ov/func_8012D098.h:57: warning: passing arg 1 of `func_8012D3B4' makes integer from pointer without a cast
src/ov_SC01_005/../shared/ov/func_8012A418.h: src/ov_SC01_005/../shared/ov/func_8012D098.h:57: In function `func_8012A418':
warning: In file includedpassing arg 2 of `func_8012D3B4' makes integer from pointer without a cast from src/ov_SC01_005/ov_SC01_005.c:724
:
src/ov_SC01_005/../shared/ov/func_8012A418.h:10: warning: assignment from incompatible pointer type
src/ov_SC01_005/../shared/ov/func_8012D098.h:58: warning: passing arg 1 of `func_8012D3B4' makes integer from pointer without a cast
src/ov_SC01_005/../shared/ov/func_8012D098.h:58: warning: passing arg 2 of `func_8012D3B4' makes integer from pointer without a cast
src/ov_SC01_005/../shared/ov/func_8012D098.h:59: warning: passing arg 1 of `func_8012D3B4' makes integer from pointer without a cast
src/ov_SC01_005/../shared/ov/func_8012D098.h:59: warning: passing arg 2 of `func_8012D3B4' makes integer from pointer without a cast
src/ov_SC01_005/../shared/ov/func_8012D098.h:60: warning: passing arg 1 of `func_8012D3B4' makes integer from pointer without a cast
src/ov_SC01_005/../shared/ov/func_8012D098.h:60: warning: passing arg 2 of `func_8012D3B4' makes integer from pointer without a cast
src/ov_SC01_005/../shared/ov/func_8012D098.h:61: warning: passing arg 1 of `func_8012D3B4' makes integer from pointer without a cast
src/ov_SC01_005/../shared/ov/func_8012D098.h:61: warning: passing arg 2 of `func_8012D3B4' makes integer from pointer without a cast
src/ov_SC01_005/../shared/ov/func_8012D098.h:62: warning: passing arg 1 of `func_8012D3B4' makes integer from pointer without a cast
src/ov_SC01_005/../shared/ov/func_8012D098.h:62: warning: passing arg 2 of `func_8012D3B4' makes integer from pointer without a cast
src/ov_SC01_005/../shared/ov/func_8012D098.h:63: warning: passing arg 1 of `func_8012D3B4' makes integer from pointer without a cast
src/ov_SC01_005/../shared/ov/func_8012D098.h:63: warning: passing arg 2 of `func_8012D3B4' makes integer from pointer without a cast
src/ov_SC01_005/../shared/ov/func_8012D098.h:64: warning: passing arg 1 of `func_8012D3B4' makes integer from pointer without a cast
src/ov_SC01_005/../shared/ov/func_8012D098.h:64: warning: passing arg 2 of `func_8012D3B4' makes integer from pointer without a cast
src/ov_SC01_005/../shared/ov/func_8012D098.h:65: warning: passing arg 1 of `func_8012D3B4' makes integer from pointer without a cast
src/ov_SC01_005/../shared/ov/func_8012D098.h:65: warning: passing arg 2 of `func_8012D3B4' makes integer from pointer without a cast
src/ov_SC01_005/../shared/ov/func_8012D098.h:66: warning: passing arg 1 of `func_8012D3B4' makes integer from pointer without a cast
src/ov_SC01_005/../shared/ov/func_8012D098.h:66: warning: passing arg 2 of `func_8012D3B4' makes integer from pointer without a cast
src/ov_SC01_005/../shared/ov/func_8012A6D0.h: In function `func_8012A6D0':
In file included from src/ov_SC01_005/ov_SC01_005.c:745:
src/ov_SC01_005/../shared/ov/func_8012A6D0.h:7: warning: initialization makes integer from pointer without a cast
src/ov_SC01_005/../shared/ov/func_8012A6D0.h:8: warning: initialization makes integer from pointer without a cast
src/ov_SC01_005/../shared/ov/func_8012D38C.h: In function `func_8012D38C':
In file included from src/ov_SC01_005/ov_SC01_005_jr_8012ACE0.c:544:
src/ov_SC01_005/../shared/ov/func_8012D38C.h:5: warning: passing arg 1 of `func_8012D098' makes pointer from integer without a cast
src/ov_SC01_005/../shared/ov/func_8012D3B4.h: At top level:
In file included from src/ov_SC01_005/ov_SC01_005_jr_8012ACE0.c:548:
src/ov_SC01_005/../shared/ov/func_8012D3B4.h:4: warning: type mismatch with previous external decl
src/ov_SC01_005/../shared/ov/func_8012CFA8.h:6: warning: previous external decl of `RotTransPers'
src/ov_SC01_005/../shared/ov/func_8012D3B4.h: In function `func_8012D3B4':
src/ov_SC01_005/../shared/ov/func_8012D3B4.h:22: warning: passing arg 2 of `RotTransPers' makes integer from pointer without a cast
src/ov_SC01_005/../shared/ov/func_8012D3B4.h:23: warning: passing arg 2 of `RotTransPers' makes integer from pointer without a cast
src/ov_SC01_005/../shared/ov/func_8012D4B4.h: In function `func_8012D4B4':
In file included from src/ov_SC01_005/ov_SC01_005_jr_8012ACE0.c:550:
src/ov_SC01_005/../shared/ov/func_8012D4B4.h:27: warning: passing arg 2 of `RotTransPers' makes integer from pointer without a cast
src/ov_SC01_005/../shared/ov/func_8012D4B4.h:29: warning: passing arg 2 of `RotTransPers' makes integer from pointer without a cast
src/ov_SC01_005/../shared/ov/func_8012A828.h: In function `func_8012A828':
In file included from src/ov_SC01_005/ov_SC01_005.c:753:
src/ov_SC01_005/../shared/ov/func_8012A828.h:6: warning: assignment makes integer from pointer without a cast
src/ov_SC01_005/../shared/ov/func_8016345C.h: At top level:
In file included from src/ov_SC01_005/ov_SC01_005_jr_8015C32C.c:4140:
src/ov_SC01_005/../shared/ov/func_8016345C.h:5: warning: type mismatch with previous external decl
src/ov_SC01_005/ov_SC01_005_jr_8015C32C.c:4130: warning: previous external decl of `func_8016345C'
src/ov_SC01_005/../shared/ov/func_8016345C.h: In function `func_8016345C':
src/ov_SC01_005/../shared/ov/func_8016345C.h:8: warning: passing arg 6 of `func_80163534' makes pointer from integer without a cast
src/ov_SC01_005/ov_SC01_005_jr_8015C32C.c: At top level:
src/ov_SC01_005/ov_SC01_005_jr_8015C32C.c:4146: warning: type mismatch with previous external decl
src/ov_SC01_005/ov_SC01_005_jr_8015C32C.c:4131: warning: previous external decl of `D_801CBA6C'
src/ov_SC01_005/../shared/ov/func_80179D30.h: At top level:
In file included from src/ov_SC01_005/ov_SC01_005_jr_80178D40.c:3373:
src/ov_SC01_005/../shared/ov/func_80179D30.h:4: warning: type mismatch with previous external decl
src/ov_SC01_005/ov_SC01_005_jr_80178D40.c:2645: warning: previous external decl of `func_80179D30'
In file included from src/ov_SC01_005/ov_SC01_005_jr_80178D40.c:3375:
src/ov_SC01_005/../shared/ov/func_80179D78.h:4: warning: type mismatch with previous external decl
src/ov_SC01_005/ov_SC01_005_jr_80178D40.c:2646: warning: previous external decl of `func_80179D78'
In file included from src/ov_SC01_005/ov_SC01_005_jr_80178D40.c:3377:
src/ov_SC01_005/../shared/ov/func_80179DCC.h:4: warning: type mismatch with previous external decl
src/ov_SC01_005/ov_SC01_005_jr_80178D40.c:2648: warning: previous external decl of `func_80179DCC'
In file included from src/ov_SC01_005/ov_SC01_005_jr_80178D40.c:3381:
src/ov_SC01_005/../shared/ov/func_80179E1C.h:4: warning: type mismatch with previous external decl
src/ov_SC01_005/ov_SC01_005_jr_80178D40.c:2650: warning: previous external decl of `func_80179E1C'
In file included from src/ov_SC01_005/ov_SC01_005_jr_80178D40.c:3383:
src/ov_SC01_005/../shared/ov/func_80179E48.h:4: warning: type mismatch with previous external decl
src/ov_SC01_005/ov_SC01_005_jr_80178D40.c:2651: warning: previous external decl of `func_80179E48'
In file included from src/ov_SC01_005/ov_SC01_005_jr_80178D40.c:3385:
src/ov_SC01_005/../shared/ov/func_80179E74.h:4: warning: type mismatch with previous external decl
src/ov_SC01_005/ov_SC01_005_jr_80178D40.c:2652: warning: previous external decl of `func_80179E74'
In file included from src/ov_SC01_005/ov_SC01_005_jr_80178D40.c:3387:
src/ov_SC01_005/../shared/ov/func_80179EA0.h:4: warning: type mismatch with previous external decl
src/ov_SC01_005/ov_SC01_005_jr_80178D40.c:2647: warning: previous external decl of `func_80179EA0'
In file included from src/ov_SC01_005/ov_SC01_005_jr_80178D40.c:3389:
src/ov_SC01_005/../shared/ov/func_80179EE8.h:4: warning: type mismatch with previous external decl
src/ov_SC01_005/ov_SC01_005_jr_80178D40.c:2653: warning: previous external decl of `func_80179EE8'
In file included from src/ov_SC01_005/ov_SC01_005_jr_80178D40.c:3391:
src/ov_SC01_005/../shared/ov/func_80179F14.h:4: warning: type mismatch with previous external decl
src/ov_SC01_005/ov_SC01_005_jr_80178D40.c:2654: warning: previous external decl of `func_80179F14'
In file included from src/ov_SC01_005/ov_SC01_005_jr_80178D40.c:3395:
src/ov_SC01_005/../shared/ov/func_80179F6C.h:4: warning: type mismatch with previous external decl
src/ov_SC01_005/ov_SC01_005_jr_80178D40.c:2656: warning: previous external decl of `func_80179F6C'
In file included from src/ov_SC01_005/ov_SC01_005_jr_80178D40.c:3397:
src/ov_SC01_005/../shared/ov/func_80179F98.h:4: warning: type mismatch with previous external decl
src/ov_SC01_005/ov_SC01_005_jr_80178D40.c:2657: warning: previous external decl of `func_80179F98'
src/ov_SC01_005/ov_SC01_005_jr_8012ACE0.c: At top level:
src/ov_SC01_005/ov_SC01_005_jr_8012ACE0.c:589: warning: type mismatch with previous external decl
src/ov_SC01_005/ov_SC01_005_jr_8012ACE0.c:564: warning: previous external decl of `func_8012F568'
src/ov_SC01_005/ov_SC01_005_jr_8012ACE0.c: In function `func_8012DB84':
src/ov_SC01_005/ov_SC01_005_jr_8012ACE0.c:597: warning: passing arg 5 of `func_8012F568' makes integer from pointer without a cast
src/ov_SC01_005/ov_SC01_005_jr_8012ACE0.c:597: warning: passing arg 6 of `func_8012F568' makes integer from pointer without a cast
In file included from src/ov_SC01_005/ov_SC01_005_jr_80178D40.c:3399:
src/ov_SC01_005/../shared/ov/func_80179FEC.h:4: warning: type mismatch with previous external decl
src/ov_SC01_005/ov_SC01_005_jr_80178D40.c:2658: warning: previous external decl of `func_80179FEC'
src/ov_SC01_005/ov_SC01_005_jr_8017AE2C.c:1531: In file includedwarning:  from src/ov_SC01_005/ov_SC01_005_jr_80178D40.c:3401:
conflicting types for built-in function `src/ov_SC01_005/../shared/ov/func_8017A040.h:4: memcpywarning: 'type mismatch with previous external decl

src/ov_SC01_005/ov_SC01_005_jr_80178D40.c:2659: warning: previous external decl of `func_8017A040'
src/ov_SC01_005/../shared/ov/func_80145B24.h: In function `func_80145B24':
In file included from src/ov_SC01_005/ov_SC01_005_after.c:111:
src/ov_SC01_005/../shared/ov/func_80145B24.h:18: warning: assignment from incompatible pointer type
src/ov_SC01_005/ov_SC01_005_jr_80140608.c: In function `func_801442F8':
src/ov_SC01_005/ov_SC01_005_jr_80140608.c:2304: warning: passing arg 1 of `func_8012C218' makes pointer from integer without a cast
src/ov_SC01_005/ov_SC01_005_jr_80140608.c: In function `func_80144458':
src/ov_SC01_005/ov_SC01_005_jr_80140608.c:2369: warning: passing arg 1 of `func_8012AD80' makes integer from pointer without a cast
src/ov_SC01_005/ov_SC01_005_jr_80178D40.c:3476: warning: type mismatch with previous external decl
src/ov_SC01_005/ov_SC01_005_jr_80178D40.c:2679: warning: previous external decl of `func_8017A3B0'
src/ov_SC01_005/ov_SC01_005_jr_80140608.c:2375: warning: passing arg 1 of `func_80128ED8' makes integer from pointer without a cast
In file included from src/ov_SC01_005/ov_SC01_005_jr_80154C24.c:1265:
src/ov_SC01_005/../shared/ov/func_801565C0.h:4: warning: type mismatch with previous external decl
src/ov_SC01_005/ov_SC01_005_jr_80154C24.c:1211: warning: previous external decl of `func_801565C0'
src/ov_SC01_005/ov_SC01_005_jr_80178D40.c:3500: warning: type mismatch with previous external decl
src/ov_SC01_005/ov_SC01_005_jr_80178D40.c:2680: warning: previous external decl of `func_8017A3D8'
src/ov_SC01_005/../shared/ov/func_80156600.h: In function `func_80156600':
In file included from src/ov_SC01_005/ov_SC01_005_jr_80154C24.c:1301:
src/ov_SC01_005/../shared/ov/func_80156600.h:11: warning: return makes integer from pointer without a cast
src/ov_SC01_005/../shared/ov/func_80156600.h:16: warning: return makes integer from pointer without a cast
src/ov_SC01_005/../shared/ov/func_80156670.h: At top level:
In file included from src/ov_SC01_005/ov_SC01_005_jr_80154C24.c:1306:
src/ov_SC01_005/../shared/ov/func_80156670.h:6: warning: type mismatch with previous external decl
src/ov_SC01_005/ov_SC01_005_jr_80154C24.c:1207: warning: previous external decl of `func_80156670'
src/ov_SC01_005/../shared/ov/func_8014462C.h: In function `func_8014462C':
In file included from src/ov_SC01_005/ov_SC01_005_jr_80140608.c:2384:
src/ov_SC01_005/../shared/ov/func_8014462C.h:13: warning: passing arg 1 of `func_80128ED8' makes integer from pointer without a cast
src/ov_SC01_005/../shared/ov/func_8014462C.h:13: warning: passing arg 2 of `func_80128ED8' from incompatible pointer type
In file included from src/ov_SC01_005/ov_SC01_005_jr_80154C24.c:1311:
src/ov_SC01_005/../shared/ov/func_80156848.h:8: warning: type mismatch with previous external decl
src/ov_SC01_005/ov_SC01_005_jr_80154C24.c:1209: warning: previous external decl of `func_80156848'
src/ov_SC01_005/ov_SC01_005_after.c: At top level:
src/ov_SC01_005/ov_SC01_005_after.c:235: warning: type mismatch with previous external decl
src/ov_SC01_005/ov_SC01_005_after.c:136: warning: previous external decl of `func_80145EE8'
src/ov_SC01_005/ov_SC01_005_jr_8012ACE0.c: In function `func_8012DDA4':
src/ov_SC01_005/ov_SC01_005_jr_8012ACE0.c:621: warning: return makes integer from pointer without a cast
src/ov_SC01_005/ov_SC01_005_jr_8012ACE0.c: In function `func_8012DE2C':
src/ov_SC01_005/ov_SC01_005_jr_8012ACE0.c:636: warning: type mismatch with previous external decl
src/ov_SC01_005/ov_SC01_005_jr_8012ACE0.c:611: warning: previous external decl of `D_801CC554'
src/ov_SC01_005/ov_SC01_005_jr_8012ACE0.c:637: warning: type mismatch with previous external decl
src/ov_SC01_005/ov_SC01_005_jr_8012ACE0.c:612: warning: previous external decl of `D_801CC550'
src/ov_SC01_005/ov_SC01_005_jr_8012ACE0.c:652: warning: return makes integer from pointer without a cast
In file included from src/ov_SC01_005/ov_SC01_005_after.c:322:
src/ov_SC01_005/../shared/ov/func_80146128.h:4: warning: type mismatch with previous external decl
src/ov_SC01_005/ov_SC01_005_after.c:146: warning: previous external decl of `D_80126B78'
src/ov_SC01_005/../shared/ov/func_80146128.h:16: warning: type mismatch with previous external decl
src/ov_SC01_005/ov_SC01_005_after.c:127: warning: previous external decl of `func_80147098'
src/ov_SC01_005/ov_SC01_005_jr_8017AE2C.c: In function `func_8017B368':
src/ov_SC01_005/ov_SC01_005_jr_8017AE2C.c:2818: warning: type mismatch with previous external decl
src/ov_SC01_005/ov_SC01_005_jr_8017AE2C.c:2769: warning: src/ov_SC01_005/../shared/ov/func_8012E138.h: previous external decl of `In function `func_8012E138':
D_80185CF0In file included' from src/ov_SC01_005/ov_SC01_005_jr_8012ACE0.c:674
:
src/ov_SC01_005/../shared/ov/func_8012E138.h:19: warning: passing arg 2 of `func_8012F038' from incompatible pointer type
src/ov_SC01_005/../shared/ov/func_8012E138.h:19: warning: passing arg 3 of `func_8012F038' from incompatible pointer type
src/ov_SC01_005/../shared/ov/func_8012E138.h:36: warning: passing arg 2 of `func_8012F14C' makes integer from pointer without a cast
src/ov_SC01_005/../shared/ov/func_8012E138.h:36: warning: passing arg 3 of `func_8012F14C' makes integer from pointer without a cast
src/ov_SC01_005/../shared/ov/func_8012E138.h:37: warning: passing arg 3 of `func_80135888' makes integer from pointer without a cast
src/ov_SC01_005/../shared/ov/func_8012E138.h:37: warning: passing arg 4 of `func_80135888' makes integer from pointer without a cast
src/ov_SC01_005/ov_SC01_005_jr_8017AE2C.c: In function `func_8017B490':
src/ov_SC01_005/ov_SC01_005_jr_8017AE2C.c:2854: warning: type mismatch with previous external decl
src/ov_SC01_005/ov_SC01_005_jr_8017AE2C.c:2769: warning: previous external decl of `D_80185CF0'
In file included from src/ov_SC01_005/ov_SC01_005_jr_80154C24.c:1335:
src/ov_SC01_005/../shared/ov/func_80156ECC.h:3: warning: type mismatch with previous external decl
src/ov_SC01_005/../shared/ov/func_80156B74.h:11: warning: previous external decl of `func_80156ECC'
src/ov_SC01_005/../shared/ov/func_80156ECC.h: In function `func_80156ECC':
src/ov_SC01_005/../shared/ov/func_80156ECC.h:8: warning: passing arg 1 of `func_80156FA8' makes pointer from integer without a cast
src/ov_SC01_005/../shared/ov/func_80156ECC.h:8: warning: passing arg 2 of `func_80156FA8' makes pointer from integer without a cast
src/ov_SC01_005/../shared/ov/func_80156ECC.h:8: warning: passing arg 3 of `func_80156FA8' makes pointer from integer without a cast
In file included from src/ov_SC01_005/ov_SC01_005_after.c:373:
src/ov_SC01_005/../shared/ov/func_801468C8.h:5: warning: type mismatch with previous external decl
src/ov_SC01_005/ov_SC01_005_after.c:135: warning: previous external decl of `func_801468C8'
src/ov_SC01_005/ov_SC01_005_jr_8017AE2C.c: At top level:
src/ov_SC01_005/ov_SC01_005_jr_8017AE2C.c:3128: warning: type mismatch with previous external decl
src/ov_SC01_005/ov_SC01_005_jr_8017AE2C.c:2814: warning: previous external decl of `D_801CD7EC'
src/ov_SC01_005/ov_SC01_005_jr_8017AE2C.c:3129: warning: type mismatch with previous external decl
src/ov_SC01_005/ov_SC01_005_jr_8017AE2C.c:2815: warning: previous external decl of `D_801CD7F4'
src/ov_SC01_005/../shared/ov/func_801571C4.h: At top level:
In file included from src/ov_SC01_005/ov_SC01_005_jr_80154C24.c:1343:
src/ov_SC01_005/../shared/ov/func_801571C4.h:11: warning: type mismatch with previous external decl
src/ov_SC01_005/../shared/ov/func_80157158.h:6: warning: previous external decl of `func_801571C4'
src/ov_SC01_005/../shared/ov/func_801571C4.h:11: warning: type mismatch with previous implicit declaration
src/ov_SC01_005/../shared/ov/func_80157158.h:6: warning: previous implicit declaration of `func_801571C4'
src/ov_SC01_005/../shared/ov/func_801571C4.h:11: warning: `func_801571C4' was previously implicitly declared to return `int'
src/ov_SC01_005/../shared/ov/func_8015ADB0.h: In function `func_8015ADB0':
In file included from src/ov_SC01_005/ov_SC01_005_jr_8015A3C8.c:1471:
src/ov_SC01_005/../shared/ov/func_8015ADB0.h:12: warning: passing arg 1 of `func_80161124' makes pointer from integer without a cast
src/ov_SC01_005/../shared/ov/func_801571C4.h: In function `func_801571C4':
src/ov_SC01_005/../shared/ov/func_801571C4.h:42: warning: passing arg 3 of `func_80135260' makes pointer from integer without a cast
src/ov_SC01_005/../shared/ov/func_801571C4.h:42: warning: passing arg 4 of `func_80135260' makes pointer from integer without a cast
In file included from src/ov_SC01_005/ov_SC01_005_after.c:480:
src/ov_SC01_005/../shared/ov/func_80146C3C.h:3: warning: type mismatch with previous external decl
src/ov_SC01_005/ov_SC01_005_after.c:123: warning: previous external decl of `func_80016714'
src/ov_SC01_005/ov_SC01_005_jr_8017AE2C.c:3312: warning: type mismatch with previous external decl
src/ov_SC01_005/ov_SC01_005_jr_8017AE2C.c:2768: warning: previous external decl of `func_8017BE60'
In file included from src/ov_SC01_005/ov_SC01_005_jr_8017AE2C.c:3347:
src/ov_SC01_005/../shared/ov/func_8017BF70__4f6b6490.h:4: warning: type mismatch with previous external decl
src/ov_SC01_005/ov_SC01_005_jr_8017AE2C.c:3343: warning: previous external decl of `func_8017BF70'
src/ov_SC01_005/../shared/ov/func_8017BF70__4f6b6490.h:4: warning: type mismatch with previous implicit declaration
src/ov_SC01_005/ov_SC01_005_jr_8017AE2C.c:3343: warning: previous implicit declaration of `func_8017BF70'
src/ov_SC01_005/../shared/ov/func_8017BF70__4f6b6490.h:4: warning: `func_8017BF70' was previously implicitly declared to return `int'
src/ov_SC01_005/../shared/ov/func_80146D90.h: In function `func_80146D90':
In file included from src/ov_SC01_005/ov_SC01_005_after.c:494:
src/ov_SC01_005/../shared/ov/func_80146D90.h:6: warning: passing arg 1 of `func_80146DE8' makes pointer from integer without a cast
src/ov_SC01_005/../shared/ov/func_8015773C.h: In function `func_8015773C':
In file included from src/ov_SC01_005/ov_SC01_005_jr_80154C24.c:1365:
src/ov_SC01_005/../shared/ov/func_8015773C.h:11: warning: passing arg 1 of `func_801553A8' from incompatible pointer type
src/ov_SC01_005/ov_SC01_005_jr_80154C24.c: In function `func_801577C8':
src/ov_SC01_005/ov_SC01_005_jr_80154C24.c:1388: warning: passing arg 1 of `func_80147078' makes pointer from integer without a cast
src/ov_SC01_005/ov_SC01_005_jr_80154C24.c: At top level:
src/ov_SC01_005/ov_SC01_005_jr_80154C24.c:1403: warning: type mismatch with previous external decl
src/ov_SC01_005/ov_SC01_005_jr_80154C24.c:1389: warning: previous external decl of `func_80157808'
src/ov_SC01_005/ov_SC01_005_jr_80154C24.c:1403: warning: type mismatch with previous implicit declaration
src/ov_SC01_005/ov_SC01_005_jr_80154C24.c:1389: warning: previous implicit declaration of `func_80157808'
src/ov_SC01_005/ov_SC01_005_jr_80154C24.c:1403: warning: `func_80157808' was previously implicitly declared to return `int'
src/ov_SC01_005/../shared/ov/func_8015BF48.h: src/ov_SC01_005/../shared/ov/func_80147060.h: In function `func_8015BF48':
In function `func_80147060':
In file includedIn file included from src/ov_SC01_005/ov_SC01_005_jr_8015AE2C.c:1795 from src/ov_SC01_005/ov_SC01_005_after.c:516:
:
src/ov_SC01_005/../shared/ov/func_8015BF48.h:7: src/ov_SC01_005/../shared/ov/func_80147060.h:7: warning: warning: passing arg 1 of `func_8015C0C4' makes integer from pointer without a cast`return' with a value, in function returning void

src/ov_SC01_005/../shared/ov/func_80147084.h: At top level:
In file included from src/ov_SC01_005/ov_SC01_005_after.c:522:
src/ov_SC01_005/../shared/ov/func_80147084.h:3: warning: type mismatch with previous external decl
src/ov_SC01_005/ov_SC01_005_after.c:126: warning: previous external decl of `func_80147084'
In file included from src/ov_SC01_005/ov_SC01_005_after.c:530:
src/ov_SC01_005/../shared/ov/func_801470AC.h:3: warning: type mismatch with previous external decl
src/ov_SC01_005/ov_SC01_005_after.c:128: warning: previous external decl of `func_801470AC'
src/ov_SC01_005/ov_SC01_005_jr_8015AE2C.c: In function `func_8015C128':
src/ov_SC01_005/ov_SC01_005_jr_8015AE2C.c:1832: warning: type mismatch with previous external decl
src/ov_SC01_005/ov_SC01_005_jr_8015AE2C.c:1247: warning: previous external decl of `D_80184A4C'
src/ov_SC01_005/../shared/ov/func_8012F568.h: In function `func_8012F568':
In file included from src/ov_SC01_005/ov_SC01_005_jr_8012ACE0.c:1093:
src/ov_SC01_005/../shared/ov/func_8012F568.h:12: warning: passing arg 2 of `memcpy' makes pointer from integer without a cast
src/ov_SC01_005/../shared/ov/func_8012F568.h:13: warning: passing arg 2 of `memcpy' makes pointer from integer without a cast
{standard input}: Assembler messages:
{standard input}:567: Warning: used $at without ".set noat"
{standard input}:568: Warning: used $at without ".set noat"
{standard input}:676: Warning: used $at without ".set noat"
{standard input}:677: Warning: used $at without ".set noat"
src/ov_SC01_005/ov_SC01_005_jr_8015C32C.c:4614: warning: type mismatch with previous external decl
src/ov_SC01_005/ov_SC01_005_jr_8015C32C.c:4592: warning: previous external decl of `D_801CC818'
src/ov_SC01_005/ov_SC01_005_jr_8015C32C.c: In function `func_801651B8':
src/ov_SC01_005/ov_SC01_005_jr_8015C32C.c:4622: warning: assignment makes integer from pointer without a cast
src/ov_SC01_005/ov_SC01_005_jr_80154C24.c: In function `func_80158038':
src/ov_SC01_005/ov_SC01_005_jr_80154C24.c:1616: warning: passing arg 1 of `func_80154A74' makes integer from pointer without a cast
src/ov_SC01_005/ov_SC01_005_jr_80154C24.c:1619: warning: passing arg 2 of `func_80146994' makes integer from pointer without a cast
In file included from src/ov_SC01_005/ov_SC01_005_after.c:546:
src/ov_SC01_005/../shared/ov/func_801472DC.h:3: warning: type mismatch with previous external decl
src/ov_SC01_005/ov_SC01_005_after.c:163: warning: previous external decl of `D_8012707C'
src/ov_SC01_005/../shared/ov/func_80147324.h: In function `func_80147324':
In file included from src/ov_SC01_005/ov_SC01_005_after.c:552:
src/ov_SC01_005/../shared/ov/func_80147324.h:8: warning: comparison between pointer and integer
src/ov_SC01_005/../shared/ov/func_80147AD4.h: In function `func_80147AD4':
In file included from src/ov_SC01_005/ov_SC01_005_after.c:604:
src/ov_SC01_005/../shared/ov/func_80147AD4.h:8: warning: passing arg 2 of `func_80147B5C' makes pointer from integer without a cast
src/ov_SC01_005/../shared/ov/func_80165CA0.h: In function `func_80165CA0':
In file included from src/ov_SC01_005/ov_SC01_005_jr_8015C32C.c:4870:
src/ov_SC01_005/../shared/ov/func_80165CA0.h:13: warning: assignment from incompatible pointer type
src/ov_SC01_005/../shared/ov/func_80147D38.h: In function `func_80147D38':
In file included from src/ov_SC01_005/ov_SC01_005_after.c:614:
src/ov_SC01_005/../shared/ov/func_80147D38.h:12: warning: passing arg 2 of `func_80147DC0' makes integer from pointer without a cast
src/ov_SC01_005/../shared/ov/func_80165FA4.h: In function `func_80165FA4':
In file included from src/ov_SC01_005/ov_SC01_005_jr_8015C32C.c:4883:
src/ov_SC01_005/../shared/ov/func_80165FA4.h:11: warning: passing arg 2 of `ApplyMatrixSV' makes pointer from integer without a cast
src/ov_SC01_005/../shared/ov/func_80165FA4.h:11: warning: passing arg 3 of `ApplyMatrixSV' makes pointer from integer without a cast
src/ov_SC01_005/../shared/ov/func_80165FA4.h:12: warning: passing arg 2 of `ApplyMatrixSV' makes pointer from integer without a cast
src/ov_SC01_005/../shared/ov/func_80165FA4.h:12: warning: passing arg 3 of `ApplyMatrixSV' makes pointer from integer without a cast
src/ov_SC01_005/../shared/ov/func_801665B4.h: In function `func_801665B4':
In file included from src/ov_SC01_005/ov_SC01_005_jr_8015C32C.c:4917:
src/ov_SC01_005/../shared/ov/func_801665B4.h:8: warning: passing arg 1 of `func_80128ED8' makes integer from pointer without a cast
src/ov_SC01_005/ov_SC01_005_jr_8012ACE0.c: In function `func_80130D48':
src/ov_SC01_005/ov_SC01_005_jr_8012ACE0.c:1426: warning: assignment makes pointer from integer without a cast
src/ov_SC01_005/ov_SC01_005_jr_8012ACE0.c: In function `func_80131340':
src/ov_SC01_005/ov_SC01_005_jr_8012ACE0.c:1613: warning: type mismatch with previous external decl
src/ov_SC01_005/ov_SC01_005_jr_8012ACE0.c:1496: warning: previous external decl of `D_80182868'
src/ov_SC01_005/ov_SC01_005_jr_8012ACE0.c:1659: warning: passing arg 1 of `func_80131E00' makes pointer from integer without a cast
src/ov_SC01_005/ov_SC01_005_jr_8012ACE0.c:1713: warning: passing arg 1 of `func_80131E00' makes pointer from integer without a cast
src/ov_SC01_005/ov_SC01_005_jr_8012ACE0.c:1757: warning: passing arg 1 of `func_80131E00' makes pointer from integer without a cast
src/ov_SC01_005/ov_SC01_005_jr_8012ACE0.c:1788: warning: passing arg 1 of `func_80131E00' makes pointer from integer without a cast
src/ov_SC01_005/ov_SC01_005_jr_8012ACE0.c:1793: warning: passing arg 1 of `func_80131E00' makes pointer from integer without a cast
src/ov_SC01_005/ov_SC01_005_jr_8012ACE0.c:1810: warning: passing arg 1 of `func_80131E00' makes pointer from integer without a cast
src/ov_SC01_005/ov_SC01_005_jr_8012ACE0.c:1820: warning: passing arg 1 of `func_80131E00' makes pointer from integer without a cast
src/ov_SC01_005/../shared/ov/func_80149210.h: At top level:
In file included from src/ov_SC01_005/ov_SC01_005_after.c:882:
src/ov_SC01_005/../shared/ov/func_80149210.h:3: warning: type mismatch with previous external decl
src/ov_SC01_005/ov_SC01_005_after.c:129: warning: previous external decl of `func_80149210'
src/ov_SC01_005/../shared/ov/func_801325B8.h: In function `func_801325B8':
In file included from src/ov_SC01_005/ov_SC01_005_jr_8012ACE0.c:2182:
src/ov_SC01_005/../shared/ov/func_801325B8.h:34: warning: passing arg 1 of `memcpy' makes pointer from integer without a cast
src/ov_SC01_005/../shared/ov/func_801325B8.h:34: warning: passing arg 2 of `memcpy' makes pointer from integer without a cast
src/ov_SC01_005/../shared/ov/func_801325B8.h:57: warning: passing arg 1 of `memcpy' makes pointer from integer without a cast
src/ov_SC01_005/../shared/ov/func_801325B8.h:57: warning: passing arg 2 of `memcpy' makes pointer from integer without a cast
src/ov_SC01_005/../shared/ov/func_8016829C.h: At top level:
In file included from src/ov_SC01_005/ov_SC01_005_jr_8015C32C.c:5701:
src/ov_SC01_005/../shared/ov/func_8016829C.h:4: warning: prototype for `func_80166994' follows
src/ov_SC01_005/ov_SC01_005_jr_8015C32C.c:5075: warning: non-prototype definition here
src/ov_SC01_005/../shared/ov/func_80132EF4.h: In function `func_80132EF4':
In file included from src/ov_SC01_005/ov_SC01_005_jr_8012ACE0.c:2194:
src/ov_SC01_005/../shared/ov/func_80132EF4.h:6: warning: initialization makes integer from pointer without a cast
src/ov_SC01_005/../shared/ov/func_80132F40.h: In function `func_80132F40':
In file included from src/ov_SC01_005/ov_SC01_005_jr_8012ACE0.c:2275:
src/ov_SC01_005/../shared/ov/func_80132F40.h:34: warning: passing arg 2 of `func_8012F038' from incompatible pointer type
src/ov_SC01_005/../shared/ov/func_80132F40.h:34: warning: passing arg 3 of `func_8012F038' from incompatible pointer type
src/ov_SC01_005/../shared/ov/func_80132F40.h:36: warning: passing arg 2 of `func_8012F14C' makes integer from pointer without a cast
src/ov_SC01_005/../shared/ov/func_80132F40.h:36: warning: passing arg 3 of `func_8012F14C' makes integer from pointer without a cast
src/ov_SC01_005/../shared/ov/func_80168A14.h: In function `func_80168A14':
In file included from src/ov_SC01_005/ov_SC01_005_jr_8015C32C.c:5841:
src/ov_SC01_005/../shared/ov/func_80168A14.h:11: warning: passing arg 2 of `func_80146A6C' makes pointer from integer without a cast
src/ov_SC01_005/../shared/ov/func_80149F2C.h: In function `func_80149F2C':
In file included from src/ov_SC01_005/ov_SC01_005_after.c:975:
src/ov_SC01_005/../shared/ov/func_80149F2C.h:9: warning: initialization makes pointer from integer without a cast
src/ov_SC01_005/ov_SC01_005_jr_8012ACE0.c: In function `func_80133AB0':
src/ov_SC01_005/ov_SC01_005_jr_8012ACE0.c:2526: warning: type mismatch with previous external decl
src/ov_SC01_005/ov_SC01_005_jr_8012ACE0.c:2415: warning: previous external decl of `D_80182944'
src/ov_SC01_005/ov_SC01_005_jr_8012ACE0.c:2527: warning: type mismatch with previous external decl
src/ov_SC01_005/ov_SC01_005_jr_8012ACE0.c:2414: warning: previous external decl of `D_80182940'
src/ov_SC01_005/ov_SC01_005_jr_8012ACE0.c: In function `func_80133CD4':
src/ov_SC01_005/ov_SC01_005_jr_8012ACE0.c:2610: warning: type mismatch with previous external decl
src/ov_SC01_005/ov_SC01_005_jr_8012ACE0.c:2415: warning: previous external decl of `D_80182944'
src/ov_SC01_005/ov_SC01_005_jr_8012ACE0.c:2611: warning: type mismatch with previous external decl
src/ov_SC01_005/ov_SC01_005_jr_8012ACE0.c:2414: warning: previous external decl of `D_80182940'
src/ov_SC01_005/ov_SC01_005_jr_8012ACE0.c:2612: warning: type mismatch with previous external decl
src/ov_SC01_005/ov_SC01_005_jr_8012ACE0.c:2528: warning: previous external decl of `D_8018294C'
src/ov_SC01_005/ov_SC01_005_jr_8012ACE0.c: In function `func_801343C4':
src/ov_SC01_005/ov_SC01_005_jr_8012ACE0.c:2786: warning: type mismatch with previous external decl
src/ov_SC01_005/ov_SC01_005_jr_8012ACE0.c:2414: warning: previous external decl of `D_80182940'
src/ov_SC01_005/ov_SC01_005_jr_8012ACE0.c:2787: warning: type mismatch with previous external decl
src/ov_SC01_005/ov_SC01_005_jr_8012ACE0.c:2415: warning: previous external decl of `D_80182944'
src/ov_SC01_005/ov_SC01_005_jr_8012ACE0.c:2789: warning: type mismatch with previous external decl
src/ov_SC01_005/ov_SC01_005_jr_8012ACE0.c:2416: warning: previous external decl of `D_801CC5AC'
src/ov_SC01_005/ov_SC01_005_jr_8012ACE0.c: In function `func_80134510':
src/ov_SC01_005/ov_SC01_005_jr_8012ACE0.c:2842: warning: type mismatch with previous external decl
src/ov_SC01_005/ov_SC01_005_jr_8012ACE0.c:2414: warning: previous external decl of `D_80182940'
src/ov_SC01_005/ov_SC01_005_jr_8012ACE0.c:2843: warning: type mismatch with previous external decl
src/ov_SC01_005/ov_SC01_005_jr_8012ACE0.c:2415: warning: previous external decl of `D_80182944'
src/ov_SC01_005/ov_SC01_005_jr_8012ACE0.c:2844: warning: type mismatch with previous external decl
src/ov_SC01_005/ov_SC01_005_jr_8012ACE0.c:2613: warning: previous external decl of `D_80182948'
src/ov_SC01_005/ov_SC01_005_jr_8012ACE0.c: In function `func_801345F8':
src/ov_SC01_005/ov_SC01_005_jr_8012ACE0.c:2891: warning: type mismatch with previous external decl
src/ov_SC01_005/ov_SC01_005_jr_8012ACE0.c:2414: warning: previous external decl of `D_80182940'
src/ov_SC01_005/../shared/ov/func_80169E44.h: In function `func_80169E44':
In file included from src/ov_SC01_005/ov_SC01_005_jr_8015C32C.c:6019:
src/ov_SC01_005/../shared/ov/func_80169E44.h:9: warning: passing arg 1 of `func_80128ED8' makes integer from pointer without a cast
src/ov_SC01_005/ov_SC01_005_jr_8012ACE0.c: At top level:
src/ov_SC01_005/ov_SC01_005_jr_8012ACE0.c:2950: warning: type mismatch with previous external decl
src/ov_SC01_005/ov_SC01_005_jr_8012ACE0.c:2890: warning: previous external decl of `func_801347A0'
src/ov_SC01_005/ov_SC01_005_jr_8012ACE0.c: In function `func_801347A0':
src/ov_SC01_005/ov_SC01_005_jr_8012ACE0.c:2952: warning: type mismatch with previous external decl
src/ov_SC01_005/ov_SC01_005_jr_8012ACE0.c:2415: warning: previous external decl of `D_80182944'
src/ov_SC01_005/ov_SC01_005_jr_8012ACE0.c:2953: warning: type mismatch with previous external decl
src/ov_SC01_005/ov_SC01_005_jr_8012ACE0.c:2414: warning: previous external decl of `D_80182940'
src/ov_SC01_005/ov_SC01_005_jr_8012ACE0.c:2954: warning: type mismatch with previous external decl
src/ov_SC01_005/ov_SC01_005_jr_8012ACE0.c:2613: warning: previous external decl of `D_80182948'
src/ov_SC01_005/../shared/ov/func_8014B034.h: At top level:
In file included from src/ov_SC01_005/ov_SC01_005_after.c:1115:
src/ov_SC01_005/../shared/ov/func_8014B034.h:4: warning: type mismatch with previous external decl
src/ov_SC01_005/../shared/ov/func_8014ADE0.h:22: warning: previous external decl of `D_80078E90'
src/ov_SC01_005/../shared/ov/func_80169FE0.h: In function `func_80169FE0':
In file included from src/ov_SC01_005/ov_SC01_005_jr_8015C32C.c:6063:
src/ov_SC01_005/../shared/ov/func_80169FE0.h:6: warning: passing arg 1 of `func_80128ED8' makes integer from pointer without a cast
src/ov_SC01_005/ov_SC01_005_jr_8012ACE0.c: In function `func_80134C20':
src/ov_SC01_005/ov_SC01_005_jr_8012ACE0.c:3074: warning: type mismatch with previous external decl
src/ov_SC01_005/ov_SC01_005_jr_8012ACE0.c:2414: warning: previous external decl of `D_80182940'
src/ov_SC01_005/ov_SC01_005_jr_8012ACE0.c:3075: warning: type mismatch with previous external decl
src/ov_SC01_005/ov_SC01_005_jr_8012ACE0.c:2415: warning: previous external decl of `D_80182944'
src/ov_SC01_005/ov_SC01_005_jr_8012ACE0.c:3076: warning: type mismatch with previous external decl
src/ov_SC01_005/ov_SC01_005_jr_8012ACE0.c:2613: warning: previous external decl of `D_80182948'
src/ov_SC01_005/ov_SC01_005_jr_8012ACE0.c:3077: warning: type mismatch with previous external decl
src/ov_SC01_005/ov_SC01_005_jr_8012ACE0.c:2528: warning: previous external decl of `D_8018294C'
src/ov_SC01_005/ov_SC01_005_jr_8012ACE0.c: In function `func_80135004':
src/ov_SC01_005/ov_SC01_005_jr_8012ACE0.c:3169: warning: type mismatch with previous external decl
src/ov_SC01_005/ov_SC01_005_jr_8012ACE0.c:2415: warning: previous external decl of `D_80182944'
src/ov_SC01_005/ov_SC01_005_jr_8012ACE0.c:3170: warning: type mismatch with previous external decl
src/ov_SC01_005/ov_SC01_005_jr_8012ACE0.c:2414: warning: previous external decl of `D_80182940'
src/ov_SC01_005/ov_SC01_005_jr_8012ACE0.c: In function `func_80135168':
src/ov_SC01_005/ov_SC01_005_jr_8012ACE0.c:3238: warning: type mismatch with previous external decl
src/ov_SC01_005/ov_SC01_005_jr_8012ACE0.c:2414: warning: previous external decl of `D_80182940'
src/ov_SC01_005/ov_SC01_005_jr_8012ACE0.c:3239: warning: type mismatch with previous external decl
src/ov_SC01_005/ov_SC01_005_jr_8012ACE0.c:2415: warning: previous external decl of `D_80182944'
src/ov_SC01_005/ov_SC01_005_jr_8012ACE0.c: In function `func_80135260':
src/ov_SC01_005/ov_SC01_005_jr_8012ACE0.c:3313: warning: type mismatch with previous external decl
src/ov_SC01_005/ov_SC01_005_jr_8012ACE0.c:2414: warning: previous external decl of `D_80182940'
src/ov_SC01_005/ov_SC01_005_jr_8012ACE0.c:3314: warning: type mismatch with previous external decl
src/ov_SC01_005/ov_SC01_005_jr_8012ACE0.c:2415: warning: previous external decl of `D_80182944'
src/ov_SC01_005/ov_SC01_005_jr_8012ACE0.c:3315: warning: type mismatch with previous external decl
src/ov_SC01_005/ov_SC01_005_jr_8012ACE0.c:2528: warning: previous external decl of `D_8018294C'
src/ov_SC01_005/ov_SC01_005_jr_8012ACE0.c: In function `func_80135480':
src/ov_SC01_005/ov_SC01_005_jr_8012ACE0.c:3433: warning: type mismatch with previous external decl
src/ov_SC01_005/ov_SC01_005_jr_8012ACE0.c:2414: warning: previous external decl of `D_80182940'
src/ov_SC01_005/ov_SC01_005_jr_8012ACE0.c:3434: warning: type mismatch with previous external decl
src/ov_SC01_005/ov_SC01_005_jr_8012ACE0.c:2415: warning: previous external decl of `D_80182944'
In file included from src/ov_SC01_005/ov_SC01_005_after.c:1193:
src/ov_SC01_005/../shared/ov/func_8014BE9C.h:4: warning: type mismatch with previous external decl
src/ov_SC01_005/ov_SC01_005_after.c:130: warning: previous external decl of `func_8014BE9C'
src/ov_SC01_005/../shared/ov/func_8014C168.h: In function `func_8014C168':
In file included from src/ov_SC01_005/ov_SC01_005_after.c:1223:
src/ov_SC01_005/../shared/ov/func_8014C168.h:12: warning: return makes integer from pointer without a cast
src/ov_SC01_005/../shared/ov/func_8014C168.h:16: warning: return makes integer from pointer without a cast
src/ov_SC01_005/../shared/ov/func_8014C3D0.h: In function `func_8014C3D0':
In file included from src/ov_SC01_005/ov_SC01_005_after.c:1245:
src/ov_SC01_005/../shared/ov/func_8014C3D0.h:6: warning: passing arg 2 of `func_8014C59C' makes pointer from integer without a cast
src/ov_SC01_005/../shared/ov/func_8014C43C.h: In function `func_8014C43C':
In file included from src/ov_SC01_005/ov_SC01_005_after.c:1247:
src/ov_SC01_005/../shared/ov/func_8014C43C.h:9: warning: passing arg 4 of `func_8014C4AC' makes pointer from integer without a cast
src/ov_SC01_005/../shared/ov/func_8014C6D0.h: At top level:
In file included from src/ov_SC01_005/ov_SC01_005_after.c:1279:
src/ov_SC01_005/../shared/ov/func_8014C6D0.h:4: warning: type mismatch with previous external decl
src/ov_SC01_005/ov_SC01_005_after.c:138: warning: previous external decl of `func_8014C6D0'
In file included from src/ov_SC01_005/ov_SC01_005_after.c:1321:
src/ov_SC01_005/../shared/ov/func_8014C968.h:4: warning: type mismatch with previous external decl
src/ov_SC01_005/ov_SC01_005_after.c:137: warning: previous external decl of `func_8014C968'
src/ov_SC01_005/../shared/ov/func_8014CD0C.h: In function `func_8014CD0C':
In file included from src/ov_SC01_005/ov_SC01_005_after.c:1395:
src/ov_SC01_005/../shared/ov/func_8014CD0C.h:21: warning: passing arg 2 of `func_8014CF04' makes integer from pointer without a cast
src/ov_SC01_005/../shared/ov/func_8014D438.h: In function `func_8014D438':
In file included from src/ov_SC01_005/ov_SC01_005_after.c:1472:
src/ov_SC01_005/../shared/ov/func_8014D438.h:15: warning: passing arg 2 of `func_8014D610' makes integer from pointer without a cast
src/ov_SC01_005/../shared/ov/func_8014E48C.h: In function `func_8014E48C':
In file included from src/ov_SC01_005/ov_SC01_005_after.c:1900:
src/ov_SC01_005/../shared/ov/func_8014E48C.h:17: warning: passing arg 1 of `func_8014E514' makes pointer from integer without a cast
src/ov_SC01_005/../shared/ov/func_8014E48C.h:17: warning: passing arg 2 of `func_8014E514' makes integer from pointer without a cast
src/ov_SC01_005/../shared/ov/func_8014E48C.h:17: warning: passing arg 3 of `func_8014E514' makes integer from pointer without a cast
src/ov_SC01_005/../shared/ov/func_8014E790.h: In function `func_8014E790':
In file included from src/ov_SC01_005/ov_SC01_005_after.c:1978:
src/ov_SC01_005/../shared/ov/func_8014E790.h:8: warning: passing arg 3 of `func_80135888' makes integer from pointer without a cast
src/ov_SC01_005/../shared/ov/func_8014E790.h:8: warning: passing arg 4 of `func_80135888' makes integer from pointer without a cast
src/ov_SC01_005/../shared/ov/func_8014E83C.h: In function `func_8014E83C':
In file included from src/ov_SC01_005/ov_SC01_005_after.c:1980:
src/ov_SC01_005/../shared/ov/func_8014E83C.h:18: warning: passing arg 3 of `func_80135888' makes integer from pointer without a cast
src/ov_SC01_005/../shared/ov/func_8014E83C.h:18: warning: passing arg 4 of `func_80135888' makes integer from pointer without a cast
src/ov_SC01_005/../shared/ov/func_8014EE14.h: In function `func_8014EE14':
In file included from src/ov_SC01_005/ov_SC01_005_after.c:2056:
src/ov_SC01_005/../shared/ov/func_8014EE14.h:22: warning: assignment makes integer from pointer without a cast
src/ov_SC01_005/../shared/ov/func_80150820.h: At top level:
In file included from src/ov_SC01_005/ov_SC01_005_after.c:2381:
src/ov_SC01_005/../shared/ov/func_80150820.h:5: warning: type mismatch with previous external decl
src/ov_SC01_005/ov_SC01_005_after.c:2344: warning: previous external decl of `func_80150820'
src/ov_SC01_005/../shared/ov/func_80151204.h: In function `func_80151204':
In file included from src/ov_SC01_005/ov_SC01_005_after.c:2603:
src/ov_SC01_005/../shared/ov/func_80151204.h:7: warning: passing arg 1 of `func_8014ACE8' makes pointer from integer without a cast
src/ov_SC01_005/../shared/ov/func_8015126C.h: In function `func_8015126C':
In file included from src/ov_SC01_005/ov_SC01_005_after.c:2607:
src/ov_SC01_005/../shared/ov/func_8015126C.h:132: warning: passing arg 1 of `func_8015173C' from incompatible pointer type
src/ov_SC01_005/../shared/ov/func_80151AE4.h: In function `func_80151AE4':
In file included from src/ov_SC01_005/ov_SC01_005_after.c:2680:
src/ov_SC01_005/../shared/ov/func_80151AE4.h:16: warning: passing arg 1 of `func_80149020' makes pointer from integer without a cast
src/ov_SC01_005/../shared/ov/func_80151AE4.h:19: warning: passing arg 1 of `func_80159B3C' makes pointer from integer without a cast
src/ov_SC01_005/../shared/ov/func_80151AE4.h:32: warning: passing arg 1 of `func_8015BDD0' makes pointer from integer without a cast
src/ov_SC01_005/ov_SC01_005_after.c: In function `func_801520DC':
src/ov_SC01_005/ov_SC01_005_after.c:2735: warning: passing arg 1 of `func_80149020' makes pointer from integer without a cast
src/ov_SC01_005/ov_SC01_005_after.c:2736: warning: passing arg 1 of `func_801472C8' makes pointer from integer without a cast
src/ov_SC01_005/ov_SC01_005_after.c:2738: warning: passing arg 1 of `func_80146DB8' makes pointer from integer without a cast
src/ov_SC01_005/ov_SC01_005_after.c:2739: warning: passing arg 1 of `func_801477E8' makes pointer from integer without a cast
src/ov_SC01_005/ov_SC01_005_after.c:2740: warning: passing arg 1 of `func_8014CBF8' makes pointer from integer without a cast
src/ov_SC01_005/ov_SC01_005_after.c:2741: warning: passing arg 1 of `func_801474EC' makes pointer from integer without a cast
src/ov_SC01_005/ov_SC01_005_after.c:2742: warning: passing arg 2 of `func_80146A6C' makes pointer from integer without a cast
src/ov_SC01_005/ov_SC01_005_after.c:2744: warning: passing arg 1 of `func_80146CA0' makes pointer from integer without a cast
src/ov_SC01_005/../shared/ov/func_80152254.h: In function `func_80152254':
In file included from src/ov_SC01_005/ov_SC01_005_after.c:2752:
src/ov_SC01_005/../shared/ov/func_80152254.h:22: warning: passing arg 1 of `func_80159B3C' makes pointer from integer without a cast
src/ov_SC01_005/ov_SC01_005_after.c: In function `func_801528B0':
src/ov_SC01_005/ov_SC01_005_after.c:2866: warning: passing arg 1 of `func_80149020' makes pointer from integer without a cast
src/ov_SC01_005/ov_SC01_005_after.c:2867: warning: passing arg 1 of `func_80154274' makes pointer from integer without a cast
src/ov_SC01_005/ov_SC01_005_after.c:2867: warning: passing arg 2 of `func_80154274' makes integer from pointer without a cast
src/ov_SC01_005/ov_SC01_005_after.c:2870: warning: passing arg 1 of `func_80146DB8' makes pointer from integer without a cast
src/ov_SC01_005/ov_SC01_005_after.c:2871: warning: passing arg 1 of `func_801477E8' makes pointer from integer without a cast
src/ov_SC01_005/ov_SC01_005_after.c:2872: warning: passing arg 1 of `func_8014CBF8' makes pointer from integer without a cast
src/ov_SC01_005/ov_SC01_005_after.c:2873: warning: passing arg 1 of `func_801474EC' makes pointer from integer without a cast
src/ov_SC01_005/ov_SC01_005_after.c:2874: warning: passing arg 1 of `func_80146CA0' makes pointer from integer without a cast
src/ov_SC01_005/../shared/ov/func_8015294C.h: In function `func_8015294C':
In file included from src/ov_SC01_005/ov_SC01_005_after.c:2878:
src/ov_SC01_005/../shared/ov/func_8015294C.h:31: warning: passing arg 1 of `func_801472C8' from incompatible pointer type
src/ov_SC01_005/../shared/ov/func_80152A50.h: In function `func_80152A50':
In file included from src/ov_SC01_005/ov_SC01_005_after.c:2882:
src/ov_SC01_005/../shared/ov/func_80152A50.h:22: warning: passing arg 1 of `func_80159B3C' makes pointer from integer without a cast
src/ov_SC01_005/../shared/ov/func_80152BF0.h: In function `func_80152BF0':
In file included from src/ov_SC01_005/ov_SC01_005_after.c:2896:
src/ov_SC01_005/../shared/ov/func_80152BF0.h:13: warning: passing arg 1 of `func_80146CA0' makes pointer from integer without a cast
src/ov_SC01_005/../shared/ov/func_80152C80.h: In function `func_80152C80':
In file included from src/ov_SC01_005/ov_SC01_005_after.c:2900:
src/ov_SC01_005/../shared/ov/func_80152C80.h:12: warning: initialization makes integer from pointer without a cast
src/ov_SC01_005/ov_SC01_005_after.c: In function `func_80152DA8':
src/ov_SC01_005/ov_SC01_005_after.c:2931: warning: passing arg 1 of `func_80149020' makes pointer from integer without a cast
src/ov_SC01_005/ov_SC01_005_after.c:2932: warning: passing arg 1 of `func_80154274' makes pointer from integer without a cast
src/ov_SC01_005/ov_SC01_005_after.c:2932: warning: passing arg 2 of `func_80154274' makes integer from pointer without a cast
src/ov_SC01_005/ov_SC01_005_after.c:2936: warning: passing arg 1 of `func_80146DB8' makes pointer from integer without a cast
src/ov_SC01_005/ov_SC01_005_after.c:2937: warning: passing arg 1 of `func_801477E8' makes pointer from integer without a cast
src/ov_SC01_005/ov_SC01_005_after.c:2938: warning: passing arg 1 of `func_8014CBF8' makes pointer from integer without a cast
src/ov_SC01_005/ov_SC01_005_after.c:2939: warning: passing arg 1 of `func_801474EC' makes pointer from integer without a cast
src/ov_SC01_005/ov_SC01_005_after.c:2940: warning: passing arg 1 of `func_80146CA0' makes pointer from integer without a cast
src/ov_SC01_005/../shared/ov/func_80152E4C.h: In function `func_80152E4C':
In file included from src/ov_SC01_005/ov_SC01_005_after.c:2944:
src/ov_SC01_005/../shared/ov/func_80152E4C.h:34: warning: passing arg 1 of `func_801472C8' makes pointer from integer without a cast
src/ov_SC01_005/../shared/ov/func_80152F44.h: In function `func_80152F44':
In file included from src/ov_SC01_005/ov_SC01_005_after.c:2948:
src/ov_SC01_005/../shared/ov/func_80152F44.h:22: warning: passing arg 1 of `func_80159B3C' makes pointer from integer without a cast
src/ov_SC01_005/../shared/ov/func_801530E4.h: In function `func_801530E4':
In file included from src/ov_SC01_005/ov_SC01_005_after.c:2962:
src/ov_SC01_005/../shared/ov/func_801530E4.h:14: warning: passing arg 1 of `func_80149020' makes pointer from integer without a cast
src/ov_SC01_005/../shared/ov/func_801530E4.h:15: warning: passing arg 1 of `func_801472C8' makes pointer from integer without a cast
src/ov_SC01_005/../shared/ov/func_801530E4.h:17: warning: passing arg 1 of `func_8014CBF8' makes pointer from integer without a cast
src/ov_SC01_005/../shared/ov/func_801530E4.h:18: warning: passing arg 1 of `func_801474EC' makes pointer from integer without a cast
src/ov_SC01_005/../shared/ov/func_801530E4.h:19: warning: passing arg 1 of `func_80155440' makes pointer from integer without a cast
src/ov_SC01_005/../shared/ov/func_801530E4.h:20: warning: passing arg 1 of `func_80146CA0' makes pointer from integer without a cast
src/ov_SC01_005/../shared/ov/func_80153204.h: In function `func_80153204':
In file included from src/ov_SC01_005/ov_SC01_005_after.c:2968:
src/ov_SC01_005/../shared/ov/func_80153204.h:22: warning: passing arg 1 of `func_80159B3C' makes pointer from integer without a cast
src/ov_SC01_005/../shared/ov/func_801533A4.h: In function `func_801533A4':
In file included from src/ov_SC01_005/ov_SC01_005_after.c:2982:
src/ov_SC01_005/../shared/ov/func_801533A4.h:12: warning: passing arg 1 of `func_80149020' makes pointer from integer without a cast
src/ov_SC01_005/../shared/ov/func_801533A4.h:15: warning: passing arg 1 of `func_8014CBF8' makes pointer from integer without a cast
src/ov_SC01_005/../shared/ov/func_801533A4.h:16: warning: passing arg 1 of `func_801474EC' makes pointer from integer without a cast
src/ov_SC01_005/../shared/ov/func_801533A4.h:17: warning: passing arg 1 of `func_80155440' makes pointer from integer without a cast
src/ov_SC01_005/../shared/ov/func_801533A4.h:18: warning: passing arg 1 of `func_80146CA0' makes pointer from integer without a cast
src/ov_SC01_005/../shared/ov/func_801534D8.h: In function `func_801534D8':
In file included from src/ov_SC01_005/ov_SC01_005_after.c:2988:
src/ov_SC01_005/../shared/ov/func_801534D8.h:22: warning: passing arg 1 of `func_80159B3C' makes pointer from integer without a cast
src/ov_SC01_005/../shared/ov/func_801539F8.h: In function `func_801539F8':
In file included from src/ov_SC01_005/ov_SC01_005_after.c:3004:
src/ov_SC01_005/../shared/ov/func_801539F8.h:14: warning: passing arg 3 of `func_80133784' makes integer from pointer without a cast
src/ov_SC01_005/../shared/ov/func_801539F8.h:20: warning: passing arg 3 of `func_80133784' makes integer from pointer without a cast
src/ov_SC01_005/../shared/ov/func_801539F8.h:24: warning: passing arg 3 of `func_80133784' makes integer from pointer without a cast
src/ov_SC01_005/../shared/ov/func_80153C8C.h: At top level:
In file included from src/ov_SC01_005/ov_SC01_005_after.c:3020:
src/ov_SC01_005/../shared/ov/func_80153C8C.h:4: warning: type mismatch with previous external decl
src/ov_SC01_005/ov_SC01_005_after.c:140: warning: previous external decl of `func_80153C8C'
src/ov_SC01_005/../shared/ov/func_80154150.h: In function `func_80154150':
In file included from src/ov_SC01_005/ov_SC01_005_after.c:3078:
src/ov_SC01_005/../shared/ov/func_80154150.h:7: warning: passing arg 1 of `func_80154190' makes pointer from integer without a cast
{standard input}: Assembler messages:
{standard input}:683: Warning: used $at without ".set noat"
{standard input}:684: Warning: used $at without ".set noat"
{standard input}:12681: Warning: used $at without ".set noat"
{standard input}:12682: Warning: used $at without ".set noat"
{standard input}:13010: Warning: used $at without ".set noat"
{standard input}:13011: Warning: used $at without ".set noat"
{standard input}:13332: Warning: used $at without ".set noat"
{standard input}:13333: Warning: used $at without ".set noat"
{standard input}:13637: Warning: used $at without ".set noat"
{standard input}:13638: Warning: used $at without ".set noat"
{standard input}:14342: Warning: used $at without ".set noat"
{standard input}:14343: Warning: used $at without ".set noat"
{standard input}:14785: Warning: used $at without ".set noat"
{standard input}:14786: Warning: used $at without ".set noat"
{standard input}:15021: Warning: used $at without ".set noat"
{standard input}:15022: Warning: used $at without ".set noat"
{standard input}:15267: Warning: used $at without ".set noat"
{standard input}:15268: Warning: used $at without ".set noat"
{standard input}:15617: Warning: used $at without ".set noat"
{standard input}:15618: Warning: used $at without ".set noat"
{standard input}:16023: Warning: used $at without ".set noat"
{standard input}:16024: Warning: used $at without ".set noat"
{standard input}:16259: Warning: used $at without ".set noat"
{standard input}:16260: Warning: used $at without ".set noat"
{standard input}:16477: Warning: used $at without ".set noat"
{standard input}:16478: Warning: used $at without ".set noat"
{standard input}:16746: Warning: used $at without ".set noat"
{standard input}:16747: Warning: used $at without ".set noat"
{standard input}:16898: Warning: used $at without ".set noat"
{standard input}:16899: Warning: used $at without ".set noat"
{standard input}:17015: Warning: used $at without ".set noat"
{standard input}:17016: Warning: used $at without ".set noat"
{standard input}:17725: Warning: used $at without ".set noat"
{standard input}:17726: Warning: used $at without ".set noat"
{standard input}:18374: Warning: used $at without ".set noat"
{standard input}:18375: Warning: used $at without ".set noat"
  LD      build/ov_SC01_005/ov_SC01_005.elf
  OBJCOPY build/ov_SC01_005/ov_SC01_005
  TRIM    build/ov_SC01_005/ov_SC01_005 (-3 B linker end-align pad)
[ OK ] build/ov_SC01_005/ov_SC01_005
       sha1 56760dbec7757f12d18d7e40242a0b05280ff444 == config/check.ov_SC01_005.sha  (BYTE-IDENTICAL)
