delever_search --run: 800 exemplars (800 bodies behind them), 16 worker(s), beam 3 × depth 2 × cap 48, budget 200 compiles per body, label s5
  ov_SC01_000__func_8017E4A0: UNSTRIPPABLE — [('instruction', 3609, 'instruction `li` has no C spelling in the table')]
    depth 1: score 0 by R10 param-copy param_1 @4395
  ov_SC01_077__func_80178840: MATCH start=12 best=0 compiles=5 (6.7s, 1 copies, 1 needed, R10 param-copy param_1 @4395)
    depth 1: score 0 by R10 param-copy arg0 @3554
  ov_SC01_009__func_80181B04: MATCH start=8 best=0 compiles=9 (7.3s, 1 copies, 1 needed, R10 param-copy arg0 @3554)
    depth 1: score 0 by R6 inline v @4687
  ov_SC01_005__func_80181894: MATCH start=20 best=0 compiles=13 (9.7s, 1 copies, 1 needed, R6 inline v @4687)
    depth 1: score 0 by R7 do-while @3404
  ov_SC01_074__func_8017D528: MATCH start=10 best=0 compiles=23 (11.7s, 1 copies, 1 needed, R7 do-while @3404)
    depth 1: score 0 by R7 do-while @3300
  ov_SC01_077__func_80175DA8: MATCH start=3 best=0 compiles=14 (6.6s, 1 copies, 1 needed, R7 do-while @3300)
    depth 1: 22 kept of the scored, best 4 (R12 width mode s32->u16 @3862) · 49 compiles
    depth 1: 13 kept of the scored, best 4 (R7 block @3174) · 49 compiles
    depth 1: 24 kept of the scored, best 1 (R7 block @3519) · 49 compiles
    depth 1: 22 kept of the scored, best 5 (R7 do-while @4374) · 49 compiles
    depth 1: 22 kept of the scored, best 25 (R12 width flag4 s32->u16 @4200) · 49 compiles
    depth 1: 25 kept of the scored, best 2 (R8 base-shared tmp0 @4263) · 49 compiles
    depth 1: 26 kept of the scored, best 2 (R18 bystander @3571->3574) · 49 compiles
    depth 1: 14 kept of the scored, best 3 (R7 block @3448) · 49 compiles
    depth 1: 15 kept of the scored, best 5 (R7 do-while @7092) · 49 compiles
    depth 1: 17 kept of the scored, best 13 (R6 inline uVar3 @5836) · 49 compiles
    depth 1: 28 kept of the scored, best 2 (R7 do-while @3135) · 49 compiles
    depth 1: 17 kept of the scored, best 2 (R7 block @4102) · 49 compiles
    depth 1: 25 kept of the scored, best 2 (R18 bystander @4724->4722) · 49 compiles
    depth 2: score 0 by R18 bystander @4724->4722 + R9 swap-stmts @4722
  ov_SC01_077__func_80186434: MATCH start=36 best=0 compiles=52 (16.8s, 1 copies, 1 needed, R18 bystander @4724->4722 + R9 swap-stmts @4722)
    depth 1: 14 kept of the scored, best 7 (R6 inline d @10551) · 49 compiles
    depth 1: 26 kept of the scored, best 5 (R6 inline uVar5 @6389) · 49 compiles
    depth 1: 20 kept of the scored, best 6 (R8 temp tmp0 @7274) · 49 compiles
    depth 1: 14 kept of the scored, best 19 (R14 param-width param_1 s32->u16 @3973) · 49 compiles
    depth 2: score 0 by R6 inline uVar5 @6389 + R6 inline uVar5 @6377
  ov_MAIN_012__func_80163EC8: MATCH start=8 best=0 compiles=69 (58.4s, 1 copies, 1 needed, R6 inline uVar5 @6389 + R6 inline uVar5 @6377)
    depth 2: 61 kept of the scored, best 4 (R12 width mode s32->u16 @3862 + R8 temp tmp0 @3897) · 185 compiles
  ov_MAIN_012__func_8017CBC8: NO-MATCH start=4 best=4 compiles=185 (61.7s, 1 copies, 1 needed)
    depth 2: 33 kept of the scored, best 4 (R7 block @3174 + R18 bystander @3261->3259) · 186 compiles
  ov_SC01_004__func_8017EB30: NO-MATCH start=4 best=4 compiles=186 (62.0s, 1 copies, 1 needed)
    depth 2: 76 kept of the scored, best 1 (R7 block @3519 + R7 block @3520) · 180 compiles
  ov_SC01_008__func_8017F470: NO-MATCH start=1 best=1 compiles=180 (62.5s, 1 copies, 1 needed)
    depth 2: 62 kept of the scored, best 2 (R7 do-while @4374 + R6 inline v @4373) · 187 compiles
  ov_MAIN_012__func_8017DD28: NO-MATCH start=8 best=2 compiles=187 (65.2s, 1 copies, 2 needed, R7 do-while @4374 + R6 inline v @4373)
    depth 1: score 0 by R12 width idx s32->u16 @4230
  ov_MAIN_012__func_8017DCB0: MATCH start=13 best=0 compiles=2 (1.4s, 1 copies, 1 needed, R12 width idx s32->u16 @4230)
    depth 2: 62 kept of the scored, best 25 (R12 width flag4 s32->u16 @4200 + R18 bystander @4205->4208) · 184 compiles
  ov_SC01_004__func_8017E1D4: NO-MATCH start=29 best=25 compiles=184 (67.9s, 1 copies, 2 needed, R12 width flag4 s32->u16 @4200)
    depth 1: 15 kept of the scored, best 3 (R6 inline r @2756) · 18 compiles
    depth 2: 40 kept of the scored, best 3 (R7 block @3448 + R12 width st34 s32->u16 @3415) · 192 compiles
  ov_SC01_077__func_80182A24: NO-MATCH start=3 best=3 compiles=192 (62.5s, 1 copies, 1 needed)
    depth 2: 61 kept of the scored, best 2 (R8 base-shared tmp0 @4263 + R7 block @4265) · 188 compiles
  ov_SC01_009__func_801803E4: NO-MATCH start=10 best=2 compiles=188 (73.9s, 1 copies, 1 needed, R8 base-shared tmp0 @4263)
    depth 2: 72 kept of the scored, best 2 (R18 bystander @3571->3574 + R18 bystander @3572->3570) · 187 compiles
  ov_SC01_000__func_8017E3A0: NO-MATCH start=2 best=2 compiles=187 (77.5s, 1 copies, 2 needed)
    depth 1: score 0 by R7 do-while @5370
  ov_SC02_005__func_8018118C: MATCH start=5 best=0 compiles=12 (10.7s, 1 copies, 1 needed, R7 do-while @5370)
    depth 1: 24 kept of the scored, best 9 (R18 bystander @4493->4496) · 49 compiles
    depth 1: 14 kept of the scored, best 3 (R7 block @3135) · 49 compiles
    depth 2: score 0 by R7 do-while @3133 + R9 swap-stmts @3134
  ov_SC01_077__func_80142EC0: MATCH start=13 best=0 compiles=150 (87.0s, 1 copies, 2 needed, R7 do-while @3133 + R9 swap-stmts @3134)
    depth 2: 35 kept of the scored, best 3 (R6 inline r @2756 + R12 width v s32->u16 @2751) · 55 compiles
  ov_SC01_084__func_80185E38: NO-MATCH start=6 best=3 compiles=55 (48.8s, 1 copies, 1 needed, R6 inline r @2756)
    depth 2: 43 kept of the scored, best 4 (R7 do-while @7092 + R7 do-while @7094) · 181 compiles
    depth 1: 20 kept of the scored, best 1 (R12 width nudge s32->u16 @5930) · 49 compiles
    depth 2: 50 kept of the scored, best 2 (R7 block @4102 + R10 param-copy a0 @4096) · 189 compiles
  ov_SC01_001__func_80183748: NO-MATCH start=14 best=4 compiles=181 (119.7s, 1 copies, 1 needed, R7 do-while @7092 + R7 do-while @7094)
  ov_SC01_005__func_80180BDC: NO-MATCH start=2 best=2 compiles=189 (110.4s, 1 copies, 1 needed)
    depth 1: score 0 by R7 do-while @4052
    depth 1: 37 kept of the scored, best 1 (R12 width iVar1 s32->u16 @4104) · 49 compiles
    depth 1: score 0 by R10 param-copy a0 @2563
    depth 1: 21 kept of the scored, best 2 (R12 width a0v s32->u16 @3289) · 49 compiles
  ov_SC01_009__func_8017FED8: MATCH start=8 best=0 compiles=38 (55.3s, 1 copies, 1 needed, R7 do-while @4052)
  ov_SC01_084__func_80185B78: MATCH start=5 best=0 compiles=7 (17.9s, 1 copies, 1 needed, R10 param-copy a0 @2563)
    depth 2: 46 kept of the scored, best 13 (R6 inline uVar3 @5836 + R9 swap-stmts @5854) · 190 compiles
  ov_SC01_077__func_80180590: NO-MATCH start=13 best=13 compiles=190 (133.0s, 1 copies, 2 needed)
    depth 1: 23 kept of the scored, best 56 (R5 swap | @3338) · 49 compiles
    depth 1: 22 kept of the scored, best 11 (R9 swap-stmts @4929) · 49 compiles
    depth 1: 13 kept of the scored, best 4 (R7 block @3074) · 49 compiles
    depth 1: 22 kept of the scored, best 6 (R12 width c s32->u16 @3331) · 49 compiles
    depth 1: 24 kept of the scored, best 4 (R6 inline t @2865) · 49 compiles
    depth 2: 26 kept of the scored, best 11 (R14 param-width param_1 s32->u16 @3973 + R6 inline dest @3990) · 187 compiles
  ov_SC01_077__func_8018514C: NO-MATCH start=32 best=11 compiles=187 (116.7s, 1 copies, 1 needed, R14 param-width param_1 s32->u16 @3973 + R6 inline dest @3990)
    depth 1: 24 kept of the scored, best 8 (R5 swap + @2506) · 49 compiles
    depth 1: 21 kept of the scored, best 2 (R18 bystander @6776->6773) · 49 compiles
    depth 2: score 0 by R6 inline t @2865 + R6 inline sVar1 @2865
  ov_SC01_077__func_801424E4: MATCH start=5 best=0 compiles=58 (62.4s, 1 copies, 2 needed, R6 inline t @2865 + R6 inline sVar1 @2865)
    depth 1: 25 kept of the scored, best 11 (R9 swap-stmts @5788) · 49 compiles
    depth 2: 62 kept of the scored, best 6 (R8 temp tmp0 @7274 + R8 temp tmp1 @7265) · 190 compiles
  ov_SC01_080__func_8018230C: NO-MATCH start=6 best=6 compiles=190 (141.1s, 1 copies, 1 needed)
    depth 2: score 0 by R18 bystander @6776->6773 + R18 bystander @6775->6773
  ov_SC01_001__func_80182F94: MATCH start=15 best=0 compiles=80 (44.1s, 1 copies, 2 needed, R18 bystander @6776->6773 + R18 bystander @6775->6773)
    depth 1: 17 kept of the scored, best 8 (R7 do-while @3943) · 49 compiles
    depth 2: 40 kept of the scored, best 3 (R7 block @3135 + R12 width st34 s32->u16 @3102) · 192 compiles
  ov_SC02_000__func_8018046C: NO-MATCH start=3 best=3 compiles=192 (108.0s, 1 copies, 1 needed)
    depth 2: 35 kept of the scored, best 7 (R6 inline d @10551 + R6 inline d @10549) · 189 compiles
  md_SC07_004__func_801AEC38: NO-MATCH start=7 best=7 compiles=189 (170.7s, 1 copies, 1 needed)
    depth 2: 67 kept of the scored, best 9 (R18 bystander @4493->4496 + R18 bystander @4494->4490) · 188 compiles
    depth 2: score 0 by R12 width e s32->s16 @3333 + R12 width d s32->s16 @3332
  ov_SC01_084__func_80181F80: NO-MATCH start=9 best=9 compiles=188 (117.5s, 1 copies, 1 needed)
  ov_SC01_009__func_8017EFC4: MATCH start=21 best=0 compiles=124 (46.7s, 1 copies, 1 needed, R12 width e s32->s16 @3333 + R12 width d s32->s16 @3332)
    depth 2: 60 kept of the scored, best 2 (R12 width a0v s32->u16 @3289 + R8 temp tmp0 @3295) · 184 compiles
  ov_SC01_004__func_8017D254: NO-MATCH start=3 best=2 compiles=184 (110.9s, 1 copies, 1 needed, R12 width a0v s32->u16 @3289)
    depth 1: 21 kept of the scored, best 31 (R8 hoist tmp0 @1872) · 49 compiles
    depth 2: 66 kept of the scored, best 1 (R12 width iVar1 s32->u16 @4104 + R4 decl-move t 4->0) · 179 compiles
  ov_SC02_000__func_80189750: NO-MATCH start=11 best=1 compiles=179 (113.8s, 1 copies, 1 needed, R12 width iVar1 s32->u16 @4104)
    depth 1: score 0 by R12 width m int->u16 @472
  ov_SC02_005__func_80185A88: MATCH start=7 best=0 compiles=23 (5.7s, 1 copies, 1 needed, R12 width m int->u16 @472)
    depth 1: 27 kept of the scored, best 2 (R7 do-while @7146) · 49 compiles
    depth 1: 12 kept of the scored, best 1 (R18 bystander @4787->4790) · 49 compiles
    depth 1: 16 kept of the scored, best 24 (R8 temp tmp0 @6448) · 49 compiles
    depth 2: 63 kept of the scored, best 46 (R16 const-holder c80=0x80 x12 + R7 do-while @3320) · 189 compiles
  ov_SC01_000__func_8017DD04: NO-MATCH start=56 best=46 compiles=189 (110.4s, 1 copies, 2 needed, R16 const-holder c80=0x80 x12 + R7 do-while @3320)
    depth 1: 20 kept of the scored, best 20 (R6 inline ret @3361) · 27 compiles
    depth 1: 18 kept of the scored, best 4 (R8 hoist tmp0 @2835) · 49 compiles
    depth 1: 20 kept of the scored, best 11 (R9 swap-stmts @3810) · 49 compiles
    depth 2: 60 kept of the scored, best 1 (R12 width nudge s32->u16 @5930 + R7 block @5950) · 186 compiles
  ov_SC02_000__func_80187988: NO-MATCH start=1 best=1 compiles=186 (130.1s, 1 copies, 1 needed)
    depth 2: 59 kept of the scored, best 11 (R9 swap-stmts @4929 + R9 swap-stmts @4924) · 183 compiles
  ov_SC02_005__func_80180610: NO-MATCH start=15 best=11 compiles=183 (112.1s, 1 copies, 1 needed, R9 swap-stmts @4929)
    depth 2: 33 kept of the scored, best 4 (R7 block @3074 + R18 bystander @3161->3159) · 186 compiles
  ov_SC01_005__func_8017F2D4: NO-MATCH start=4 best=4 compiles=186 (74.6s, 1 copies, 1 needed)
    depth 1: 37 kept of the scored, best 5 (R7 do-while @421) · 49 compiles
    depth 1: score 0 by R7 do-while @5403
  ov_SC02_000__func_8018694C: MATCH start=16 best=0 compiles=14 (7.6s, 1 copies, 1 needed, R7 do-while @5403)
    depth 2: 66 kept of the scored, best 8 (R5 swap + @2506 + R5 swap + @2500) · 187 compiles
  ov_SC01_084__func_8018599C: NO-MATCH start=8 best=8 compiles=187 (77.4s, 1 copies, 1 needed)
    depth 1: 29 kept of the scored, best 4 (R12 width a0v s32->u16 @10374) · 49 compiles
    depth 1: 23 kept of the scored, best 20 (R12 width v s32->u8 @3075) · 49 compiles
    depth 1: score 0 by R7 do-while @4886
  ov_SC02_000__func_80185910: MATCH start=4 best=0 compiles=13 (29.1s, 1 copies, 1 needed, R7 do-while @4886)
  ov_SC02_000__func_80185840: UNSCORED start=None best=None compiles=1 (1.1s, 1 copies, 1 needed)
    depth 1: 16 kept of the scored, best 2 (R9 swap-stmts @4317) · 48 compiles
    depth 2: 46 kept of the scored, best 8 (R7 do-while @3943 + R12 width uVar3 u16->s32 @3901) · 185 compiles
  ov_SC01_077__func_80184F08: NO-MATCH start=8 best=8 compiles=185 (91.5s, 1 copies, 2 needed)
    depth 2: 52 kept of the scored, best 20 (R6 inline ret @3361 + R12 width ret s32->u16 @3359) · 102 compiles
  ov_SC02_000__func_80188680: NO-MATCH start=30 best=20 compiles=102 (56.5s, 1 copies, 1 needed, R6 inline ret @3361)
    depth 1: score 0 by R15 sink @3674 (iVar,threshold)
  ov_SC01_077__func_80184A68: MATCH start=9 best=0 compiles=4 (2.2s, 1 copies, 1 needed, R15 sink @3674 (iVar,threshold))
    depth 1: score 0 by R10 param-alias s0->a0 @4756
    depth 1: 18 kept of the scored, best 2 (R6 inline a0pin @2320) · 49 compiles
    depth 2: 63 kept of the scored, best 6 (R7 do-while @5785 + R7 do-while @5789) · 189 compiles
  ov_SC02_005__func_80190144: MATCH start=9 best=0 compiles=14 (6.1s, 1 copies, 1 needed, R10 param-alias s0->a0 @4756)
  ov_SC01_077__func_8018047C: NO-MATCH start=12 best=6 compiles=189 (110.2s, 1 copies, 1 needed, R7 do-while @5785 + R7 do-while @5789)
    depth 1: 24 kept of the scored, best 6 (R6 inline g @5935) · 49 compiles
    depth 1: 13 kept of the scored, best 6 (R12 width v s32->u16 @4697) · 15 compiles
    depth 1: 19 kept of the scored, best 5 (R8 hoist tmp0 @4353) · 49 compiles
    depth 2: 27 kept of the scored, best 1 (R18 bystander @4787->4790 + R6 inline off @4788) · 183 compiles
  ov_SC02_005__func_80184828: NO-MATCH start=1 best=1 compiles=183 (91.8s, 1 copies, 1 needed)
    depth 2: score 0 by R6 inline g @5935 + R8 temp tmp0 @5926
    depth 1: score 0 by R3 init-split s0
  ov_SC02_005__func_80184404: MATCH start=12 best=0 compiles=6 (2.9s, 1 copies, 2 needed, R3 init-split s0)
  ov_SC02_005__func_8018DB40: MATCH start=14 best=0 compiles=81 (69.6s, 1 copies, 2 needed, R6 inline g @5935 + R8 temp tmp0 @5926)
    depth 2: 27 kept of the scored, best 6 (R12 width v s32->u16 @4697 + R4 decl-move r 0->1) · 45 compiles
  ov_SC02_005__func_801900B0: NO-MATCH start=6 best=6 compiles=45 (22.8s, 1 copies, 1 needed)
    depth 2: 66 kept of the scored, best 4 (R18 bystander @422->420 + R12 width idx u32->u8 @417) · 184 compiles
  ov_SC02_005__func_8018592C: NO-MATCH start=20 best=4 compiles=184 (81.9s, 1 copies, 2 needed, R18 bystander @422->420 + R12 width idx u32->u8 @417)
    depth 2: 54 kept of the scored, best 4 (R8 hoist tmp0 @2835 + R10 param-copy param_1 @2803) · 190 compiles
  ov_SC01_009__func_8017E590: NO-MATCH start=4 best=4 compiles=190 (90.9s, 1 copies, 2 needed)
    depth 1: score 0 by R6 inline v0 @4454
  ov_SC02_005__func_8018FC38: MATCH start=6 best=0 compiles=5 (3.0s, 1 copies, 2 needed, R6 inline v0 @4454)
  ov_SC02_005__func_8018FB8C: UNSTRIPPABLE — [('instruction', 4408, 'instruction `addu` has no C spelling in the table')]
    depth 1: 14 kept of the scored, best 51 (R9 swap-stmts @7326) · 49 compiles
    depth 2: 40 kept of the scored, best 24 (R8 temp tmp0 @6448 + R8 temp tmp1 @6449) · 182 compiles
  ov_SC01_001__func_8018275C: NO-MATCH start=24 best=24 compiles=182 (105.6s, 1 copies, 2 needed)
    depth 2: 61 kept of the scored, best 14 (R8 hoist tmp0 @1872 + R9 swap-stmts @1872) · 184 compiles
  ov_SC01_077__func_8013FAF8: NO-MATCH start=31 best=14 compiles=184 (121.8s, 1 copies, 1 needed, R8 hoist tmp0 @1872 + R9 swap-stmts @1872)
    depth 1: 22 kept of the scored, best 37 (R12 width y s32->u16 @5523) · 49 compiles
    depth 2: 61 kept of the scored, best 10 (R8 temp tmp0 @3777 + R7 do-while @3810) · 189 compiles
  ov_SC01_084__func_80180D38: NO-MATCH start=11 best=10 compiles=189 (98.5s, 1 copies, 1 needed, R8 temp tmp0 @3777 + R7 do-while @3810)
    depth 1: score 0 by R7 do-while @4263
  ov_SC02_011__func_8018E014: MATCH start=11 best=0 compiles=15 (9.7s, 1 copies, 1 needed, R7 do-while @4263)
    depth 2: 58 kept of the scored, best 20 (R12 width v s32->u8 @3075 + R18 bystander @3093->3096) · 183 compiles
  ov_SC01_000__func_8017D490: NO-MATCH start=20 best=20 compiles=183 (95.9s, 1 copies, 1 needed)
    depth 2: 68 kept of the scored, best 2 (R7 do-while @7146 + R10 param-copy arg0 @7134) · 187 compiles
  ov_SC01_080__func_801820AC: NO-MATCH start=4 best=2 compiles=187 (133.1s, 1 copies, 1 needed, R7 do-while @7146)
    depth 1: 37 kept of the scored, best 22 (R7 do-while @4468) · 49 compiles
    depth 1: 16 kept of the scored, best 5 (R18 bystander @3905->3908) · 49 compiles
    depth 1: 25 kept of the scored, best 9 (R8 base-shared tmp0 @4091) · 49 compiles
    depth 1: 28 kept of the scored, best 10 (R6 inline v0 @5416) · 49 compiles
    depth 1: 12 kept of the scored, best 6 (R6 inline o @6307) · 49 compiles
    depth 1: 20 kept of the scored, best 19 (R6 inline c @3690) · 49 compiles
    depth 1: 16 kept of the scored, best 6 (R6 inline fp @1065) · 49 compiles
    depth 2: 46 kept of the scored, best 2 (R9 swap-stmts @4317 + R7 block @4317) · 184 compiles
  ov_SC02_005__func_8017F898: NO-MATCH start=2 best=2 compiles=184 (108.6s, 1 copies, 1 needed)
    depth 2: score 0 by R6 inline o @6307 + R7 do-while @6306
    depth 1: 18 kept of the scored, best 4 (R5 swap + @4558) · 49 compiles
  ov_SC01_001__func_80182284: MATCH start=6 best=0 compiles=64 (33.9s, 1 copies, 1 needed, R6 inline o @6307 + R7 do-while @6306)
    depth 1: 25 kept of the scored, best 9 (R6 inline t1 @4007) · 49 compiles
    depth 2: 50 kept of the scored, best 2 (R6 inline a0pin @2320 + R7 block @2323) · 189 compiles
  ov_SC01_084__func_801856D8: NO-MATCH start=4 best=2 compiles=189 (116.9s, 1 copies, 1 needed, R6 inline a0pin @2320)
    depth 1: score 0 by R10 param-copy a0 @5685
  ov_SC01_001__func_801816A4: MATCH start=12 best=0 compiles=13 (28.5s, 1 copies, 1 needed, R10 param-copy a0 @5685)
    depth 2: 68 kept of the scored, best 3 (R12 width a0v s32->u16 @10374 + R18 bystander @10386->10381) · 174 compiles
  md_SC07_004__func_801AEB94: NO-MATCH start=5 best=3 compiles=174 (166.0s, 1 copies, 2 needed, R12 width a0v s32->u16 @10374 + R18 bystander @10386->10381)
    depth 1: 29 kept of the scored, best 21 (R9 swap-stmts @7047) · 49 compiles
    depth 1: 15 kept of the scored, best 2 (R7 do-while @4280) · 49 compiles
    depth 1: score 0 by R7 do-while @2274
  ov_SC01_084__func_801855EC: MATCH start=31 best=0 compiles=47 (22.9s, 1 copies, 1 needed, R7 do-while @2274)
    depth 2: 54 kept of the scored, best 5 (R8 hoist tmp0 @4353 + R12 width tmp0 s32->u16 @4329) · 188 compiles
  ov_SC02_000__func_8018483C: NO-MATCH start=5 best=5 compiles=188 (118.2s, 1 copies, 1 needed)
    depth 1: 20 kept of the scored, best 2 (R18 bystander @5392->5389) · 49 compiles
    depth 1: 16 kept of the scored, best 4 (R4 decl-move state 1->0) · 20 compiles
    depth 2: 67 kept of the scored, best 37 (R8 hoist tmp0 @5557 + R12 width ot s32->u16 @5524) · 185 compiles
  ov_SC01_077__func_8017FD14: NO-MATCH start=37 best=37 compiles=185 (118.7s, 1 copies, 1 needed)
    depth 2: 56 kept of the scored, best 5 (R18 bystander @3905->3908 + R8 hoist tmp0 @3903) · 189 compiles
  ov_SC02_005__func_8018F230: NO-MATCH start=9 best=5 compiles=189 (93.9s, 1 copies, 1 needed, R18 bystander @3905->3908)
    depth 2: score 0 by R18 bystander @5392->5389 + R18 bystander @5391->5389
  ov_SC01_001__func_80180F64: MATCH start=11 best=0 compiles=64 (31.8s, 1 copies, 2 needed, R18 bystander @5392->5389 + R18 bystander @5391->5389)
    depth 1: 27 kept of the scored, best 7 (R9 swap-stmts @10243) · 40 compiles
    depth 2: 89 kept of the scored, best 19 (R7 do-while @4468 + R6 inline v0 @4470) · 192 compiles
  ov_SC02_005__func_80184358: NO-MATCH start=30 best=19 compiles=192 (105.3s, 1 copies, 2 needed, R7 do-while @4468 + R6 inline v0 @4470)
    depth 2: 36 kept of the scored, best 49 (R9 swap-stmts @7329 + R9 swap-stmts @7326) · 187 compiles
  ov_SC02_011__func_80180FE4: NO-MATCH start=53 best=49 compiles=187 (134.1s, 1 copies, 1 needed, R9 swap-stmts @7329 + R9 swap-stmts @7326)
    depth 1: 24 kept of the scored, best 2 (R9 swap-stmts @3904) · 48 compiles
    depth 2: 58 kept of the scored, best 16 (R6 inline c @3690 + R6 inline c @3710) · 191 compiles
  ov_SC01_084__func_801809C4: NO-MATCH start=20 best=16 compiles=191 (104.0s, 1 copies, 1 needed, R6 inline c @3690 + R6 inline c @3710)
    depth 2: 73 kept of the scored, best 9 (R10 param-copy a0 @4058 + R8 base-shared tmp0 @4093) · 191 compiles
  ov_SC02_011__func_801887F8: NO-MATCH start=14 best=9 compiles=191 (115.5s, 1 copies, 1 needed, R8 base-shared tmp0 @4091)
    depth 2: 53 kept of the scored, best 4 (R5 swap + @4558 + R6 inline newval @4558) · 190 compiles
  ov_SC02_016__func_80180BD8: NO-MATCH start=4 best=4 compiles=190 (99.2s, 1 copies, 1 needed)
    depth 2: 49 kept of the scored, best 4 (R8 temp tmp0 @2129 + R12 width tmp0 u16->s32 @2127) · 80 compiles
  ov_SC01_084__func_8018528C: NO-MATCH start=4 best=4 compiles=80 (34.0s, 1 copies, 1 needed)
    depth 2: 45 kept of the scored, best 6 (R6 inline fp @1065 + R7 block @1064) · 172 compiles
  ov_SC01_077__func_8013E5E8: NO-MATCH start=6 best=6 compiles=172 (112.6s, 1 copies, 1 needed)
    depth 1: 17 kept of the scored, best 13 (R7 do-while @6295) · 26 compiles
    depth 1: 28 kept of the scored, best 10 (R8 base-shared tmp0 @3624) · 49 compiles
    depth 1: 30 kept of the scored, best 4 (R12 width c70 int->s16 @5272) · 49 compiles
    depth 1: 14 kept of the scored, best 2 (R7 block @3364) · 49 compiles
    depth 2: 81 kept of the scored, best 5 (R6 inline v0 @5416 + R6 inline v0 @5403) · 185 compiles
  ov_SC02_005__func_8018D270: NO-MATCH start=16 best=5 compiles=185 (124.8s, 1 copies, 2 needed, R6 inline v0 @5416 + R6 inline v0 @5403)
    depth 2: score 0 by R7 do-while @6295 + R7 do-while @6296
    depth 1: score 0 by R6 inline v0 @1481
  ov_SC02_011__func_8017FD9C: MATCH start=46 best=0 compiles=36 (19.6s, 1 copies, 2 needed, R7 do-while @6295 + R7 do-while @6296)
    depth 1: 14 kept of the scored, best 4 (R5 swap + @8656) · 49 compiles
  ov_SC01_084__func_80184460: MATCH start=11 best=0 compiles=16 (10.4s, 1 copies, 1 needed, R6 inline v0 @1481)
    depth 1: 26 kept of the scored, best 4 (R7 do-while @2953) · 49 compiles
    depth 1: score 0 by R7 do-while @4882
  ov_SC02_005__func_8018C758: MATCH start=7 best=0 compiles=15 (13.9s, 1 copies, 1 needed, R7 do-while @4882)
    depth 2: 72 kept of the scored, best 9 (R6 inline t1 @4007 + R6 inline ang @4003) · 189 compiles
  ov_SC02_011__func_8018DAA8: NO-MATCH start=9 best=9 compiles=189 (130.2s, 1 copies, 2 needed)
    depth 2: 41 kept of the scored, best 2 (R7 do-while @4280 + R8 temp tmp0 @4283) · 188 compiles
  ov_SC02_005__func_8017F7CC: NO-MATCH start=2 best=2 compiles=188 (106.4s, 1 copies, 1 needed)
    depth 1: score 0 by R10 param-copy a0 @3904
    depth 1: 27 kept of the scored, best 9 (R8 base-shared tmp0 @4439) · 49 compiles
  ov_SC02_005__func_8018B368: MATCH start=15 best=0 compiles=7 (5.0s, 1 copies, 1 needed, R10 param-copy a0 @3904)
    depth 1: 31 kept of the scored, best 6 (R12 width a1v s32->u16 @3635) · 49 compiles
    depth 1: score 0 by R7 do-while @2957
    depth 1: 21 kept of the scored, best 2 (R7 do-while @590) · 49 compiles
  ov_SC02_021__func_8017F1B4: MATCH start=9 best=0 compiles=13 (29.3s, 1 copies, 1 needed, R7 do-while @2957)
    depth 1: 31 kept of the scored, best 3 (R12 width sum2 s32->u16 @698) · 49 compiles
    depth 2: 82 kept of the scored, best 21 (R9 swap-stmts @7047 + R7 block @7034) · 186 compiles
  ov_SC01_080__func_80181D98: NO-MATCH start=23 best=21 compiles=186 (152.6s, 1 copies, 1 needed, R9 swap-stmts @7047)
    depth 1: 23 kept of the scored, best 7 (R6 inline ang @4867) · 49 compiles
    depth 2: 90 kept of the scored, best 2 (R9 swap-stmts @3904 + R12 width new_var int->u16 @3898) · 170 compiles
  ov_SC02_016__func_801826F0: NO-MATCH start=4 best=2 compiles=170 (97.5s, 1 copies, 1 needed, R9 swap-stmts @3904)
    depth 1: score 0 by R7 do-while @755
  ov_SC02_011__func_80189E00: MATCH start=11 best=0 compiles=41 (44.1s, 1 copies, 1 needed, R7 do-while @755)
    depth 1: score 0 by R10 param-copy param_1 @353
  ov_SC02_011__func_8018951C: MATCH start=10 best=0 compiles=7 (4.7s, 1 copies, 1 needed, R10 param-copy param_1 @353)
    depth 1: 28 kept of the scored, best 7 (R6 inline tmp @3329) · 49 compiles
    depth 2: 71 kept of the scored, best 7 (R9 swap-stmts @10243 + R12 width p s32->u16 @10238) · 144 compiles
  md_SC07_004__func_801AE908: NO-MATCH start=7 best=7 compiles=144 (127.8s, 1 copies, 1 needed)
    depth 1: 34 kept of the scored, best 7 (R12 width v0 u16->u8 @7857) · 49 compiles
    depth 1: 25 kept of the scored, best 16 (R6 inline sum @3217) · 49 compiles
    depth 1: 17 kept of the scored, best 7 (R12 width cnt u16->u8 @6807) · 49 compiles
    depth 2: 43 kept of the scored, best 2 (R7 block @3364 + R7 block @3365) · 188 compiles
  ov_SC02_005__func_80182998: NO-MATCH start=2 best=2 compiles=188 (100.2s, 1 copies, 1 needed)
    depth 2: 74 kept of the scored, best 9 (R8 base-shared tmp0 @3624 + R9 swap-stmts @3625) · 192 compiles
  ov_SC02_017__func_801874E8: NO-MATCH start=15 best=9 compiles=192 (110.2s, 1 copies, 1 needed, R8 base-shared tmp0 @3624 + R9 swap-stmts @3625)
    depth 1: score 0 by R12 width sc s32->u16 @3494
  ov_SC02_017__func_80187298: MATCH start=2 best=0 compiles=7 (3.4s, 1 copies, 1 needed, R12 width sc s32->u16 @3494)
    depth 2: 70 kept of the scored, best 2 (R8 hoist tmp0 @2953 + R7 do-while @2954) · 183 compiles
  ov_SC01_084__func_8017F9F4: NO-MATCH start=14 best=2 compiles=183 (103.1s, 1 copies, 2 needed, R8 hoist tmp0 @2953 + R7 do-while @2954)
    depth 2: 71 kept of the scored, best 4 (R12 width c70 int->s16 @5272 + R9 swap-stmts @5281) · 186 compiles
  ov_SC01_077__func_8017F5BC: NO-MATCH start=12 best=4 compiles=186 (119.8s, 1 copies, 1 needed, R12 width c70 int->s16 @5272)
    depth 1: score 0 by R6 inline sv @11067
  ov_SC02_027__func_8018A150: MATCH start=19 best=0 compiles=3 (4.8s, 1 copies, 1 needed, R6 inline sv @11067)
    depth 1: 25 kept of the scored, best 12 (R8 base-shared tmp0 @284) · 49 compiles
    depth 2: 77 kept of the scored, best 8 (R8 base-shared tmp0 @4439 + R12 width v0 s32->u8 @4400) · 186 compiles
  ov_SC02_016__func_8018099C: NO-MATCH start=14 best=8 compiles=186 (105.6s, 1 copies, 1 needed, R8 base-shared tmp0 @4439 + R12 width v0 s32->u8 @4400)
    depth 1: 24 kept of the scored, best 4 (R7 do-while @2962) · 49 compiles
    depth 2: 38 kept of the scored, best 4 (R5 swap + @8656 + R6 inline nv @8656) · 188 compiles
  ov_SC02_017__func_80186770: NO-MATCH start=4 best=4 compiles=188 (138.3s, 1 copies, 1 needed)
    depth 2: 85 kept of the scored, best 6 (R12 width a1v s32->u16 @3635 + R8 hoist tmp0 @3646) · 183 compiles
  ov_SC02_011__func_80188034: NO-MATCH start=9 best=6 compiles=183 (121.1s, 1 copies, 1 needed, R12 width a1v s32->u16 @3635)
    depth 1: 39 kept of the scored, best 5 (R12 width t s32->u16 @10192) · 49 compiles
    depth 2: 78 kept of the scored, best 3 (R12 width sum2 s32->u16 @698 + R8 hoist tmp0 @714) · 193 compiles
  ov_SC01_084__func_80183790: NO-MATCH start=16 best=3 compiles=193 (113.6s, 1 copies, 1 needed, R12 width sum2 s32->u16 @698)
    depth 1: 15 kept of the scored, best 9 (R8 temp tmp0 @4866) · 49 compiles
    depth 2: score 0 by R8 temp tmp0 @7861 + R6 inline v1 @7873
    depth 1: 24 kept of the scored, best 14 (R6 inline t0 @5334) · 49 compiles
  ov_SC02_026__func_80184494: MATCH start=17 best=0 compiles=113 (74.9s, 1 copies, 2 needed, R8 temp tmp0 @7861 + R6 inline v1 @7873)
    depth 1: score 0 by R7 do-while @2718
  ov_SC02_011__func_80186C30: MATCH start=13 best=0 compiles=22 (20.7s, 1 copies, 1 needed, R7 do-while @2718)
    depth 2: 56 kept of the scored, best 2 (R7 do-while @590 + R12 width b0 u8->s32 @534) · 189 compiles
  ov_SC01_077__func_8013D53C: NO-MATCH start=6 best=2 compiles=189 (149.2s, 1 copies, 2 needed, R7 do-while @590)
    depth 1: 19 kept of the scored, best 12 (R9 swap-stmts @7975) · 49 compiles
    depth 1: 30 kept of the scored, best 2 (R7 do-while @8385) · 49 compiles
    depth 2: 64 kept of the scored, best 7 (R6 inline ang @4867 + R8 temp tmp0 @4852) · 189 compiles
  ov_SC02_011__func_8017DE10: NO-MATCH start=9 best=7 compiles=189 (155.9s, 1 copies, 1 needed, R6 inline ang @4867)
    depth 1: 36 kept of the scored, best 7 (R12 width s0 s32->s16 @568) · 49 compiles
    depth 1: 29 kept of the scored, best 9 (R8 base-shared tmp0 @8541) · 49 compiles
    depth 2: 76 kept of the scored, best 10 (R8 temp tmp0 @3214 + R9 swap-stmts @3215) · 190 compiles
  ov_SC02_016__func_801818F8: NO-MATCH start=16 best=10 compiles=190 (107.8s, 1 copies, 1 needed, R8 temp tmp0 @3214 + R9 swap-stmts @3215)
    depth 1: 34 kept of the scored, best 29 (R12 width t1 s32->u16 @2129) · 49 compiles
    depth 2: 80 kept of the scored, best 4 (R6 inline tmp @3329 + R9 swap-stmts @3327) · 187 compiles
  ov_SC02_005__func_8018A6A0: NO-MATCH start=7 best=4 compiles=187 (150.5s, 1 copies, 1 needed, R6 inline tmp @3329 + R9 swap-stmts @3327)
    depth 1: 19 kept of the scored, best 29 (R14 param-width a0 s32->u16 @7504) · 49 compiles
    depth 1: 21 kept of the scored, best 1 (R6 inline rv @7597) · 49 compiles
    depth 1: score 0 by R12 width v1 s32->u16 @3080
  ov_SC02_016__func_80181714: MATCH start=2 best=0 compiles=25 (14.1s, 1 copies, 1 needed, R12 width v1 s32->u16 @3080)
    depth 1: score 0 by R3 init-split s0
  ov_SC02_039__func_8017F050: MATCH start=13 best=0 compiles=5 (5.3s, 1 copies, 2 needed, R3 init-split s0)
    depth 2: 52 kept of the scored, best 7 (R12 width cnt u16->u8 @6807 + R4 decl-move cnt 2->0) · 187 compiles
  ov_SC01_080__func_80181918: NO-MATCH start=7 best=7 compiles=187 (138.9s, 1 copies, 1 needed)
    depth 2: 62 kept of the scored, best 2 (R7 do-while @2962 + R7 do-while @2964) · 182 compiles
  ov_SC02_005__func_801820E4: NO-MATCH start=9 best=2 compiles=182 (108.1s, 1 copies, 1 needed, R7 do-while @2962 + R7 do-while @2964)
    depth 1: score 0 by R7 do-while @4157
  ov_SC02_039__func_8017EED8: MATCH start=13 best=0 compiles=10 (6.0s, 1 copies, 1 needed, R7 do-while @4157)
    depth 1: 37 kept of the scored, best 5 (R12 width v0 u16->u8 @7797) · 49 compiles
    depth 1: score 0 by R14 param-width arg1 s32->s16 @2948
  ov_SC02_005__func_80189E34: MATCH start=19 best=0 compiles=28 (23.2s, 1 copies, 1 needed, R14 param-width arg1 s32->s16 @2948)
    depth 1: score 0 by R12 width avg u32->s16 @3594
  ov_SC02_039__func_8017E2F4: MATCH start=10 best=0 compiles=13 (6.8s, 1 copies, 1 needed, R12 width avg u32->s16 @3594)
    depth 1: 13 kept of the scored, best 2 (R12 width d s32->u16 @5541) · 20 compiles
    depth 2: 75 kept of the scored, best 12 (R12 width v0 s32->u16 @260 + R8 base-shared tmp0 @284) · 189 compiles
  ov_SC02_011__func_80189324: NO-MATCH start=15 best=12 compiles=189 (137.2s, 1 copies, 1 needed, R8 base-shared tmp0 @284)
    depth 1: score 0 by R7 do-while @118
  ov_SC02_011__func_80189050: MATCH start=10 best=0 compiles=15 (15.2s, 1 copies, 1 needed, R7 do-while @118)
    depth 2: 52 kept of the scored, best 9 (R8 temp tmp0 @4866 + R12 width tmp0 u16->s16 @4854) · 189 compiles
  ov_SC01_077__func_8017EB2C: NO-MATCH start=9 best=9 compiles=189 (129.6s, 1 copies, 1 needed)
    depth 1: 18 kept of the scored, best 4 (R18 bystander @6777->6779) · 49 compiles
    depth 1: 26 kept of the scored, best 10 (R7 do-while @3399) · 49 compiles
    depth 2: 82 kept of the scored, best 7 (R12 width s0 s32->s16 @568 + R8 cse tmp0 @580) · 185 compiles
  ov_SC01_084__func_8018353C: NO-MATCH start=19 best=7 compiles=185 (109.1s, 1 copies, 2 needed, R12 width s0 s32->s16 @568)
    depth 2: 72 kept of the scored, best 12 (R6 inline t0 @5334 + R6 inline t0 @5332) · 190 compiles
  ov_SC02_028__func_80181EDC: NO-MATCH start=16 best=12 compiles=190 (135.6s, 1 copies, 1 needed, R6 inline t0 @5334 + R6 inline t0 @5332)
    depth 1: score 0 by R7 do-while @9201
    depth 1: 17 kept of the scored, best 3 (R6 inline p @2415) · 49 compiles
  ov_SC03_001__func_801843DC: MATCH start=9 best=0 compiles=13 (11.2s, 1 copies, 1 needed, R7 do-while @9201)
    depth 2: 16 kept of the scored, best 2 (R12 width d s32->u16 @5541 + R7 block @5548) · 65 compiles
  ov_SC02_041__func_801808E0: NO-MATCH start=6 best=2 compiles=65 (67.2s, 1 copies, 1 needed, R12 width d s32->u16 @5541)
    depth 1: 15 kept of the scored, best 1 (R7 block @4740) · 24 compiles
    depth 2: score 0 by R8 temp tmp0 @7801 + R6 inline v1 @7813
    depth 1: score 0 by R9 swap-stmts @390
  ov_SC02_037__func_80181150: MATCH start=17 best=0 compiles=112 (99.7s, 1 copies, 2 needed, R8 temp tmp0 @7801 + R6 inline v1 @7813)
  ov_SC01_084__func_80183068: MATCH start=4 best=0 compiles=19 (32.2s, 1 copies, 1 needed, R9 swap-stmts @390)
    depth 2: 85 kept of the scored, best 5 (R12 width t s32->u16 @10192 + R12 width v1 s32->u16 @10191) · 181 compiles
  md_SC07_004__func_801AE82C: NO-MATCH start=9 best=5 compiles=181 (189.7s, 1 copies, 1 needed, R12 width t s32->u16 @10192)
    depth 2: 93 kept of the scored, best 29 (R12 width t1 s32->u16 @2129 + R9 swap-stmts @2132) · 181 compiles
    depth 2: 51 kept of the scored, best 12 (R9 swap-stmts @7975 + R9 swap-stmts @7985) · 184 compiles
    depth 1: score 0 by R7 do-while @3443
  ov_SC02_011__func_80186070: NO-MATCH start=29 best=29 compiles=181 (131.9s, 1 copies, 1 needed)
  ov_SC02_031__func_80183BB0: NO-MATCH start=12 best=12 compiles=184 (168.0s, 1 copies, 1 needed)
  ov_SC03_001__func_80186A8C: MATCH start=2 best=0 compiles=26 (8.1s, 1 copies, 1 needed, R7 do-while @3443)
    depth 1: score 0 by R9 swap-stmts @10115
    depth 1: 30 kept of the scored, best 13 (R12 width d s32->u16 @5039) · 35 compiles
  md_SC07_004__func_801AE624: MATCH start=12 best=0 compiles=7 (7.7s, 1 copies, 1 needed, R9 swap-stmts @10115)
    depth 1: 23 kept of the scored, best 11 (R12 width p68 s32->u16 @3599) · 49 compiles
    depth 1: score 0 by R18 bystander @3133->3131
    depth 2: 81 kept of the scored, best 8 (R8 base-shared tmp0 @8541 + R12 width v0 s32->u8 @8502) · 187 compiles
  ov_SC03_001__func_80188830: MATCH start=28 best=0 compiles=19 (7.1s, 1 copies, 1 needed, R18 bystander @3133->3131)
  ov_SC02_017__func_80186530: NO-MATCH start=14 best=8 compiles=187 (162.9s, 1 copies, 1 needed, R8 base-shared tmp0 @8541 + R12 width v0 s32->u8 @8502)
    depth 1: 29 kept of the scored, best 4 (R18 bystander @4406->4404) · 49 compiles
    depth 2: 65 kept of the scored, best 2 (R7 do-while @8385 + R7 block @8384) · 179 compiles
  ov_SC02_027__func_80186C0C: NO-MATCH start=14 best=2 compiles=179 (180.5s, 1 copies, 2 needed, R7 do-while @8385)
    depth 1: score 0 by R6 inline v0 @2970
  ov_SC03_002__func_801816F0: MATCH start=3 best=0 compiles=8 (3.9s, 1 copies, 1 needed, R6 inline v0 @2970)
    depth 2: 54 kept of the scored, best 29 (R14 param-width a0 s32->u16 @7504 + R8 temp tmp0 @7542) · 182 compiles
  ov_SC02_026__func_80183CAC: NO-MATCH start=38 best=29 compiles=182 (164.8s, 1 copies, 1 needed, R14 param-width a0 s32->u16 @7504)
    depth 1: 35 kept of the scored, best 14 (R8 temp tmp0 @7629) · 49 compiles
    depth 2: 65 kept of the scored, best 1 (R6 inline rv @7597 + R12 width rv s32->u16 @7581) · 190 compiles
  ov_SC02_035__func_80183E68: NO-MATCH start=1 best=1 compiles=190 (148.8s, 1 copies, 2 needed)
    depth 1: score 0 by R7 do-while @9877
  md_SC07_004__func_801AE138: MATCH start=9 best=0 compiles=24 (24.8s, 1 copies, 1 needed, R7 do-while @9877)
    depth 1: 16 kept of the scored, best 7 (R18 bystander @1731->1734) · 49 compiles
    depth 1: score 0 by R7 do-while @8289
    depth 2: 49 kept of the scored, best 1 (R7 block @4740 + R8 temp tmp0 @4742) · 99 compiles
  ov_SC01_077__func_8017E8A4: NO-MATCH start=1 best=1 compiles=99 (79.1s, 1 copies, 1 needed)
  ov_SC02_017__func_80185F88: MATCH start=11 best=0 compiles=33 (26.5s, 1 copies, 1 needed, R7 do-while @8289)
    depth 1: 17 kept of the scored, best 6 (R7 block @7534) · 49 compiles
    depth 1: score 0 by R6 inline v0 @7910
    depth 2: score 0 by R7 block @6777 + R7 do-while @6788
  ov_SC02_017__func_801857C4: MATCH start=7 best=0 compiles=2 (3.4s, 1 copies, 1 needed, R6 inline v0 @7910)
  ov_SC01_080__func_80181854: MATCH start=4 best=0 compiles=141 (116.0s, 1 copies, 1 needed, R7 block @6777 + R7 do-while @6788)
    depth 1: 23 kept of the scored, best 14 (R9 swap-stmts @2886) · 49 compiles
    depth 1: score 0 by R7 do-while @5080
    depth 2: score 0 by R8 temp tmp0 @7629 + R6 inline v1 @7641
  ov_SC02_035__func_801808F0: MATCH start=12 best=0 compiles=16 (13.9s, 1 copies, 1 needed, R7 do-while @5080)
  ov_SC02_037__func_80180DD8: MATCH start=17 best=0 compiles=68 (49.5s, 1 copies, 2 needed, R8 temp tmp0 @7629 + R6 inline v1 @7641)
    depth 1: score 0 by R18 bystander @2891->2889
  ov_SC03_002__func_8018431C: MATCH start=28 best=0 compiles=19 (10.7s, 1 copies, 1 needed, R18 bystander @2891->2889)
    depth 2: 69 kept of the scored, best 6 (R7 do-while @3399 + R7 do-while @3374) · 187 compiles
  ov_SC02_039__func_8017DE84: NO-MATCH start=13 best=6 compiles=187 (114.6s, 1 copies, 2 needed, R7 do-while @3399 + R7 do-while @3374)
    depth 1: score 0 by R10 param-alias s0->a0 @5383
    depth 1: 18 kept of the scored, best 3 (R14 param-width a0 s32->u16 @6407) · 49 compiles
  ov_SC03_007__func_80186818: MATCH start=15 best=0 compiles=10 (10.1s, 1 copies, 1 needed, R10 param-alias s0->a0 @5383)
    depth 1: 38 kept of the scored, best 13 (R8 temp tmp0 @6814) · 49 compiles
    depth 1: score 0 by R12 width flags s32->u16 @4731
  ov_SC03_007__func_80185A24: MATCH start=3 best=0 compiles=19 (9.3s, 1 copies, 1 needed, R12 width flags s32->u16 @4731)
    depth 2: 57 kept of the scored, best 11 (R12 width p68 s32->u16 @3599 + R12 width tc s32->u16 @3598) · 181 compiles
  ov_SC03_001__func_80185B54: NO-MATCH start=11 best=11 compiles=181 (78.6s, 1 copies, 2 needed)
    depth 2: score 0 by R8 temp tmp0 @6814 + R6 inline v1 @6826
  ov_SC02_026__func_80182F00: MATCH start=16 best=0 compiles=67 (50.7s, 1 copies, 2 needed, R8 temp tmp0 @6814 + R6 inline v1 @6826)
    depth 1: 25 kept of the scored, best 16 (R12 width mask s16->s32 @6626) · 49 compiles
    depth 2: 47 kept of the scored, best 3 (R6 inline p @2415 + R8 temp tmp0 @2414) · 189 compiles
  ov_SC02_005__func_80188F38: NO-MATCH start=3 best=3 compiles=189 (146.0s, 1 copies, 1 needed)
    depth 1: 15 kept of the scored, best 12 (R12 width v0 s32->u16 @7450) · 49 compiles
    depth 1: 18 kept of the scored, best 2 (R7 block @9672) · 49 compiles
    depth 1: 13 kept of the scored, best 2 (R7 do-while @6924) · 49 compiles
    depth 1: 34 kept of the scored, best 14 (R8 temp tmp0 @7547) · 49 compiles
    depth 2: 81 kept of the scored, best 13 (R12 width d s32->u16 @5039 + R7 block @5055) · 136 compiles
    depth 1: score 0 by R10 param-copy arg0 @2058
  ov_SC03_001__func_8017F1F0: NO-MATCH start=15 best=13 compiles=136 (114.2s, 1 copies, 2 needed, R12 width d s32->u16 @5039)
  ov_SC02_005__func_801887CC: MATCH start=6 best=0 compiles=7 (6.1s, 1 copies, 1 needed, R10 param-copy arg0 @2058)
    depth 1: score 0 by R7 do-while @3292
  ov_SC03_001__func_80185528: MATCH start=2 best=0 compiles=33 (13.3s, 1 copies, 1 needed, R7 do-while @3292)
    depth 1: score 0 by R10 param-copy a0 @1965
  ov_SC02_005__func_801885BC: MATCH start=15 best=0 compiles=8 (6.1s, 1 copies, 1 needed, R10 param-copy a0 @1965)
    depth 1: 15 kept of the scored, best 12 (R12 width v0 s32->u16 @12393) · 49 compiles
    depth 2: score 0 by R8 temp tmp0 @7547 + R6 inline v1 @7559
  ov_SC02_037__func_80180CF0: MATCH start=17 best=0 compiles=68 (55.5s, 1 copies, 2 needed, R8 temp tmp0 @7547 + R6 inline v1 @7559)
    depth 1: 19 kept of the scored, best 9 (R6 inline r @4208) · 49 compiles
    depth 2: 78 kept of the scored, best 4 (R18 bystander @4406->4404 + R18 bystander @4424->4422) · 183 compiles
  ov_SC02_028__func_80180C04: NO-MATCH start=4 best=4 compiles=183 (154.8s, 1 copies, 1 needed)
    depth 2: 67 kept of the scored, best 14 (R7 block @2873 + R9 swap-stmts @2886) · 189 compiles
  ov_SC03_002__func_80181D78: NO-MATCH start=87 best=14 compiles=189 (112.2s, 1 copies, 1 needed, R9 swap-stmts @2886)
    depth 1: 19 kept of the scored, best 3 (R7 block @3481) · 49 compiles
    depth 1: 8 kept of the scored, best 8 (R7 block @5801) · 49 compiles
    depth 1: score 0 by R7 do-while @642
  ov_SC02_005__func_80186A04: MATCH start=11 best=0 compiles=30 (39.4s, 1 copies, 1 needed, R7 do-while @642)
    depth 2: 46 kept of the scored, best 7 (R18 bystander @1731->1734 + R18 bystander @1733->1730) · 186 compiles
  ov_SC02_011__func_8018576C: NO-MATCH start=7 best=7 compiles=186 (127.6s, 1 copies, 1 needed)
    depth 1: score 0 by R7 do-while @4844
  ov_SC03_001__func_8017EDB8: MATCH start=2 best=0 compiles=45 (51.2s, 1 copies, 1 needed, R7 do-while @4844)
    depth 2: score 0 by R6 inline v0 @7455 + R6 inline v0 @7453
  ov_SC02_017__func_80184F4C: MATCH start=16 best=0 compiles=115 (98.4s, 1 copies, 1 needed, R6 inline v0 @7455 + R6 inline v0 @7453)
    depth 1: 23 kept of the scored, best 4 (R18 bystander @4288->4282) · 49 compiles
    depth 1: 32 kept of the scored, best 12 (R12 width u s32->s16 @5921) · 49 compiles
    depth 1: 29 kept of the scored, best 4 (R12 width a0v s32->u16 @5384) · 43 compiles
    depth 2: 46 kept of the scored, best 6 (R7 block @7534 + R6 inline val @7532) · 188 compiles
  ov_SC02_031__func_801831B4: NO-MATCH start=6 best=6 compiles=188 (154.4s, 1 copies, 2 needed)
    depth 1: 22 kept of the scored, best 9 (R6 inline tmp @1678) · 46 compiles
    depth 1: 9 kept of the scored, best 12 (R9 swap-stmts @358) · 49 compiles
    depth 1: 28 kept of the scored, best 1 (R14 param-width a0 s32->u16 @4014) · 49 compiles
    depth 1: 26 kept of the scored, best 8 (R7 do-while @7124) · 49 compiles
    depth 1: score 0 by R9 swap-stmts @7252
  ov_SC02_031__func_80182AB4: MATCH start=4 best=0 compiles=37 (27.7s, 1 copies, 1 needed, R9 swap-stmts @7252)
    depth 2: 25 kept of the scored, best 2 (R7 do-while @6924 + R9 swap-stmts @6926) · 189 compiles
  ov_SC03_007__func_8018178C: NO-MATCH start=10 best=2 compiles=189 (138.0s, 1 copies, 1 needed, R7 do-while @6924)
    depth 2: 50 kept of the scored, best 2 (R14 param-width a0 s32->u16 @6407 + R9 swap-stmts @6431) · 184 compiles
  ov_SC02_027__func_80183ADC: NO-MATCH start=4 best=2 compiles=184 (173.5s, 1 copies, 1 needed, R14 param-width a0 s32->u16 @6407 + R9 swap-stmts @6431)
    depth 2: 68 kept of the scored, best 16 (R8 temp tmp0 @6650 + R12 width tmp0 s16->u8 @6629) · 185 compiles
  ov_SC01_080__func_801815D4: NO-MATCH start=16 best=16 compiles=185 (146.7s, 1 copies, 2 needed)
    depth 2: 55 kept of the scored, best 9 (R6 inline r @4208 + R8 temp tmp0 @4189) · 189 compiles
  ov_SC03_007__func_80184E8C: NO-MATCH start=9 best=9 compiles=189 (121.2s, 1 copies, 1 needed)
    depth 2: score 0 by R10 param-copy a2 @9671 + R7 do-while @9672
  md_SC07_004__func_801ADE1C: MATCH start=2 best=0 compiles=154 (160.7s, 1 copies, 1 needed, R10 param-copy a2 @9671 + R7 do-while @9672)
    depth 1: score 0 by R12 width fire s32->u16 @4008
  ov_SC03_007__func_80184AFC: MATCH start=11 best=0 compiles=2 (10.7s, 1 copies, 1 needed, R12 width fire s32->u16 @4008)
    depth 2: 46 kept of the scored, best 3 (R7 block @3481 + R12 width prev u16->s32 @3443) · 179 compiles
  ov_SC03_010__func_8017E3B8: NO-MATCH start=3 best=3 compiles=179 (132.2s, 1 copies, 1 needed)
    depth 1: score 0 by R10 param-alias s0->a0 @3776
  ov_SC03_013__func_8017F0A0: MATCH start=11 best=0 compiles=8 (13.3s, 1 copies, 1 needed, R10 param-alias s0->a0 @3776)
    depth 2: 74 kept of the scored, best 4 (R12 width a0v s32->u16 @5384 + R6 inline st @5390) · 158 compiles
  ov_SC03_011__func_8018094C: NO-MATCH start=7 best=4 compiles=158 (104.0s, 1 copies, 1 needed, R12 width a0v s32->u16 @5384)
    depth 1: 41 kept of the scored, best 8 (R12 width idx s32->u16 @2892) · 49 compiles
    depth 1: 23 kept of the scored, best 11 (R7 do-while @6181) · 49 compiles
    depth 1: 23 kept of the scored, best 15 (R7 block @3439) · 49 compiles
    depth 1: 23 kept of the scored, best 7 (R6 inline ang @5317) · 49 compiles
    depth 1: 21 kept of the scored, best 45 (R7 do-while @6468) · 49 compiles
    depth 1: 23 kept of the scored, best 4 (R12 width tx s32->u16 @9564) · 40 compiles
    depth 1: 23 kept of the scored, best 4 (R18 bystander @5525->5519) · 49 compiles
    depth 2: 20 kept of the scored, best 8 (R7 block @5801 + R10 param-copy a0 @5766) · 189 compiles
  ov_SC02_026__func_80181688: NO-MATCH start=8 best=8 compiles=189 (172.4s, 1 copies, 2 needed)
    depth 2: 59 kept of the scored, best 3 (R18 bystander @4288->4282 + R7 do-while @4282) · 187 compiles
  ov_SC02_028__func_80180970: NO-MATCH start=5 best=3 compiles=187 (133.2s, 1 copies, 1 needed, R18 bystander @4288->4282 + R7 do-while @4282)
    depth 2: 61 kept of the scored, best 9 (R6 inline tmp @1678 + R8 hoist tmp0 @1678) · 174 compiles
  ov_SC02_011__func_8018567C: NO-MATCH start=9 best=9 compiles=174 (123.8s, 1 copies, 1 needed)
    depth 2: 54 kept of the scored, best 9 (R12 width v0 s32->u16 @12393 + R6 inline v0 @12398) · 187 compiles
  ov_SC03_006__func_801890C4: NO-MATCH start=16 best=9 compiles=187 (214.2s, 1 copies, 1 needed, R12 width v0 s32->u16 @12393 + R6 inline v0 @12398)
    depth 1: 15 kept of the scored, best 5 (R8 temp tmp0 @4690) · 49 compiles
    depth 2: 81 kept of the scored, best 2 (R12 width u s32->s16 @5921 + R12 width a0 s32->u16 @5922) · 183 compiles
  ov_SC02_037__func_8017EBC4: NO-MATCH start=35 best=2 compiles=183 (158.1s, 1 copies, 2 needed, R12 width u s32->s16 @5921 + R12 width a0 s32->u16 @5922)
    depth 2: score 0 by R12 width tx s32->u16 @9564 + R12 width ty s32->u16 @9565
  md_SC07_004__func_801ADBB0: MATCH start=4 best=0 compiles=63 (69.5s, 1 copies, 2 needed, R12 width tx s32->u16 @9564 + R12 width ty s32->u16 @9565)
    depth 2: 21 kept of the scored, best 12 (R9 swap-stmts @358 + R7 block @358) · 185 compiles
  ov_SC02_005__func_80186424: NO-MATCH start=14 best=12 compiles=185 (142.4s, 1 copies, 2 needed, R9 swap-stmts @358)
    depth 1: 11 kept of the scored, best 4 (R12 width lim s32->u16 @4660) · 49 compiles
    depth 1: 15 kept of the scored, best 4 (R12 width lim s32->u16 @3250) · 49 compiles
    depth 1: 17 kept of the scored, best 6 (R9 swap-stmts @4441) · 49 compiles
    depth 2: 58 kept of the scored, best 8 (R7 do-while @7124 + R7 block @7122) · 184 compiles
    depth 2: 75 kept of the scored, best 1 (R14 param-width a0 s32->u16 @4014 + R3 init-split pv) · 185 compiles
  ov_SC02_017__func_80184754: NO-MATCH start=22 best=8 compiles=184 (159.9s, 1 copies, 1 needed, R7 do-while @7124)
  ov_SC03_001__func_8017DCE4: NO-MATCH start=9 best=1 compiles=185 (167.0s, 1 copies, 1 needed, R14 param-width a0 s32->u16 @4014)
    depth 2: 72 kept of the scored, best 4 (R12 width idx s32->u16 @2892 + R7 do-while @2916) · 184 compiles
  ov_SC03_013__func_801806F8: NO-MATCH start=40 best=4 compiles=184 (99.7s, 1 copies, 1 needed, R12 width idx s32->u16 @2892 + R7 do-while @2916)
    depth 1: score 0 by R7 do-while @11311
    depth 1: 12 kept of the scored, best 10 (R5 swap + @5489) · 49 compiles
  ov_SC03_006__func_801879C4: MATCH start=9 best=0 compiles=39 (62.4s, 1 copies, 1 needed, R7 do-while @11311)
    depth 1: score 0 by R7 do-while @7072
  ov_SC02_017__func_801846B8: MATCH start=7 best=0 compiles=12 (22.6s, 1 copies, 1 needed, R7 do-while @7072)
    depth 1: 18 kept of the scored, best 6 (R6 inline base @311) · 49 compiles
    depth 1: 21 kept of the scored, best 5 (R8 temp tmp0 @9081) · 49 compiles
    depth 2: 59 kept of the scored, best 15 (R7 block @3439 + R8 hoist tmp0 @3452) · 182 compiles
  ov_SC03_013__func_8017E6F4: NO-MATCH start=15 best=15 compiles=182 (114.1s, 1 copies, 2 needed)
    depth 1: 12 kept of the scored, best 4 (R9 swap-stmts @6518) · 15 compiles
    depth 1: score 0 by R7 do-while @2996
  ov_SC03_013__func_8017DD98: MATCH start=11 best=0 compiles=29 (12.7s, 1 copies, 1 needed, R7 do-while @2996)
    depth 1: 31 kept of the scored, best 33 (R9 swap-stmts @3352) · 49 compiles
    depth 1: 27 kept of the scored, best 4 (R7 do-while @5334) · 49 compiles
    depth 2: 69 kept of the scored, best 8 (R7 do-while @6181 + R8 temp tmp0 @6196) · 187 compiles
  ov_SC03_007__func_801806B8: NO-MATCH start=14 best=8 compiles=187 (164.2s, 1 copies, 2 needed, R7 do-while @6181 + R8 temp tmp0 @6196)
    depth 2: score 0 by R7 do-while @5334 + R6 inline v0 @5333
  ov_SC03_014__func_80188FB4: MATCH start=20 best=0 compiles=52 (35.1s, 1 copies, 1 needed, R7 do-while @5334 + R6 inline v0 @5333)
    depth 1: score 0 by R7 do-while @11252
  ov_SC03_006__func_801877D8: MATCH start=10 best=0 compiles=33 (35.4s, 1 copies, 1 needed, R7 do-while @11252)
    depth 2: 30 kept of the scored, best 4 (R9 swap-stmts @6518 + R10 param-copy arg0 @6507) · 50 compiles
  ov_SC02_017__func_80183B9C: NO-MATCH start=4 best=4 compiles=50 (38.4s, 1 copies, 1 needed)
    depth 2: 50 kept of the scored, best 4 (R10 param-copy a0 @4684 + R18 bystander @4687->4685) · 191 compiles
  ov_SC03_011__func_8017F9CC: NO-MATCH start=5 best=4 compiles=191 (132.4s, 1 copies, 1 needed, R10 param-copy a0 @4684 + R18 bystander @4687->4685)
    depth 1: score 0 by R7 do-while @6110
    depth 2: 55 kept of the scored, best 42 (R7 do-while @6468 + R8 base-shared tmp0 @6460) · 192 compiles
  ov_SC01_080__func_801810E4: NO-MATCH start=65 best=42 compiles=192 (174.6s, 1 copies, 2 needed, R7 do-while @6468 + R8 base-shared tmp0 @6460)
  ov_SC03_007__func_80180598: MATCH start=11 best=0 compiles=15 (15.0s, 1 copies, 1 needed, R7 do-while @6110)
    depth 2: 64 kept of the scored, best 7 (R6 inline ang @5317 + R8 temp tmp0 @5302) · 189 compiles
  ov_SC02_031__func_8017EE3C: NO-MATCH start=9 best=7 compiles=189 (180.4s, 1 copies, 1 needed, R6 inline ang @5317)
    depth 1: score 0 by R7 do-while @4608
  ov_SC03_011__func_8017F84C: MATCH start=21 best=0 compiles=13 (7.4s, 1 copies, 1 needed, R7 do-while @4608)
    depth 1: 9 kept of the scored, best 9 (R18 bystander @5900->5898) · 12 compiles
    depth 1: 23 kept of the scored, best 2 (R12 width ret s32->u16 @4566) · 49 compiles
    depth 2: 59 kept of the scored, best 3 (R18 bystander @5525->5519 + R7 do-while @5519) · 187 compiles
  ov_SC02_027__func_80182868: NO-MATCH start=5 best=3 compiles=187 (201.2s, 1 copies, 1 needed, R18 bystander @5525->5519 + R7 do-while @5519)
    depth 2: 38 kept of the scored, best 4 (R7 block @4787 + R12 width lim s32->u16 @4660) · 191 compiles
  ov_SC03_014__func_8017DF84: NO-MATCH start=42 best=4 compiles=191 (136.1s, 1 copies, 1 needed, R12 width lim s32->u16 @4660)
    depth 1: 31 kept of the scored, best 29 (R12 width t0 s32->u16 @5069) · 49 compiles
    depth 2: 17 kept of the scored, best 9 (R18 bystander @5900->5898 + R18 bystander @5900->5898) · 37 compiles
  ov_SC03_024__func_80182844: NO-MATCH start=9 best=9 compiles=37 (28.2s, 1 copies, 1 needed)
    depth 1: score 0 by R7 do-while @4374
  ov_SC03_011__func_8017F27C: MATCH start=13 best=0 compiles=30 (37.1s, 1 copies, 1 needed, R7 do-while @4374)
    depth 2: 41 kept of the scored, best 4 (R8 hoist tmp0 @3377 + R12 width lim s32->u16 @3250) · 192 compiles
  ov_SC03_014__func_8017FA5C: NO-MATCH start=6 best=4 compiles=192 (164.9s, 1 copies, 1 needed, R12 width lim s32->u16 @3250)
    depth 1: 34 kept of the scored, best 1 (R12 width v0 s32->u16 @5425) · 45 compiles
    depth 1: 29 kept of the scored, best 6 (R6 inline v0 @6085) · 49 compiles
    depth 1: 13 kept of the scored, best 21 (R8 temp tmp0 @6139) · 49 compiles
    depth 1: 17 kept of the scored, best 13 (R7 do-while @4432) · 26 compiles
    depth 1: 25 kept of the scored, best 9 (R6 inline t1 @9958) · 49 compiles
    depth 2: score 0 by R7 do-while @4432 + R7 do-while @4434
    depth 2: 63 kept of the scored, best 6 (R9 swap-stmts @4441 + R6 inline t0 @4438) · 181 compiles
  ov_SC03_014__func_8017D900: MATCH start=46 best=0 compiles=38 (42.7s, 1 copies, 2 needed, R7 do-while @4432 + R7 do-while @4434)
  ov_SC02_026__func_8017F6B0: NO-MATCH start=9 best=6 compiles=181 (182.5s, 1 copies, 2 needed, R9 swap-stmts @4441)
    depth 1: 24 kept of the scored, best 6 (R14 param-width a0 s32->s16 @3267) · 49 compiles
    depth 1: 32 kept of the scored, best 29 (R12 width obj s32->u16 @5547) · 49 compiles
    depth 1: 27 kept of the scored, best 2 (R6 inline t5 @5231) · 49 compiles
    depth 1: score 0 by R9 swap-stmts @4089
  ov_SC03_014__func_8017D1E0: MATCH start=4 best=0 compiles=21 (9.7s, 1 copies, 2 needed, R9 swap-stmts @4089)
    depth 2: 31 kept of the scored, best 10 (R5 swap + @5489 + R18 bystander @5387->5389) · 186 compiles
  ov_SC02_037__func_8017D898: NO-MATCH start=10 best=10 compiles=186 (180.7s, 1 copies, 1 needed)
    depth 2: 51 kept of the scored, best 6 (R6 inline base @311 + R7 block @299) · 187 compiles
  ov_SC02_005__func_80186304: NO-MATCH start=8 best=6 compiles=187 (171.3s, 1 copies, 1 needed, R6 inline base @311)
    depth 1: 31 kept of the scored, best 2 (R9 swap-stmts @4540) · 49 compiles
    depth 1: score 0 by R12 width arg s32->s16 @5756
  ov_SC03_028__func_80183264: MATCH start=19 best=0 compiles=25 (18.1s, 1 copies, 1 needed, R12 width arg s32->s16 @5756)
    depth 1: 34 kept of the scored, best 2 (R9 swap-stmts @2969) · 49 compiles
    depth 1: 23 kept of the scored, best 7 (R6 inline ang @4330) · 49 compiles
    depth 2: 76 kept of the scored, best 30 (R9 swap-stmts @3381 + R8 hoist tmp0 @3379) · 185 compiles
  ov_SC03_001__func_8017BF50: NO-MATCH start=34 best=30 compiles=185 (167.2s, 1 copies, 1 needed, R9 swap-stmts @3381 + R8 hoist tmp0 @3379)
    depth 1: score 0 by R10 param-alias s0->a0 @4478
    depth 2: 60 kept of the scored, best 2 (R12 width ret s32->u16 @4566 + R12 width flag u8->s32 @4567) · 184 compiles
  ov_SC03_028__func_80187C28: MATCH start=15 best=0 compiles=7 (4.0s, 1 copies, 1 needed, R10 param-alias s0->a0 @4478)
  ov_SC03_023__func_8017E834: NO-MATCH start=4 best=2 compiles=184 (127.2s, 1 copies, 1 needed, R12 width ret s32->u16 @4566)
    depth 2: 62 kept of the scored, best 5 (R8 temp tmp0 @9081 + R6 inline tmp0 @9082) · 190 compiles
  md_SC07_004__func_801AD068: NO-MATCH start=5 best=5 compiles=190 (207.7s, 1 copies, 1 needed)
    depth 1: 28 kept of the scored, best 19 (R6 inline v1 @216) · 49 compiles
    depth 2: 58 kept of the scored, best 6 (R14 param-width a0 s32->s16 @3267 + R8 temp tmp0 @3273) · 184 compiles
  ov_SC03_024__func_80183ACC: NO-MATCH start=8 best=6 compiles=184 (70.5s, 1 copies, 1 needed, R14 param-width a0 s32->s16 @3267)
    depth 1: 24 kept of the scored, best 3 (R6 inline r @5462) · 49 compiles
    depth 2: 81 kept of the scored, best 29 (R12 width t0 s32->u16 @5069 + R9 swap-stmts @5073) · 181 compiles
  ov_SC03_014__func_80188A80: NO-MATCH start=29 best=29 compiles=181 (134.4s, 1 copies, 1 needed)
    depth 1: score 0 by R10 param-alias s0->a0 @4828
  ov_SC03_028__func_8018AF9C: MATCH start=9 best=0 compiles=14 (9.1s, 1 copies, 1 needed, R10 param-alias s0->a0 @4828)
    depth 2: 80 kept of the scored, best 1 (R12 width v0 s32->u16 @5425 + R4 decl-move s0 0->1) · 168 compiles
  ov_SC03_007__func_8017F794: NO-MATCH start=16 best=1 compiles=168 (126.5s, 1 copies, 1 needed, R12 width v0 s32->u16 @5425)
    depth 1: 23 kept of the scored, best 3 (R6 inline v0 @4378) · 49 compiles
    depth 2: score 0 by R6 inline v0 @4378 + R6 inline v0 @4382
  ov_SC03_028__func_801879AC: MATCH start=19 best=0 compiles=50 (25.0s, 1 copies, 1 needed, R6 inline v0 @4378 + R6 inline v0 @4382)
    depth 1: score 0 by R10 param-copy a0 @4344
  ov_SC03_028__func_8018A500: MATCH start=24 best=0 compiles=8 (8.0s, 1 copies, 1 needed, R10 param-copy a0 @4344)
    depth 1: 14 kept of the scored, best 3 (R9 swap-stmts @4483) · 49 compiles
    depth 1: score 0 by R10 param-alias s0->a0 @5226
  ov_SC03_007__func_8017F37C: MATCH start=12 best=0 compiles=10 (10.9s, 1 copies, 2 needed, R10 param-alias s0->a0 @5226)
    depth 1: score 0 by R10 param-alias s0->a0 @4170
  ov_SC03_028__func_8018753C: MATCH start=13 best=0 compiles=8 (7.3s, 1 copies, 1 needed, R10 param-alias s0->a0 @4170)
    depth 1: score 0 by R10 param-copy a0 @3617
  ov_SC03_028__func_8018923C: MATCH start=17 best=0 compiles=8 (8.6s, 1 copies, 1 needed, R10 param-copy a0 @3617)
    depth 2: score 0 by R6 inline v1 @216 + R6 inline v1 @205
  ov_SC02_005__func_80186178: MATCH start=22 best=0 compiles=91 (69.7s, 1 copies, 1 needed, R6 inline v1 @216 + R6 inline v1 @205)
    depth 2: 74 kept of the scored, best 2 (R6 inline t5 @5231 + R8 temp tmp0 @5231) · 189 compiles
  ov_SC03_024__func_801868C0: NO-MATCH start=2 best=2 compiles=189 (110.3s, 1 copies, 1 needed)
    depth 1: score 0 by R10 param-copy a0 @4143
    depth 1: score 0 by R10 param-copy a0 @3479
  ov_SC03_028__func_801874D0: MATCH start=6 best=0 compiles=7 (28.6s, 1 copies, 1 needed, R10 param-copy a0 @4143)
  ov_SC03_028__func_80188F4C: MATCH start=17 best=0 compiles=7 (26.0s, 1 copies, 1 needed, R10 param-copy a0 @3479)
    depth 2: 108 kept of the scored, best 3 (R12 width obj s32->u16 @5547 + R12 width self s32->u16 @5548) · 184 compiles
  ov_SC03_024__func_801821D4: NO-MATCH start=29 best=3 compiles=184 (140.4s, 1 copies, 1 needed, R12 width obj s32->u16 @5547 + R12 width self s32->u16 @5548)
    depth 2: 82 kept of the scored, best 6 (R6 inline v0 @6085 + R8 hoist tmp0 @6089) · 189 compiles
  ov_SC02_017__func_801831FC: NO-MATCH start=6 best=6 compiles=189 (174.0s, 1 copies, 1 needed)
    depth 1: 36 kept of the scored, best 2 (R18 bystander @8750->8746) · 49 compiles
    depth 1: score 0 by R10 param-copy a0 @3381
  ov_SC03_028__func_80188D14: MATCH start=17 best=0 compiles=7 (4.8s, 1 copies, 1 needed, R10 param-copy a0 @3381)
    depth 2: 42 kept of the scored, best 21 (R8 temp tmp0 @6139 + R8 temp tmp1 @6155) · 191 compiles
  ov_SC01_080__func_801809E4: NO-MATCH start=21 best=21 compiles=191 (175.3s, 1 copies, 1 needed)
    depth 1: 28 kept of the scored, best 13 (R6 inline o @3190) · 49 compiles
    depth 1: score 0 by R7 do-while @7297
  ov_SC03_029__func_80185FE8: MATCH start=9 best=0 compiles=32 (33.6s, 1 copies, 1 needed, R7 do-while @7297)
    depth 1: 31 kept of the scored, best 11 (R7 do-while @4062) · 49 compiles
    depth 1: 23 kept of the scored, best 5 (R6 inline t @3104) · 49 compiles
    depth 1: 33 kept of the scored, best 5 (R12 width v s32->u16 @4730) · 49 compiles
    depth 2: 64 kept of the scored, best 7 (R6 inline ang @4330 + R8 temp tmp0 @4315) · 189 compiles
  ov_SC03_028__func_8017D370: NO-MATCH start=9 best=7 compiles=189 (113.9s, 1 copies, 1 needed, R6 inline ang @4330)
    depth 1: 25 kept of the scored, best 2 (R6 inline s3 @4217) · 49 compiles
    depth 1: score 0 by R7 do-while @5685
  ov_SC03_030__func_801804F4: MATCH start=8 best=0 compiles=44 (22.6s, 1 copies, 1 needed, R7 do-while @5685)
    depth 1: 27 kept of the scored, best 29 (R12 width rv s32->u16 @5348) · 49 compiles
    depth 2: 72 kept of the scored, best 9 (R6 inline t1 @9958 + R6 inline ang @9954) · 189 compiles
    depth 1: 21 kept of the scored, best 4 (R12 width param_1 s32->u16 @5856) · 49 compiles
  ov_SC03_006__func_80185BD4: NO-MATCH start=9 best=9 compiles=189 (215.5s, 1 copies, 2 needed)
    depth 1: score 0 by R10 param-copy a0 @5596
  ov_SC03_030__func_801802BC: MATCH start=9 best=0 compiles=11 (11.9s, 1 copies, 1 needed, R10 param-copy a0 @5596)
    depth 1: score 0 by R7 do-while @7229
  ov_SC03_029__func_80185DFC: MATCH start=10 best=0 compiles=46 (30.8s, 1 copies, 1 needed, R7 do-while @7229)
    depth 2: 85 kept of the scored, best 2 (R6 inline vp @4534 + R12 width t88 u16->u8 @4522) · 189 compiles
  ov_SC02_027__func_80181200: NO-MATCH start=4 best=2 compiles=189 (193.8s, 1 copies, 1 needed, R9 swap-stmts @4540)
    depth 2: 59 kept of the scored, best 2 (R9 swap-stmts @2969 + R18 bystander @2971->2969) · 184 compiles
  ov_SC02_026__func_8017D508: NO-MATCH start=13 best=2 compiles=184 (151.3s, 1 copies, 1 needed, R9 swap-stmts @2969)
    depth 2: 65 kept of the scored, best 3 (R6 inline r @5462 + R6 inline r @5471) · 184 compiles
  ov_SC03_028__func_80182B3C: NO-MATCH start=3 best=3 compiles=184 (126.7s, 1 copies, 2 needed)
    depth 1: score 0 by R7 do-while @6156
  ov_SC03_029__func_80184764: MATCH start=11 best=0 compiles=15 (10.8s, 1 copies, 1 needed, R7 do-while @6156)
    depth 1: 30 kept of the scored, best 10 (R7 do-while @6354) · 49 compiles
    depth 1: score 0 by R10 param-alias s0->a0 @5289
  ov_SC03_028__func_80182780: MATCH start=15 best=0 compiles=9 (10.2s, 1 copies, 1 needed, R10 param-alias s0->a0 @5289)
    depth 1: 11 kept of the scored, best 3 (R12 width rv s32->u16 @7345) · 18 compiles
    depth 2: 43 kept of the scored, best 3 (R9 swap-stmts @4483 + R18 bystander @4481->4483) · 188 compiles
  ov_SC03_023__func_8017E614: NO-MATCH start=6 best=3 compiles=188 (128.8s, 1 copies, 1 needed, R9 swap-stmts @4483)
    depth 1: score 0 by R10 param-alias s0->a0 @4337
  ov_SC03_023__func_8017E230: MATCH start=14 best=0 compiles=11 (5.3s, 1 copies, 1 needed, R10 param-alias s0->a0 @4337)
    depth 1: 18 kept of the scored, best 4 (R7 do-while @4769) · 49 compiles
    depth 2: score 0 by R7 do-while @4769 + R12 width v0 s32->u16 @4765
  ov_SC03_030__func_8017EDD4: MATCH start=5 best=0 compiles=50 (37.1s, 1 copies, 1 needed, R7 do-while @4769 + R12 width v0 s32->u16 @4765)
    depth 1: score 0 by R9 swap-stmts @4684
  ov_SC03_030__func_8017ECA8: MATCH start=14 best=0 compiles=8 (24.4s, 1 copies, 1 needed, R9 swap-stmts @4684)
    depth 1: 24 kept of the scored, best 4 (R9 swap-stmts @8800) · 49 compiles
    depth 1: 20 kept of the scored, best 8 (R7 block @4216) · 49 compiles
    depth 1: 25 kept of the scored, best 9 (R8 temp tmp0 @5876) · 49 compiles
    depth 1: 28 kept of the scored, best 15 (R12 width dz s32->u8 @4219) · 49 compiles
    depth 2: 81 kept of the scored, best 4 (R7 do-while @4062 + R7 do-while @4046) · 190 compiles
  ov_SC03_028__func_8018726C: NO-MATCH start=17 best=4 compiles=190 (112.4s, 1 copies, 2 needed, R7 do-while @4062 + R7 do-while @4046)
    depth 2: 71 kept of the scored, best 5 (R6 inline t @3104 + R6 inline t @3103) · 190 compiles
  ov_SC03_024__func_80184040: NO-MATCH start=5 best=5 compiles=190 (115.3s, 1 copies, 1 needed)
    depth 1: score 0 by R10 param-copy a0 @3888
  ov_SC03_028__func_80186FA4: MATCH start=27 best=0 compiles=10 (4.2s, 1 copies, 2 needed, R10 param-copy a0 @3888)
    depth 1: 26 kept of the scored, best 7 (R7 do-while @4819) · 49 compiles
    depth 1: 34 kept of the scored, best 4 (R12 width c s16->s32 @3030) · 49 compiles
    depth 2: 83 kept of the scored, best 13 (R6 inline o @3187 + R6 inline o @3182) · 190 compiles
  ov_SC03_014__func_80185380: NO-MATCH start=16 best=13 compiles=190 (166.9s, 1 copies, 2 needed, R6 inline o @3190)
    depth 1: score 0 by R10 param-copy a0 @3649
    depth 2: 60 kept of the scored, best 2 (R6 inline s3 @4217 + R7 block @4213) · 187 compiles
  ov_SC03_028__func_80186A88: MATCH start=14 best=0 compiles=9 (4.3s, 1 copies, 1 needed, R10 param-copy a0 @3649)
  ov_SC03_024__func_8018046C: NO-MATCH start=12 best=2 compiles=187 (119.8s, 1 copies, 1 needed, R6 inline s3 @4217)
    depth 2: 30 kept of the scored, best 3 (R12 width rv s32->u16 @7345 + R7 block @7357) · 72 compiles
  ov_SC03_090__func_80186874: NO-MATCH start=3 best=3 compiles=72 (75.7s, 1 copies, 1 needed)
    depth 1: score 0 by R10 param-copy arg0 @4936
  ov_SC03_092__func_8017EE8C: MATCH start=8 best=0 compiles=9 (5.3s, 1 copies, 1 needed, R10 param-copy arg0 @4936)
    depth 2: 66 kept of the scored, best 2 (R18 bystander @8750->8746 + R12 width a3 u16->u8 @8739) · 176 compiles
  md_SC07_004__func_801AC9CC: NO-MATCH start=10 best=2 compiles=176 (191.1s, 1 copies, 1 needed, R18 bystander @8750->8746)
    depth 2: 90 kept of the scored, best 5 (R12 width v s32->u16 @4730 + R12 width px u16->s32 @4734) · 192 compiles
  ov_SC03_007__func_8017E83C: NO-MATCH start=11 best=5 compiles=192 (164.5s, 1 copies, 1 needed, R12 width v s32->u16 @4730)
    depth 1: score 0 by R12 width v1 s32->u16 @8438
  md_SC07_004__func_801AC29C: MATCH start=2 best=0 compiles=7 (10.0s, 1 copies, 1 needed, R12 width v1 s32->u16 @8438)
    depth 1: 23 kept of the scored, best 8 (R8 temp tmp0 @5437) · 49 compiles
    depth 2: 76 kept of the scored, best 29 (R12 width rv s32->u16 @5348 + R8 temp tmp0 @5378) · 184 compiles
  ov_SC02_017__func_8018209C: NO-MATCH start=29 best=29 compiles=184 (144.7s, 1 copies, 2 needed)
    depth 1: score 0 by R7 do-while @4350
  ov_SC03_097__func_801808F0: MATCH start=12 best=0 compiles=25 (15.2s, 1 copies, 1 needed, R7 do-while @4350)
    depth 1: 28 kept of the scored, best 13 (R8 base-shared tmp0 @3283) · 48 compiles
    depth 1: 23 kept of the scored, best 7 (R6 inline ang @3810) · 49 compiles
    depth 1: 19 kept of the scored, best 2 (R7 block @4763) · 49 compiles
    depth 2: 77 kept of the scored, best 2 (R12 width param_1 s32->u16 @5856 + R9 swap-stmts @5862) · 193 compiles
  ov_SC01_080__func_80180598: NO-MATCH start=16 best=2 compiles=193 (172.6s, 1 copies, 2 needed, R12 width param_1 s32->u16 @5856 + R9 swap-stmts @5862)
    depth 1: 31 kept of the scored, best 10 (R7 do-while @6325) · 49 compiles
    depth 1: 27 kept of the scored, best 14 (R6 inline t0 @3859) · 49 compiles
    depth 2: 97 kept of the scored, best 4 (R12 width c s16->s32 @3030 + R7 do-while @3069) · 187 compiles
  ov_SC03_091__func_80182968: NO-MATCH start=6 best=4 compiles=187 (89.2s, 1 copies, 1 needed, R12 width c s16->s32 @3030)
    depth 2: 80 kept of the scored, best 9 (R7 do-while @6354 + R18 bystander @6357->6355) · 184 compiles
  ov_SC03_089__func_801854DC: NO-MATCH start=11 best=9 compiles=184 (174.1s, 1 copies, 1 needed, R7 do-while @6354 + R18 bystander @6357->6355)
    depth 1: 17 kept of the scored, best 11 (R7 block @5270) · 49 compiles
    depth 1: 30 kept of the scored, best 9 (R18 bystander @8279->8283) · 49 compiles
    depth 2: 69 kept of the scored, best 7 (R7 do-while @4819 + R8 temp tmp0 @4813) · 184 compiles
  ov_SC03_090__func_8018A9C8: NO-MATCH start=8 best=7 compiles=184 (125.9s, 1 copies, 1 needed, R7 do-while @4819)
    depth 2: 80 kept of the scored, best 14 (R12 width dz s32->u8 @4219 + R14 param-width arg1 s32->u16 @4216) · 182 compiles
    depth 1: score 0 by R7 do-while @6064
  ov_SC03_028__func_80180AC4: NO-MATCH start=23 best=14 compiles=182 (139.3s, 1 copies, 2 needed, R12 width dz s32->u8 @4219 + R14 param-width arg1 s32->u16 @4216)
  ov_SC03_089__func_80184E54: MATCH start=26 best=0 compiles=10 (7.5s, 1 copies, 1 needed, R7 do-while @6064)
    depth 1: 37 kept of the scored, best 2 (R10 param-alias s0->arg0 @5811) · 49 compiles
    depth 2: 73 kept of the scored, best 9 (R8 temp tmp0 @5876 + R6 inline ang @5880) · 188 compiles
  ov_SC03_029__func_801841F8: NO-MATCH start=9 best=9 compiles=188 (149.3s, 1 copies, 2 needed)
    depth 1: 34 kept of the scored, best 4 (R12 width c s16->s32 @2940) · 49 compiles
    depth 1: score 0 by R10 param-copy a0 @5375
  ov_SC03_029__func_80183968: MATCH start=9 best=0 compiles=7 (6.5s, 1 copies, 1 needed, R10 param-copy a0 @5375)
    depth 2: score 0 by R10 param-alias s0->arg0 @5811 + R9 swap-stmts @5812
  ov_SC01_080__func_8018045C: MATCH start=22 best=0 compiles=65 (40.7s, 1 copies, 2 needed, R10 param-alias s0->arg0 @5811 + R9 swap-stmts @5812)
    depth 1: score 0 by R10 param-copy a0 @4458
  ov_SC03_029__func_8018266C: MATCH start=16 best=0 compiles=8 (10.1s, 1 copies, 1 needed, R10 param-copy a0 @4458)
    depth 1: 22 kept of the scored, best 7 (R8 temp tmp0 @4016) · 49 compiles
    depth 1: score 0 by R9 swap-stmts @4416
  ov_SC03_029__func_80182580: MATCH start=13 best=0 compiles=7 (5.4s, 1 copies, 1 needed, R9 swap-stmts @4416)
    depth 2: 51 kept of the scored, best 7 (R8 hoist tmp0 @4218 + R12 width tmp0 s32->s16 @4205) · 185 compiles
  ov_SC02_027__func_80180A54: NO-MATCH start=8 best=7 compiles=185 (184.6s, 1 copies, 2 needed, R8 hoist tmp0 @4218 + R12 width tmp0 s32->s16 @4205)
    depth 1: 29 kept of the scored, best 34 (R6 inline sym @3324) · 49 compiles
    depth 2: 77 kept of the scored, best 13 (R8 base-shared tmp0 @3283 + R12 width cond s32->u16 @3263) · 181 compiles
  ov_SC03_093__func_8017F398: NO-MATCH start=19 best=13 compiles=181 (115.3s, 1 copies, 2 needed, R8 base-shared tmp0 @3283)
    depth 2: 67 kept of the scored, best 8 (R7 block @5439 + R18 bystander @5450->5447) · 185 compiles
  ov_SC03_091__func_801870CC: NO-MATCH start=8 best=8 compiles=185 (126.0s, 1 copies, 1 needed)
    depth 1: 36 kept of the scored, best 19 (R12 width u s32->s16 @3875) · 49 compiles
    depth 2: 64 kept of the scored, best 7 (R6 inline ang @3810 + R8 temp tmp0 @3795) · 189 compiles
  ov_SC03_024__func_8017FBC8: NO-MATCH start=9 best=7 compiles=189 (122.7s, 1 copies, 1 needed, R6 inline ang @3810)
    depth 2: 56 kept of the scored, best 2 (R8 temp tmp0 @4762 + R12 width tmp0 s32->u16 @4737) · 189 compiles
  ov_SC03_092__func_8017E780: NO-MATCH start=2 best=2 compiles=189 (120.3s, 1 copies, 1 needed)
    depth 1: score 0 by R9 swap-stmts @5164
    depth 2: 61 kept of the scored, best 4 (R6 inline t8A @8796 + R9 swap-stmts @8798) · 188 compiles
  ov_SC03_006__func_801846D0: NO-MATCH start=6 best=4 compiles=188 (211.8s, 1 copies, 2 needed, R9 swap-stmts @8800)
  ov_SC03_098__func_80182480: MATCH start=12 best=0 compiles=6 (6.9s, 1 copies, 1 needed, R9 swap-stmts @5164)
    depth 1: 30 kept of the scored, best 2 (R7 do-while @5645) · 49 compiles
    depth 2: score 0 by R7 do-while @5645 + R9 swap-stmts @5646
    depth 1: 26 kept of the scored, best 8 (R9 swap-stmts @4157) · 49 compiles
  ov_SC01_080__func_8017FFB4: MATCH start=17 best=0 compiles=57 (64.7s, 1 copies, 2 needed, R7 do-while @5645 + R9 swap-stmts @5646)
    depth 2: 78 kept of the scored, best 12 (R6 inline t0 @3859 + R6 inline t0 @3857) · 183 compiles
  ov_SC03_097__func_8017FEA0: NO-MATCH start=16 best=12 compiles=183 (139.1s, 1 copies, 1 needed, R6 inline t0 @3859 + R6 inline t0 @3857)
    depth 1: 36 kept of the scored, best 1 (R9 swap-stmts @3063) · 49 compiles
    depth 1: 13 kept of the scored, best 7 (R8 temp tmp0 @4021) · 49 compiles
    depth 1: 21 kept of the scored, best 8 (R6 inline p @4791) · 49 compiles
    depth 1: 18 kept of the scored, best 2 (R6 inline x @4535) · 49 compiles
    depth 2: 97 kept of the scored, best 4 (R12 width c s16->s32 @2940 + R7 do-while @2979) · 187 compiles
  ov_SC03_091__func_80182788: NO-MATCH start=6 best=4 compiles=187 (101.2s, 1 copies, 1 needed, R12 width c s16->s32 @2940)
    depth 1: score 0 by R7 do-while @3786
  ov_SC03_097__func_8017FDBC: MATCH start=15 best=0 compiles=14 (7.6s, 1 copies, 1 needed, R7 do-while @3786)
    depth 1: score 0 by R15 sink @4583 (val)
  ov_SC03_102__func_801815D4: MATCH start=7 best=0 compiles=3 (4.3s, 1 copies, 2 needed, R15 sink @4583 (val))
    depth 1: 20 kept of the scored, best 7 (R7 do-while @5114) · 49 compiles
    depth 2: 82 kept of the scored, best 9 (R7 do-while @6323 + R7 do-while @6325) · 189 compiles
    depth 2: 63 kept of the scored, best 7 (R8 temp tmp0 @4016 + R6 inline tmp0 @4017) · 192 compiles
  ov_SC03_090__func_801851B8: NO-MATCH start=11 best=9 compiles=189 (187.8s, 1 copies, 1 needed, R7 do-while @6323 + R7 do-while @6325)
  ov_SC03_097__func_80184D28: NO-MATCH start=7 best=7 compiles=192 (112.7s, 1 copies, 1 needed)
    depth 2: 50 kept of the scored, best 11 (R7 block @5270 + R8 temp tmp0 @5287) · 189 compiles
  ov_SC02_017__func_80181E98: NO-MATCH start=11 best=11 compiles=189 (165.1s, 1 copies, 1 needed)
    depth 1: 28 kept of the scored, best 11 (R18 bystander @5498->5501) · 49 compiles
    depth 1: 24 kept of the scored, best 18 (R6 inline diff @7683) · 49 compiles
    depth 1: score 0 by R7 do-while @6043
  ov_SC03_090__func_80184B30: MATCH start=26 best=0 compiles=10 (12.4s, 1 copies, 1 needed, R7 do-while @6043)
    depth 1: 28 kept of the scored, best 13 (R8 base-shared tmp0 @3501) · 48 compiles
    depth 1: 15 kept of the scored, best 7 (R8 temp tmp0 @4332) · 49 compiles
    depth 2: 68 kept of the scored, best 9 (R18 bystander @8279->8283 + R9 swap-stmts @8294) · 188 compiles
  md_SC07_004__func_801ABEE0: NO-MATCH start=29 best=9 compiles=188 (192.5s, 1 copies, 2 needed, R18 bystander @8279->8283)
    depth 2: 82 kept of the scored, best 21 (R6 inline sym @3324 + R7 do-while @3336) · 188 compiles
  ov_SC03_028__func_8017F278: NO-MATCH start=53 best=21 compiles=188 (132.2s, 1 copies, 2 needed, R6 inline sym @3324 + R7 do-while @3336)
    depth 1: 26 kept of the scored, best 7 (R7 do-while @4623) · 49 compiles
    depth 1: 28 kept of the scored, best 7 (R6 inline v1 @5127) · 49 compiles
    depth 2: 77 kept of the scored, best 2 (R12 width u s32->s16 @3875 + R12 width a0 s32->u16 @3876) · 183 compiles
  ov_SC03_089__func_8018188C: NO-MATCH start=60 best=2 compiles=183 (172.9s, 1 copies, 2 needed, R12 width u s32->s16 @3875 + R12 width a0 s32->u16 @3876)
  ov_SC03_105__func_8018574C: UNSTRIPPABLE — [('launder', 5283, 'launder with 2 inputs')]
    depth 1: 18 kept of the scored, best 19 (R8 temp tmp0 @5221) · 49 compiles
    depth 1: 33 kept of the scored, best 4 (R12 width c s16->s32 @4047) · 49 compiles
    depth 2: 96 kept of the scored, best 1 (R9 swap-stmts @3063 + R4 decl-move c 4->0) · 188 compiles
  ov_SC03_093__func_8017EE38: NO-MATCH start=6 best=1 compiles=188 (142.6s, 1 copies, 1 needed, R9 swap-stmts @3063)
    depth 2: 70 kept of the scored, best 8 (R9 swap-stmts @4157 + R8 temp tmp0 @4158) · 188 compiles
  ov_SC03_029__func_80181EA0: NO-MATCH start=9 best=8 compiles=188 (151.7s, 1 copies, 1 needed, R9 swap-stmts @4157)
    depth 2: 44 kept of the scored, best 2 (R6 inline x @4535 + R7 block @4527) · 186 compiles
  ov_SC03_092__func_8017E044: NO-MATCH start=8 best=2 compiles=186 (139.9s, 1 copies, 1 needed, R6 inline x @4535)
    depth 1: score 0 by R10 param-copy a0 @3511
  ov_SC03_029__func_801810BC: MATCH start=20 best=0 compiles=8 (9.7s, 1 copies, 1 needed, R10 param-copy a0 @3511)
    depth 1: score 0 by R10 param-alias s0->a0 @4593
  ov_SC03_105__func_80189454: MATCH start=9 best=0 compiles=14 (12.3s, 1 copies, 1 needed, R10 param-alias s0->a0 @4593)
    depth 1: 25 kept of the scored, best 1 (R7 block @7975) · 49 compiles
    depth 2: 60 kept of the scored, best 8 (R6 inline p @4791 + R8 temp tmp0 @4790) · 190 compiles
  ov_SC03_091__func_8018632C: NO-MATCH start=8 best=8 compiles=190 (156.4s, 1 copies, 2 needed)
    depth 1: score 0 by R7 do-while @2996
  ov_SC03_105__func_80189C84: MATCH start=8 best=0 compiles=14 (11.2s, 1 copies, 1 needed, R7 do-while @2996)
    depth 1: score 0 by R3 init-split s0
  ov_SC03_108__func_8017EB38: MATCH start=13 best=0 compiles=5 (3.2s, 1 copies, 2 needed, R3 init-split s0)
    depth 2: 51 kept of the scored, best 7 (R7 do-while @5114 + R12 width decoy int->u16 @5105) · 185 compiles
  ov_SC03_101__func_801812B4: NO-MATCH start=8 best=7 compiles=185 (149.4s, 1 copies, 2 needed, R7 do-while @5114)
    depth 1: score 0 by R7 do-while @4380
  ov_SC03_091__func_801859D8: MATCH start=26 best=0 compiles=10 (6.5s, 1 copies, 1 needed, R7 do-while @4380)
    depth 1: 36 kept of the scored, best 7 (R6 inline idx @5254) · 49 compiles
    depth 1: score 0 by R7 do-while @3284
  ov_SC03_105__func_80187554: MATCH start=4 best=0 compiles=45 (18.6s, 1 copies, 1 needed, R7 do-while @3284)
    depth 2: 75 kept of the scored, best 13 (R8 base-shared tmp0 @3501 + R12 width cond s32->u16 @3481) · 181 compiles
  ov_SC03_097__func_8017F7E4: NO-MATCH start=19 best=13 compiles=181 (115.0s, 1 copies, 2 needed, R8 base-shared tmp0 @3501)
    depth 2: 36 kept of the scored, best 7 (R8 temp tmp0 @4021 + R6 inline tmp0 @4022) · 189 compiles
  ov_SC02_027__func_801805EC: NO-MATCH start=7 best=7 compiles=189 (187.7s, 1 copies, 1 needed)
    depth 2: 72 kept of the scored, best 11 (R18 bystander @5498->5501 + R18 bystander @5494->5492) · 180 compiles
  ov_SC01_080__func_8017FCFC: NO-MATCH start=13 best=11 compiles=180 (135.5s, 1 copies, 1 needed, R18 bystander @5498->5501)
    depth 1: 21 kept of the scored, best 1 (R12 width a0v s32->u16 @3444) · 48 compiles
    depth 1: 21 kept of the scored, best 5 (R12 width flag s32->u16 @3701) · 49 compiles
    depth 2: 69 kept of the scored, best 7 (R7 do-while @4623 + R8 temp tmp0 @4617) · 184 compiles
  ov_SC03_104__func_801846F0: NO-MATCH start=8 best=7 compiles=184 (118.4s, 1 copies, 1 needed, R7 do-while @4623)
    depth 1: 27 kept of the scored, best 14 (R6 inline t0 @4400) · 49 compiles
    depth 1: score 0 by R3 init-split s0
  ov_SC03_104__func_8018428C: MATCH start=12 best=0 compiles=4 (3.5s, 1 copies, 1 needed, R3 init-split s0)
    depth 1: 21 kept of the scored, best 1 (R12 width dst s32->u16 @4221) · 49 compiles
    depth 1: 23 kept of the scored, best 9 (R7 do-while @3203) · 49 compiles
    depth 1: 28 kept of the scored, best 2 (R18 bystander @3301->3299) · 44 compiles
    depth 2: 41 kept of the scored, best 7 (R8 temp tmp0 @4332 + R8 temp tmp1 @4337) · 189 compiles
    depth 1: 34 kept of the scored, best 1 (R14 param-width arg0 s32->u16 @5178) · 49 compiles
  ov_SC03_102__func_8018110C: NO-MATCH start=7 best=7 compiles=189 (173.6s, 1 copies, 1 needed)
    depth 1: score 0 by R8 temp tmp0 @4296
    depth 1: 27 kept of the scored, best 14 (R6 inline t0 @3940) · 49 compiles
    depth 1: 31 kept of the scored, best 6 (R12 width mid s16->s32 @3393) · 49 compiles
    depth 2: 45 kept of the scored, best 19 (R8 temp tmp0 @5221 + R6 inline tmp0 @5222) · 189 compiles
  ov_SC03_102__func_80181030: MATCH start=11 best=0 compiles=5 (6.2s, 1 copies, 2 needed, R8 temp tmp0 @4296)
  ov_SC03_105__func_80180EC0: NO-MATCH start=19 best=19 compiles=189 (145.4s, 1 copies, 1 needed)
    depth 2: 79 kept of the scored, best 4 (R12 width v1 s32->u16 @5119 + R8 cse tmp0 @5127) · 188 compiles
  ov_SC02_017__func_80181BBC: NO-MATCH start=9 best=4 compiles=188 (167.3s, 1 copies, 1 needed, R12 width v1 s32->u16 @5119 + R8 cse tmp0 @5127)
    depth 2: 75 kept of the scored, best 13 (R6 inline diff @7683 + R12 width p1 s32->u16 @7663) · 189 compiles
  ov_SC03_006__func_80182F4C: NO-MATCH start=29 best=13 compiles=189 (230.8s, 1 copies, 1 needed, R6 inline diff @7683 + R12 width p1 s32->u16 @7663)
    depth 2: 114 kept of the scored, best 2 (R9 swap-stmts @5254 + R12 width idc s32->u16 @5230) · 191 compiles
  ov_SC03_105__func_80185680: NO-MATCH start=11 best=2 compiles=191 (124.3s, 1 copies, 2 needed, R9 swap-stmts @5254 + R12 width idc s32->u16 @5230)
    depth 1: 27 kept of the scored, best 5 (R6 inline v0 @4522) · 49 compiles
    depth 2: 94 kept of the scored, best 4 (R12 width c s16->s32 @4047 + R7 do-while @4086) · 187 compiles
  ov_SC03_090__func_80181B50: NO-MATCH start=6 best=4 compiles=187 (185.3s, 1 copies, 1 needed, R12 width c s16->s32 @4047)
    depth 2: 53 kept of the scored, best 5 (R12 width flag s32->u16 @3701 + R6 inline row @3767) · 185 compiles
  ov_SC03_108__func_8017E71C: NO-MATCH start=5 best=5 compiles=185 (111.6s, 1 copies, 1 needed)
    depth 1: 18 kept of the scored, best 10 (R8 hoist tmp0 @4776) · 49 compiles
    depth 1: 13 kept of the scored, best 6 (R6 inline d @4054) · 49 compiles
    depth 1: score 0 by R7 do-while @7040
    depth 2: 54 kept of the scored, best 1 (R12 width a0v s32->u16 @3444 + R7 block @3449) · 180 compiles
  ov_SC03_029__func_80180F3C: NO-MATCH start=3 best=1 compiles=180 (126.8s, 1 copies, 1 needed, R12 width a0v s32->u16 @3444)
    depth 1: score 0 by R7 do-while @4766
  ov_SC03_006__func_80182080: MATCH start=5 best=0 compiles=37 (36.7s, 1 copies, 1 needed, R7 do-while @7040)
    depth 2: 44 kept of the scored, best 9 (R7 do-while @3203 + R9 swap-stmts @3199) · 184 compiles
  ov_SC03_105__func_801873C8: NO-MATCH start=17 best=9 compiles=184 (107.6s, 1 copies, 1 needed, R7 do-while @3203)
  ov_SC03_105__func_80184A60: MATCH start=17 best=0 compiles=33 (18.2s, 1 copies, 1 needed, R7 do-while @4766)
    depth 1: score 0 by R12 width mid s32->s16 @3305
  ov_SC03_108__func_8017DDDC: MATCH start=10 best=0 compiles=13 (7.5s, 1 copies, 1 needed, R12 width mid s32->s16 @3305)
    depth 2: 74 kept of the scored, best 2 (R18 bystander @3301->3299 + R8 temp tmp0 @3294) · 163 compiles
  ov_SC03_097__func_8017F304: NO-MATCH start=3 best=2 compiles=163 (111.2s, 1 copies, 1 needed, R18 bystander @3301->3299)
    depth 2: 78 kept of the scored, best 12 (R6 inline t0 @4400 + R6 inline t0 @4398) · 183 compiles
  ov_SC03_101__func_80180400: NO-MATCH start=16 best=12 compiles=183 (130.5s, 1 copies, 1 needed, R6 inline t0 @4400 + R6 inline t0 @4398)
    depth 2: 45 kept of the scored, best 1 (R12 width dst s32->u16 @4221 + R4 decl-move dst 5->0) · 181 compiles
  ov_SC03_091__func_80185730: NO-MATCH start=3 best=1 compiles=181 (131.5s, 1 copies, 2 needed, R12 width dst s32->u16 @4221)
    depth 2: 75 kept of the scored, best 1 (R7 block @7975 + R8 temp tmp0 @7974) · 191 compiles
  md_SC07_004__func_801AB818: NO-MATCH start=1 best=1 compiles=191 (202.0s, 1 copies, 1 needed)
    depth 1: 10 kept of the scored, best 12 (R6 inline tbl @2990) · 49 compiles
    depth 1: 23 kept of the scored, best 4 (R7 block @3586) · 43 compiles
    depth 1: 29 kept of the scored, best 4 (R18 bystander @4107->4103) · 49 compiles
    depth 1: 26 kept of the scored, best 10 (R7 do-while @3134) · 49 compiles
    depth 1: 33 kept of the scored, best 4 (R12 width c s16->s32 @3957) · 49 compiles
    depth 1: 34 kept of the scored, best 2 (R9 swap-stmts @3334) · 49 compiles
    depth 2: 78 kept of the scored, best 12 (R6 inline t0 @3940 + R6 inline t0 @3938) · 183 compiles
  ov_SC03_104__func_8018383C: NO-MATCH start=16 best=12 compiles=183 (116.5s, 1 copies, 1 needed, R6 inline t0 @3940 + R6 inline t0 @3938)
    depth 1: score 0 by R12 width s1 s32->u16 @3540
  ov_SC03_111__func_80180A10: MATCH start=8 best=0 compiles=36 (32.9s, 1 copies, 1 needed, R12 width s1 s32->u16 @3540)
    depth 1: 23 kept of the scored, best 7 (R6 inline ang @3913) · 49 compiles
    depth 1: 23 kept of the scored, best 7 (R6 inline ang @4934) · 49 compiles
    depth 2: 57 kept of the scored, best 1 (R14 param-width arg0 s32->u16 @5178 + R3 init-split param_1) · 187 compiles
  ov_SC01_080__func_8017F53C: NO-MATCH start=20 best=1 compiles=187 (166.6s, 1 copies, 1 needed, R14 param-width arg0 s32->u16 @5178)
    depth 1: 31 kept of the scored, best 7 (R6 inline b @7936) · 41 compiles
    depth 2: score 0 by R9 swap-stmts @3334 + R9 swap-stmts @3333
  ov_SC03_029__func_80180B84: MATCH start=5 best=0 compiles=92 (77.1s, 1 copies, 1 needed, R9 swap-stmts @3334 + R9 swap-stmts @3333)
    depth 1: 28 kept of the scored, best 10 (R7 do-while @3542) · 49 compiles
    depth 2: 76 kept of the scored, best 5 (R6 inline v0 @4522 + R8 temp tmp0 @4513) · 187 compiles
  ov_SC03_105__func_80180100: NO-MATCH start=5 best=5 compiles=187 (122.2s, 1 copies, 2 needed)
    depth 1: 13 kept of the scored, best 4 (R12 width lim s32->u16 @3111) · 49 compiles
    depth 2: 81 kept of the scored, best 6 (R7 do-while @3401 + R12 width mid s16->s32 @3393) · 186 compiles
  ov_SC02_027__func_8017F498: NO-MATCH start=15 best=6 compiles=186 (187.9s, 1 copies, 2 needed, R12 width mid s16->s32 @3393)
    depth 1: score 0 by R12 width avg u32->s16 @3885
  ov_SC03_112__func_8017EFAC: MATCH start=10 best=0 compiles=11 (10.0s, 1 copies, 1 needed, R12 width avg u32->s16 @3885)
    depth 2: 64 kept of the scored, best 4 (R7 block @3586 + R10 param-copy arg0 @3578) · 163 compiles
  ov_SC03_108__func_801809A0: NO-MATCH start=4 best=4 compiles=163 (95.9s, 1 copies, 2 needed)
    depth 1: 30 kept of the scored, best 7 (R9 swap-stmts @4601) · 49 compiles
    depth 1: score 0 by R12 width cond s32->s16 @2775
  ov_SC03_108__func_8017F83C: MATCH start=3 best=0 compiles=15 (5.2s, 1 copies, 1 needed, R12 width cond s32->s16 @2775)
    depth 1: 16 kept of the scored, best 74 (R8 temp tmp0 @3059) · 49 compiles
    depth 2: 29 kept of the scored, best 12 (R7 block @3015 + R6 inline tbl @2990) · 190 compiles
  ov_SC03_105__func_80186DDC: NO-MATCH start=41 best=12 compiles=190 (108.5s, 1 copies, 1 needed, R6 inline tbl @2990)
    depth 2: 54 kept of the scored, best 9 (R8 hoist tmp0 @4776 + R12 width tmp0 s32->u16 @4747) · 191 compiles
  ov_SC02_017__func_80181294: NO-MATCH start=10 best=9 compiles=191 (149.2s, 1 copies, 1 needed, R8 hoist tmp0 @4776 + R12 width tmp0 s32->u16 @4747)
    depth 1: 23 kept of the scored, best 1 (R12 width w s32->u16 @3895) · 49 compiles
    depth 2: score 0 by R12 width w s32->u16 @3895 + R6 inline r @3935
  ov_SC03_105__func_8017F234: MATCH start=37 best=0 compiles=51 (31.7s, 1 copies, 1 needed, R12 width w s32->u16 @3895 + R6 inline r @3935)
    depth 2: 40 kept of the scored, best 6 (R6 inline d @4054 + R8 temp tmp0 @4050) · 188 compiles
    depth 2: 58 kept of the scored, best 1 (R18 bystander @4107->4103 + R12 width n s32->u16 @4098) · 183 compiles
  ov_SC03_102__func_80180A38: NO-MATCH start=6 best=6 compiles=188 (156.7s, 1 copies, 1 needed)
  ov_SC03_105__func_80183DA0: NO-MATCH start=23 best=1 compiles=183 (116.6s, 1 copies, 2 needed, R18 bystander @4107->4103 + R12 width n s32->u16 @4098)
    depth 2: 65 kept of the scored, best 9 (R7 do-while @3134 + R18 bystander @3143->3141) · 189 compiles
  ov_SC03_108__func_8017D96C: NO-MATCH start=13 best=9 compiles=189 (116.8s, 1 copies, 2 needed, R7 do-while @3134 + R18 bystander @3143->3141)
  ov_SC03_117__func_80181A30: UNSCORED start=None best=None compiles=1 (1.9s, 1 copies, 1 needed)
    depth 1: 27 kept of the scored, best 10 (R7 do-while @3632) · 49 compiles
    depth 1: score 0 by R7 do-while @4334
  ov_SC03_113__func_8017F9FC: MATCH start=4 best=0 compiles=25 (19.6s, 1 copies, 1 needed, R7 do-while @4334)
    depth 1: score 0 by R10 param-alias s0->a0 @3668
    depth 1: 17 kept of the scored, best 21 (R8 temp tmp0 @2810) · 49 compiles
    depth 2: 64 kept of the scored, best 7 (R6 inline ang @3913 + R8 temp tmp0 @3898) · 189 compiles
  ov_SC03_111__func_8017C95C: NO-MATCH start=9 best=7 compiles=189 (119.9s, 1 copies, 1 needed, R6 inline ang @3913)
  ov_SC03_117__func_8017FCF0: MATCH start=11 best=0 compiles=14 (12.8s, 1 copies, 2 needed, R10 param-alias s0->a0 @3668)
    depth 1: score 0 by R12 width cnt s32->u16 @3687
  ov_SC03_105__func_8017EE34: MATCH start=5 best=0 compiles=46 (28.7s, 1 copies, 1 needed, R12 width cnt s32->u16 @3687)
    depth 1: 11 kept of the scored, best 1 (R6 inline idx @4264) · 49 compiles
    depth 1: 33 kept of the scored, best 2 (R8 temp tmp0 @4106) · 49 compiles
    depth 1: 16 kept of the scored, best 3 (R12 width c1 u16->u8 @3581) · 49 compiles
    depth 2: 76 kept of the scored, best 9 (R7 do-while @3542 + R7 do-while @3540) · 185 compiles
  ov_SC03_104__func_8018304C: NO-MATCH start=11 best=9 compiles=185 (144.8s, 1 copies, 1 needed, R7 do-while @3542 + R7 do-while @3540)
    depth 2: 94 kept of the scored, best 4 (R12 width c s16->s32 @3957 + R7 do-while @3996) · 187 compiles
  ov_SC03_090__func_80181970: NO-MATCH start=6 best=4 compiles=187 (198.1s, 1 copies, 1 needed, R12 width c s16->s32 @3957)
    depth 1: 34 kept of the scored, best 3 (R12 width c s32->u16 @3299) · 49 compiles
    depth 2: 77 kept of the scored, best 7 (R6 inline b @7936 + R18 bystander @7934->7931) · 149 compiles
  md_SC07_004__func_801AB78C: NO-MATCH start=9 best=7 compiles=149 (173.5s, 1 copies, 1 needed, R6 inline b @7936)
    depth 1: 30 kept of the scored, best 36 (R6 inline v0 @4048) · 49 compiles
    depth 1: 23 kept of the scored, best 7 (R6 inline ang @5100) · 49 compiles
    depth 1: score 0 by R7 do-while @3262
  ov_SC03_104__func_801829C4: MATCH start=26 best=0 compiles=10 (15.2s, 1 copies, 1 needed, R7 do-while @3262)
    depth 2: 40 kept of the scored, best 4 (R7 block @3252 + R12 width lim s32->u16 @3111) · 185 compiles
  ov_SC03_111__func_8017FB38: NO-MATCH start=42 best=4 compiles=185 (146.7s, 1 copies, 1 needed, R12 width lim s32->u16 @3111)
    depth 2: score 0 by R12 width c s32->u16 @3299 + R12 width t s32->s16 @3300
  ov_SC03_117__func_8017F4C4: MATCH start=8 best=0 compiles=74 (66.2s, 1 copies, 1 needed, R12 width c s32->u16 @3299 + R12 width t s32->s16 @3300)
    depth 1: 18 kept of the scored, best 23 (R7 do-while @3178) · 49 compiles
    depth 1: 35 kept of the scored, best 6 (R12 width v s32->u16 @4462) · 49 compiles
    depth 1: 21 kept of the scored, best 1 (R12 width rv s32->u16 @3101) · 49 compiles
    depth 2: 51 kept of the scored, best 21 (R7 block @2787 + R8 temp tmp0 @2810) · 192 compiles
  ov_SC03_112__func_80181F74: NO-MATCH start=23 best=21 compiles=192 (113.0s, 1 copies, 1 needed, R8 temp tmp0 @2810)
    depth 2: 64 kept of the scored, best 7 (R6 inline ang @4934 + R8 temp tmp0 @4919) · 189 compiles
    depth 1: 20 kept of the scored, best 9 (R18 bystander @3801->3806) · 49 compiles
  ov_SC03_006__func_8017E710: NO-MATCH start=9 best=7 compiles=189 (221.5s, 1 copies, 1 needed, R6 inline ang @4934)
    depth 2: 84 kept of the scored, best 4 (R12 width ang s32->u16 @4590 + R6 inline d2 @4601) · 187 compiles
  ov_SC01_080__func_8017E724: NO-MATCH start=15 best=4 compiles=187 (155.6s, 1 copies, 2 needed, R12 width ang s32->u16 @4590 + R6 inline d2 @4601)
    depth 1: 21 kept of the scored, best 12 (R6 inline t @2833) · 49 compiles
    depth 1: 27 kept of the scored, best 9 (R18 bystander @7877->7873) · 49 compiles
    depth 1: score 0 by R9 swap-stmts @4654
    depth 2: 51 kept of the scored, best 74 (R10 param-copy a0 @3038 + R14 param-width a0 s32->u16 @3028) · 192 compiles
  ov_SC03_029__func_801804A0: NO-MATCH start=74 best=74 compiles=192 (153.5s, 1 copies, 2 needed)
  ov_SC03_121__func_801813E8: MATCH start=3 best=0 compiles=13 (8.2s, 1 copies, 1 needed, R9 swap-stmts @4654)
    depth 1: score 0 by R12 width idA s32->u16 @6767
  ov_SC03_124__func_801816C8: MATCH start=10 best=0 compiles=2 (2.4s, 1 copies, 2 needed, R12 width idA s32->u16 @6767)
    depth 2: 67 kept of the scored, best 6 (R7 do-while @3632 + R7 do-while @3608) · 189 compiles
  ov_SC03_112__func_8017EA24: NO-MATCH start=13 best=6 compiles=189 (135.3s, 1 copies, 2 needed, R7 do-while @3632 + R7 do-while @3608)
    depth 1: score 0 by R9 swap-stmts @4133
  ov_SC01_080__func_8017DCF8: MATCH start=36 best=0 compiles=15 (11.4s, 1 copies, 1 needed, R9 swap-stmts @4133)
    depth 2: 93 kept of the scored, best 2 (R10 param-copy a0 @4094 + R8 temp tmp0 @4108) · 191 compiles
  ov_SC03_117__func_8017E498: NO-MATCH start=13 best=2 compiles=191 (122.8s, 1 copies, 1 needed, R8 temp tmp0 @4106)
    depth 1: 30 kept of the scored, best 12 (R12 width t s32->s16 @4529) · 49 compiles
    depth 1: score 0 by R12 width n s32->u8 @3866
  ov_SC01_080__func_8017D72C: MATCH start=3 best=0 compiles=15 (9.4s, 1 copies, 1 needed, R12 width n s32->u8 @3866)
    depth 2: 43 kept of the scored, best 3 (R12 width c1 u16->u8 @3581 + R4 decl-move c1 3->0) · 187 compiles
  ov_SC03_105__func_80183174: NO-MATCH start=3 best=3 compiles=187 (129.0s, 1 copies, 1 needed)
    depth 1: 23 kept of the scored, best 5 (R8 temp tmp0 @4561) · 49 compiles
    depth 1: score 0 by R10 param-copy param_1 @5628
  ov_SC04_003__func_801812C4: MATCH start=15 best=0 compiles=9 (7.9s, 1 copies, 1 needed, R10 param-copy param_1 @5628)
    depth 1: score 0 by R7 do-while @5016
  ov_SC04_002__func_8017FFF0: MATCH start=5 best=0 compiles=18 (17.0s, 1 copies, 1 needed, R7 do-while @5016)
    depth 2: 28 kept of the scored, best 1 (R6 inline idx @4264 + R7 block @4275) · 188 compiles
    depth 1: 27 kept of the scored, best 2 (R6 inline s2 @3565) · 49 compiles
    depth 1: 28 kept of the scored, best 9 (R6 inline s2 @6587) · 49 compiles
  ov_SC02_017__func_801807DC: NO-MATCH start=1 best=1 compiles=188 (153.0s, 1 copies, 1 needed)
    depth 2: 64 kept of the scored, best 7 (R6 inline ang @5100 + R8 temp tmp0 @5085) · 189 compiles
  ov_SC03_118__func_8017EA24: NO-MATCH start=9 best=7 compiles=189 (131.8s, 1 copies, 1 needed, R6 inline ang @5100)
    depth 1: 34 kept of the scored, best 11 (R18 bystander @4415->4413) · 49 compiles
    depth 1: score 0 by R10 param-copy a0 @3834
  ov_SC02_017__func_8017FE78: MATCH start=16 best=0 compiles=9 (8.0s, 1 copies, 1 needed, R10 param-copy a0 @3834)
    depth 2: 91 kept of the scored, best 36 (R6 inline v0 @4048 + R6 inline v1 @4051) · 188 compiles
  ov_SC03_113__func_8017F394: NO-MATCH start=37 best=36 compiles=188 (143.6s, 1 copies, 1 needed, R6 inline v0 @4048)
    depth 1: score 0 by R7 do-while @7372
    depth 2: 51 kept of the scored, best 20 (R7 do-while @3178 + R7 do-while @3172) · 189 compiles
  ov_SC04_005__func_80183228: MATCH start=6 best=0 compiles=11 (10.3s, 1 copies, 1 needed, R7 do-while @7372)
  ov_SC03_105__func_8017E180: NO-MATCH start=28 best=20 compiles=189 (132.4s, 1 copies, 1 needed, R7 do-while @3178 + R7 do-while @3172)
    depth 2: 83 kept of the scored, best 5 (R12 width c s32->u16 @4463 + R9 swap-stmts @4479) · 182 compiles
  ov_SC03_118__func_8018302C: NO-MATCH start=10 best=5 compiles=182 (87.2s, 1 copies, 1 needed, R12 width c s32->u16 @4463 + R9 swap-stmts @4479)
    depth 1: score 0 by R7 do-while @7952
  ov_SC04_004__func_801832A8: MATCH start=12 best=0 compiles=21 (16.8s, 1 copies, 1 needed, R7 do-while @7952)
    depth 1: 7 kept of the scored, best 9 (R18 bystander @4113->4111) · 10 compiles
    depth 1: 18 kept of the scored, best 16 (R12 width state u16->s32 @5378) · 49 compiles
    depth 2: 45 kept of the scored, best 1 (R12 width rv s32->u16 @3101 + R4 decl-move rv 5->0) · 181 compiles
  ov_SC03_104__func_8018271C: NO-MATCH start=3 best=1 compiles=181 (96.2s, 1 copies, 2 needed, R12 width rv s32->u16 @3101)
    depth 2: 53 kept of the scored, best 9 (R18 bystander @3801->3806 + R9 swap-stmts @3797) · 191 compiles
  ov_SC03_118__func_80184F18: NO-MATCH start=35 best=9 compiles=191 (93.1s, 1 copies, 1 needed, R18 bystander @3801->3806)
    depth 1: score 0 by R12 width ret u16->s32 @3083
  ov_SC04_010__func_8017D5DC: MATCH start=4 best=0 compiles=2 (3.3s, 1 copies, 1 needed, R12 width ret u16->s32 @3083)
    depth 2: 11 kept of the scored, best 9 (R18 bystander @4113->4111 + R18 bystander @4113->4111) · 29 compiles
  ov_SC03_118__func_8018291C: NO-MATCH start=9 best=9 compiles=29 (20.3s, 1 copies, 1 needed)
    depth 1: score 0 by R9 swap-stmts @16572
    depth 2: 61 kept of the scored, best 9 (R6 inline t @2833 + R12 width t s32->u16 @2752) · 190 compiles
  ov_SC03_117__func_8017E6EC: NO-MATCH start=17 best=9 compiles=190 (100.0s, 1 copies, 1 needed, R6 inline t @2833 + R12 width t s32->u16 @2752)
  ov_SC04_011__func_8018FD38: MATCH start=6 best=0 compiles=3 (7.1s, 1 copies, 1 needed, R9 swap-stmts @16572)
    depth 1: 23 kept of the scored, best 7 (R6 inline ang @3588) · 49 compiles
    depth 1: 28 kept of the scored, best 34 (R6 inline sym @2830) · 49 compiles
    depth 1: 24 kept of the scored, best 13 (R18 bystander @3554->3548) · 49 compiles
    depth 1: score 0 by R10 param-alias s0->a0 @16438
    depth 1: 21 kept of the scored, best 11 (R12 width s0 s32->u16 @7873) · 49 compiles
    depth 1: 21 kept of the scored, best 11 (R12 width s0 s32->u16 @6718) · 49 compiles
  ov_SC04_011__func_8018F9C0: MATCH start=9 best=0 compiles=14 (38.5s, 1 copies, 1 needed, R10 param-alias s0->a0 @16438)
    depth 2: 98 kept of the scored, best 10 (R12 width t s32->s16 @4529 + R9 swap-stmts @4547) · 184 compiles
  ov_SC03_118__func_80188DE4: NO-MATCH start=17 best=10 compiles=184 (121.5s, 1 copies, 2 needed, R12 width t s32->s16 @4529 + R9 swap-stmts @4547)
  ov_SC04_011__func_8018F734: UNSCORED start=None best=None compiles=1 (1.5s, 1 copies, 1 needed)
    depth 1: 31 kept of the scored, best 29 (R12 width obj s32->u16 @3783) · 49 compiles
    depth 1: 17 kept of the scored, best 14 (R16 const-holder a3=0x20 x1) · 49 compiles
    depth 1: score 0 by R7 do-while @4304
  ov_SC03_118__func_80188694: MATCH start=3 best=0 compiles=24 (10.6s, 1 copies, 1 needed, R7 do-while @4304)
    depth 2: 40 kept of the scored, best 10 (R18 bystander @4415->4413 + R6 inline v0 @4413) · 186 compiles
  ov_SC03_124__func_8018A3C8: NO-MATCH start=23 best=10 compiles=186 (111.8s, 1 copies, 1 needed, R18 bystander @4415->4413 + R6 inline v0 @4413)
    depth 1: 17 kept of the scored, best 56 (R12 width p s32->u16 @5335) · 49 compiles
    depth 2: 63 kept of the scored, best 5 (R8 temp tmp0 @4561 + R6 inline tmp0 @4562) · 190 compiles
  ov_SC03_121__func_80181218: NO-MATCH start=5 best=5 compiles=190 (124.0s, 1 copies, 1 needed)
    depth 2: 61 kept of the scored, best 9 (R18 bystander @7877->7875 + R7 do-while @7874) · 179 compiles
  md_SC07_004__func_801AB694: NO-MATCH start=15 best=9 compiles=179 (168.9s, 1 copies, 1 needed, R18 bystander @7877->7873)
    depth 2: 69 kept of the scored, best 2 (R6 inline s2 @3565 + R12 width a s32->u16 @3560) · 184 compiles
  ov_SC03_112__func_8017E9A0: NO-MATCH start=6 best=2 compiles=184 (127.8s, 1 copies, 1 needed, R6 inline s2 @3565)
    depth 2: 51 kept of the scored, best 9 (R6 inline s2 @6587 + R8 base-shared tmp0 @6575) · 183 compiles
  ov_SC03_124__func_8018130C: NO-MATCH start=29 best=9 compiles=183 (132.6s, 1 copies, 1 needed, R6 inline s2 @6587)
    depth 1: 26 kept of the scored, best 2 (R6 inline ay @3973) · 49 compiles
    depth 1: 16 kept of the scored, best 7 (R7 block @4469) · 49 compiles
    depth 1: 24 kept of the scored, best 7 (R7 block @7171) · 49 compiles
    depth 1: 34 kept of the scored, best 9 (R12 width v1_sign s32->u16 @14011) · 49 compiles
    depth 1: 31 kept of the scored, best 3 (R8 cse tmp0 @3716) · 49 compiles
    depth 2: 55 kept of the scored, best 16 (R12 width state u16->s32 @5378 + R8 temp tmp0 @5406) · 187 compiles
  ov_SC04_003__func_80180D50: NO-MATCH start=16 best=16 compiles=187 (137.1s, 1 copies, 2 needed)
    depth 1: 27 kept of the scored, best 2 (R12 width t s32->u16 @6446) · 49 compiles
    depth 1: 29 kept of the scored, best 10 (R7 do-while @7832) · 49 compiles
    depth 2: 74 kept of the scored, best 34 (R6 inline sym @2830 + R5 swap + @2849) · 188 compiles
  ov_SC03_105__func_8017D994: NO-MATCH start=53 best=34 compiles=188 (126.2s, 1 copies, 2 needed, R6 inline sym @2830)
    depth 2: 105 kept of the scored, best 3 (R12 width obj s32->u16 @3783 + R12 width self s32->u16 @3784) · 184 compiles
  ov_SC03_118__func_8018226C: NO-MATCH start=29 best=3 compiles=184 (111.9s, 1 copies, 1 needed, R12 width obj s32->u16 @3783 + R12 width self s32->u16 @3784)
    depth 1: 23 kept of the scored, best 9 (R7 do-while @3366) · 45 compiles
    depth 2: 64 kept of the scored, best 7 (R6 inline ang @3588 + R8 temp tmp0 @3573) · 189 compiles
  ov_SC03_113__func_8017E878: NO-MATCH start=9 best=7 compiles=189 (142.1s, 1 copies, 1 needed, R6 inline ang @3588)
    depth 2: 65 kept of the scored, best 13 (R18 bystander @3554->3548 + R7 block @3585) · 184 compiles
  ov_SC02_017__func_8017F768: NO-MATCH start=13 best=13 compiles=184 (148.2s, 1 copies, 2 needed)
    depth 1: score 0 by R7 do-while @3316
  ov_SC04_018__func_80186570: MATCH start=2 best=0 compiles=37 (20.1s, 1 copies, 1 needed, R7 do-while @3316)
    depth 1: 39 kept of the scored, best 5 (R18 bystander @3748->3746) · 49 compiles
    depth 2: 42 kept of the scored, best 56 (R12 width p s32->u16 @5335 + R8 hoist tmp0 @5355) · 184 compiles
    depth 2: 80 kept of the scored, best 7 (R12 width s0 s32->u16 @7873 + R6 inline v0 @7895) · 192 compiles
  ov_SC04_004__func_80183130: NO-MATCH start=14 best=7 compiles=192 (153.4s, 1 copies, 2 needed, R12 width s0 s32->u16 @7873 + R6 inline v0 @7895)
  ov_SC04_015__func_8017F0EC: NO-MATCH start=56 best=56 compiles=184 (132.4s, 1 copies, 1 needed)
    depth 1: 16 kept of the scored, best 9 (R8 hoist tmp0 @4487) · 29 compiles
    depth 2: 53 kept of the scored, best 14 (R7 block @7716 + R6 inline v0 @7720) · 188 compiles
  ov_SC04_007__func_80183E80: NO-MATCH start=14 best=14 compiles=188 (155.5s, 1 copies, 2 needed)
    depth 1: 18 kept of the scored, best 14 (R7 block @3285) · 49 compiles
    depth 1: score 0 by R7 do-while @5525
    depth 2: 80 kept of the scored, best 7 (R12 width s0 s32->u16 @6718 + R6 inline v0 @6740) · 192 compiles
  ov_SC04_018__func_8018C278: MATCH start=2 best=0 compiles=44 (35.3s, 1 copies, 1 needed, R7 do-while @5525)
  ov_SC04_005__func_80182424: NO-MATCH start=14 best=7 compiles=192 (179.7s, 1 copies, 2 needed, R12 width s0 s32->u16 @6718 + R6 inline v0 @6740)
    depth 2: 75 kept of the scored, best 2 (R6 inline ay @3973 + R7 block @3965) · 191 compiles
  ov_SC04_016__func_8017E960: NO-MATCH start=4 best=2 compiles=191 (112.6s, 1 copies, 1 needed, R6 inline ay @3973)
    depth 1: score 0 by R10 param-copy a0 @5082
  ov_SC04_007__func_8017FDB0: MATCH start=21 best=0 compiles=7 (21.6s, 1 copies, 1 needed, R10 param-copy a0 @5082)
    depth 1: score 0 by R10 param-copy arg0 @4786
    depth 2: score 0 by R8 hoist tmp0 @4487 + R12 width tmp0 s32->u16 @4486
  ov_SC04_018__func_8018B19C: MATCH start=12 best=0 compiles=8 (11.9s, 1 copies, 1 needed, R10 param-copy arg0 @4786)
    depth 2: 37 kept of the scored, best 7 (R7 block @4469 + R4 decl-move f 5->0) · 182 compiles
  ov_SC03_121__func_80180E64: NO-MATCH start=7 best=7 compiles=182 (115.2s, 1 copies, 2 needed)
  ov_SC04_020__func_8018087C: MATCH start=9 best=0 compiles=47 (46.9s, 1 copies, 1 needed, R8 hoist tmp0 @4487 + R12 width tmp0 s32->u16 @4486)
    depth 1: score 0 by R7 do-while @5638
  ov_SC04_005__func_80180780: MATCH start=4 best=0 compiles=9 (16.5s, 1 copies, 1 needed, R7 do-while @5638)
    depth 1: score 0 by R10 param-alias a1->a0 @6710
    depth 2: 85 kept of the scored, best 2 (R8 cse tmp0 @3716 + R6 inline v1 @3718) · 193 compiles
  ov_SC05_001__func_80182258: MATCH start=4 best=0 compiles=4 (5.1s, 1 copies, 1 needed, R10 param-alias a1->a0 @6710)
  ov_SC04_018__func_80184B70: NO-MATCH start=3 best=2 compiles=193 (113.1s, 1 copies, 1 needed, R8 cse tmp0 @3716 + R6 inline v1 @3718)
    depth 2: 66 kept of the scored, best 9 (R7 do-while @3366 + R12 width tag u16->s32 @3352) · 165 compiles
  ov_SC04_018__func_801862A8: NO-MATCH start=11 best=9 compiles=165 (85.9s, 1 copies, 1 needed, R7 do-while @3366)
    depth 1: score 0 by R7 do-while @5004
  ov_SC04_004__func_8017F07C: MATCH start=12 best=0 compiles=31 (46.1s, 1 copies, 1 needed, R7 do-while @5004)
    depth 1: 26 kept of the scored, best 23 (R6 inline v0 @5271) · 49 compiles
    depth 1: score 0 by R7 do-while @4191
  ov_SC05_002__func_8017F868: MATCH start=4 best=0 compiles=25 (14.2s, 1 copies, 1 needed, R7 do-while @4191)
    depth 1: 24 kept of the scored, best 6 (R8 hoist tmp0 @3207) · 49 compiles
    depth 2: 63 kept of the scored, best 7 (R7 block @7171 + R10 param-copy a0 @7165) · 185 compiles
  ov_SC04_018__func_801821D4: NO-MATCH start=7 best=7 compiles=185 (144.5s, 1 copies, 1 needed)
    depth 1: 31 kept of the scored, best 41 (R12 width i s32->s16 @4251) · 49 compiles
    depth 1: 34 kept of the scored, best 11 (R12 width v0 s32->u16 @3978) · 49 compiles
    depth 2: 73 kept of the scored, best 2 (R12 width t s32->u16 @6446 + R16 const-holder zv=0 x1) · 184 compiles
  ov_SC03_124__func_8018107C: NO-MATCH start=3 best=2 compiles=184 (135.4s, 1 copies, 1 needed, R12 width t s32->u16 @6446)
    depth 1: 15 kept of the scored, best 23 (R7 block @3367) · 49 compiles
    depth 1: score 0 by R10 param-alias self->a0 @5285
  ov_SC05_005__func_801822E8: MATCH start=12 best=0 compiles=7 (6.1s, 1 copies, 1 needed, R10 param-alias self->a0 @5285)
    depth 1: 23 kept of the scored, best 7 (R6 inline ang @3775) · 49 compiles
    depth 1: 26 kept of the scored, best 4 (R7 do-while @4833) · 49 compiles
    depth 1: 22 kept of the scored, best 14 (R5 swap + @4878) · 49 compiles
    depth 1: 21 kept of the scored, best 9 (R12 width n s32->u16 @5879) · 49 compiles
    depth 1: 30 kept of the scored, best 36 (R6 inline v0 @3904) · 49 compiles
    depth 2: 79 kept of the scored, best 5 (R18 bystander @3748->3746 + R12 width b u16->s32 @3737) · 182 compiles
  ov_SC03_118__func_8018219C: NO-MATCH start=24 best=5 compiles=182 (115.3s, 1 copies, 1 needed, R18 bystander @3748->3746)
    depth 1: 19 kept of the scored, best 1 (R12 width var_s4 u32->u16 @6360) · 49 compiles
    depth 1: 21 kept of the scored, best 9 (R12 width n s32->u16 @5102) · 49 compiles
    depth 2: 68 kept of the scored, best 10 (R7 do-while @7832 + R8 temp tmp0 @7838) · 184 compiles
  md_SC07_004__func_801AB5D4: NO-MATCH start=16 best=10 compiles=184 (174.1s, 1 copies, 1 needed, R7 do-while @7832)
    depth 2: 93 kept of the scored, best 3 (R12 width v1_sign s32->u16 @14011 + R7 do-while @14039) · 185 compiles
  ov_SC04_011__func_8018CCB8: NO-MATCH start=17 best=3 compiles=185 (191.4s, 1 copies, 1 needed, R12 width v1_sign s32->u16 @14011 + R7 do-while @14039)
    depth 1: 13 kept of the scored, best 4 (R12 width lim s32->u16 @3133) · 49 compiles
    depth 2: 48 kept of the scored, best 14 (R7 block @3285 + R6 inline fire @3352) · 188 compiles
  ov_SC03_113__func_8017E178: NO-MATCH start=14 best=14 compiles=188 (142.9s, 1 copies, 2 needed)
    depth 2: 65 kept of the scored, best 5 (R8 hoist tmp0 @3207 + R9 swap-stmts @3207) · 188 compiles
  ov_SC04_016__func_8017D924: NO-MATCH start=7 best=5 compiles=188 (112.6s, 1 copies, 1 needed, R8 hoist tmp0 @3207 + R9 swap-stmts @3207)
    depth 2: 38 kept of the scored, best 23 (R7 block @3367 + R10 param-copy param_1 @3282) · 190 compiles
  ov_SC05_001__func_80183C9C: NO-MATCH start=23 best=23 compiles=190 (107.1s, 1 copies, 1 needed)
    depth 2: 73 kept of the scored, best 4 (R12 width v0 s32->u16 @3978 + R8 temp tmp0 @4052) · 189 compiles
  ov_SC03_121__func_80180254: NO-MATCH start=35 best=4 compiles=189 (116.3s, 1 copies, 1 needed, R12 width v0 s32->u16 @3978 + R8 temp tmp0 @4052)
    depth 1: 27 kept of the scored, best 2 (R6 inline t5 @4329) · 49 compiles
    depth 2: 83 kept of the scored, best 38 (R12 width i s32->s16 @4251 + R12 width type2 s32->u16 @4247) · 190 compiles
  ov_SC04_018__func_8018A2E0: NO-MATCH start=51 best=38 compiles=190 (117.9s, 1 copies, 2 needed, R12 width i s32->s16 @4251 + R12 width type2 s32->u16 @4247)
    depth 1: score 0 by R6 inline v0 @3485
  ov_SC03_121__func_8017F6D8: MATCH start=14 best=0 compiles=3 (2.7s, 1 copies, 1 needed, R6 inline v0 @3485)
    depth 2: 64 kept of the scored, best 7 (R6 inline ang @3775 + R8 temp tmp0 @3760) · 189 compiles
  ov_SC05_004__func_8017DB00: NO-MATCH start=9 best=7 compiles=189 (110.0s, 1 copies, 1 needed, R6 inline ang @3775)
    depth 2: 80 kept of the scored, best 23 (R6 inline v0 @5271 + R9 swap-stmts @5219) · 192 compiles
    depth 1: 35 kept of the scored, best 7 (R6 inline v @7801) · 49 compiles
  ov_SC04_015__func_8017EE80: NO-MATCH start=23 best=23 compiles=192 (159.9s, 1 copies, 1 needed)
    depth 1: 34 kept of the scored, best 9 (R12 width v1_sign s32->u16 @13962) · 49 compiles
    depth 1: score 0 by R7 do-while @4165
    depth 1: 18 kept of the scored, best 9 (R7 do-while @4693) · 25 compiles
  ov_SC04_018__func_8018A224: MATCH start=11 best=0 compiles=27 (19.8s, 1 copies, 2 needed, R7 do-while @4165)
    depth 1: 27 kept of the scored, best 2 (R6 inline t5 @3519) · 49 compiles
    depth 2: 91 kept of the scored, best 36 (R6 inline v0 @3904 + R6 inline v1 @3907) · 188 compiles
  ov_SC05_002__func_8017F200: NO-MATCH start=37 best=36 compiles=188 (118.8s, 1 copies, 1 needed, R6 inline v0 @3904)
    depth 2: 63 kept of the scored, best 9 (R12 width n s32->u16 @5879 + R12 width arg s32->u16 @5881) · 185 compiles
  ov_SC05_003__func_80181CDC: NO-MATCH start=12 best=9 compiles=185 (130.9s, 1 copies, 2 needed, R12 width n s32->u16 @5879)
    depth 1: 19 kept of the scored, best 6 (R12 width t s32->u8 @6829) · 49 compiles
    depth 1: score 0 by R7 do-while @5073
  ov_SC04_015__func_8017EB78: MATCH start=2 best=0 compiles=25 (18.8s, 1 copies, 1 needed, R7 do-while @5073)
    depth 2: 64 kept of the scored, best 14 (R5 swap + @4878 + R5 swap + @4881) · 187 compiles
  ov_SC05_001__func_8017F964: NO-MATCH start=14 best=14 compiles=187 (137.2s, 1 copies, 2 needed)
    depth 1: 17 kept of the scored, best 12 (R6 inline v0 @3153) · 49 compiles
    depth 2: 73 kept of the scored, best 4 (R7 do-while @4833 + R18 bystander @4871->4873) · 187 compiles
  ov_SC04_007__func_8017F86C: NO-MATCH start=4 best=4 compiles=187 (150.7s, 1 copies, 1 needed)
    depth 2: 63 kept of the scored, best 9 (R12 width n s32->u16 @5102 + R12 width arg s32->u16 @5104) · 185 compiles
  ov_SC05_005__func_80181DE4: NO-MATCH start=12 best=9 compiles=185 (118.1s, 1 copies, 2 needed, R12 width n s32->u16 @5102)
    depth 1: 14 kept of the scored, best 2 (R12 width a0 s32->u16 @4760) · 19 compiles
    depth 2: 62 kept of the scored, best 1 (R12 width var_s4 u32->u16 @6360 + R3 init-split arg0) · 184 compiles
  ov_SC03_124__func_80180E40: NO-MATCH start=4 best=1 compiles=184 (128.7s, 1 copies, 2 needed, R12 width var_s4 u32->u16 @6360)
    depth 1: 29 kept of the scored, best 13 (R12 width d s32->u16 @4093) · 42 compiles
    depth 1: 17 kept of the scored, best 10 (R18 bystander @3346->3348) · 49 compiles
    depth 2: 40 kept of the scored, best 4 (R7 block @3274 + R12 width lim s32->u16 @3133) · 185 compiles
  ov_SC03_118__func_80180A64: NO-MATCH start=42 best=4 compiles=185 (110.2s, 1 copies, 1 needed, R12 width lim s32->u16 @3133)
    depth 2: 38 kept of the scored, best 9 (R7 do-while @4693 + R7 do-while @4698) · 79 compiles
  ov_SC05_010__func_80180AA0: NO-MATCH start=10 best=9 compiles=79 (46.7s, 1 copies, 1 needed, R7 do-while @4693)
    depth 1: 13 kept of the scored, best 4 (R7 do-while @4423) · 24 compiles
    depth 1: 24 kept of the scored, best 5 (R7 block @5422) · 45 compiles
    depth 1: score 0 by R10 param-alias s0->a0 @4867
  ov_SC05_010__func_801878E8: MATCH start=9 best=0 compiles=14 (30.6s, 1 copies, 1 needed, R10 param-alias s0->a0 @4867)
    depth 1: 30 kept of the scored, best 6 (R7 do-while @4931) · 49 compiles
    depth 1: 24 kept of the scored, best 5 (R7 block @4638) · 45 compiles
    depth 1: score 0 by R7 do-while @3793
  ov_SC05_010__func_8017EFC8: MATCH start=14 best=0 compiles=27 (36.5s, 1 copies, 1 needed, R7 do-while @3793)
    depth 1: score 0 by R7 do-while @6315
    depth 2: 29 kept of the scored, best 2 (R12 width a0 s32->u16 @4760 + R7 do-while @4764) · 62 compiles
  ov_SC03_124__func_80180D48: MATCH start=2 best=0 compiles=41 (44.9s, 1 copies, 1 needed, R7 do-while @6315)
  ov_SC05_001__func_8017F6C4: NO-MATCH start=3 best=2 compiles=62 (61.9s, 1 copies, 1 needed, R12 width a0 s32->u16 @4760)
  ov_SC03_124__func_8018009C: UNSCORED start=None best=None compiles=1 (0.9s, 1 copies, 1 needed)
    depth 1: score 0 by R6 inline p2 @4769
  ov_SC05_017__func_8017EE10: MATCH start=6 best=0 compiles=2 (2.1s, 1 copies, 1 needed, R6 inline p2 @4769)
    depth 2: 73 kept of the scored, best 2 (R6 inline t5 @4329 + R8 temp tmp0 @4329) · 189 compiles
  ov_SC05_006__func_8017EE0C: NO-MATCH start=2 best=2 compiles=189 (119.5s, 1 copies, 1 needed)
    depth 1: score 0 by R18 bystander @2989->2987
  ov_SC05_017__func_80185A70: MATCH start=28 best=0 compiles=19 (5.1s, 1 copies, 1 needed, R18 bystander @2989->2987)
    depth 1: 19 kept of the scored, best 12 (R9 swap-stmts @3136) · 49 compiles
    depth 1: score 0 by R7 do-while @3183
  ov_SC05_017__func_8018305C: MATCH start=2 best=0 compiles=28 (13.0s, 1 copies, 1 needed, R7 do-while @3183)
    depth 2: 26 kept of the scored, best 4 (R7 do-while @4423 + R7 block @4421) · 74 compiles
  ov_SC04_007__func_8017F080: NO-MATCH start=6 best=4 compiles=74 (72.4s, 1 copies, 2 needed, R7 do-while @4423)
    depth 2: 73 kept of the scored, best 2 (R6 inline t5 @3519 + R8 temp tmp0 @3519) · 189 compiles
  ov_SC05_009__func_8017DF5C: NO-MATCH start=2 best=2 compiles=189 (112.2s, 1 copies, 1 needed)
    depth 1: score 0 by R12 width idx s32->u16 @9341
  ov_SC06_000__func_80185520: MATCH start=6 best=0 compiles=2 (5.2s, 1 copies, 1 needed, R12 width idx s32->u16 @9341)
    depth 1: score 0 by R6 inline val @3335
  ov_SC05_009__func_8017DCB0: MATCH start=10 best=0 compiles=4 (4.9s, 1 copies, 1 needed, R6 inline val @3335)
    depth 1: 28 kept of the scored, best 34 (R6 inline sym @3205) · 49 compiles
    depth 1: 20 kept of the scored, best 2 (R6 inline node @5205) · 49 compiles
    depth 2: 45 kept of the scored, best 8 (R6 inline v0 @3153 + R7 do-while @3153) · 189 compiles
    depth 1: score 0 by R7 do-while @5490
  ov_SC03_121__func_8017E880: NO-MATCH start=12 best=8 compiles=189 (121.8s, 1 copies, 1 needed, R6 inline v0 @3153 + R7 do-while @3153)
  ov_SC05_017__func_8018BF78: MATCH start=2 best=0 compiles=45 (27.6s, 1 copies, 1 needed, R7 do-while @5490)
    depth 2: 78 kept of the scored, best 13 (R12 width d s32->u16 @4093 + R7 block @4102) · 164 compiles
  ov_SC04_018__func_8018A168: NO-MATCH start=15 best=13 compiles=164 (104.9s, 1 copies, 2 needed, R12 width d s32->u16 @4093)
    depth 2: 60 kept of the scored, best 4 (R9 swap-stmts @6848 + R7 do-while @6849) · 187 compiles
  ov_SC05_008__func_80182560: NO-MATCH start=8 best=4 compiles=187 (138.0s, 1 copies, 1 needed, R9 swap-stmts @6848 + R7 do-while @6849)
    depth 2: 45 kept of the scored, best 10 (R18 bystander @3346->3348 + R7 block @3349) · 188 compiles
  ov_SC05_010__func_80183098: NO-MATCH start=10 best=10 compiles=188 (107.6s, 1 copies, 1 needed)
    depth 1: 39 kept of the scored, best 4 (R7 do-while @2765) · 49 compiles
    depth 1: score 0 by R10 param-alias s0->a0 @5247
  ov_SC06_006__func_801811D4: MATCH start=9 best=0 compiles=14 (6.9s, 1 copies, 1 needed, R10 param-alias s0->a0 @5247)
    depth 1: score 0 by R9 swap-stmts @5174
  ov_SC05_008__func_8017FE64: MATCH start=10 best=0 compiles=5 (5.0s, 1 copies, 1 needed, R9 swap-stmts @5174)
    depth 1: 32 kept of the scored, best 4 (R9 swap-stmts @5094) · 49 compiles
    depth 2: 81 kept of the scored, best 6 (R12 width c s32->u16 @7778 + R9 swap-stmts @7801) · 185 compiles
  md_SC07_004__func_801AB54C: NO-MATCH start=11 best=6 compiles=185 (192.3s, 1 copies, 1 needed, R12 width c s32->u16 @7778 + R9 swap-stmts @7801)
    depth 1: score 0 by R18 bystander @7069->7072
  md_SC07_004__func_801AA60C: MATCH start=5 best=0 compiles=2 (5.1s, 1 copies, 1 needed, R18 bystander @7069->7072)
    depth 2: 64 kept of the scored, best 5 (R7 block @5422 + R7 block @5426) · 169 compiles
  ov_SC05_003__func_801812AC: NO-MATCH start=5 best=5 compiles=169 (126.4s, 1 copies, 1 needed)
    depth 2: 64 kept of the scored, best 5 (R7 block @4638 + R7 block @4642) · 169 compiles
  ov_SC05_005__func_801813B4: NO-MATCH start=5 best=5 compiles=169 (114.9s, 1 copies, 1 needed)
    depth 1: 27 kept of the scored, best 19 (R9 swap-stmts @9273) · 49 compiles
    depth 1: 29 kept of the scored, best 1 (R12 width h s32->u16 @3953) · 49 compiles
    depth 2: 88 kept of the scored, best 3 (R12 width v1_sign s32->u16 @13962 + R7 do-while @13987) · 183 compiles
  ov_SC04_011__func_8018CC24: NO-MATCH start=17 best=3 compiles=183 (207.8s, 1 copies, 1 needed, R12 width v1_sign s32->u16 @13962 + R7 do-while @13987)
    depth 1: score 0 by R7 do-while @4370
    depth 2: score 0 by R7 do-while @5204 + R7 do-while @5196
  ov_SC05_008__func_8017E6A4: MATCH start=20 best=0 compiles=30 (23.7s, 1 copies, 1 needed, R7 do-while @4370)
  ov_SC03_124__func_8017F63C: MATCH start=2 best=0 compiles=108 (70.3s, 1 copies, 2 needed, R7 do-while @5204 + R7 do-while @5196)
    depth 1: 20 kept of the scored, best 2 (R8 temp tmp0 @4930) · 49 compiles
    depth 1: 13 kept of the scored, best 11 (R8 temp tmp0 @6515) · 49 compiles
    depth 1: score 0 by R7 do-while @4022
    depth 1: score 0 by R7 do-while @9540
  ov_SC06_011__func_8017E9F4: MATCH start=20 best=0 compiles=29 (38.8s, 1 copies, 1 needed, R7 do-while @4022)
    depth 2: 76 kept of the scored, best 6 (R7 do-while @4931 + R9 swap-stmts @4929) · 189 compiles
  ov_SC06_010__func_801858F4: MATCH start=1 best=0 compiles=40 (59.8s, 1 copies, 1 needed, R7 do-while @9540)
  ov_SC04_015__func_8017E830: NO-MATCH start=18 best=6 compiles=189 (164.2s, 1 copies, 1 needed, R7 do-while @4931)
    depth 1: score 0 by R6 inline val @13925
  ov_SC04_011__func_8018CB68: MATCH start=11 best=0 compiles=15 (40.9s, 1 copies, 2 needed, R6 inline val @13925)
    depth 1: score 0 by R7 do-while @3140
  ov_SC06_013__func_8017D700: MATCH start=13 best=0 compiles=12 (8.2s, 1 copies, 1 needed, R7 do-while @3140)
    depth 2: 51 kept of the scored, best 12 (R9 swap-stmts @3136 + R9 swap-stmts @3146) · 184 compiles
  ov_SC05_010__func_80184E4C: NO-MATCH start=12 best=12 compiles=184 (124.8s, 1 copies, 1 needed)
    depth 1: 20 kept of the scored, best 3 (R6 inline p @4800) · 28 compiles
    depth 1: score 0 by R6 inline val @13837
  ov_SC06_016__func_80180E24: UNSCORED start=None best=None compiles=1 (7.8s, 1 copies, 1 needed)
  ov_SC04_011__func_8018CA04: MATCH start=11 best=0 compiles=5 (17.0s, 1 copies, 2 needed, R6 inline val @13837)
    depth 1: 24 kept of the scored, best 4 (R9 swap-stmts @4175) · 49 compiles
    depth 1: score 0 by R12 width flag s32->s16 @6376
  md_SC07_004__func_801A94A0: MATCH start=4 best=0 compiles=45 (72.8s, 1 copies, 1 needed, R12 width flag s32->s16 @6376)
    depth 2: 56 kept of the scored, best 4 (R7 do-while @2765 + R7 do-while @2766) · 147 compiles
  ov_SC06_006__func_8017CE7C: NO-MATCH start=10 best=4 compiles=147 (105.8s, 1 copies, 1 needed, R7 do-while @2765)
    depth 2: 74 kept of the scored, best 34 (R6 inline sym @3205 + R5 swap + @3224) · 188 compiles
  ov_SC05_010__func_8017E1D4: NO-MATCH start=53 best=34 compiles=188 (137.2s, 1 copies, 2 needed, R6 inline sym @3205)
    depth 1: score 0 by R7 do-while @4645
  ov_SC06_016__func_80184BFC: UNSCORED start=None best=None compiles=1 (0.5s, 1 copies, 1 needed)
  ov_SC06_014__func_8017FC94: MATCH start=11 best=0 compiles=32 (27.6s, 1 copies, 1 needed, R7 do-while @4645)
    depth 1: 30 kept of the scored, best 4 (R9 swap-stmts @3547) · 49 compiles
    depth 1: score 0 by R7 do-while @4078
  ov_SC06_016__func_80182E64: MATCH start=11 best=0 compiles=23 (8.9s, 1 copies, 1 needed, R7 do-while @4078)
    depth 1: score 0 by R10 param-alias s0->arg0 @3344
  ov_SC06_016__func_80181FB0: MATCH start=3 best=0 compiles=5 (2.4s, 1 copies, 1 needed, R10 param-alias s0->arg0 @3344)
    depth 1: 16 kept of the scored, best 13 (R6 inline v0 @4737) · 49 compiles
    depth 1: 29 kept of the scored, best 5 (R18 bystander @4097->4094) · 41 compiles
    depth 1: score 0 by R10 param-alias s0->arg0 @3281
  ov_SC06_016__func_80181E90: MATCH start=5 best=0 compiles=8 (4.4s, 1 copies, 1 needed, R10 param-alias s0->arg0 @3281)
    depth 1: score 0 by R7 do-while @3178
    depth 1: 8 kept of the scored, best 98 (R4 decl-move p 0->1) · 49 compiles
  ov_SC06_016__func_80181C78: MATCH start=3 best=0 compiles=6 (2.6s, 1 copies, 1 needed, R7 do-while @3178)
    depth 1: 23 kept of the scored, best 5 (R18 bystander @3917->3911) · 49 compiles
    depth 2: 60 kept of the scored, best 1 (R12 width h s32->u16 @3953 + R4 decl-move h 5->0) · 181 compiles
  ov_SC05_017__func_80189F24: NO-MATCH start=11 best=1 compiles=181 (129.9s, 1 copies, 1 needed, R12 width h s32->u16 @3953)
    depth 1: 20 kept of the scored, best 10 (R18 bystander @5980->5982) · 49 compiles
    depth 1: 24 kept of the scored, best 2 (R9 swap-stmts @3594) · 48 compiles
    depth 2: 92 kept of the scored, best 4 (R8 temp tmp0 @5081 + R12 width tmp0 s32->u16 @5073) · 186 compiles
  ov_SC05_018__func_801815AC: NO-MATCH start=4 best=4 compiles=186 (158.6s, 1 copies, 1 needed)
    depth 2: 60 kept of the scored, best 3 (R6 inline p @4800 + R8 temp tmp0 @4779) · 112 compiles
  ov_SC03_124__func_8017EDE8: NO-MATCH start=3 best=3 compiles=112 (101.9s, 1 copies, 1 needed)
    depth 1: score 0 by R7 do-while @13791
  ov_SC04_011__func_8018C94C: MATCH start=3 best=0 compiles=49 (51.0s, 1 copies, 1 needed, R7 do-while @13791)
    depth 2: 56 kept of the scored, best 2 (R8 temp tmp0 @4930 + R18 bystander @4932->4935) · 175 compiles
  ov_SC06_006__func_80180AE8: NO-MATCH start=4 best=2 compiles=175 (134.9s, 1 copies, 1 needed, R8 temp tmp0 @4930)
    depth 1: 20 kept of the scored, best 6 (R7 block @3075) · 49 compiles
    depth 1: score 0 by R3 init-split s0
  ov_SC04_011__func_8018C440: MATCH start=12 best=0 compiles=4 (26.7s, 1 copies, 1 needed, R3 init-split s0)
    depth 1: score 0 by R10 param-alias param_1->arg0 @4811
    depth 1: 8 kept of the scored, best 1 (R12 width obj s32->u16 @4375) · 10 compiles
  ov_SC06_006__func_801808C0: MATCH start=13 best=0 compiles=7 (27.2s, 1 copies, 1 needed, R10 param-alias param_1->arg0 @4811)
    depth 1: 30 kept of the scored, best 13 (R12 width d s32->u16 @3899) · 38 compiles
    depth 2: 15 kept of the scored, best 1 (R12 width obj s32->u16 @4375 + R3 init-split obj) · 28 compiles
  ov_SC03_124__func_8017E5C4: NO-MATCH start=7 best=1 compiles=28 (52.4s, 1 copies, 1 needed, R12 width obj s32->u16 @4375)
    depth 1: 9 kept of the scored, best 3 (R8 hoist tmp0 @4561) · 25 compiles
    depth 1: 6 kept of the scored, best 1 (R4 decl-move r 1->0) · 15 compiles
    depth 2: 70 kept of the scored, best 18 (R9 swap-stmts @9273 + R9 swap-stmts @9270) · 184 compiles
  ov_SC06_000__func_80185354: NO-MATCH start=22 best=18 compiles=184 (209.7s, 1 copies, 1 needed, R9 swap-stmts @9273 + R9 swap-stmts @9270)
    depth 2: 67 kept of the scored, best 5 (R18 bystander @4097->4094 + R18 bystander @4096->4094) · 149 compiles
  ov_SC06_016__func_8017F694: NO-MATCH start=12 best=5 compiles=149 (110.6s, 1 copies, 1 needed, R18 bystander @4097->4094)
    depth 2: 36 kept of the scored, best 11 (R8 temp tmp0 @6515 + R6 inline tmp0 @6516) · 190 compiles
  ov_SC06_008__func_80182A48: NO-MATCH start=11 best=11 compiles=190 (198.8s, 1 copies, 1 needed)
    depth 1: 37 kept of the scored, best 1 (R12 width scale s32->u16 @4934) · 49 compiles
    depth 2: 61 kept of the scored, best 4 (R6 inline t8A @4171 + R9 swap-stmts @4173) · 188 compiles
  ov_SC05_003__func_8017F4FC: NO-MATCH start=6 best=4 compiles=188 (179.5s, 1 copies, 2 needed, R9 swap-stmts @4175)
    depth 1: 7 kept of the scored, best 9 (R7 block @8819) · 12 compiles
    depth 2: 12 kept of the scored, best 1 (R4 decl-move r 1->0 + R7 block @3590) · 50 compiles
  ov_SC06_018__func_80187250: NO-MATCH start=1 best=1 compiles=50 (17.8s, 1 copies, 1 needed)
    depth 1: score 0 by R10 param-copy a0 @3855
  ov_SC05_003__func_8017EF0C: MATCH start=3 best=0 compiles=9 (5.3s, 1 copies, 1 needed, R10 param-copy a0 @3855)
    depth 2: 80 kept of the scored, best 4 (R9 swap-stmts @3547 + R7 block @3550) · 181 compiles
  ov_SC05_008__func_8017D214: NO-MATCH start=4 best=4 compiles=181 (178.3s, 1 copies, 1 needed)
  ov_SC06_018__func_8018F060: UNSTRIPPABLE — [('launder', 8409, 'macro-carried launder: the lever is inside `#define DRAW` with real code around it (T5)')]
    depth 1: score 0 by R10 param-copy param_1 @3548
  ov_SC05_003__func_8017E940: MATCH start=13 best=0 compiles=9 (6.7s, 1 copies, 1 needed, R10 param-copy param_1 @3548)
    depth 2: 41 kept of the scored, best 13 (R6 inline v0 @4737 + R6 inline v1 @4737) · 182 compiles
  ov_SC04_015__func_8017E2CC: NO-MATCH start=14 best=13 compiles=182 (152.9s, 1 copies, 2 needed, R6 inline v0 @4737)
    depth 2: 24 kept of the scored, best 3 (R8 hoist tmp0 @4561 + R6 inline tmp0 @4562) · 93 compiles
  ov_SC06_006__func_80180390: NO-MATCH start=3 best=3 compiles=93 (50.9s, 1 copies, 1 needed)
    depth 2: 64 kept of the scored, best 5 (R18 bystander @3917->3911 + R4 decl-move snd 0->1) · 177 compiles
  ov_SC06_014__func_8017EBA0: NO-MATCH start=8 best=5 compiles=177 (121.0s, 1 copies, 1 needed, R18 bystander @3917->3911)
    depth 1: 23 kept of the scored, best 7 (R7 do-while @13439) · 49 compiles
    depth 1: 22 kept of the scored, best 4 (R6 inline flag @3541) · 49 compiles
    depth 2: 14 kept of the scored, best 9 (R7 block @8819 + R9 swap-stmts @8821) · 38 compiles
  ov_SC06_000__func_80184A68: NO-MATCH start=9 best=9 compiles=38 (29.6s, 1 copies, 1 needed)
    depth 1: 22 kept of the scored, best 8 (R12 width a0v s32->u16 @3477) · 49 compiles
    depth 1: score 0 by R9 swap-stmts @3395
  ov_SC06_014__func_8017DF08: MATCH start=5 best=0 compiles=12 (7.0s, 1 copies, 1 needed, R9 swap-stmts @3395)
    depth 2: 57 kept of the scored, best 6 (R7 block @3075 + R9 swap-stmts @3076) · 189 compiles
  ov_SC06_016__func_80181998: NO-MATCH start=6 best=6 compiles=189 (117.6s, 1 copies, 1 needed)
    depth 1: 19 kept of the scored, best 11 (R12 width sxy s32->u16 @6279) · 49 compiles
    depth 2: 81 kept of the scored, best 13 (R12 width d s32->u16 @3899 + R7 block @3915) · 148 compiles
  ov_SC05_017__func_80189E68: NO-MATCH start=15 best=13 compiles=148 (104.5s, 1 copies, 2 needed, R12 width d s32->u16 @3899)
    depth 1: score 0 by R18 bystander @3036->3031
  ov_SC06_020__func_8017D918: MATCH start=27 best=0 compiles=23 (10.5s, 1 copies, 1 needed, R18 bystander @3036->3031)
    depth 1: 30 kept of the scored, best 5 (R12 width v1 s32->s16 @3520) · 49 compiles
    depth 1: 20 kept of the scored, best 9 (R6 inline r @8070) · 49 compiles
    depth 1: 20 kept of the scored, best 3 (R7 do-while @4446) · 49 compiles
    depth 2: 17 kept of the scored, best 98 (R4 decl-move p 0->1 + R7 block @6517) · 187 compiles
  ov_SC06_010__func_80180A88: NO-MATCH start=98 best=98 compiles=187 (179.8s, 1 copies, 1 needed)
    depth 1: 31 kept of the scored, best 27 (R7 do-while @3388) · 49 compiles
    depth 1: score 0 by R7 do-while @3093
  ov_SC06_022__func_801811A4: MATCH start=2 best=0 compiles=13 (9.2s, 1 copies, 1 needed, R7 do-while @3093)
    depth 2: 90 kept of the scored, best 2 (R9 swap-stmts @3594 + R12 width new_var int->u16 @3588) · 170 compiles
  ov_SC06_018__func_8017E3F0: NO-MATCH start=4 best=2 compiles=170 (151.2s, 1 copies, 1 needed, R9 swap-stmts @3594)
    depth 1: 27 kept of the scored, best 8 (R5 swap | @3718) · 49 compiles
    depth 1: 34 kept of the scored, best 29 (R12 width t1 s32->u16 @8485) · 49 compiles
    depth 1: 27 kept of the scored, best 5 (R6 inline g @4656) · 49 compiles
    depth 1: score 0 by R18 bystander @3139->3134
  ov_SC06_018__func_8017DB20: MATCH start=27 best=0 compiles=29 (22.1s, 1 copies, 1 needed, R18 bystander @3139->3134)
    depth 2: 61 kept of the scored, best 10 (R18 bystander @5980->5982 + R10 param-copy arg0 @5966) · 186 compiles
  md_SC07_004__func_801A8B64: NO-MATCH start=10 best=10 compiles=186 (189.8s, 1 copies, 1 needed)
    depth 1: score 0 by R9 swap-stmts @5564
  md_SC07_004__func_801A8294: MATCH start=18 best=0 compiles=6 (20.3s, 1 copies, 1 needed, R9 swap-stmts @5564)
    depth 1: 27 kept of the scored, best 8 (R5 swap | @3761) · 49 compiles
    depth 1: score 0 by R8 temp tmp0 @5922
    depth 2: 62 kept of the scored, best 7 (R12 width a0v s32->u16 @3477 + R9 swap-stmts @3490) · 184 compiles
  ov_SC06_018__func_80187038: NO-MATCH start=10 best=7 compiles=184 (100.4s, 1 copies, 1 needed, R12 width a0v s32->u16 @3477 + R9 swap-stmts @3490)
  ov_SC06_010__func_8017FE3C: MATCH start=4 best=0 compiles=49 (63.7s, 1 copies, 1 needed, R8 temp tmp0 @5922)
    depth 2: 81 kept of the scored, best 1 (R12 width scale s32->u16 @4934 + R8 hoist tmp0 @4947) · 189 compiles
  ov_SC05_018__func_80181294: NO-MATCH start=19 best=1 compiles=189 (173.5s, 1 copies, 1 needed, R12 width scale s32->u16 @4934)
    depth 1: score 0 by R7 do-while @3863
  ov_SC06_024__func_8018367C: MATCH start=2 best=0 compiles=13 (6.6s, 1 copies, 1 needed, R7 do-while @3863)
    depth 2: 61 kept of the scored, best 4 (R9 swap-stmts @3541 + R12 width flag s32->u16 @3538) · 182 compiles
  ov_SC06_016__func_8017E9CC: NO-MATCH start=6 best=4 compiles=182 (116.4s, 1 copies, 1 needed, R6 inline flag @3541)
    depth 1: score 0 by R7 do-while @4717
  ov_SC05_018__func_80180D40: MATCH start=11 best=0 compiles=19 (12.5s, 1 copies, 1 needed, R7 do-while @4717)
    depth 1: 18 kept of the scored, best 3 (R14 param-width a0 s32->u16 @5003) · 49 compiles
    depth 1: score 0 by R7 do-while @4557
  ov_SC05_018__func_801808AC: MATCH start=2 best=0 compiles=9 (11.7s, 1 copies, 1 needed, R7 do-while @4557)
    depth 2: 35 kept of the scored, best 3 (R7 do-while @4446 + R7 block @4452) · 186 compiles
  ov_SC06_006__func_801800B8: NO-MATCH start=11 best=3 compiles=186 (120.9s, 1 copies, 1 needed, R7 do-while @4446)
    depth 1: score 0 by R10 param-alias p->a0 @3800
    depth 1: 27 kept of the scored, best 5 (R6 inline g @3005) · 49 compiles
  ov_SC05_018__func_8017F648: MATCH start=10 best=0 compiles=8 (7.2s, 1 copies, 1 needed, R10 param-alias p->a0 @3800)
    depth 1: score 0 by R15 sink @4135 (t)
  ov_SC06_006__func_8017F8CC: MATCH start=9 best=0 compiles=3 (3.6s, 1 copies, 1 needed, R15 sink @4135 (t))
    depth 1: 16 kept of the scored, best 4 (R12 width v0 s32->u16 @3338) · 49 compiles
    depth 2: 47 kept of the scored, best 11 (R12 width sxy s32->u16 @6279 + R18 bystander @6309->6311) · 183 compiles
    depth 1: 25 kept of the scored, best 37 (R4 decl-move s0 2->0) · 49 compiles
  ov_SC06_008__func_801823F0: NO-MATCH start=11 best=11 compiles=183 (148.5s, 1 copies, 1 needed)
    depth 2: 75 kept of the scored, best 3 (R12 width v1 s32->s16 @3520 + R18 bystander @3524->3527) · 180 compiles
  ov_SC05_003__func_8017E89C: NO-MATCH start=13 best=3 compiles=180 (133.6s, 1 copies, 1 needed, R12 width v1 s32->s16 @3520 + R18 bystander @3524->3527)
    depth 1: 21 kept of the scored, best 5 (R7 block @5412) · 49 compiles
    depth 1: 9 kept of the scored, best 3 (R8 temp tmp0 @3918) · 10 compiles
    depth 2: 75 kept of the scored, best 2 (R5 swap | @3718 + R6 inline a0 @3715) · 187 compiles
  ov_SC06_020__func_80181F40: NO-MATCH start=10 best=2 compiles=187 (132.6s, 1 copies, 1 needed, R5 swap | @3718 + R6 inline a0 @3715)
    depth 2: 84 kept of the scored, best 22 (R7 do-while @3388 + R8 hoist tmp0 @3413) · 190 compiles
  ov_SC04_015__func_8017BF70: NO-MATCH start=34 best=22 compiles=190 (145.1s, 1 copies, 1 needed, R7 do-while @3388 + R8 hoist tmp0 @3413)
    depth 2: 59 kept of the scored, best 9 (R6 inline r @8070 + R8 hoist tmp0 @8070) · 190 compiles
  ov_SC06_018__func_8018E9BC: NO-MATCH start=9 best=9 compiles=190 (152.6s, 1 copies, 1 needed)
    depth 2: 25 kept of the scored, best 3 (R8 temp tmp0 @3918 + R6 inline tmp0 @3919) · 36 compiles
  ov_SC06_006__func_8017F258: NO-MATCH start=3 best=3 compiles=36 (25.0s, 1 copies, 1 needed)
    depth 2: 77 kept of the scored, best 5 (R6 inline g @4656 + R7 block @4656) · 188 compiles
  ov_SC06_022__func_8017FB9C: NO-MATCH start=5 best=5 compiles=188 (136.3s, 1 copies, 1 needed)
    depth 1: 31 kept of the scored, best 2 (R12 width v0 s32->s16 @3373) · 49 compiles
    depth 2: 62 kept of the scored, best 5 (R7 do-while @13439 + R9 swap-stmts @13440) · 187 compiles
  ov_SC04_011__func_8018C14C: NO-MATCH start=9 best=5 compiles=187 (209.8s, 1 copies, 2 needed, R7 do-while @13439 + R9 swap-stmts @13440)
    depth 1: score 0 by R7 do-while @4278
    depth 1: 31 kept of the scored, best 6 (R9 swap-stmts @3936) · 49 compiles
    depth 1: 8 kept of the scored, best 11 (R7 block @6140) · 49 compiles
  ov_SC06_022__func_8017F414: MATCH start=3 best=0 compiles=27 (12.9s, 1 copies, 1 needed, R7 do-while @4278)
    depth 1: 29 kept of the scored, best 2 (R9 swap-stmts @8226) · 49 compiles
    depth 1: 22 kept of the scored, best 8 (R12 width a0v s32->u16 @3002) · 49 compiles
    depth 1: 27 kept of the scored, best 6 (R12 width w u32->u16 @2935) · 49 compiles
    depth 2: 93 kept of the scored, best 29 (R12 width t1 s32->u16 @8485 + R9 swap-stmts @8488) · 181 compiles
  ov_SC06_000__func_80184398: NO-MATCH start=29 best=29 compiles=181 (167.1s, 1 copies, 1 needed)
    depth 1: 17 kept of the scored, best 4 (R9 swap-stmts @7378) · 49 compiles
    depth 2: 75 kept of the scored, best 2 (R5 swap | @3761 + R6 inline a0 @3758) · 187 compiles
  ov_SC06_022__func_80185E64: NO-MATCH start=10 best=2 compiles=187 (174.7s, 1 copies, 1 needed, R5 swap | @3761 + R6 inline a0 @3758)
    depth 2: 77 kept of the scored, best 5 (R6 inline g @3005 + R7 block @3005) · 188 compiles
  ov_SC06_024__func_80182074: NO-MATCH start=5 best=5 compiles=188 (111.0s, 1 copies, 1 needed)
    depth 2: 30 kept of the scored, best 3 (R14 param-width a0 s32->u16 @5003 + R7 block @5015) · 187 compiles
  ov_SC06_024__func_801809A8: NO-MATCH start=10 best=3 compiles=187 (153.1s, 1 copies, 1 needed, R14 param-width a0 s32->u16 @5003)
    depth 1: score 0 by R12 width a0 s32->u16 @4669
  ov_SC06_024__func_80180140: MATCH start=6 best=0 compiles=2 (2.2s, 1 copies, 1 needed, R12 width a0 s32->u16 @4669)
    depth 1: 22 kept of the scored, best 1 (R12 width sum s32->u16 @5547) · 49 compiles
    depth 1: score 0 by R7 do-while @8241
  ov_SC06_000__func_80183DAC: MATCH start=16 best=0 compiles=26 (42.8s, 1 copies, 1 needed, R7 do-while @8241)
    depth 2: 41 kept of the scored, best 4 (R12 width v0 s32->u16 @3338 + R18 bystander @3340->3342) · 186 compiles
  ov_SC06_016__func_8017E54C: NO-MATCH start=4 best=4 compiles=186 (125.8s, 1 copies, 1 needed)
    depth 1: 46 kept of the scored, best 9 (R12 width r s32->u16 @13086) · 49 compiles
    depth 1: 31 kept of the scored, best 6 (R9 swap-stmts @3047) · 49 compiles
    depth 1: score 0 by R10 param-alias s0->a0 @4445
  ov_SC06_029__func_8018AF48: MATCH start=9 best=0 compiles=14 (15.1s, 1 copies, 1 needed, R10 param-alias s0->a0 @4445)
    depth 1: score 0 by R9 swap-stmts @3808
  ov_SC06_029__func_8018A27C: MATCH start=7 best=0 compiles=7 (5.2s, 1 copies, 1 needed, R9 swap-stmts @3808)
    depth 1: score 0 by R6 inline v0 @3684
  ov_SC06_029__func_8018A084: MATCH start=9 best=0 compiles=3 (11.7s, 1 copies, 1 needed, R6 inline v0 @3684)
    depth 1: 24 kept of the scored, best 2 (R18 bystander @8659->8662) · 49 compiles
    depth 1: 9 kept of the scored, best 6 (R8 temp tmp0 @4082) · 49 compiles
    depth 1: 12 kept of the scored, best 2 (R7 block @7321) · 48 compiles
    depth 2: 88 kept of the scored, best 3 (R9 swap-stmts @3936 + R9 swap-stmts @3937) · 186 compiles
  ov_SC06_025__func_8017E4E0: NO-MATCH start=11 best=3 compiles=186 (147.1s, 1 copies, 1 needed, R9 swap-stmts @3936 + R9 swap-stmts @3937)
    depth 2: 60 kept of the scored, best 35 (R8 temp tmp0 @4929 + R8 cse tmp1 @4940) · 179 compiles
  md_SC07_004__func_801A7358: NO-MATCH start=37 best=35 compiles=179 (218.2s, 1 copies, 1 needed, R8 temp tmp0 @4929 + R8 cse tmp1 @4940)
    depth 2: 54 kept of the scored, best 5 (R7 block @5412 + R6 inline sid @5415) · 190 compiles
  ov_SC06_010__func_8017F10C: NO-MATCH start=5 best=5 compiles=190 (214.0s, 1 copies, 1 needed)
    depth 1: score 0 by R10 param-alias b->arg0 @3624
  ov_SC06_025__func_8017DF50: MATCH start=10 best=0 compiles=15 (15.6s, 1 copies, 1 needed, R10 param-alias b->arg0 @3624)
    depth 2: 67 kept of the scored, best 7 (R12 width a0v s32->u16 @3002 + R9 swap-stmts @3011) · 186 compiles
    depth 2: 59 kept of the scored, best 2 (R12 width v0 s32->s16 @3373 + R8 temp tmp0 @3381) · 184 compiles
  ov_SC06_020__func_801811A8: NO-MATCH start=10 best=7 compiles=186 (168.0s, 1 copies, 1 needed, R12 width a0v s32->u16 @3002 + R9 swap-stmts @3011)
  ov_SC05_018__func_8017EC80: NO-MATCH start=11 best=2 compiles=184 (187.6s, 1 copies, 1 needed, R12 width v0 s32->s16 @3373)
  ov_SC06_032__func_8018EDB0: UNSTRIPPABLE — [('launder', 11212, 'macro-carried launder: the lever is inside `#define DRAW` with real code around it (T5)')]
    depth 1: 25 kept of the scored, best 10 (R6 inline v0 @3719) · 49 compiles
    depth 2: 61 kept of the scored, best 6 (R12 width w u32->u16 @2935 + R8 temp tmp0 @2942) · 186 compiles
  ov_SC06_006__func_8017E078: NO-MATCH start=16 best=6 compiles=186 (162.4s, 1 copies, 1 needed, R12 width w u32->u16 @2935)
    depth 1: score 0 by R9 swap-stmts @3017
  ov_SC06_032__func_801815F4: MATCH start=6 best=0 compiles=16 (7.8s, 1 copies, 1 needed, R9 swap-stmts @3017)
    depth 1: score 0 by R10 param-copy a0 @5814
  ov_SC06_033__func_80181CD4: MATCH start=1 best=0 compiles=3 (6.5s, 1 copies, 1 needed, R10 param-copy a0 @5814)
    depth 2: 70 kept of the scored, best 2 (R9 swap-stmts @8226 + R18 bystander @8203->8205) · 186 compiles
  ov_SC06_024__func_8018EC50: NO-MATCH start=8 best=2 compiles=186 (204.4s, 1 copies, 1 needed, R9 swap-stmts @8226)
    depth 2: 20 kept of the scored, best 11 (R7 block @6140 + R7 block @6129) · 188 compiles
  ov_SC06_008__func_80181EE0: NO-MATCH start=11 best=11 compiles=188 (206.0s, 1 copies, 1 needed)
    depth 1: 22 kept of the scored, best 11 (R6 inline v0 @4109) · 32 compiles
    depth 1: 16 kept of the scored, best 18 (R9 swap-stmts @3262) · 49 compiles
    depth 2: 49 kept of the scored, best 3 (R9 swap-stmts @7378 + R6 inline t @7379) · 190 compiles
  ov_SC06_018__func_8018D870: NO-MATCH start=5 best=3 compiles=190 (197.3s, 1 copies, 1 needed, R9 swap-stmts @7378 + R6 inline t @7379)
    depth 2: 88 kept of the scored, best 3 (R9 swap-stmts @3047 + R9 swap-stmts @3048) · 186 compiles
  ov_SC06_027__func_8017D3A0: NO-MATCH start=11 best=3 compiles=186 (141.2s, 1 copies, 1 needed, R9 swap-stmts @3047 + R9 swap-stmts @3048)
    depth 2: 56 kept of the scored, best 1 (R12 width sum s32->u16 @5547 + R4 decl-move sum 1->0) · 181 compiles
  ov_SC06_025__func_801828A0: NO-MATCH start=2 best=1 compiles=181 (180.5s, 1 copies, 1 needed, R12 width sum s32->u16 @5547)
    depth 1: score 0 by R18 bystander @3418->3413
  ov_SC06_033__func_8017E0E4: MATCH start=27 best=0 compiles=26 (20.8s, 1 copies, 1 needed, R18 bystander @3418->3413)
  ov_SC06_025__func_80180ED4: NO-MATCH start=2 best=2 compiles=5 (3.3s, 1 copies, 1 needed)
    depth 1: 13 kept of the scored, best 6 (R7 block @4115) · 49 compiles
    depth 1: 28 kept of the scored, best 1 (R12 width s0 s32->u16 @3902) · 49 compiles
    depth 1: 29 kept of the scored, best 2 (R9 swap-stmts @9378) · 49 compiles
    depth 1: 15 kept of the scored, best 11 (R8 temp tmp0 @6782) · 49 compiles
    depth 1: 22 kept of the scored, best 8 (R12 width a0v s32->u16 @3416) · 49 compiles
    depth 1: 23 kept of the scored, best 32 (R9 swap-stmts @6018) · 49 compiles
    depth 1: 20 kept of the scored, best 5 (R8 hoist tmp0 @6424) · 49 compiles
    depth 2: 32 kept of the scored, best 6 (R8 temp tmp0 @4082 + R12 width tmp0 u16->s32 @4073) · 190 compiles
  ov_SC06_024__func_8017EC4C: NO-MATCH start=6 best=6 compiles=190 (171.6s, 1 copies, 1 needed)
  ov_SC06_033__func_8018AD9C: UNSTRIPPABLE — [('launder', 6205, 'macro-carried launder: the lever is inside `#define DRAW` with real code around it (T5)')]
    depth 2: 53 kept of the scored, best 8 (R6 inline v0 @4109 + R6 inline v0 @4100) · 112 compiles
  ov_SC06_032__func_8017EEB0: NO-MATCH start=14 best=8 compiles=112 (73.7s, 1 copies, 1 needed, R6 inline v0 @4109 + R6 inline v0 @4100)
    depth 1: 17 kept of the scored, best 5 (R8 temp tmp0 @3340) · 49 compiles
    depth 1: 15 kept of the scored, best 3 (R7 do-while @3665) · 49 compiles
    depth 2: 28 kept of the scored, best 2 (R7 block @7321 + R9 swap-stmts @7323) · 144 compiles
  ov_SC06_000__func_8018270C: NO-MATCH start=2 best=2 compiles=144 (171.8s, 1 copies, 1 needed)
    depth 2: 59 kept of the scored, best 2 (R18 bystander @8659->8662 + R7 block @8655) · 177 compiles
  ov_SC06_029__func_80185D44: NO-MATCH start=2 best=2 compiles=177 (196.0s, 1 copies, 1 needed)
    depth 2: 73 kept of the scored, best 5 (R6 inline v0 @3719 + R6 inline p @3715) · 188 compiles
  ov_SC06_030__func_80180DCC: NO-MATCH start=22 best=5 compiles=188 (157.5s, 1 copies, 1 needed, R6 inline v0 @3719 + R6 inline p @3715)
    depth 1: score 0 by R18 bystander @3183->3178
  ov_SC06_032__func_8017DABC: MATCH start=27 best=0 compiles=29 (51.2s, 1 copies, 1 needed, R18 bystander @3183->3178)
    depth 1: 7 kept of the scored, best 2 (R18 bystander @7240->7242) · 21 compiles
    depth 2: 87 kept of the scored, best 9 (R12 width r s32->u16 @13086 + R8 temp tmp0 @13101) · 184 compiles
  ov_SC04_011__func_8018BAC4: NO-MATCH start=35 best=9 compiles=184 (278.3s, 1 copies, 2 needed, R12 width r s32->u16 @13086)
    depth 2: 45 kept of the scored, best 18 (R9 swap-stmts @3262 + R9 swap-stmts @3261) · 189 compiles
  ov_SC06_032__func_8018FCE8: NO-MATCH start=18 best=18 compiles=189 (123.7s, 1 copies, 1 needed)
    depth 1: score 0 by R7 do-while @3180
  ov_SC07_000__func_8017F59C: MATCH start=10 best=0 compiles=35 (25.5s, 1 copies, 1 needed, R7 do-while @3180)
    depth 1: score 0 by R7 do-while @3663
  ov_SC07_000__func_80180FA8: MATCH start=6 best=0 compiles=14 (7.3s, 1 copies, 1 needed, R7 do-while @3663)
    depth 1: 18 kept of the scored, best 9 (R8 temp tmp0 @5640) · 49 compiles
    depth 1: score 0 by R6 inline v0 @4598
  ov_SC07_001__func_80180A2C: MATCH start=10 best=0 compiles=19 (11.0s, 1 copies, 1 needed, R6 inline v0 @4598)
    depth 1: score 0 by R10 param-alias s0->a0 @8872
  ov_SC07_002__func_80186494: MATCH start=9 best=0 compiles=14 (10.7s, 1 copies, 1 needed, R10 param-alias s0->a0 @8872)
    depth 1: score 0 by R12 width t s32->u16 @4341
  ov_SC07_002__func_80185434: UNSCORED start=None best=None compiles=1 (1.0s, 1 copies, 1 needed)
  ov_SC07_001__func_80180404: MATCH start=5 best=0 compiles=7 (4.4s, 1 copies, 1 needed, R12 width t s32->u16 @4341)
    depth 1: 24 kept of the scored, best 6 (R8 hoist tmp0 @6690) · 49 compiles
    depth 1: score 0 by R12 width v1 s32->s16 @12911
  ov_SC04_011__func_8018B744: MATCH start=1 best=0 compiles=23 (25.2s, 1 copies, 1 needed, R12 width v1 s32->s16 @12911)
    depth 2: 15 kept of the scored, best 2 (R18 bystander @7240->7242 + R7 block @7241) · 61 compiles
    depth 1: 32 kept of the scored, best 17 (R12 width a1 s32->u16 @3630) · 49 compiles
  ov_SC06_000__func_80182560: NO-MATCH start=2 best=2 compiles=61 (77.1s, 1 copies, 1 needed)
    depth 2: 66 kept of the scored, best 7 (R12 width a0v s32->u16 @3416 + R9 swap-stmts @3430) · 184 compiles
  ov_SC06_033__func_80185AC0: NO-MATCH start=10 best=7 compiles=184 (122.9s, 1 copies, 1 needed, R12 width a0v s32->u16 @3416 + R9 swap-stmts @3430)
    depth 1: score 0 by R12 width ang s32->s16 @6928
  ov_SC06_000__func_80181AB4: MATCH start=11 best=0 compiles=14 (17.2s, 1 copies, 1 needed, R12 width ang s32->s16 @6928)
    depth 1: 9 kept of the scored, best 2 (R7 block @4224) · 49 compiles
    depth 1: 9 kept of the scored, best 2 (R7 block @6979) · 49 compiles
    depth 2: 37 kept of the scored, best 6 (R7 block @4115 + R10 param-copy ctx @4007) · 189 compiles
  ov_SC06_010__func_8017CAD4: NO-MATCH start=6 best=6 compiles=189 (194.1s, 1 copies, 1 needed)
    depth 2: 35 kept of the scored, best 3 (R7 do-while @3665 + R4 decl-move arg0 5->0) · 183 compiles
  ov_SC06_025__func_80180284: NO-MATCH start=3 best=3 compiles=183 (149.0s, 1 copies, 1 needed)
    depth 2: 61 kept of the scored, best 32 (R9 swap-stmts @6018 + R14 param-width a0 s32->u16 @5985) · 186 compiles
  ov_SC06_008__func_80181CF0: NO-MATCH start=32 best=32 compiles=186 (166.0s, 1 copies, 1 needed)
    depth 2: 51 kept of the scored, best 5 (R8 temp tmp0 @3340 + R12 width tmp0 s16->s32 @3338) · 178 compiles
  ov_SC06_033__func_8017DF44: NO-MATCH start=5 best=5 compiles=178 (153.2s, 1 copies, 1 needed)
    depth 2: 40 kept of the scored, best 11 (R8 temp tmp0 @6782 + R8 temp tmp1 @6786) · 190 compiles
  ov_SC06_024__func_8018CBDC: NO-MATCH start=11 best=11 compiles=190 (166.6s, 1 copies, 1 needed)
    depth 2: 61 kept of the scored, best 1 (R12 width s0 s32->u16 @3902 + R5 swap + @3911) · 184 compiles
  md_SC07_004__func_801A5C44: NO-MATCH start=15 best=1 compiles=184 (201.3s, 1 copies, 1 needed, R12 width s0 s32->u16 @3902)
    depth 1: 18 kept of the scored, best 10 (R12 width m s32->u16 @1841) · 49 compiles
    depth 2: 67 kept of the scored, best 2 (R9 swap-stmts @9378 + R18 bystander @9355->9357) · 186 compiles
    depth 2: 56 kept of the scored, best 5 (R8 hoist tmp0 @6424 + R12 width tmp0 s32->u16 @6325) · 190 compiles
  ov_SC06_032__func_8018C608: NO-MATCH start=8 best=2 compiles=186 (194.2s, 1 copies, 1 needed, R9 swap-stmts @9378)
  ov_SC06_018__func_8018C3F8: NO-MATCH start=5 best=5 compiles=190 (162.6s, 1 copies, 1 needed)
    depth 1: 34 kept of the scored, best 10 (R12 width u s32->u16 @12742) · 49 compiles
    depth 1: score 0 by R9 swap-stmts @3342
  ov_SC06_025__func_8017F9D8: MATCH start=2 best=0 compiles=30 (17.3s, 1 copies, 1 needed, R9 swap-stmts @3342)
    depth 1: 12 kept of the scored, best 48 (R14 param-width arg0 s32->s16 @4779) · 49 compiles
    depth 1: score 0 by R7 do-while @4155
  ov_SC07_006__func_80175DA8: MATCH start=3 best=0 compiles=14 (30.3s, 1 copies, 1 needed, R7 do-while @4155)
    depth 2: 52 kept of the scored, best 9 (R8 temp tmp0 @5640 + R12 width tmp0 s16->s32 @5607) · 190 compiles
  ov_SC06_033__func_8018A318: NO-MATCH start=9 best=9 compiles=190 (165.9s, 1 copies, 1 needed)
    depth 2: 74 kept of the scored, best 12 (R12 width a1 s32->u16 @3630 + R7 do-while @3643) · 184 compiles
  ov_SC07_000__func_80180ED0: NO-MATCH start=26 best=12 compiles=184 (111.3s, 1 copies, 1 needed, R12 width a1 s32->u16 @3630 + R7 do-while @3643)
    depth 1: 18 kept of the scored, best 11 (R12 width sxy s32->u16 @6546) · 49 compiles
    depth 1: 22 kept of the scored, best 31 (R9 swap-stmts @5902) · 49 compiles
    depth 1: 10 kept of the scored, best 6 (R18 bystander @3593->3595) · 49 compiles
    depth 1: 13 kept of the scored, best 2 (R18 bystander @5393->5397) · 49 compiles
    depth 1: score 0 by R7 do-while @2880
  ov_SC07_000__func_8017F9B4: MATCH start=21 best=0 compiles=10 (6.4s, 1 copies, 1 needed, R7 do-while @2880)
    depth 2: score 0 by R12 width u s32->u16 @12742 + R12 width t s32->s16 @12741
    depth 1: 24 kept of the scored, best 22 (R7 do-while @2966) · 49 compiles
  ov_SC04_011__func_8018B2F8: MATCH start=22 best=0 compiles=78 (101.0s, 1 copies, 1 needed, R12 width u s32->u16 @12742 + R12 width t s32->s16 @12741)
    depth 1: 21 kept of the scored, best 5 (R8 hoist tmp0 @6309) · 49 compiles
    depth 1: 16 kept of the scored, best 4 (R9 swap-stmts @3517) · 49 compiles
    depth 2: 65 kept of the scored, best 6 (R8 hoist tmp0 @6690 + R6 inline tmp0 @6691) · 187 compiles
  ov_SC06_029__func_80182ED8: NO-MATCH start=6 best=6 compiles=187 (170.7s, 1 copies, 1 needed)
    depth 1: 10 kept of the scored, best 19 (R18 bystander @3928->3934) · 49 compiles
    depth 1: 27 kept of the scored, best 8 (R5 swap | @3055) · 49 compiles
    depth 1: score 0 by R7 do-while @12195
    depth 2: 22 kept of the scored, best 2 (R7 block @4224 + R9 swap-stmts @4225) · 186 compiles
  ov_SC07_001__func_8017FE38: NO-MATCH start=2 best=2 compiles=186 (130.8s, 1 copies, 1 needed)
  ov_SC04_011__func_8018A8EC: MATCH start=7 best=0 compiles=15 (21.5s, 1 copies, 1 needed, R7 do-while @12195)
    depth 1: 17 kept of the scored, best 3 (R14 param-width arg1 s32->u16 @4521) · 49 compiles
    depth 1: score 0 by R7 do-while @5649
  ov_SC06_029__func_801814B0: MATCH start=10 best=0 compiles=24 (21.1s, 1 copies, 1 needed, R7 do-while @5649)
    depth 2: 22 kept of the scored, best 2 (R7 block @6979 + R9 swap-stmts @6980) · 186 compiles
  ov_SC07_002__func_80183FE0: NO-MATCH start=2 best=2 compiles=186 (172.5s, 1 copies, 1 needed)
    depth 1: 28 kept of the scored, best 2 (R7 do-while @3478) · 49 compiles
    depth 1: 14 kept of the scored, best 1 (R12 width s0 s32->u16 @6235) · 16 compiles
    depth 2: 45 kept of the scored, best 10 (R12 width m s32->u16 @1841 + R8 temp tmp0 @1843) · 184 compiles
  ov_SC07_006__func_8012F49C: NO-MATCH start=10 best=10 compiles=184 (181.0s, 1 copies, 1 needed)
    depth 1: 16 kept of the scored, best 2 (R7 block @10873) · 43 compiles
    depth 1: 20 kept of the scored, best 591 (R18 bystander @2907->2913) · 49 compiles
    depth 1: 12 kept of the scored, best 16 (R10 param-copy param_1 @1816) · 23 compiles
    depth 2: 26 kept of the scored, best 2 (R18 bystander @5393->5397 + R7 block @5390) · 176 compiles
  ov_SC06_018__func_8018AD74: NO-MATCH start=5 best=2 compiles=176 (163.6s, 1 copies, 1 needed, R18 bystander @5393->5397)
    depth 2: 26 kept of the scored, best 1 (R12 width s0 s32->u16 @6235 + R8 hoist tmp0 @6237) · 50 compiles
  ov_SC07_002__func_80182DF0: NO-MATCH start=11 best=1 compiles=50 (45.0s, 1 copies, 1 needed, R12 width s0 s32->u16 @6235)
    depth 2: 34 kept of the scored, best 48 (R7 block @4831 + R14 param-width arg0 s32->s16 @4779) · 185 compiles
  ov_SC06_000__func_8017E35C: NO-MATCH start=58 best=48 compiles=185 (193.0s, 1 copies, 1 needed, R14 param-width arg0 s32->s16 @4779)
    depth 1: score 0 by R10 param-copy a0 @6174
    depth 2: 47 kept of the scored, best 11 (R12 width sxy s32->u16 @6546 + R8 hoist tmp0 @6615) · 183 compiles
  ov_SC06_024__func_8018C584: NO-MATCH start=11 best=11 compiles=183 (175.6s, 1 copies, 1 needed)
  ov_SC07_002__func_80182C68: MATCH start=7 best=0 compiles=8 (7.0s, 1 copies, 1 needed, R10 param-copy a0 @6174)
    depth 2: 58 kept of the scored, best 31 (R9 swap-stmts @5902 + R14 param-width a0 s32->u16 @5880) · 186 compiles
  ov_SC06_008__func_80181B20: NO-MATCH start=31 best=31 compiles=186 (180.9s, 1 copies, 1 needed)
    depth 2: 75 kept of the scored, best 2 (R5 swap | @3055 + R6 inline a0 @3052) · 187 compiles
  ov_SC06_033__func_80186858: NO-MATCH start=10 best=2 compiles=187 (140.5s, 1 copies, 1 needed, R5 swap | @3055 + R6 inline a0 @3052)
    depth 2: 23 kept of the scored, best 14 (R18 bystander @3928->3934 + R9 swap-stmts @3933) · 186 compiles
  ov_SC07_006__func_801759D8: NO-MATCH start=23 best=14 compiles=186 (144.8s, 1 copies, 1 needed, R18 bystander @3928->3934 + R9 swap-stmts @3933)
    depth 2: 28 kept of the scored, best 6 (R18 bystander @3593->3595 + R7 block @3695) · 186 compiles
  ov_SC06_010__func_8017BEBC: NO-MATCH start=6 best=6 compiles=186 (198.4s, 1 copies, 1 needed)
    depth 1: score 0 by R10 param-alias s0->a0 @4202
  ov_SC07_011__func_8017E32C: MATCH start=9 best=0 compiles=14 (7.0s, 1 copies, 1 needed, R10 param-alias s0->a0 @4202)
    depth 2: 69 kept of the scored, best 22 (R7 do-while @2966 + R9 swap-stmts @2974) · 178 compiles
  ov_SC07_006__func_8014CF04: NO-MATCH start=34 best=22 compiles=178 (226.1s, 1 copies, 1 needed, R7 do-while @2966)
    depth 1: 21 kept of the scored, best 12 (R7 block @5015) · 49 compiles
    depth 2: 57 kept of the scored, best 5 (R8 hoist tmp0 @6309 + R12 width tmp0 s32->u16 @6211) · 190 compiles
  ov_SC06_032__func_801875D0: NO-MATCH start=5 best=5 compiles=190 (225.0s, 1 copies, 1 needed)
    depth 2: 44 kept of the scored, best 3 (R14 param-width arg1 s32->u16 @4521 + R6 inline v @4536) · 187 compiles
  ov_SC07_006__func_80181E64: NO-MATCH start=3 best=3 compiles=187 (172.6s, 1 copies, 1 needed)
    depth 1: 16 kept of the scored, best 29 (R5 swap + @7481) · 49 compiles
    depth 2: 49 kept of the scored, best 4 (R9 swap-stmts @3517 + R7 block @3514) · 183 compiles
  md_SC07_004__func_801A5094: NO-MATCH start=4 best=4 compiles=183 (229.8s, 1 copies, 1 needed)
    depth 1: 14 kept of the scored, best 11 (R8 temp tmp0 @6402) · 49 compiles
    depth 2: 75 kept of the scored, best 2 (R7 do-while @3478 + R7 block @3480) · 186 compiles
  ov_SC07_001__func_8017EA84: NO-MATCH start=3 best=2 compiles=186 (150.9s, 1 copies, 1 needed, R7 do-while @3478)
    depth 1: 23 kept of the scored, best 8 (R12 width now u32->u16 @873) · 49 compiles
    depth 1: 29 kept of the scored, best 5 (R12 width sc s32->u8 @5068) · 49 compiles
    depth 2: 43 kept of the scored, best 16 (R10 param-copy param_2 @1816 + R10 param-copy param_1 @1817) · 98 compiles
  ov_SC07_006__func_8012F40C: NO-MATCH start=16 best=16 compiles=98 (88.9s, 1 copies, 1 needed)
    depth 1: 22 kept of the scored, best 6 (R12 width idx int->u16 @1914) · 45 compiles
    depth 1: 17 kept of the scored, best 11 (R8 temp tmp0 @5325) · 49 compiles
    depth 1: score 0 by R7 do-while @6064
    depth 1: 30 kept of the scored, best 5 (R18 bystander @5909->5912) · 49 compiles
  ov_SC06_032__func_80187268: MATCH start=4 best=0 compiles=11 (11.1s, 1 copies, 1 needed, R7 do-while @6064)
    depth 1: 24 kept of the scored, best 20 (R18 bystander @110->108) · 49 compiles
    depth 1: score 0 by R7 do-while @183
  main__func_80041400: MATCH start=6 best=0 compiles=12 (4.6s, 1 copies, 1 needed, R7 do-while @183)
    depth 1: score 0 by R7 do-while @166
    depth 2: score 0 by R12 width idx int->u16 @1914 + R7 do-while @1923
  main__func_800413B8: MATCH start=6 best=0 compiles=12 (4.2s, 1 copies, 1 needed, R7 do-while @166)
  resident__func_800D2D10: MATCH start=15 best=0 compiles=69 (46.7s, 1 copies, 1 needed, R12 width idx int->u16 @1914 + R7 do-while @1923)
  main__func_80029E30: UNSTRIPPABLE — [('instruction', 19639, 'instruction `mult` has no C spelling in the table')]
    depth 1: 8 kept of the scored, best 1 (R6 inline fp @853) · 13 compiles
    depth 1: 36 kept of the scored, best 9 (R12 width t s32->s16 @3375) · 49 compiles
    depth 1: score 0 by R12 width w s32->u16 @5322
    depth 1: 18 kept of the scored, best 4 (R18 bystander @3251->3254) · 49 compiles
  ov_SC06_032__func_8018603C: MATCH start=6 best=0 compiles=28 (26.3s, 1 copies, 1 needed, R12 width w s32->u16 @5322)
    depth 2: 22 kept of the scored, best 1 (R6 inline fp @853 + R8 hoist tmp0 @855) · 47 compiles
  resident__func_800D1B80: NO-MATCH start=1 best=1 compiles=47 (26.8s, 1 copies, 1 needed)
    depth 1: 29 kept of the scored, best 24 (R6 inline a0_ @3257) · 49 compiles
    depth 1: 8 kept of the scored, best 1 (R6 inline fp @695) · 12 compiles
    depth 2: 44 kept of the scored, best 2 (R7 block @10873 + R9 swap-stmts @10874) · 149 compiles
  ov_SC04_011__func_80188A30: NO-MATCH start=2 best=2 compiles=149 (196.3s, 1 copies, 1 needed)
    depth 2: 54 kept of the scored, best 581 (R18 bystander @2907->2913 + R14 param-width arg0 s32->s16 @2864) · 188 compiles
  ov_SC06_029__func_8017C954: NO-MATCH start=632 best=581 compiles=188 (186.7s, 1 copies, 1 needed, R18 bystander @2907->2913 + R14 param-width arg0 s32->s16 @2864)
    depth 2: 22 kept of the scored, best 1 (R6 inline fp @695 + R8 hoist tmp0 @697) · 43 compiles
  resident__func_800D1984: NO-MATCH start=1 best=1 compiles=43 (16.5s, 1 copies, 1 needed)
    depth 1: 27 kept of the scored, best 2 (R12 width n s32->u16 @19580) · 42 compiles
    depth 2: score 0 by R18 bystander @5089->5087 + R9 swap-stmts @5089
    depth 2: 69 kept of the scored, best 4 (R12 width now u32->u16 @873 + R12 width h s32->u16 @875) · 187 compiles
  resident__func_800D0D7C: NO-MATCH start=17 best=4 compiles=187 (103.0s, 1 copies, 1 needed, R12 width now u32->u16 @873 + R12 width h s32->u16 @875)
  ov_SC07_002__func_80180DAC: MATCH start=7 best=0 compiles=132 (121.6s, 1 copies, 1 needed, R18 bystander @5089->5087 + R9 swap-stmts @5089)
    depth 2: 67 kept of the scored, best 1 (R12 width i s32->u16 @105 + R14 param-width arg1 s32->u16 @99) · 181 compiles
  main__func_8003DF8C: NO-MATCH start=34 best=1 compiles=181 (78.0s, 1 copies, 1 needed, R12 width i s32->u16 @105 + R14 param-width arg1 s32->u16 @99)
    depth 1: score 0 by R7 do-while @380
  resident__func_800D0488: MATCH start=24 best=0 compiles=10 (6.1s, 1 copies, 1 needed, R7 do-while @380)
    depth 1: 22 kept of the scored, best 2 (R18 bystander @5295->5299) · 49 compiles
    depth 1: 33 kept of the scored, best 7 (R7 do-while @7458) · 49 compiles
    depth 2: 47 kept of the scored, best 29 (R5 swap + @7481 + R18 bystander @7477->7480) · 185 compiles
  ov_SC07_007__func_80181F4C: NO-MATCH start=29 best=29 compiles=185 (160.5s, 1 copies, 1 needed)
    depth 1: 20 kept of the scored, best 16 (R7 block @338) · 37 compiles
    depth 2: 58 kept of the scored, best 12 (R7 block @5015 + R7 block @5013) · 188 compiles
  ov_SC06_018__func_8018A688: NO-MATCH start=12 best=12 compiles=188 (172.3s, 1 copies, 1 needed)
    depth 1: 28 kept of the scored, best 9 (R12 width v1 u8->s32 @4062) · 49 compiles
    depth 1: 14 kept of the scored, best 2 (R7 do-while @5007) · 33 compiles
    depth 1: 18 kept of the scored, best 10 (R12 width i s32->u16 @33) · 49 compiles
    depth 2: 43 kept of the scored, best 4 (R9 swap-stmts @5909 + R7 do-while @5909) · 176 compiles
  ov_SC07_010__func_80180480: NO-MATCH start=19 best=4 compiles=176 (157.2s, 1 copies, 1 needed, R9 swap-stmts @5909 + R7 do-while @5909)
    depth 1: 23 kept of the scored, best 4 (R7 do-while @10303) · 49 compiles
    depth 2: score 0 by R12 width i s32->u16 @33 + R12 width j s32->u16 @34
    depth 1: score 0 by R10 param-copy param_1 @4574
  main__func_8003DC90: MATCH start=19 best=0 compiles=71 (46.8s, 1 copies, 1 needed, R12 width i s32->u16 @33 + R12 width j s32->u16 @34)
  ov_SC07_010__func_8017E3EC: MATCH start=7 best=0 compiles=9 (6.4s, 1 copies, 1 needed, R10 param-copy param_1 @4574)
    depth 2: 42 kept of the scored, best 11 (R8 temp tmp0 @6402 + R6 inline tmp0 @6403) · 189 compiles
  ov_SC06_024__func_8018C074: NO-MATCH start=11 best=11 compiles=189 (178.4s, 1 copies, 1 needed)
    depth 1: 22 kept of the scored, best 6 (R12 width base s32->u16 @6748) · 25 compiles
    depth 2: 44 kept of the scored, best 11 (R8 temp tmp0 @5325 + R6 inline tmp0 @5326) · 186 compiles
  ov_SC06_008__func_80180CA8: NO-MATCH start=11 best=11 compiles=186 (176.1s, 1 copies, 1 needed)
    depth 1: score 0 by R6 inline t @4411
  ov_SC06_008__func_8017F8CC: MATCH start=9 best=0 compiles=2 (4.2s, 1 copies, 1 needed, R6 inline t @4411)
    depth 2: 46 kept of the scored, best 4 (R18 bystander @3251->3254 + R8 temp tmp0 @3231) · 188 compiles
  ov_SC07_001__func_8017E4DC: NO-MATCH start=4 best=4 compiles=188 (134.9s, 1 copies, 1 needed)
    depth 2: 81 kept of the scored, best 9 (R12 width t s32->u16 @3375 + R6 inline t @3382) · 185 compiles
  ov_SC07_006__func_8017D040: NO-MATCH start=19 best=9 compiles=185 (144.6s, 1 copies, 1 needed, R12 width t s32->s16 @3375)
    depth 1: 27 kept of the scored, best 8 (R5 swap | @3131) · 49 compiles
    depth 1: 31 kept of the scored, best 30 (R9 swap-stmts @502) · 49 compiles
    depth 1: score 0 by R9 swap-stmts @4428
    depth 1: score 0 by R7 do-while @100
  ov_SC07_010__func_8017E0C0: MATCH start=4 best=0 compiles=39 (29.4s, 1 copies, 1 needed, R9 swap-stmts @4428)
  md_MAIN_022__func_800CB03C: MATCH start=10 best=0 compiles=14 (5.7s, 1 copies, 2 needed, R7 do-while @100)
    depth 2: 51 kept of the scored, best 16 (R7 block @338 + R10 param-copy arg0 @300) · 136 compiles
  resident__func_800D02D0: NO-MATCH start=16 best=16 compiles=136 (78.0s, 1 copies, 1 needed)
    depth 1: score 0 by R9 swap-stmts @220
  md_MAIN_031__func_800CB288: MATCH start=8 best=0 compiles=15 (4.3s, 1 copies, 2 needed, R9 swap-stmts @220)
    depth 1: 26 kept of the scored, best 14 (R16 const-holder id=0x4B x1) · 49 compiles
    depth 1: 17 kept of the scored, best 11 (R8 temp tmp0 @5648) · 49 compiles
    depth 2: 45 kept of the scored, best 3 (R12 width base s32->u16 @6748 + R18 bystander @6753->6751) · 83 compiles
    depth 1: 22 kept of the scored, best 5 (R7 do-while @203) · 25 compiles
  ov_SC07_007__func_8018122C: NO-MATCH start=7 best=3 compiles=83 (51.3s, 1 copies, 1 needed, R12 width base s32->u16 @6748 + R18 bystander @6753->6751)
    depth 2: 34 kept of the scored, best 2 (R7 do-while @5007 + R4 decl-move a0v 1->0) · 111 compiles
    depth 1: 10 kept of the scored, best 10 (R18 bystander @4300->4298) · 49 compiles
  ov_SC07_002__func_80180BEC: NO-MATCH start=6 best=2 compiles=111 (97.8s, 1 copies, 1 needed, R7 do-while @5007)
    depth 1: 19 kept of the scored, best 14 (R9 swap-stmts @832) · 49 compiles
    depth 1: 32 kept of the scored, best 14 (R12 width t s32->s16 @1032) · 49 compiles
    depth 1: 27 kept of the scored, best 7 (R12 width res s32->u16 @6675) · 29 compiles
    depth 2: 72 kept of the scored, best 9 (R12 width v1 u8->s32 @4062 + R16 const-holder num=0x3938700 x1) · 186 compiles
  main__func_8003A234: NO-MATCH start=9 best=9 compiles=186 (124.8s, 1 copies, 2 needed)
    depth 2: 53 kept of the scored, best 24 (R6 inline a0_ @3257 + R2 decl-order 1,0) · 190 compiles
  md_SC07_004__func_801A4ACC: NO-MATCH start=54 best=24 compiles=190 (182.9s, 1 copies, 2 needed, R6 inline a0_ @3257)
    depth 2: 35 kept of the scored, best 5 (R7 do-while @203 + R18 bystander @204->206) · 84 compiles
  resident__func_800D0214: NO-MATCH start=17 best=5 compiles=84 (33.8s, 1 copies, 1 needed, R7 do-while @203)
    depth 2: 91 kept of the scored, best 7 (R7 do-while @7458 + R8 temp tmp0 @7460) · 188 compiles
  main__func_8003500C: NO-MATCH start=7 best=7 compiles=188 (151.0s, 1 copies, 2 needed)
    depth 2: 53 kept of the scored, best 2 (R12 width n s32->u16 @19580 + R2 decl-order 1,0) · 154 compiles
  main__func_80029D3C: NO-MATCH start=7 best=2 compiles=154 (190.3s, 1 copies, 2 needed, R12 width n s32->u16 @19580)
    depth 1: 29 kept of the scored, best 5 (R12 width sc s32->u8 @4515) · 49 compiles
    depth 2: 80 kept of the scored, best 27 (R9 swap-stmts @502 + R6 inline base @524) · 186 compiles
  md_MAIN_003__func_800CFB3C: NO-MATCH start=35 best=27 compiles=186 (87.4s, 1 copies, 2 needed, R9 swap-stmts @502 + R6 inline base @524)
    depth 2: 46 kept of the scored, best 2 (R18 bystander @5295->5299 + R8 temp tmp0 @5295) · 179 compiles
  ov_SC06_032__func_80185F4C: NO-MATCH start=5 best=2 compiles=179 (173.2s, 1 copies, 1 needed, R18 bystander @5295->5299)
    depth 1: 21 kept of the scored, best 3 (R12 width ret s32->u8 @153) · 49 compiles
    depth 1: 36 kept of the scored, best 11 (R12 width bVar1 s32->s16 @3931) · 49 compiles
    depth 2: 78 kept of the scored, best 14 (R16 const-holder id=0x4B x1 + R8 temp tmp0 @270) · 191 compiles
  md_MAIN_016__func_800CB458: NO-MATCH start=14 best=14 compiles=191 (80.2s, 1 copies, 2 needed)
    depth 1: 28 kept of the scored, best 19 (R12 width found s32->u16 @488) · 43 compiles
    depth 2: 51 kept of the scored, best 7 (R12 width res s32->u16 @6675 + R12 width s1 s32->u16 @6673) · 101 compiles
  ov_SC07_007__func_8018107C: NO-MATCH start=7 best=7 compiles=101 (79.9s, 1 copies, 1 needed)
    depth 2: 49 kept of the scored, best 14 (R9 swap-stmts @832 + R12 width a0p s32->u16 @816) · 188 compiles
  md_MAIN_027__func_800CC024: NO-MATCH start=18 best=14 compiles=188 (94.0s, 1 copies, 2 needed, R9 swap-stmts @832)
    depth 1: 17 kept of the scored, best 14 (R9 swap-stmts @2543) · 49 compiles
    depth 1: 28 kept of the scored, best 8 (R12 width t0 s32->u16 @5905) · 49 compiles
    depth 1: score 0 by R10 param-copy a0 @6040
  ov_SC07_007__func_8018044C: MATCH start=12 best=0 compiles=8 (14.4s, 1 copies, 1 needed, R10 param-copy a0 @6040)
    depth 2: 84 kept of the scored, best 5 (R12 width t s32->s16 @1032 + R6 inline y @1062) · 186 compiles
  md_MAIN_034__func_800CC4E8: NO-MATCH start=23 best=5 compiles=186 (103.4s, 1 copies, 2 needed, R12 width t s32->s16 @1032 + R6 inline y @1062)
    depth 2: 75 kept of the scored, best 2 (R5 swap | @3131 + R6 inline a0 @3128) · 187 compiles
  ov_SC06_018__func_80187DD0: NO-MATCH start=10 best=2 compiles=187 (148.7s, 1 copies, 1 needed, R5 swap | @3131 + R6 inline a0 @3128)
    depth 1: 22 kept of the scored, best 5 (R7 do-while @1365) · 49 compiles
    depth 1: 27 kept of the scored, best 8 (R5 swap | @2967) · 49 compiles
    depth 1: score 0 by R7 do-while @5670
  ov_SC07_007__func_8017FD2C: MATCH start=2 best=0 compiles=20 (10.4s, 1 copies, 1 needed, R7 do-while @5670)
    depth 1: 22 kept of the scored, best 5 (R7 do-while @1382) · 49 compiles
    depth 1: 16 kept of the scored, best 11 (R10 param-copy prim @18179) · 49 compiles
    depth 2: 43 kept of the scored, best 11 (R8 temp tmp0 @5648 + R8 temp tmp1 @5653) · 185 compiles
  ov_SC06_024__func_8018AE3C: NO-MATCH start=11 best=11 compiles=185 (150.6s, 1 copies, 1 needed)
    depth 2: 65 kept of the scored, best 4 (R9 swap-stmts @10302 + R7 do-while @10303) · 191 compiles
  ov_SC04_011__func_80187B40: NO-MATCH start=15 best=4 compiles=191 (226.1s, 1 copies, 1 needed, R7 do-while @10303)
    depth 1: 23 kept of the scored, best 5 (R7 do-while @1363) · 49 compiles
    depth 1: 22 kept of the scored, best 5 (R7 do-while @1319) · 49 compiles
    depth 2: 25 kept of the scored, best 10 (R18 bystander @4300->4298 + R7 block @4323) · 188 compiles
  ov_SC06_008__func_8017F624: NO-MATCH start=10 best=10 compiles=188 (153.5s, 1 copies, 1 needed)
    depth 2: 61 kept of the scored, best 3 (R12 width ret s32->u8 @153 + R2 decl-order 1,0) · 184 compiles
  md_MAIN_041__func_800CB118: NO-MATCH start=8 best=3 compiles=184 (101.9s, 1 copies, 2 needed, R12 width ret s32->u8 @153)
    depth 2: 70 kept of the scored, best 19 (R12 width found s32->u16 @488 + R7 block @497) · 151 compiles
  md_MAIN_046__func_800CD5CC: NO-MATCH start=19 best=19 compiles=151 (80.7s, 1 copies, 2 needed)
    depth 1: 17 kept of the scored, best 4 (R6 inline comp @5289) · 49 compiles
    depth 2: 103 kept of the scored, best 10 (R12 width bVar1 s32->s16 @3931 + R6 inline pbVar5 @3954) · 185 compiles
  main__func_80039F50: NO-MATCH start=34 best=10 compiles=185 (116.9s, 1 copies, 2 needed, R12 width bVar1 s32->s16 @3931 + R6 inline pbVar5 @3954)
    depth 1: 37 kept of the scored, best 14 (R12 width t2 s32->u16 @388) · 49 compiles
    depth 1: 18 kept of the scored, best 19 (R14 param-width param_1 s32->u16 @5406) · 49 compiles
    depth 1: 26 kept of the scored, best 5 (R7 do-while @4265) · 49 compiles
    depth 1: 28 kept of the scored, best 12 (R12 width v0 s32->s16 @3388) · 49 compiles
    depth 2: 74 kept of the scored, best 5 (R12 width sc s32->u8 @4515 + R12 width ret s32->u16 @4510) · 187 compiles
  ov_SC07_002__func_8017FCA8: NO-MATCH start=28 best=5 compiles=187 (150.8s, 1 copies, 1 needed, R12 width sc s32->u8 @4515)
    depth 1: 27 kept of the scored, best 7 (R9 swap-stmts @9887) · 49 compiles
    depth 2: 62 kept of the scored, best 2 (R7 do-while @1365 + R6 inline v @1364) · 187 compiles
  md_SC03_076__func_801F1520: NO-MATCH start=8 best=2 compiles=187 (118.6s, 1 copies, 2 needed, R7 do-while @1365 + R6 inline v @1364)
    depth 1: 38 kept of the scored, best 20 (R6 inline v0 @2912) · 49 compiles
    depth 2: 62 kept of the scored, best 2 (R7 do-while @1382 + R6 inline v @1381) · 187 compiles
  md_SC03_135__func_801E46A0: NO-MATCH start=8 best=2 compiles=187 (107.5s, 1 copies, 2 needed, R7 do-while @1382 + R6 inline v @1381)
    depth 2: 74 kept of the scored, best 7 (R12 width t0 s32->u16 @5905 + R6 inline a1 @5940) · 183 compiles
  main__func_800335B8: NO-MATCH start=8 best=7 compiles=183 (152.1s, 1 copies, 2 needed, R12 width t0 s32->u16 @5905 + R6 inline a1 @5940)
    depth 2: 62 kept of the scored, best 2 (R7 do-while @1319 + R6 inline v @1318) · 187 compiles
    depth 2: 66 kept of the scored, best 2 (R7 do-while @1363 + R6 inline v @1362) · 187 compiles
  md_SC05_026__func_801EFA40: NO-MATCH start=8 best=2 compiles=187 (102.5s, 1 copies, 2 needed, R7 do-while @1319 + R6 inline v @1318)
  md_SC04_027__func_801E9BE0: NO-MATCH start=8 best=2 compiles=187 (102.7s, 1 copies, 2 needed, R7 do-while @1363 + R6 inline v @1362)
  ov_SC02_004__func_8017DA30: UNSTRIPPABLE — [('launder', 4043, 'launder with 3 outputs')]
    depth 1: 22 kept of the scored, best 25 (R12 width flag4 s32->u16 @4228) · 49 compiles
    depth 1: 19 kept of the scored, best 10 (R14 param-width arg0 s32->s16 @3248) · 49 compiles
    depth 1: 22 kept of the scored, best 25 (R12 width flag4 s32->u16 @4167) · 49 compiles
    depth 2: 46 kept of the scored, best 6 (R9 swap-stmts @2543 + R12 width mag s32->u16 @2511) · 185 compiles
  md_SC07_004__func_801A3B18: NO-MATCH start=23 best=6 compiles=185 (198.6s, 1 copies, 1 needed, R9 swap-stmts @2543 + R12 width mag s32->u16 @2511)
    depth 2: 101 kept of the scored, best 14 (R12 width t2 s32->u16 @388 + R6 inline flg @430) · 186 compiles
  md_SC05_026__func_801F0C4C: NO-MATCH start=14 best=14 compiles=186 (97.0s, 1 copies, 2 needed)
  ov_SC02_021__func_8017D81C: UNSTRIPPABLE — [('launder', 2963, 'launder with 2 outputs')]
    depth 1: 29 kept of the scored, best 26 (R9 swap-stmts @5745) · 47 compiles
    depth 1: 22 kept of the scored, best 2 (R7 do-while @1380) · 49 compiles
    depth 1: 22 kept of the scored, best 2 (R7 do-while @1380) · 49 compiles
    depth 2: 76 kept of the scored, best 1 (R7 do-while @4265 + R12 width flag4 s32->u16 @4239) · 186 compiles
  ov_SC01_005__func_8017E978: NO-MATCH start=29 best=1 compiles=186 (105.4s, 1 copies, 2 needed, R7 do-while @4265 + R12 width flag4 s32->u16 @4239)
    depth 2: 75 kept of the scored, best 2 (R5 swap | @2967 + R6 inline a0 @2964) · 187 compiles
  ov_SC06_032__func_80182B74: NO-MATCH start=10 best=2 compiles=187 (184.0s, 1 copies, 1 needed, R5 swap | @2967 + R6 inline a0 @2964)
    depth 2: 39 kept of the scored, best 4 (R6 inline comp @5289 + R7 block @5279) · 183 compiles
  ov_SC07_007__func_8017F584: NO-MATCH start=13 best=4 compiles=183 (131.9s, 1 copies, 1 needed, R6 inline comp @5289)
    depth 1: 23 kept of the scored, best 25 (R12 width flag4 s32->u16 @3913) · 49 compiles
    depth 1: score 0 by R12 width d s32->s16 @3628
  ov_SC03_029__func_8017F760: MATCH start=9 best=0 compiles=12 (5.2s, 1 copies, 2 needed, R12 width d s32->s16 @3628)
    depth 1: score 0 by R12 width lim s32->s16 @2951
  ov_SC03_099__func_8017D2AC: MATCH start=6 best=0 compiles=11 (6.5s, 1 copies, 2 needed, R12 width lim s32->s16 @2951)
    depth 1: 19 kept of the scored, best 14 (R7 block @3983) · 49 compiles
    depth 1: 28 kept of the scored, best 2 (R10 param-alias s1->param_1 @3345) · 49 compiles
    depth 2: 42 kept of the scored, best 11 (R14 param-width param_1 s32->u16 @5406 + R6 inline dest @5425) · 187 compiles
  ov_SC06_024__func_8018A950: NO-MATCH start=32 best=11 compiles=187 (144.8s, 1 copies, 1 needed, R14 param-width param_1 s32->u16 @5406 + R6 inline dest @5425)
    depth 2: 107 kept of the scored, best 20 (R8 temp tmp0 @2912 + R6 inline v0 @2914) · 189 compiles
    depth 1: 28 kept of the scored, best 7 (R8 temp tmp0 @2398) · 49 compiles
  main__func_80038958: NO-MATCH start=37 best=20 compiles=189 (129.8s, 1 copies, 2 needed, R6 inline v0 @2912)
    depth 2: score 0 by R10 param-alias s1->param_1 @3345 + R9 swap-stmts @3346
  ov_SC03_003__func_8017BEF8: MATCH start=11 best=0 compiles=65 (46.9s, 1 copies, 2 needed, R10 param-alias s1->param_1 @3345 + R9 swap-stmts @3346)
    depth 2: 62 kept of the scored, best 25 (R12 width flag4 s32->u16 @4228 + R18 bystander @4233->4236) · 184 compiles
  ov_SC01_008__func_8017E30C: NO-MATCH start=29 best=25 compiles=184 (104.0s, 1 copies, 2 needed, R12 width flag4 s32->u16 @4228)
    depth 2: 42 kept of the scored, best 11 (R8 hoist tmp0 @18238 + R10 param-copy prim @18180) · 189 compiles
  main__func_800279AC: NO-MATCH start=26 best=11 compiles=189 (237.5s, 1 copies, 2 needed, R10 param-copy prim @18179)
    depth 2: 73 kept of the scored, best 10 (R12 width v1 s32->u8 @3388 + R6 inline v1 @3414) · 187 compiles
  ov_SC06_008__func_8017E204: NO-MATCH start=12 best=10 compiles=187 (160.0s, 1 copies, 1 needed, R12 width v1 s32->u8 @3388 + R6 inline v1 @3414)
    depth 2: 62 kept of the scored, best 25 (R12 width flag4 s32->u16 @4167 + R18 bystander @4172->4175) · 184 compiles
  ov_SC01_009__func_8017E1AC: NO-MATCH start=29 best=25 compiles=184 (98.1s, 1 copies, 2 needed, R12 width flag4 s32->u16 @4167)
    depth 1: 17 kept of the scored, best 4 (R8 temp tmp0 @3993) · 36 compiles
    depth 2: 58 kept of the scored, best 2 (R9 swap-stmts @1395 + R7 do-while @1397) · 190 compiles
    depth 2: 58 kept of the scored, best 2 (R9 swap-stmts @1395 + R7 do-while @1397) · 190 compiles
  ov_SC01_084__func_8013D53C: NO-MATCH start=6 best=2 compiles=190 (100.8s, 1 copies, 2 needed, R7 do-while @1380)
  ov_SC02_005__func_8013D53C: NO-MATCH start=6 best=2 compiles=190 (101.0s, 1 copies, 2 needed, R7 do-while @1380)
    depth 1: 29 kept of the scored, best 13 (R12 width d s32->u16 @3272) · 42 compiles
    depth 1: 36 kept of the scored, best 21 (R9 swap-stmts @2817) · 49 compiles
    depth 1: 44 kept of the scored, best 3 (R18 bystander @4335->4333) · 49 compiles
    depth 1: 27 kept of the scored, best 8 (R5 swap | @3775) · 49 compiles
    depth 1: 23 kept of the scored, best 25 (R12 width flag4 s32->u16 @3777) · 49 compiles
    depth 2: 74 kept of the scored, best 22 (R7 do-while @5737 + R7 do-while @5758) · 168 compiles
  main__func_8003324C: NO-MATCH start=26 best=22 compiles=168 (121.4s, 1 copies, 2 needed, R7 do-while @5737 + R7 do-while @5758)
    depth 1: 43 kept of the scored, best 3 (R18 bystander @7494->7492) · 49 compiles
    depth 2: 50 kept of the scored, best 10 (R14 param-width arg0 s32->s16 @3248 + R9 swap-stmts @3259) · 184 compiles
  ov_SC07_002__func_8017E1E8: NO-MATCH start=10 best=10 compiles=184 (160.8s, 1 copies, 1 needed)
    depth 2: 65 kept of the scored, best 25 (R12 width flag4 s32->u16 @3913 + R18 bystander @3918->3921) · 184 compiles
  ov_SC03_001__func_8018B478: NO-MATCH start=29 best=25 compiles=184 (95.1s, 1 copies, 2 needed, R12 width flag4 s32->u16 @3913)
    depth 1: 23 kept of the scored, best 25 (R12 width flag4 s32->u16 @3851) · 49 compiles
    depth 2: 75 kept of the scored, best 7 (R9 swap-stmts @9887 + R7 block @9881) · 188 compiles
  ov_SC04_011__func_801873F8: NO-MATCH start=7 best=7 compiles=188 (209.3s, 1 copies, 1 needed)
    depth 1: 44 kept of the scored, best 3 (R18 bystander @4226->4224) · 49 compiles
    depth 1: 36 kept of the scored, best 50 (R7 do-while @18046) · 49 compiles
    depth 2: 49 kept of the scored, best 14 (R7 block @3983 + R6 inline fire @4048) · 188 compiles
  ov_SC03_002__func_8017C9BC: NO-MATCH start=14 best=14 compiles=188 (108.0s, 1 copies, 2 needed)
    depth 1: 22 kept of the scored, best 2 (R7 do-while @1377) · 49 compiles
    depth 1: 23 kept of the scored, best 25 (R12 width flag4 s32->u16 @3775) · 49 compiles
    depth 1: 15 kept of the scored, best 15 (R8 hoist tmp0 @4002) · 49 compiles
    depth 2: 48 kept of the scored, best 4 (R8 temp tmp0 @3993 + R12 width tmp0 u16->u8 @3993) · 139 compiles
  ov_SC03_104__func_80181B14: NO-MATCH start=4 best=4 compiles=139 (103.2s, 1 copies, 2 needed)
    depth 2: 78 kept of the scored, best 13 (R12 width d s32->u16 @3272 + R7 block @3281) · 164 compiles
  ov_SC03_124__func_80182420: NO-MATCH start=15 best=13 compiles=164 (101.2s, 1 copies, 2 needed, R12 width d s32->u16 @3272)
    depth 2: 65 kept of the scored, best 25 (R12 width flag4 s32->u16 @3777 + R18 bystander @3782->3785) · 184 compiles
  ov_SC03_124__func_801880E0: NO-MATCH start=29 best=25 compiles=184 (95.8s, 1 copies, 2 needed, R12 width flag4 s32->u16 @3777)
    depth 1: 16 kept of the scored, best 4 (R7 do-while @9643) · 49 compiles
    depth 2: 92 kept of the scored, best 21 (R9 swap-stmts @2817 + R18 bystander @2808->2806) · 180 compiles
  main__func_80038838: NO-MATCH start=21 best=21 compiles=180 (118.8s, 1 copies, 2 needed)
    depth 2: 82 kept of the scored, best 3 (R18 bystander @4335->4333 + R8 temp tmp0 @4331) · 178 compiles
  ov_SC03_115__func_8017E8D0: NO-MATCH start=30 best=3 compiles=178 (108.7s, 1 copies, 2 needed, R18 bystander @4335->4333)
    depth 2: 65 kept of the scored, best 25 (R12 width flag4 s32->u16 @3851 + R18 bystander @3856->3859) · 184 compiles
  ov_SC04_018__func_801889B8: NO-MATCH start=29 best=25 compiles=184 (92.9s, 1 copies, 2 needed, R12 width flag4 s32->u16 @3851)
    depth 1: 20 kept of the scored, best 14 (R9 swap-stmts @2683) · 28 compiles
    depth 2: 65 kept of the scored, best 25 (R12 width flag4 s32->u16 @3775 + R18 bystander @3780->3783) · 184 compiles
  ov_SC05_017__func_801886B8: NO-MATCH start=29 best=25 compiles=184 (79.5s, 1 copies, 2 needed, R12 width flag4 s32->u16 @3775)
    depth 2: 58 kept of the scored, best 2 (R9 swap-stmts @1392 + R7 do-while @1394) · 190 compiles
  ov_SC05_008__func_8013D53C: NO-MATCH start=6 best=2 compiles=190 (82.7s, 1 copies, 2 needed, R7 do-while @1377)
    depth 2: 82 kept of the scored, best 3 (R18 bystander @4226->4224 + R8 temp tmp0 @4222) · 178 compiles
  ov_SC05_007__func_8017EE80: NO-MATCH start=30 best=3 compiles=178 (99.8s, 1 copies, 2 needed, R18 bystander @4226->4224)
    depth 2: 69 kept of the scored, best 7 (R8 temp tmp0 @2398 + R6 inline tmp0 @2399) · 190 compiles
  md_SC07_004__func_801A395C: NO-MATCH start=7 best=7 compiles=190 (178.5s, 1 copies, 2 needed)
    depth 2: 75 kept of the scored, best 2 (R5 swap | @3775 + R6 inline a0 @3772) · 187 compiles
  ov_SC06_024__func_8018833C: NO-MATCH start=10 best=2 compiles=187 (146.2s, 1 copies, 1 needed, R5 swap | @3775 + R6 inline a0 @3772)
    depth 2: 76 kept of the scored, best 3 (R18 bystander @7494->7492 + R8 temp tmp0 @7493) · 178 compiles
  ov_SC03_107__func_8017E7C0: NO-MATCH start=30 best=3 compiles=178 (124.8s, 1 copies, 2 needed, R18 bystander @7494->7492)
    depth 2: 53 kept of the scored, best 14 (R9 swap-stmts @2683 + R14 param-width a0 s16->s32 @2672) · 102 compiles
  main__func_800385C0: NO-MATCH start=15 best=14 compiles=102 (21.1s, 1 copies, 2 needed, R9 swap-stmts @2683)
    depth 2: 46 kept of the scored, best 13 (R8 hoist tmp0 @3985 + R5 swap + @3987) · 192 compiles
  main__func_800314DC: NO-MATCH start=15 best=13 compiles=192 (101.3s, 1 copies, 2 needed, R8 hoist tmp0 @3985 + R5 swap + @3987)
    depth 1: 28 kept of the scored, best 2 (R12 width y s32->u16 @2333) · 49 compiles
    depth 2: score 0 by R12 width y s32->u16 @2333 + R9 swap-stmts @2338
  md_SC07_004__func_801A3798: MATCH start=33 best=0 compiles=51 (23.0s, 1 copies, 2 needed, R12 width y s32->u16 @2333 + R9 swap-stmts @2338)
    depth 1: 21 kept of the scored, best 21 (R14 param-width entry int->u16 @3064) · 49 compiles
    depth 1: 37 kept of the scored, best 9 (R6 inline a @2186) · 49 compiles
    depth 2: 98 kept of the scored, best 49 (R7 do-while @18046 + R7 do-while @18045) · 189 compiles
  main__func_800277DC: NO-MATCH start=51 best=49 compiles=189 (162.5s, 1 copies, 2 needed, R7 do-while @18046 + R7 do-while @18045)
    depth 2: 43 kept of the scored, best 4 (R7 do-while @9643 + R3 init-split s0) · 190 compiles
  ov_SC04_011__func_80186F44: NO-MATCH start=19 best=4 compiles=190 (134.6s, 1 copies, 2 needed, R7 do-while @9643)
    depth 2: 53 kept of the scored, best 17 (R14 param-width entry int->u16 @3064 + R8 base-shared tmp0 @3090) · 188 compiles
  main__func_800301C8: NO-MATCH start=25 best=17 compiles=188 (44.0s, 1 copies, 2 needed, R14 param-width entry int->u16 @3064 + R8 base-shared tmp0 @3090)
    depth 1: score 0 by R6 inline v0 @2106
  main__func_8002F064: MATCH start=28 best=0 compiles=22 (6.0s, 1 copies, 2 needed, R6 inline v0 @2106)
    depth 1: 11 kept of the scored, best 33 (R7 block @16186) · 49 compiles
    depth 1: score 0 by R7 do-while @9083
  ov_SC04_011__func_801863D4: MATCH start=4 best=0 compiles=27 (15.8s, 1 copies, 1 needed, R7 do-while @9083)
    depth 1: score 0 by R6 inline v0 @2070
  main__func_8002EFF8: MATCH start=30 best=0 compiles=35 (12.2s, 1 copies, 2 needed, R6 inline v0 @2070)
    depth 1: score 0 by R12 width s1 s32->u16 @9026
  ov_SC04_011__func_80186300: MATCH start=2 best=0 compiles=8 (7.9s, 1 copies, 1 needed, R12 width s1 s32->u16 @9026)
    depth 1: 24 kept of the scored, best 32 (R9 swap-stmts @681) · 49 compiles
    depth 2: 92 kept of the scored, best 7 (R6 inline a @2179 + R7 do-while @2186) · 188 compiles
  md_SC07_004__func_801A3594: NO-MATCH start=11 best=7 compiles=188 (87.3s, 1 copies, 2 needed, R6 inline a @2179 + R7 do-while @2186)
    depth 1: 34 kept of the scored, best 10 (R18 bystander @8914->8918) · 49 compiles
    depth 2: 68 kept of the scored, best 31 (R9 swap-stmts @681 + R18 bystander @707->705) · 188 compiles
  main__func_8002D320: NO-MATCH start=34 best=31 compiles=188 (55.7s, 1 copies, 2 needed, R9 swap-stmts @681 + R18 bystander @707->705)
    depth 2: 28 kept of the scored, best 33 (R7 block @16186 + R7 block @16145) · 189 compiles
  main__func_80025504: NO-MATCH start=33 best=33 compiles=189 (111.5s, 1 copies, 2 needed)
    depth 2: 72 kept of the scored, best 7 (R18 bystander @8914->8918 + R6 inline y @8918) · 188 compiles
  ov_SC04_011__func_80186020: NO-MATCH start=22 best=7 compiles=188 (94.3s, 1 copies, 1 needed, R18 bystander @8914->8918 + R6 inline y @8918)
    depth 1: score 0 by R18 bystander @8505->8508
  ov_SC04_011__func_80185648: MATCH start=8 best=0 compiles=7 (6.1s, 1 copies, 2 needed, R18 bystander @8505->8508)
    depth 1: 30 kept of the scored, best 6 (R12 width addr2 s32->u16 @12728) · 49 compiles
    depth 1: 27 kept of the scored, best 6 (R8 temp tmp0 @8361) · 43 compiles
    depth 2: 76 kept of the scored, best 6 (R8 temp tmp0 @8361 + R6 inline tmp0 @8362) · 161 compiles
  ov_SC04_011__func_80185214: NO-MATCH start=6 best=6 compiles=161 (72.0s, 1 copies, 1 needed)
    depth 2: 76 kept of the scored, best 6 (R12 width addr2 s32->u16 @12728 + R6 inline p0 @12735) · 192 compiles
  main__func_80020DA4: NO-MATCH start=28 best=6 compiles=192 (101.2s, 1 copies, 2 needed, R12 width addr2 s32->u16 @12728)
    depth 1: 28 kept of the scored, best 9 (R12 width obj s32->u16 @8222) · 49 compiles
    depth 1: 33 kept of the scored, best 11 (R12 width obj s32->s16 @9391) · 49 compiles
    depth 2: 75 kept of the scored, best 9 (R12 width obj s32->u16 @8222 + R4 decl-move obj 1->0) · 184 compiles
  ov_SC04_011__func_80184DB8: NO-MATCH start=9 best=9 compiles=184 (81.5s, 1 copies, 1 needed)
    depth 2: 70 kept of the scored, best 11 (R12 width obj s32->s16 @9391 + R14 param-width a0 s32->s16 @9376) · 184 compiles
  main__func_8001C5B8: NO-MATCH start=24 best=11 compiles=184 (92.8s, 1 copies, 2 needed, R12 width obj s32->s16 @9391)
    depth 1: 30 kept of the scored, best 4 (R6 inline off @8137) · 49 compiles
    depth 1: 34 kept of the scored, best 11 (R12 width obj s32->s16 @9275) · 49 compiles
    depth 2: score 0 by R7 do-while @8118 + R12 width off s32->s16 @8115
  ov_SC04_011__func_80184BAC: MATCH start=17 best=0 compiles=131 (59.5s, 1 copies, 1 needed, R7 do-while @8118 + R12 width off s32->s16 @8115)
    depth 1: 35 kept of the scored, best 14 (R6 inline base @7928) · 49 compiles
    depth 2: 78 kept of the scored, best 10 (R12 width obj s32->u16 @9275 + R9 swap-stmts @9281) · 184 compiles
  main__func_8001C320: NO-MATCH start=24 best=10 compiles=184 (94.3s, 1 copies, 2 needed, R12 width obj s32->u16 @9275 + R9 swap-stmts @9281)
    depth 1: 31 kept of the scored, best 4 (R18 bystander @7255->7259) · 49 compiles
    depth 2: 86 kept of the scored, best 13 (R6 inline base @7928 + R18 bystander @7926->7931) · 187 compiles
  ov_SC04_011__func_8018489C: NO-MATCH start=19 best=13 compiles=187 (82.1s, 1 copies, 2 needed, R6 inline base @7928 + R18 bystander @7926->7931)
    depth 1: 22 kept of the scored, best 8 (R18 bystander @7476->7480) · 49 compiles
    depth 2: 78 kept of the scored, best 4 (R18 bystander @7255->7259 + R18 bystander @7255->7258) · 178 compiles
  main__func_8001A114: NO-MATCH start=4 best=4 compiles=178 (88.2s, 1 copies, 2 needed)
    depth 1: 23 kept of the scored, best 8 (R12 width t s32->u16 @3929) · 26 compiles
    depth 2: 57 kept of the scored, best 8 (R18 bystander @7476->7480 + R7 block @7481) · 189 compiles
  ov_SC04_011__func_80183F10: NO-MATCH start=11 best=8 compiles=189 (83.6s, 1 copies, 1 needed, R18 bystander @7476->7480)
    depth 2: 46 kept of the scored, best 8 (R12 width t s32->u16 @3929 + R14 param-width arg0 s32->s16 @3928) · 86 compiles
  main__func_800168C4: NO-MATCH start=17 best=8 compiles=86 (45.1s, 1 copies, 2 needed, R12 width t s32->u16 @3929)
    depth 1: 28 kept of the scored, best 3 (R9 swap-stmts @7410) · 49 compiles
    depth 1: 21 kept of the scored, best 6 (R9 swap-stmts @3765) · 29 compiles
    depth 2: 51 kept of the scored, best 6 (R9 swap-stmts @3765 + R12 width v1 s32->u16 @3755) · 98 compiles
  main__func_800166E8: NO-MATCH start=6 best=6 compiles=98 (51.0s, 1 copies, 2 needed)
    depth 2: 80 kept of the scored, best 2 (R7 do-while @7410 + R9 swap-stmts @7411) · 188 compiles
  ov_SC04_011__func_80183E20: NO-MATCH start=5 best=2 compiles=188 (82.5s, 1 copies, 1 needed, R7 do-while @7410 + R9 swap-stmts @7411)
    depth 1: 30 kept of the scored, best 8 (R7 do-while @1006) · 49 compiles
    depth 1: 26 kept of the scored, best 13 (R12 width t16 s16->u8 @7065) · 49 compiles
    depth 2: 67 kept of the scored, best 12 (R12 width t16 s16->u8 @7065 + R9 swap-stmts @7090) · 182 compiles
  ov_SC04_011__func_801836D4: NO-MATCH start=14 best=12 compiles=182 (80.3s, 1 copies, 2 needed, R12 width t16 s16->u8 @7065 + R9 swap-stmts @7090)
    depth 2: 94 kept of the scored, best 4 (R7 do-while @1006 + R6 inline v1 @1002) · 192 compiles
  main__func_80013694: NO-MATCH start=9 best=4 compiles=192 (97.1s, 1 copies, 2 needed, R7 do-while @1006 + R6 inline v1 @1002)
    depth 1: 12 kept of the scored, best 5 (R18 bystander @6911->6913) · 49 compiles
    depth 2: 31 kept of the scored, best 5 (R18 bystander @6911->6913 + R9 swap-stmts @6904) · 185 compiles
  ov_SC04_011__func_801833D4: NO-MATCH start=5 best=5 compiles=185 (76.5s, 1 copies, 1 needed)
    depth 1: 31 kept of the scored, best 2 (R12 width v1 s32->u16 @6706) · 49 compiles
    depth 2: 88 kept of the scored, best 2 (R12 width v1 s32->u16 @6706 + R4 decl-move v1 2->0) · 186 compiles
  ov_SC04_011__func_8018315C: NO-MATCH start=5 best=2 compiles=186 (77.8s, 1 copies, 2 needed, R12 width v1 s32->u16 @6706)
    depth 1: 24 kept of the scored, best 7 (R9 swap-stmts @6378) · 49 compiles
    depth 2: 62 kept of the scored, best 6 (R6 inline off @6376 + R7 do-while @6377) · 189 compiles
  ov_SC04_011__func_80182BBC: NO-MATCH start=7 best=6 compiles=189 (79.7s, 1 copies, 2 needed, R6 inline off @6376 + R7 do-while @6377)
    depth 1: 28 kept of the scored, best 4 (R6 inline v0 @5823) · 49 compiles
    depth 2: score 0 by R6 inline v0 @5823 + R15 sink @5821 (v0)
  ov_SC04_011__func_8018214C: MATCH start=9 best=0 compiles=50 (23.2s, 1 copies, 2 needed, R6 inline v0 @5823 + R15 sink @5821 (v0))
    depth 1: 25 kept of the scored, best 34 (R6 inline sym @3174) · 49 compiles
    depth 2: 79 kept of the scored, best 27 (R6 inline sym @3174 + R7 do-while @3177) · 190 compiles
  ov_SC04_011__func_8017E558: NO-MATCH start=53 best=27 compiles=190 (79.5s, 1 copies, 2 needed, R6 inline sym @3174 + R7 do-while @3177)
    depth 1: 24 kept of the scored, best 16 (R18 bystander @23->21) · 49 compiles
    depth 2: 62 kept of the scored, best 16 (R18 bystander @23->21 + R9 swap-stmts @21) · 184 compiles
  ov_MAIN_012__func_8012944C: NO-MATCH start=19 best=16 compiles=184 (38.8s, 1 copies, 1 needed, R18 bystander @23->21)
    depth 1: 20 kept of the scored, best 6 (R12 width v0 int->u16 @6) · 49 compiles
    depth 2: 56 kept of the scored, best 6 (R12 width v0 int->u16 @6 + R12 width v0 u16->s32 @6) · 183 compiles
  ov_MAIN_012__func_8012A860: NO-MATCH start=6 best=6 compiles=183 (38.7s, 1 copies, 1 needed)
    depth 1: 17 kept of the scored, best 9 (R12 width v1 s32->u16 @5) · 41 compiles
    depth 2: 42 kept of the scored, best 9 (R12 width v1 s32->u16 @5 + R4 decl-move v0 0->1) · 149 compiles
  ov_MAIN_012__func_8012CB64: NO-MATCH start=9 best=9 compiles=149 (31.5s, 1 copies, 1 needed)
    depth 1: 12 kept of the scored, best 16 (R10 param-copy param_1 @9) · 23 compiles
    depth 2: 41 kept of the scored, best 16 (R10 param-copy param_2 @9 + R10 param-copy param_1 @10) · 96 compiles
  ov_MAIN_012__func_8012F40C: NO-MATCH start=16 best=16 compiles=96 (20.4s, 1 copies, 1 needed)
    depth 1: 18 kept of the scored, best 10 (R12 width m s32->u16 @12) · 49 compiles
    depth 2: 45 kept of the scored, best 10 (R12 width m s32->u16 @12 + R8 temp tmp0 @14) · 185 compiles
  ov_MAIN_012__func_8012F49C: NO-MATCH start=10 best=10 compiles=185 (39.1s, 1 copies, 1 needed)
    depth 1: score 0 by R7 do-while @12
  ov_MAIN_012__func_8012F568: MATCH start=20 best=0 compiles=38 (73.2s, 1 copies, 1 needed, R7 do-while @12)
    depth 1: 9 kept of the scored, best 2 (R7 block @12) · 20 compiles
    depth 2: 24 kept of the scored, best 2 (R7 block @12 + R10 param-copy param_1 @11) · 76 compiles
  ov_MAIN_012__func_80130514: NO-MATCH start=2 best=2 compiles=76 (16.2s, 1 copies, 1 needed)
    depth 1: 16 kept of the scored, best 10 (R12 width k s32->u16 @6) · 24 compiles
    depth 2: 31 kept of the scored, best 10 (R12 width k s32->u16 @6 + R7 block @21) · 75 compiles
  ov_MAIN_012__func_80131CF4: NO-MATCH start=10 best=10 compiles=75 (9.2s, 1 copies, 1 needed)
    depth 1: score 0 by R12 width v1 s32->u16 @6
  ov_MAIN_012__func_80137614: MATCH start=4 best=0 compiles=5 (20.4s, 1 copies, 1 needed, R12 width v1 s32->u16 @6)
    depth 1: score 0 by R7 do-while @44
  ov_MAIN_012__func_80137FD8: MATCH start=9 best=0 compiles=42 (22.9s, 1 copies, 1 needed, R7 do-while @44)
    depth 1: 25 kept of the scored, best 8 (R18 bystander @17->15) · 36 compiles
    depth 2: 62 kept of the scored, best 8 (R18 bystander @17->15 + R8 temp tmp0 @11) · 133 compiles
  ov_MAIN_012__func_8013A2BC: NO-MATCH start=12 best=8 compiles=133 (13.0s, 1 copies, 1 needed, R18 bystander @17->15)
    depth 1: 8 kept of the scored, best 9 (R12 width uVar2 s32->u16 @11) · 21 compiles
    depth 2: 24 kept of the scored, best 9 (R12 width uVar2 s32->u16 @11 + R12 width iVar1 s32->s16 @10) · 72 compiles
  ov_MAIN_012__func_8013E448: NO-MATCH start=9 best=9 compiles=72 (5.3s, 1 copies, 1 needed)
    depth 1: 6 kept of the scored, best 4 (R7 block @11) · 7 compiles
    depth 2: 10 kept of the scored, best 4 (R7 block @11 + R7 block @17) · 17 compiles
  ov_MAIN_012__func_8013F1BC: NO-MATCH start=4 best=4 compiles=17 (1.3s, 1 copies, 1 needed)
    depth 1: score 0 by R12 width cVar2 s32->u8 @10
  ov_MAIN_012__func_801416D4: MATCH start=11 best=0 compiles=35 (35.1s, 1 copies, 1 needed, R12 width cVar2 s32->u8 @10)
    depth 1: score 0 by R10 param-copy param_1 @13
  ov_MAIN_012__func_801446A4: MATCH start=8 best=0 compiles=9 (31.4s, 1 copies, 1 needed, R10 param-copy param_1 @13)
    depth 1: 32 kept of the scored, best 6 (R12 width a1 s32->u16 @6) · 49 compiles
    depth 2: 82 kept of the scored, best 6 (R12 width a1 s32->u16 @6 + R4 decl-move v1 1->0) · 184 compiles
  ov_MAIN_012__func_80145C54: NO-MATCH start=10 best=6 compiles=184 (60.4s, 1 copies, 1 needed, R12 width a1 s32->u16 @6)
    depth 1: 26 kept of the scored, best 2 (R9 swap-stmts @17) · 49 compiles
    depth 2: 62 kept of the scored, best 2 (R9 swap-stmts @17 + R18 bystander @19->17) · 175 compiles
  ov_MAIN_012__func_80146750: NO-MATCH start=3 best=2 compiles=175 (57.5s, 1 copies, 1 needed, R9 swap-stmts @17)
    depth 1: 22 kept of the scored, best 2 (R9 swap-stmts @15) · 49 compiles
    depth 2: 56 kept of the scored, best 2 (R9 swap-stmts @15 + R18 bystander @17->15) · 179 compiles
  ov_MAIN_012__func_8014680C: NO-MATCH start=3 best=2 compiles=179 (58.7s, 1 copies, 1 needed, R9 swap-stmts @15)
    depth 1: 22 kept of the scored, best 2 (R9 swap-stmts @11) · 49 compiles
    depth 2: 61 kept of the scored, best 2 (R18 bystander @16->19 + R18 bystander @19->16) · 181 compiles
  ov_MAIN_012__func_801468C8: NO-MATCH start=3 best=2 compiles=181 (59.5s, 1 copies, 1 needed, R9 swap-stmts @11)
    depth 1: 27 kept of the scored, best 23 (R9 swap-stmts @24) · 49 compiles
    depth 2: 79 kept of the scored, best 23 (R9 swap-stmts @24 + R9 swap-stmts @9) · 188 compiles
  ov_MAIN_012__func_80146AFC: NO-MATCH start=24 best=23 compiles=188 (61.7s, 1 copies, 1 needed, R9 swap-stmts @24)
    depth 1: 27 kept of the scored, best 23 (R9 swap-stmts @24) · 49 compiles
    depth 2: 79 kept of the scored, best 23 (R9 swap-stmts @24 + R9 swap-stmts @9) · 188 compiles
  ov_MAIN_012__func_80146B9C: NO-MATCH start=24 best=23 compiles=188 (61.6s, 1 copies, 1 needed, R9 swap-stmts @24)
    depth 1: 16 kept of the scored, best 10 (R5 swap * @74) · 49 compiles
    depth 2: score 0 by R8 temp tmp0 @74 + R7 do-while @37
  ov_MAIN_012__func_80148094: MATCH start=10 best=0 compiles=158 (138.2s, 1 copies, 1 needed, R8 temp tmp0 @74 + R7 do-while @37)
    depth 1: 9 kept of the scored, best 3 (R6 inline q @12) · 18 compiles
    depth 2: 24 kept of the scored, best 3 (R6 inline q @12 + R8 temp tmp0 @12) · 70 compiles
  ov_MAIN_012__func_80149374: NO-MATCH start=3 best=3 compiles=70 (22.8s, 1 copies, 1 needed)
    depth 1: 1 kept of the scored, best 14 (R10 param-copy a0 @10) · 2 compiles
    depth 2: 3 kept of the scored, best 14 (R10 param-copy a0 @10 + R7 block @11) · 6 compiles
  ov_MAIN_012__func_801497A8: NO-MATCH start=14 best=14 compiles=6 (2.3s, 1 copies, 1 needed)
    depth 1: 20 kept of the scored, best 18 (R9 swap-stmts @9) · 30 compiles
    depth 2: 45 kept of the scored, best 18 (R9 swap-stmts @9 + R12 width a0v s32->u16 @6) · 101 compiles
  ov_MAIN_012__func_8014A2E4: NO-MATCH start=20 best=18 compiles=101 (33.0s, 1 copies, 1 needed, R9 swap-stmts @9)
    depth 1: 18 kept of the scored, best 5 (R7 block @10) · 29 compiles
    depth 2: 52 kept of the scored, best 5 (R10 param-copy a0 @8 + R12 width a02 s32->u16 @8) · 111 compiles
  ov_MAIN_012__func_8014A59C: NO-MATCH start=5 best=5 compiles=111 (36.3s, 1 copies, 1 needed)
    depth 1: 30 kept of the scored, best 8 (R10 param-copy a @14) · 49 compiles
    depth 2: 80 kept of the scored, best 8 (R10 param-copy a @14 + R10 param-copy a @15) · 182 compiles
  ov_MAIN_012__func_8014C6F4: NO-MATCH start=8 best=8 compiles=182 (59.5s, 1 copies, 1 needed)
    depth 1: 24 kept of the scored, best 8 (R12 width iVar3 int->u16 @9) · 49 compiles
    depth 2: 45 kept of the scored, best 8 (R12 width iVar3 int->u16 @9 + R6 inline uVar2 @51) · 185 compiles
  ov_MAIN_012__func_8014CD80: NO-MATCH start=22 best=8 compiles=185 (59.9s, 1 copies, 1 needed, R12 width iVar3 int->u16 @9)
    depth 1: score 0 by R7 do-while @30
  ov_MAIN_012__func_8014E5B4: MATCH start=20 best=0 compiles=29 (95.6s, 1 copies, 1 needed, R7 do-while @30)
    depth 1: 26 kept of the scored, best 29 (R18 bystander @22->20) · 46 compiles
    depth 2: 68 kept of the scored, best 28 (R18 bystander @22->20 + R7 do-while @13) · 170 compiles
  ov_MAIN_012__func_8014E83C: NO-MATCH start=32 best=28 compiles=170 (55.4s, 1 copies, 1 needed, R18 bystander @22->20 + R7 do-while @13)
    depth 1: 18 kept of the scored, best 7 (R9 swap-stmts @45) · 49 compiles
    depth 2: 50 kept of the scored, best 7 (R9 swap-stmts @45 + R8 temp tmp0 @23) · 190 compiles
  ov_MAIN_012__func_8014F74C: NO-MATCH start=9 best=7 compiles=190 (62.0s, 1 copies, 1 needed, R9 swap-stmts @45)
    depth 1: 15 kept of the scored, best 7 (R6 inline result @23) · 49 compiles
    depth 2: 51 kept of the scored, best 7 (R6 inline result @23 + R12 width result int->u16 @10) · 189 compiles
  ov_MAIN_012__func_8014FD54: NO-MATCH start=9 best=7 compiles=189 (61.7s, 1 copies, 1 needed, R6 inline result @23)
    depth 1: 24 kept of the scored, best 2 (R12 width a0v s32->u16 @4) · 49 compiles
    depth 2: 59 kept of the scored, best 2 (R12 width a0v s32->u16 @4 + R7 do-while @9) · 182 compiles
  ov_MAIN_012__func_80151664: NO-MATCH start=3 best=2 compiles=182 (59.5s, 1 copies, 1 needed, R12 width a0v s32->u16 @4)
    depth 1: 33 kept of the scored, best 3 (R6 inline fp @17) · 44 compiles
    depth 2: 96 kept of the scored, best 3 (R6 inline fp @17 + R6 inline cur @20) · 175 compiles
  ov_MAIN_012__func_80151780: NO-MATCH start=3 best=3 compiles=175 (57.2s, 1 copies, 1 needed)
    depth 1: score 0 by R15 sink @32 (uVar2)
  ov_MAIN_012__func_80151DB0: MATCH start=3 best=0 compiles=10 (89.5s, 1 copies, 1 needed, R15 sink @32 (uVar2))
    depth 1: 29 kept of the scored, best 11 (R6 inline r @39) · 49 compiles
    depth 2: 78 kept of the scored, best 11 (R6 inline r @39 + R6 inline q @28) · 185 compiles
  ov_MAIN_012__func_801536DC: NO-MATCH start=11 best=11 compiles=185 (60.4s, 1 copies, 1 needed)
    depth 1: score 0 by R12 width s2 s32->u16 @14
  ov_MAIN_012__func_80153800: MATCH start=7 best=0 compiles=25 (94.2s, 1 copies, 1 needed, R12 width s2 s32->u16 @14)
    depth 1: score 0 by R12 width uVar3 u32->u16 @26
  ov_MAIN_012__func_80153E00: MATCH start=17 best=0 compiles=49 (102.0s, 1 copies, 1 needed, R12 width uVar3 u32->u16 @26)
    depth 1: 5 kept of the scored, best 7 (R12 width v1 s32->u16 @11) · 15 compiles
    depth 2: 11 kept of the scored, best 7 (R12 width v1 s32->u16 @11 + R8 hoist tmp0 @25) · 55 compiles
  ov_MAIN_012__func_801564B0: NO-MATCH start=7 best=7 compiles=55 (6.3s, 1 copies, 1 needed)
    depth 1: 24 kept of the scored, best 8 (R8 temp tmp0 @43) · 49 compiles
    depth 2: 67 kept of the scored, best 8 (R8 temp tmp0 @43 + R12 width tmp0 u8->s32 @17) · 189 compiles
  ov_MAIN_012__func_801580B4: NO-MATCH start=8 best=8 compiles=189 (21.4s, 1 copies, 1 needed)
    depth 1: 23 kept of the scored, best 8 (R8 temp tmp0 @30) · 49 compiles
    depth 2: 60 kept of the scored, best 8 (R8 temp tmp0 @30 + R12 width tmp0 u8->s32 @13) · 178 compiles
  ov_MAIN_012__func_801581AC: NO-MATCH start=8 best=8 compiles=178 (20.2s, 1 copies, 1 needed)
    depth 1: score 0 by R12 width angle s32->s16 @18
  ov_MAIN_012__func_80160410: MATCH start=12 best=0 compiles=11 (85.5s, 1 copies, 1 needed, R12 width angle s32->s16 @18)
    depth 1: score 0 by R7 do-while @16
  ov_MAIN_012__func_801612B8: MATCH start=16 best=0 compiles=13 (85.9s, 1 copies, 1 needed, R7 do-while @16)
    depth 1: 16 kept of the scored, best 2 (R8 temp tmp0 @27) · 49 compiles
    depth 2: 46 kept of the scored, best 2 (R8 temp tmp0 @27 + R6 inline tmp0 @28) · 186 compiles
  ov_MAIN_012__func_8016432C: NO-MATCH start=2 best=2 compiles=186 (65.3s, 1 copies, 1 needed)
    depth 1: score 0 by R7 do-while @12
  ov_MAIN_012__func_80164D4C: MATCH start=11 best=0 compiles=21 (88.7s, 1 copies, 1 needed, R7 do-while @12)
    depth 1: 23 kept of the scored, best 2 (R8 temp tmp0 @53) · 49 compiles
    depth 2: 66 kept of the scored, best 2 (R8 temp tmp0 @53 + R12 width tmp0 u16->s16 @14) · 190 compiles
  ov_MAIN_012__func_80166438: NO-MATCH start=2 best=2 compiles=190 (66.8s, 1 copies, 1 needed)
    depth 1: 24 kept of the scored, best 1 (R12 width tmp int->u16 @13) · 49 compiles
    depth 2: score 0 by R12 width tmp int->u16 @13 + R12 width i int->u16 @12
  ov_SC01_000__func_80168BDC: MATCH start=17 best=0 compiles=79 (101.5s, 1 copies, 1 needed, R12 width tmp int->u16 @13 + R12 width i int->u16 @12)
    depth 1: 10 kept of the scored, best 4 (R12 width a0v s32->u16 @8) · 49 compiles
    depth 2: 19 kept of the scored, best 4 (R12 width a0v s32->u16 @8 + R7 block @16) · 184 compiles
  ov_MAIN_012__func_80169228: NO-MATCH start=4 best=4 compiles=184 (64.1s, 1 copies, 1 needed)
    depth 1: 31 kept of the scored, best 1 (R12 width s2 s32->u16 @11) · 49 compiles
    depth 2: 72 kept of the scored, best 1 (R12 width s2 s32->u16 @11 + R3 init-split s2) · 183 compiles
  ov_SC01_000__func_80169408: NO-MATCH start=10 best=1 compiles=183 (56.1s, 1 copies, 1 needed, R12 width s2 s32->u16 @11)
    depth 1: 21 kept of the scored, best 2 (R17 const-split @11->14 (2 into the 0 run)) · 49 compiles
    depth 2: 57 kept of the scored, best 2 (R17 const-split @11->14 (2 into the 0 run) + R17 const-split @52->55 (2 into the 0 run)) · 188 compiles
  ov_MAIN_012__func_80169584: NO-MATCH start=2 best=2 compiles=188 (65.8s, 1 copies, 1 needed)
    depth 1: score 0 by R10 param-alias s0->param_1 @17
  ov_MAIN_012__func_8016A08C: MATCH start=18 best=0 compiles=18 (87.7s, 1 copies, 1 needed, R10 param-alias s0->param_1 @17)
    depth 1: 27 kept of the scored, best 5 (R12 width iVar1 int->s16 @9) · 35 compiles
    depth 2: 68 kept of the scored, best 5 (R12 width iVar1 int->s16 @9 + R8 temp tmp0 @14) · 130 compiles
  ov_MAIN_012__func_8016A1CC: NO-MATCH start=10 best=5 compiles=130 (45.9s, 1 copies, 1 needed, R12 width iVar1 int->s16 @9)
    depth 1: score 0 by R7 do-while @34
  ov_MAIN_012__func_8016AA50: MATCH start=11 best=0 compiles=15 (86.5s, 1 copies, 1 needed, R7 do-while @34)
    depth 1: score 0 by R12 width a2p s32->u8 @9
  ov_MAIN_012__func_8017209C: MATCH start=4 best=0 compiles=39 (25.9s, 1 copies, 1 needed, R12 width a2p s32->u8 @9)
    depth 1: 20 kept of the scored, best 14 (R7 block @32) · 49 compiles
    depth 2: 66 kept of the scored, best 14 (R7 block @32 + R10 param-copy a0 @22) · 189 compiles
  ov_MAIN_012__func_80173CB4: NO-MATCH start=14 best=14 compiles=189 (33.2s, 1 copies, 1 needed)
    depth 1: score 0 by R9 swap-stmts @19
  ov_MAIN_012__func_801756E4: MATCH start=4 best=0 compiles=35 (42.0s, 1 copies, 1 needed, R9 swap-stmts @19)
    depth 1: 21 kept of the scored, best 13 (R18 bystander @14->19) · 49 compiles
    depth 2: 39 kept of the scored, best 13 (R18 bystander @14->19 + R8 temp tmp0 @16) · 179 compiles
  ov_MAIN_012__func_80175820: NO-MATCH start=30 best=13 compiles=179 (31.3s, 1 copies, 1 needed, R18 bystander @14->19)
    depth 1: 21 kept of the scored, best 13 (R18 bystander @14->19) · 49 compiles
    depth 2: 39 kept of the scored, best 13 (R18 bystander @14->19 + R8 temp tmp0 @16) · 179 compiles
  ov_MAIN_012__func_801758FC: NO-MATCH start=30 best=13 compiles=179 (31.2s, 1 copies, 1 needed, R18 bystander @14->19)
    depth 1: 19 kept of the scored, best 14 (R18 bystander @18->23) · 49 compiles
    depth 2: 42 kept of the scored, best 14 (R18 bystander @18->23 + R7 do-while @21) · 181 compiles
  ov_MAIN_012__func_801759D8: NO-MATCH start=23 best=14 compiles=181 (31.6s, 1 copies, 1 needed, R18 bystander @18->23)
    depth 1: score 0 by R7 do-while @16
  ov_MAIN_012__func_80176144: MATCH start=12 best=0 compiles=25 (40.1s, 1 copies, 1 needed, R7 do-while @16)
    depth 1: 21 kept of the scored, best 4 (R8 hoist tmp0 @14) · 44 compiles
    depth 2: 54 kept of the scored, best 4 (R8 hoist tmp0 @14 + R6 inline tmp0 @15) · 163 compiles
  ov_MAIN_012__func_80177AD4: NO-MATCH start=4 best=4 compiles=163 (28.5s, 1 copies, 1 needed)
    depth 1: score 0 by R7 do-while @31
  ov_MAIN_012__func_8017AD0C: MATCH start=7 best=0 compiles=41 (16.9s, 1 copies, 1 needed, R7 do-while @31)
    depth 1: 18 kept of the scored, best 89 (R14 param-width arg0 s32->s16 @3) · 49 compiles
    depth 2: 48 kept of the scored, best 89 (R14 param-width arg0 s32->s16 @3 + R6 inline hmid @53) · 188 compiles
  ov_SC03_010__func_8017C730: NO-MATCH start=99 best=89 compiles=188 (19.0s, 1 copies, 1 needed, R14 param-width arg0 s32->s16 @3)
    depth 1: 17 kept of the scored, best 41 (R6 inline vc @134) · 49 compiles
    depth 2: 48 kept of the scored, best 27 (R6 inline vc @134 + R12 width lim s32->s16 @19) · 190 compiles
  ov_SC07_000__func_8017CDF0: NO-MATCH start=43 best=27 compiles=190 (18.6s, 1 copies, 1 needed, R6 inline vc @134 + R12 width lim s32->s16 @19)
    depth 1: 22 kept of the scored, best 7 (R6 inline ang @33) · 49 compiles
    depth 2: 61 kept of the scored, best 7 (R6 inline ang @33 + R8 temp tmp0 @21) · 185 compiles
  ov_SC03_002__func_8017D0BC: NO-MATCH start=9 best=7 compiles=185 (14.4s, 1 copies, 1 needed, R6 inline ang @33)
    depth 1: 22 kept of the scored, best 10 (R8 temp tmp0 @15) · 31 compiles
    depth 2: 67 kept of the scored, best 10 (R8 temp tmp0 @15 + R6 inline tmp0 @16) · 124 compiles
  ov_SC04_018__func_80180D38: NO-MATCH start=10 best=10 compiles=124 (25.6s, 1 copies, 1 needed)
    depth 1: score 0 by R6 inline v0 @30
  ov_SC02_000__func_801819F4: MATCH start=15 best=0 compiles=33 (5.9s, 1 copies, 1 needed, R6 inline v0 @30)
    depth 1: 22 kept of the scored, best 24 (R6 inline p2 @44) · 49 compiles
    depth 2: score 0 by R3 init-split self + R10 param-copy a0 @26
  ov_SC03_118__func_80181E58: MATCH start=24 best=0 compiles=103 (10.6s, 1 copies, 1 needed, R3 init-split self + R10 param-copy a0 @26)
    depth 1: score 0 by R7 do-while @11
  ov_SC04_018__func_80183604: MATCH start=9 best=0 compiles=15 (4.1s, 1 copies, 1 needed, R7 do-while @11)
    depth 1: 29 kept of the scored, best 2 (R12 width s0 s32->u16 @11) · 49 compiles
    depth 2: 52 kept of the scored, best 2 (R12 width s0 s32->u16 @11 + R7 do-while @14) · 186 compiles
  ov_SC02_000__func_801860E4: NO-MATCH start=17 best=2 compiles=186 (29.1s, 1 copies, 1 needed, R12 width s0 s32->u16 @11)
    depth 1: 25 kept of the scored, best 7 (R6 inline v0 @23) · 49 compiles
    depth 2: score 0 by R6 inline v0 @26 + R6 inline v0 @23
  ov_SC02_000__func_80186CE8: MATCH start=14 best=0 compiles=162 (25.9s, 1 copies, 1 needed, R6 inline v0 @26 + R6 inline v0 @23)
    depth 1: score 0 by R7 do-while @26
  ov_SC02_000__func_80188134: MATCH start=7 best=0 compiles=46 (4.9s, 1 copies, 1 needed, R7 do-while @26)
delever --propagate: src/md_SC07_004/md_SC07_004.c:func_801AE624 -> 0 sibling(s) of class 95075a27f3e6
  propagate md_SC07_004__func_801AE624: delever --propagate: 0 of 0 sibling(s) banked, 0 refused
delever --propagate: src/md_SC07_004/md_SC07_004.c:func_801AE138 -> 0 sibling(s) of class 6d7bb6d62eb6
  propagate md_SC07_004__func_801AE138: delever --propagate: 0 of 0 sibling(s) banked, 0 refused
delever --propagate: src/md_SC07_004/md_SC07_004.c:func_801ADE1C -> 0 sibling(s) of class ba8b5ee3b3f9
  propagate md_SC07_004__func_801ADE1C: delever --propagate: 0 of 0 sibling(s) banked, 0 refused
delever --propagate: src/md_SC07_004/md_SC07_004.c:func_801ADBB0 -> 0 sibling(s) of class 6c8c9cc6e03e
  propagate md_SC07_004__func_801ADBB0: delever --propagate: 0 of 0 sibling(s) banked, 0 refused
delever --propagate: src/md_SC07_004/md_SC07_004.c:func_801AC29C -> 0 sibling(s) of class 116b7e2e2c58
  propagate md_SC07_004__func_801AC29C: delever --propagate: 0 of 0 sibling(s) banked, 0 refused
delever --propagate: src/md_SC07_004/md_SC07_004.c:func_801AA60C -> 0 sibling(s) of class 5ca9fcf63d90
  propagate md_SC07_004__func_801AA60C: delever --propagate: 0 of 0 sibling(s) banked, 0 refused
delever --propagate: src/md_SC07_004/md_SC07_004.c:func_801A94A0 -> 0 sibling(s) of class a8a9ef326ea9
  propagate md_SC07_004__func_801A94A0: delever --propagate: 0 of 0 sibling(s) banked, 0 refused
delever --propagate: src/md_SC07_004/md_SC07_004.c:func_801A8294 -> 0 sibling(s) of class 6c4bb3248838
  propagate md_SC07_004__func_801A8294: delever --propagate: 0 of 0 sibling(s) banked, 0 refused
delever --propagate: src/md_SC07_004/md_SC07_004.c:func_801A3798 -> 0 sibling(s) of class f64352016858
  propagate md_SC07_004__func_801A3798: delever --propagate: 0 of 0 sibling(s) banked, 0 refused
delever --propagate: src/ov_MAIN_012/ov_MAIN_012_jr_8015A3C8.c:func_80163EC8 -> 0 sibling(s) of class f291a077544a
  propagate ov_MAIN_012__func_80163EC8: delever --propagate: 0 of 0 sibling(s) banked, 0 refused
delever --propagate: src/ov_MAIN_012/ov_MAIN_012_jr_8017CF3C.c:func_8017DCB0 -> 0 sibling(s) of class 6ecb77fb2e7a
  propagate ov_MAIN_012__func_8017DCB0: delever --propagate: 0 of 0 sibling(s) banked, 0 refused
delever --propagate: src/ov_SC01_001/ov_SC01_001_jr_8017D2DC.c:func_80182F94 -> 0 sibling(s) of class 9fae8405335d
  propagate ov_SC01_001__func_80182F94: delever --propagate: 0 of 0 sibling(s) banked, 0 refused
delever --propagate: src/ov_SC01_001/ov_SC01_001_jr_8017D2DC.c:func_80182284 -> 0 sibling(s) of class 89138eaff163
  propagate ov_SC01_001__func_80182284: delever --propagate: 0 of 0 sibling(s) banked, 0 refused
delever --propagate: src/ov_SC01_001/ov_SC01_001_jr_8017D2DC.c:func_801816A4 -> 0 sibling(s) of class 2414e169888b
  propagate ov_SC01_001__func_801816A4: delever --propagate: 0 of 0 sibling(s) banked, 0 refused
delever --propagate: src/ov_SC01_001/ov_SC01_001_jr_8017D2DC.c:func_80180F64 -> 0 sibling(s) of class 3a089070225e
  propagate ov_SC01_001__func_80180F64: delever --propagate: 0 of 0 sibling(s) banked, 0 refused
delever --propagate: src/ov_SC01_005/ov_SC01_005_jr_8017ED5C.c:func_80181894 -> 0 sibling(s) of class 799ffbaa305e
  propagate ov_SC01_005__func_80181894: delever --propagate: 0 of 0 sibling(s) banked, 0 refused
delever --propagate: src/ov_SC01_009/ov_SC01_009_jr_8017E590.c:func_8017FED8 -> 0 sibling(s) of class 54ea11bfddcd
  propagate ov_SC01_009__func_8017FED8: delever --propagate: 0 of 0 sibling(s) banked, 0 refused
delever --propagate: src/ov_SC01_009/ov_SC01_009_jr_8017E590.c:func_8017EFC4 -> 0 sibling(s) of class 15d8960fdb02
  propagate ov_SC01_009__func_8017EFC4: delever --propagate: 0 of 0 sibling(s) banked, 0 refused
delever --propagate: src/ov_SC01_009/ov_SC01_009_jr_8018057C.c:func_80181B04 -> 0 sibling(s) of class 627db55d61eb
  propagate ov_SC01_009__func_80181B04: delever --propagate: 0 of 0 sibling(s) banked, 0 refused
delever --propagate: src/ov_SC01_074/ov_SC01_074_jr_8017BE9C.c:func_8017D528 -> 0 sibling(s) of class c5f54b84427b
  propagate ov_SC01_074__func_8017D528: delever --propagate: 0 of 0 sibling(s) banked, 0 refused
delever --propagate: src/ov_SC01_077/ov_SC01_077.c:func_80142EC0 -> 0 sibling(s) of class 93711c40b34f
  propagate ov_SC01_077__func_80142EC0: delever --propagate: 0 of 0 sibling(s) banked, 0 refused
delever --propagate: src/ov_SC01_077/ov_SC01_077.c:func_801424E4 -> 0 sibling(s) of class 71e2f71ef75e
  propagate ov_SC01_077__func_801424E4: delever --propagate: 0 of 0 sibling(s) banked, 0 refused
delever --propagate: src/ov_SC01_077/ov_SC01_077_jr_801734BC.c:func_80178840 -> 0 sibling(s) of class fd6f30f8e01b
  propagate ov_SC01_077__func_80178840: delever --propagate: 0 of 0 sibling(s) banked, 0 refused
delever --propagate: src/ov_SC01_077/ov_SC01_077_jr_801734BC.c:func_80175DA8 -> 0 sibling(s) of class d661c0322ab3
  propagate ov_SC01_077__func_80175DA8: delever --propagate: 0 of 0 sibling(s) banked, 0 refused
delever --propagate: src/ov_SC01_077/ov_SC01_077_jr_80183CF4.c:func_80186434 -> 0 sibling(s) of class 8e1bc3e3ba4d
  propagate ov_SC01_077__func_80186434: delever --propagate: 0 of 0 sibling(s) banked, 0 refused
delever --propagate: src/ov_SC01_077/ov_SC01_077_jr_80183CF4.c:func_80184A68 -> 0 sibling(s) of class d78be360c966
  propagate ov_SC01_077__func_80184A68: delever --propagate: 0 of 0 sibling(s) banked, 0 refused
delever --propagate: src/ov_SC01_080/ov_SC01_080_jr_8017AE2C.c:func_80181854 -> 0 sibling(s) of class fe298836bbb1
  propagate ov_SC01_080__func_80181854: delever --propagate: 0 of 0 sibling(s) banked, 0 refused
delever --propagate: src/ov_SC01_080/ov_SC01_080_jr_8017AE2C.c:func_8018045C -> 0 sibling(s) of class 9589d2adcf8b
  propagate ov_SC01_080__func_8018045C: delever --propagate: 0 of 0 sibling(s) banked, 0 refused
delever --propagate: src/ov_SC01_080/ov_SC01_080_jr_8017AE2C.c:func_8017FFB4 -> 0 sibling(s) of class 9b33447463e4
  propagate ov_SC01_080__func_8017FFB4: delever --propagate: 0 of 0 sibling(s) banked, 0 refused
delever --propagate: src/ov_SC01_080/ov_SC01_080_jr_8017AE2C.c:func_8017DCF8 -> 0 sibling(s) of class c488d64e6c96
  propagate ov_SC01_080__func_8017DCF8: delever --propagate: 0 of 0 sibling(s) banked, 0 refused
delever --propagate: src/ov_SC01_080/ov_SC01_080_jr_8017AE2C.c:func_8017D72C -> 0 sibling(s) of class 1e511d44b809
  propagate ov_SC01_080__func_8017D72C: delever --propagate: 0 of 0 sibling(s) banked, 0 refused
delever --propagate: src/ov_SC01_084/ov_SC01_084_jr_80182A00.c:func_80185B78 -> 0 sibling(s) of class 9a5b145a2bc0
  propagate ov_SC01_084__func_80185B78: delever --propagate: 0 of 0 sibling(s) banked, 0 refused
delever --propagate: src/ov_SC01_084/ov_SC01_084_jr_80182A00.c:func_801855EC -> 0 sibling(s) of class e9c3778fe9b2
  propagate ov_SC01_084__func_801855EC: delever --propagate: 0 of 0 sibling(s) banked, 0 refused
delever --propagate: src/ov_SC01_084/ov_SC01_084_jr_80182A00.c:func_80184460 -> 0 sibling(s) of class 1d68f886518b
  propagate ov_SC01_084__func_80184460: delever --propagate: 0 of 0 sibling(s) banked, 0 refused
delever --propagate: src/ov_SC01_084/ov_SC01_084_jr_80182A00.c:func_80183068 -> 0 sibling(s) of class c1ab84d31b91
  propagate ov_SC01_084__func_80183068: delever --propagate: 0 of 0 sibling(s) banked, 0 refused
delever --propagate: src/ov_SC02_000/ov_SC02_000_jr_8018173C.c:func_8018694C -> 0 sibling(s) of class a1db4e1aa1ca
  propagate ov_SC02_000__func_8018694C: delever --propagate: 0 of 0 sibling(s) banked, 0 refused
delever --propagate: src/ov_SC02_000/ov_SC02_000_jr_8018173C.c:func_80185910 -> 0 sibling(s) of class d9a3ba78a019
  propagate ov_SC02_000__func_80185910: delever --propagate: 0 of 0 sibling(s) banked, 0 refused
delever --propagate: src/ov_SC02_005/ov_SC02_005_jr_8017CF90.c:func_8018118C -> 0 sibling(s) of class e7a30ba10c15
  propagate ov_SC02_005__func_8018118C: delever --propagate: 0 of 0 sibling(s) banked, 0 refused
delever --propagate: src/ov_SC02_005/ov_SC02_005_jr_80181D30.c:func_80184404 -> 0 sibling(s) of class 81d2b4d920c8
  propagate ov_SC02_005__func_80184404: delever --propagate: 0 of 0 sibling(s) banked, 0 refused
delever --propagate: src/ov_SC02_005/ov_SC02_005_jr_80185060.c:func_80185A88 -> 0 sibling(s) of class 730e4342157f
  propagate ov_SC02_005__func_80185A88: delever --propagate: 0 of 0 sibling(s) banked, 0 refused
delever --propagate: src/ov_SC02_005/ov_SC02_005_jr_80185E80.c:func_8018DB40 -> 0 sibling(s) of class e318eac9cce7
  propagate ov_SC02_005__func_8018DB40: delever --propagate: 0 of 0 sibling(s) banked, 0 refused
delever --propagate: src/ov_SC02_005/ov_SC02_005_jr_80185E80.c:func_8018C758 -> 0 sibling(s) of class 1521eceec443
  propagate ov_SC02_005__func_8018C758: delever --propagate: 0 of 0 sibling(s) banked, 0 refused
delever --propagate: src/ov_SC02_005/ov_SC02_005_jr_80185E80.c:func_8018B368 -> 0 sibling(s) of class c64d854da337
  propagate ov_SC02_005__func_8018B368: delever --propagate: 0 of 0 sibling(s) banked, 0 refused
delever --propagate: src/ov_SC02_005/ov_SC02_005_jr_80185E80.c:func_80189E34 -> 0 sibling(s) of class 0cbf1fb54c9b
  propagate ov_SC02_005__func_80189E34: delever --propagate: 0 of 0 sibling(s) banked, 0 refused
delever --propagate: src/ov_SC02_005/ov_SC02_005_jr_80185E80.c:func_801887CC -> 0 sibling(s) of class f785b4b27a64
  propagate ov_SC02_005__func_801887CC: delever --propagate: 0 of 0 sibling(s) banked, 0 refused
delever --propagate: src/ov_SC02_005/ov_SC02_005_jr_80185E80.c:func_801885BC -> 0 sibling(s) of class 7a5eaeb17b66
  propagate ov_SC02_005__func_801885BC: delever --propagate: 0 of 0 sibling(s) banked, 0 refused
delever --propagate: src/ov_SC02_005/ov_SC02_005_jr_80185E80.c:func_80186A04 -> 0 sibling(s) of class af7bcdd64451
  propagate ov_SC02_005__func_80186A04: delever --propagate: 0 of 0 sibling(s) banked, 0 refused
delever --propagate: src/ov_SC02_005/ov_SC02_005_jr_80185E80.c:func_80186178 -> 0 sibling(s) of class 69e5685dcbf0
  propagate ov_SC02_005__func_80186178: delever --propagate: 0 of 0 sibling(s) banked, 0 refused
delever --propagate: src/ov_SC02_005/ov_SC02_005_jr_8018EA04.c:func_80190144 -> 0 sibling(s) of class 04b03b84e014
  propagate ov_SC02_005__func_80190144: delever --propagate: 0 of 0 sibling(s) banked, 0 refused
delever --propagate: src/ov_SC02_005/ov_SC02_005_jr_8018EA04.c:func_8018FC38 -> 0 sibling(s) of class f6c729c257eb
  propagate ov_SC02_005__func_8018FC38: delever --propagate: 0 of 0 sibling(s) banked, 0 refused
delever --propagate: src/ov_SC02_011/ov_SC02_011_jr_8017AE2C.c:func_8017FD9C -> 0 sibling(s) of class 3c23416c3123
  propagate ov_SC02_011__func_8017FD9C: delever --propagate: 0 of 0 sibling(s) banked, 0 refused
delever --propagate: src/ov_SC02_011/ov_SC02_011_jr_80183178.c:func_80186C30 -> 0 sibling(s) of class 1fd0b273bbec
  propagate ov_SC02_011__func_80186C30: delever --propagate: 0 of 0 sibling(s) banked, 0 refused
delever --propagate: src/ov_SC02_011/ov_SC02_011_jr_80188E3C.c:func_8018E014 -> 0 sibling(s) of class 18bcd3b598e3
  propagate ov_SC02_011__func_8018E014: delever --propagate: 0 of 0 sibling(s) banked, 0 refused
delever --propagate: src/ov_SC02_011/ov_SC02_011_jr_80188E3C.c:func_80189E00 -> 0 sibling(s) of class 375249a7b41d
  propagate ov_SC02_011__func_80189E00: delever --propagate: 0 of 0 sibling(s) banked, 0 refused
delever --propagate: src/ov_SC02_011/ov_SC02_011_jr_80188E3C.c:func_8018951C -> 0 sibling(s) of class ad282b2e62ff
  propagate ov_SC02_011__func_8018951C: delever --propagate: 0 of 0 sibling(s) banked, 0 refused
delever --propagate: src/ov_SC02_011/ov_SC02_011_jr_80188E3C.c:func_80189050 -> 0 sibling(s) of class 4232f2de6288
  propagate ov_SC02_011__func_80189050: delever --propagate: 0 of 0 sibling(s) banked, 0 refused
delever --propagate: src/ov_SC02_016/ov_SC02_016_jr_801810C8.c:func_80181714 -> 0 sibling(s) of class 9ab06265e8ff
  propagate ov_SC02_016__func_80181714: delever --propagate: 0 of 0 sibling(s) banked, 0 refused
delever --propagate: src/ov_SC02_017/ov_SC02_017_jr_8017DF34.c:func_80185F88 -> 0 sibling(s) of class 40b0def4f666
  propagate ov_SC02_017__func_80185F88: delever --propagate: 0 of 0 sibling(s) banked, 0 refused
delever --propagate: src/ov_SC02_017/ov_SC02_017_jr_8017DF34.c:func_801857C4 -> 0 sibling(s) of class 950f87162009
  propagate ov_SC02_017__func_801857C4: delever --propagate: 0 of 0 sibling(s) banked, 0 refused
delever --propagate: src/ov_SC02_017/ov_SC02_017_jr_8017DF34.c:func_80184F4C -> 0 sibling(s) of class c1744d7fbea5
  propagate ov_SC02_017__func_80184F4C: delever --propagate: 0 of 0 sibling(s) banked, 0 refused
delever --propagate: src/ov_SC02_017/ov_SC02_017_jr_8017DF34.c:func_801846B8 -> 0 sibling(s) of class 330dfb5bc024
  propagate ov_SC02_017__func_801846B8: delever --propagate: 0 of 0 sibling(s) banked, 0 refused
delever --propagate: src/ov_SC02_017/ov_SC02_017_jr_8017DF34.c:func_8017FE78 -> 0 sibling(s) of class 700661241130
  propagate ov_SC02_017__func_8017FE78: delever --propagate: 0 of 0 sibling(s) banked, 0 refused
delever --propagate: src/ov_SC02_017/ov_SC02_017_jr_80186C64.c:func_80187298 -> 0 sibling(s) of class c9b9f186318e
  propagate ov_SC02_017__func_80187298: delever --propagate: 0 of 0 sibling(s) banked, 0 refused
delever --propagate: src/ov_SC02_021/ov_SC02_021_jr_8017ECFC.c:func_8017F1B4 -> 0 sibling(s) of class 831e7a8c798d
  propagate ov_SC02_021__func_8017F1B4: delever --propagate: 0 of 0 sibling(s) banked, 0 refused
delever --propagate: src/ov_SC02_026/ov_SC02_026_jr_8017C180.c:func_80184494 -> 0 sibling(s) of class ab7983c507f1
  propagate ov_SC02_026__func_80184494: delever --propagate: 0 of 0 sibling(s) banked, 0 refused
delever --propagate: src/ov_SC02_026/ov_SC02_026_jr_8017C180.c:func_80182F00 -> 0 sibling(s) of class b01035d39607
  propagate ov_SC02_026__func_80182F00: delever --propagate: 0 of 0 sibling(s) banked, 0 refused
delever --propagate: src/ov_SC02_027/ov_SC02_027_jr_8017D898.c:func_8018A150 -> 0 sibling(s) of class 7a595a38d57f
  propagate ov_SC02_027__func_8018A150: delever --propagate: 0 of 0 sibling(s) banked, 0 refused
delever --propagate: src/ov_SC02_031/ov_SC02_031_jr_8017AE2C.c:func_80182AB4 -> 0 sibling(s) of class 5cd66c56eb8f
  propagate ov_SC02_031__func_80182AB4: delever --propagate: 0 of 0 sibling(s) banked, 0 refused
delever --propagate: src/ov_SC02_035/ov_SC02_035_jr_8017BEBC.c:func_801808F0 -> 0 sibling(s) of class adffc19b094c
  propagate ov_SC02_035__func_801808F0: delever --propagate: 0 of 0 sibling(s) banked, 0 refused
delever --propagate: src/ov_SC02_037/ov_SC02_037_jr_8017AE2C.c:func_80181150 -> 0 sibling(s) of class 5e6d7d53d501
  propagate ov_SC02_037__func_80181150: delever --propagate: 0 of 0 sibling(s) banked, 0 refused
delever --propagate: src/ov_SC02_037/ov_SC02_037_jr_8017AE2C.c:func_80180DD8 -> 0 sibling(s) of class ef6b73ca8440
  propagate ov_SC02_037__func_80180DD8: delever --propagate: 0 of 0 sibling(s) banked, 0 refused
delever --propagate: src/ov_SC02_037/ov_SC02_037_jr_8017AE2C.c:func_80180CF0 -> 0 sibling(s) of class af0b595f599d
  propagate ov_SC02_037__func_80180CF0: delever --propagate: 0 of 0 sibling(s) banked, 0 refused
delever --propagate: src/ov_SC02_039/ov_SC02_039_jr_8017BEBC.c:func_8017F050 -> 0 sibling(s) of class 619df2498af0
  propagate ov_SC02_039__func_8017F050: delever --propagate: 0 of 0 sibling(s) banked, 0 refused
delever --propagate: src/ov_SC02_039/ov_SC02_039_jr_8017BEBC.c:func_8017EED8 -> 0 sibling(s) of class e8d5eedf96be
  propagate ov_SC02_039__func_8017EED8: delever --propagate: 0 of 0 sibling(s) banked, 0 refused
delever --propagate: src/ov_SC02_039/ov_SC02_039_jr_8017BEBC.c:func_8017E2F4 -> 0 sibling(s) of class 6ad4db22e297
  propagate ov_SC02_039__func_8017E2F4: delever --propagate: 0 of 0 sibling(s) banked, 0 refused
delever --propagate: src/ov_SC03_001/ov_SC03_001_jr_8017AE2C.c:func_801843DC -> 0 sibling(s) of class 04b0931eb274
  propagate ov_SC03_001__func_801843DC: delever --propagate: 0 of 0 sibling(s) banked, 0 refused
delever --propagate: src/ov_SC03_001/ov_SC03_001_jr_8017AE2C.c:func_8017EDB8 -> 0 sibling(s) of class 97d6b7327866
  propagate ov_SC03_001__func_8017EDB8: delever --propagate: 0 of 0 sibling(s) banked, 0 refused
delever --propagate: src/ov_SC03_001/ov_SC03_001_jr_80184F64.c:func_80185528 -> 0 sibling(s) of class 578886bffb6f
  propagate ov_SC03_001__func_80185528: delever --propagate: 0 of 0 sibling(s) banked, 0 refused
delever --propagate: src/ov_SC03_001/ov_SC03_001_jr_8018631C.c:func_80186A8C -> 0 sibling(s) of class 94498ad82ff0
  propagate ov_SC03_001__func_80186A8C: delever --propagate: 0 of 0 sibling(s) banked, 0 refused
delever --propagate: src/ov_SC03_001/ov_SC03_001_jr_80188830.c:func_80188830 -> 0 sibling(s) of class fdeded003d0a
  propagate ov_SC03_001__func_80188830: delever --propagate: 0 of 0 sibling(s) banked, 0 refused
delever --propagate: src/ov_SC03_002/ov_SC03_002_jr_801815AC.c:func_801816F0 -> 0 sibling(s) of class cc706f2f0b3c
  propagate ov_SC03_002__func_801816F0: delever --propagate: 0 of 0 sibling(s) banked, 0 refused
delever --propagate: src/ov_SC03_002/ov_SC03_002_jr_8018431C.c:func_8018431C -> 0 sibling(s) of class acd4e9543c80
  propagate ov_SC03_002__func_8018431C: delever --propagate: 0 of 0 sibling(s) banked, 0 refused
delever --propagate: src/ov_SC03_006/ov_SC03_006_jr_8017AE2C.c:func_801879C4 -> 0 sibling(s) of class 2a52a2492c16
  propagate ov_SC03_006__func_801879C4: delever --propagate: 0 of 0 sibling(s) banked, 0 refused
delever --propagate: src/ov_SC03_006/ov_SC03_006_jr_8017AE2C.c:func_801877D8 -> 0 sibling(s) of class 17047e3edbe8
  propagate ov_SC03_006__func_801877D8: delever --propagate: 0 of 0 sibling(s) banked, 0 refused
delever --propagate: src/ov_SC03_006/ov_SC03_006_jr_8017AE2C.c:func_80182080 -> 0 sibling(s) of class 3f9dab6e2644
  propagate ov_SC03_006__func_80182080: delever --propagate: 0 of 0 sibling(s) banked, 0 refused
delever --propagate: src/ov_SC03_007/ov_SC03_007_jr_8017AE2C.c:func_80180598 -> 0 sibling(s) of class 412d8986746e
  propagate ov_SC03_007__func_80180598: delever --propagate: 0 of 0 sibling(s) banked, 0 refused
delever --propagate: src/ov_SC03_007/ov_SC03_007_jr_8017AE2C.c:func_8017F37C -> 0 sibling(s) of class 13a28876add3
  propagate ov_SC03_007__func_8017F37C: delever --propagate: 0 of 0 sibling(s) banked, 0 refused
delever --propagate: src/ov_SC03_007/ov_SC03_007_jr_80183894.c:func_80186818 -> 0 sibling(s) of class c14f697ce3a4
  propagate ov_SC03_007__func_80186818: delever --propagate: 0 of 0 sibling(s) banked, 0 refused
delever --propagate: src/ov_SC03_007/ov_SC03_007_jr_80183894.c:func_80185A24 -> 0 sibling(s) of class 2768a9a7b33c
  propagate ov_SC03_007__func_80185A24: delever --propagate: 0 of 0 sibling(s) banked, 0 refused
delever --propagate: src/ov_SC03_007/ov_SC03_007_jr_80183894.c:func_80184AFC -> 0 sibling(s) of class 081a683c96f2
  propagate ov_SC03_007__func_80184AFC: delever --propagate: 0 of 0 sibling(s) banked, 0 refused
delever --propagate: src/ov_SC03_011/ov_SC03_011_jr_8017C730.c:func_8017F84C -> 0 sibling(s) of class 412cc848e711
  propagate ov_SC03_011__func_8017F84C: delever --propagate: 0 of 0 sibling(s) banked, 0 refused
delever --propagate: src/ov_SC03_011/ov_SC03_011_jr_8017C730.c:func_8017F27C -> 0 sibling(s) of class 11e5db5e13fe
  propagate ov_SC03_011__func_8017F27C: delever --propagate: 0 of 0 sibling(s) banked, 0 refused
delever --propagate: src/ov_SC03_013/ov_SC03_013_jr_8017C730.c:func_8017F0A0 -> 0 sibling(s) of class 1a93dcafac39
  propagate ov_SC03_013__func_8017F0A0: delever --propagate: 0 of 0 sibling(s) banked, 0 refused
delever --propagate: src/ov_SC03_013/ov_SC03_013_jr_8017C730.c:func_8017DD98 -> 0 sibling(s) of class ecb3251abbbd
  propagate ov_SC03_013__func_8017DD98: delever --propagate: 0 of 0 sibling(s) banked, 0 refused
delever --propagate: src/ov_SC03_014/ov_SC03_014_jr_8017AE2C.c:func_8017D900 -> 0 sibling(s) of class b36991e0a987
  propagate ov_SC03_014__func_8017D900: delever --propagate: 0 of 0 sibling(s) banked, 0 refused
delever --propagate: src/ov_SC03_014/ov_SC03_014_jr_8017AE2C.c:func_8017D1E0 -> 0 sibling(s) of class f2c601e9f268
  propagate ov_SC03_014__func_8017D1E0: delever --propagate: 0 of 0 sibling(s) banked, 0 refused
delever --propagate: src/ov_SC03_014/ov_SC03_014_jr_801848E4.c:func_80188FB4 -> 0 sibling(s) of class 4e91fd8365c1
  propagate ov_SC03_014__func_80188FB4: delever --propagate: 0 of 0 sibling(s) banked, 0 refused
delever --propagate: src/ov_SC03_023/ov_SC03_023_jr_8017AE2C.c:func_8017E230 -> 0 sibling(s) of class ffe7f66cda24
  propagate ov_SC03_023__func_8017E230: delever --propagate: 0 of 0 sibling(s) banked, 0 refused
delever --propagate: src/ov_SC03_028/ov_SC03_028_jr_8017DF98.c:func_80183264 -> 0 sibling(s) of class 69211bbeb49a
  propagate ov_SC03_028__func_80183264: delever --propagate: 0 of 0 sibling(s) banked, 0 refused
delever --propagate: src/ov_SC03_028/ov_SC03_028_jr_8017DF98.c:func_80182780 -> 0 sibling(s) of class f2f52370e120
  propagate ov_SC03_028__func_80182780: delever --propagate: 0 of 0 sibling(s) banked, 0 refused
delever --propagate: src/ov_SC03_028/ov_SC03_028_jr_80185C14.c:func_80187C28 -> 0 sibling(s) of class b69edbdc961c
  propagate ov_SC03_028__func_80187C28: delever --propagate: 0 of 0 sibling(s) banked, 0 refused
delever --propagate: src/ov_SC03_028/ov_SC03_028_jr_80185C14.c:func_801879AC -> 0 sibling(s) of class 248ccb8bb58c
  propagate ov_SC03_028__func_801879AC: delever --propagate: 0 of 0 sibling(s) banked, 0 refused
delever --propagate: src/ov_SC03_028/ov_SC03_028_jr_80185C14.c:func_8018753C -> 0 sibling(s) of class 01fc4e1ac247
  propagate ov_SC03_028__func_8018753C: delever --propagate: 0 of 0 sibling(s) banked, 0 refused
delever --propagate: src/ov_SC03_028/ov_SC03_028_jr_80185C14.c:func_801874D0 -> 0 sibling(s) of class 07b6b200d692
  propagate ov_SC03_028__func_801874D0: delever --propagate: 0 of 0 sibling(s) banked, 0 refused
delever --propagate: src/ov_SC03_028/ov_SC03_028_jr_80185C14.c:func_80186FA4 -> 0 sibling(s) of class 7bfc8a599674
  propagate ov_SC03_028__func_80186FA4: delever --propagate: 0 of 0 sibling(s) banked, 0 refused
delever --propagate: src/ov_SC03_028/ov_SC03_028_jr_80185C14.c:func_80186A88 -> 0 sibling(s) of class a8c127287b92
  propagate ov_SC03_028__func_80186A88: delever --propagate: 0 of 0 sibling(s) banked, 0 refused
delever --propagate: src/ov_SC03_028/ov_SC03_028_jr_801887A8.c:func_8018AF9C -> 0 sibling(s) of class 8f5a38bb93c3
  propagate ov_SC03_028__func_8018AF9C: delever --propagate: 0 of 0 sibling(s) banked, 0 refused
delever --propagate: src/ov_SC03_028/ov_SC03_028_jr_801887A8.c:func_8018A500 -> 0 sibling(s) of class 349c502f9c3d
  propagate ov_SC03_028__func_8018A500: delever --propagate: 0 of 0 sibling(s) banked, 0 refused
delever --propagate: src/ov_SC03_028/ov_SC03_028_jr_801887A8.c:func_8018923C -> 0 sibling(s) of class 8e76e3b9e783
  propagate ov_SC03_028__func_8018923C: delever --propagate: 0 of 0 sibling(s) banked, 0 refused
delever --propagate: src/ov_SC03_028/ov_SC03_028_jr_801887A8.c:func_80188F4C -> 0 sibling(s) of class 918aa4724425
  propagate ov_SC03_028__func_80188F4C: delever --propagate: 0 of 0 sibling(s) banked, 0 refused
delever --propagate: src/ov_SC03_028/ov_SC03_028_jr_801887A8.c:func_80188D14 -> 0 sibling(s) of class c6564e17c44b
  propagate ov_SC03_028__func_80188D14: delever --propagate: 0 of 0 sibling(s) banked, 0 refused
delever --propagate: src/ov_SC03_029/ov_SC03_029_jr_8017FF7C.c:func_80185FE8 -> 0 sibling(s) of class 82f2bc521191
  propagate ov_SC03_029__func_80185FE8: delever --propagate: 0 of 0 sibling(s) banked, 0 refused
delever --propagate: src/ov_SC03_029/ov_SC03_029_jr_8017FF7C.c:func_80185DFC -> 0 sibling(s) of class 8198d15a1812
  propagate ov_SC03_029__func_80185DFC: delever --propagate: 0 of 0 sibling(s) banked, 0 refused
delever --propagate: src/ov_SC03_029/ov_SC03_029_jr_8017FF7C.c:func_80184764 -> 0 sibling(s) of class 3107f1daa2a2
  propagate ov_SC03_029__func_80184764: delever --propagate: 0 of 0 sibling(s) banked, 0 refused
delever --propagate: src/ov_SC03_029/ov_SC03_029_jr_8017FF7C.c:func_80183968 -> 0 sibling(s) of class cb88eccb8446
  propagate ov_SC03_029__func_80183968: delever --propagate: 0 of 0 sibling(s) banked, 0 refused
delever --propagate: src/ov_SC03_029/ov_SC03_029_jr_8017FF7C.c:func_8018266C -> 0 sibling(s) of class 19a3c34b58f8
  propagate ov_SC03_029__func_8018266C: delever --propagate: 0 of 0 sibling(s) banked, 0 refused
delever --propagate: src/ov_SC03_029/ov_SC03_029_jr_8017FF7C.c:func_80182580 -> 0 sibling(s) of class d251f23d7ecf
  propagate ov_SC03_029__func_80182580: delever --propagate: 0 of 0 sibling(s) banked, 0 refused
delever --propagate: src/ov_SC03_029/ov_SC03_029_jr_8017FF7C.c:func_801810BC -> 0 sibling(s) of class 72c1381e33f2
  propagate ov_SC03_029__func_801810BC: delever --propagate: 0 of 0 sibling(s) banked, 0 refused
delever --propagate: src/ov_SC03_029/ov_SC03_029_jr_8017FF7C.c:func_80180B84 -> 0 sibling(s) of class 2e5d5a1c8323
  propagate ov_SC03_029__func_80180B84: delever --propagate: 0 of 0 sibling(s) banked, 0 refused
delever --propagate: src/ov_SC03_030/ov_SC03_030_jr_8017AE2C.c:func_801804F4 -> 0 sibling(s) of class 45614d3a686d
  propagate ov_SC03_030__func_801804F4: delever --propagate: 0 of 0 sibling(s) banked, 0 refused
delever --propagate: src/ov_SC03_030/ov_SC03_030_jr_8017AE2C.c:func_801802BC -> 0 sibling(s) of class 5248c96bd1c8
  propagate ov_SC03_030__func_801802BC: delever --propagate: 0 of 0 sibling(s) banked, 0 refused
delever --propagate: src/ov_SC03_030/ov_SC03_030_jr_8017AE2C.c:func_8017EDD4 -> 0 sibling(s) of class 3a126479c36d
  propagate ov_SC03_030__func_8017EDD4: delever --propagate: 0 of 0 sibling(s) banked, 0 refused
delever --propagate: src/ov_SC03_030/ov_SC03_030_jr_8017AE2C.c:func_8017ECA8 -> 0 sibling(s) of class f375dde5ebbc
  propagate ov_SC03_030__func_8017ECA8: delever --propagate: 0 of 0 sibling(s) banked, 0 refused
delever --propagate: src/ov_SC03_089/ov_SC03_089_jr_8017CA80.c:func_80184E54 -> 0 sibling(s) of class 699003165ca2
  propagate ov_SC03_089__func_80184E54: delever --propagate: 0 of 0 sibling(s) banked, 0 refused
delever --propagate: src/ov_SC03_090/ov_SC03_090_jr_8017CA80.c:func_80184B30 -> 0 sibling(s) of class 3dbd2c0d96d7
  propagate ov_SC03_090__func_80184B30: delever --propagate: 0 of 0 sibling(s) banked, 0 refused
delever --propagate: src/ov_SC03_091/ov_SC03_091_jr_8018326C.c:func_801859D8 -> 0 sibling(s) of class aa01f7fa432c
  propagate ov_SC03_091__func_801859D8: delever --propagate: 0 of 0 sibling(s) banked, 0 refused
delever --propagate: src/ov_SC03_092/ov_SC03_092_jr_8017AE2C.c:func_8017EE8C -> 0 sibling(s) of class ea09204141d6
  propagate ov_SC03_092__func_8017EE8C: delever --propagate: 0 of 0 sibling(s) banked, 0 refused
delever --propagate: src/ov_SC03_097/ov_SC03_097_jr_8017D898.c:func_801808F0 -> 0 sibling(s) of class 056771f14a23
  propagate ov_SC03_097__func_801808F0: delever --propagate: 0 of 0 sibling(s) banked, 0 refused
delever --propagate: src/ov_SC03_097/ov_SC03_097_jr_8017D898.c:func_8017FDBC -> 0 sibling(s) of class c80658007ac7
  propagate ov_SC03_097__func_8017FDBC: delever --propagate: 0 of 0 sibling(s) banked, 0 refused
delever --propagate: src/ov_SC03_098/ov_SC03_098_jr_8017D898.c:func_80182480 -> 0 sibling(s) of class 96fadccd02a7
  propagate ov_SC03_098__func_80182480: delever --propagate: 0 of 0 sibling(s) banked, 0 refused
delever --propagate: src/ov_SC03_102/ov_SC03_102_jr_8017BEBC.c:func_801815D4 -> 0 sibling(s) of class 01d7561738ba
  propagate ov_SC03_102__func_801815D4: delever --propagate: 0 of 0 sibling(s) banked, 0 refused
delever --propagate: src/ov_SC03_102/ov_SC03_102_jr_8017BEBC.c:func_80181030 -> 0 sibling(s) of class 11528b5ef47d
  propagate ov_SC03_102__func_80181030: delever --propagate: 0 of 0 sibling(s) banked, 0 refused
delever --propagate: src/ov_SC03_104/ov_SC03_104_jr_80182038.c:func_8018428C -> 0 sibling(s) of class 73a7cebbb832
  propagate ov_SC03_104__func_8018428C: delever --propagate: 0 of 0 sibling(s) banked, 0 refused
delever --propagate: src/ov_SC03_104/ov_SC03_104_jr_80182038.c:func_801829C4 -> 0 sibling(s) of class 7df786f77c12
  propagate ov_SC03_104__func_801829C4: delever --propagate: 0 of 0 sibling(s) banked, 0 refused
delever --propagate: src/ov_SC03_105/ov_SC03_105_jr_8017C8D0.c:func_8017F234 -> 0 sibling(s) of class 2035218fcd59
  propagate ov_SC03_105__func_8017F234: delever --propagate: 0 of 0 sibling(s) banked, 0 refused
delever --propagate: src/ov_SC03_105/ov_SC03_105_jr_8017C8D0.c:func_8017EE34 -> 0 sibling(s) of class b07cbdd15127
  propagate ov_SC03_105__func_8017EE34: delever --propagate: 0 of 0 sibling(s) banked, 0 refused
delever --propagate: src/ov_SC03_105/ov_SC03_105_jr_80181C84.c:func_80184A60 -> 0 sibling(s) of class 247f0f88c2d2
  propagate ov_SC03_105__func_80184A60: delever --propagate: 0 of 0 sibling(s) banked, 0 refused
delever --propagate: src/ov_SC03_105/ov_SC03_105_jr_80186DDC.c:func_80189454 -> 0 sibling(s) of class e260ff6cd085
  propagate ov_SC03_105__func_80189454: delever --propagate: 0 of 0 sibling(s) banked, 0 refused
delever --propagate: src/ov_SC03_105/ov_SC03_105_jr_80186DDC.c:func_80187554 -> 0 sibling(s) of class bd7133d720a3
  propagate ov_SC03_105__func_80187554: delever --propagate: 0 of 0 sibling(s) banked, 0 refused
delever --propagate: src/ov_SC03_105/ov_SC03_105_jr_80189798.c:func_80189C84 -> 0 sibling(s) of class 8d28020e3623
  propagate ov_SC03_105__func_80189C84: delever --propagate: 0 of 0 sibling(s) banked, 0 refused
delever --propagate: src/ov_SC03_108/ov_SC03_108_jr_8017BEBC.c:func_8017EB38 -> 0 sibling(s) of class 6b0105795b02
  propagate ov_SC03_108__func_8017EB38: delever --propagate: 0 of 0 sibling(s) banked, 0 refused
delever --propagate: src/ov_SC03_108/ov_SC03_108_jr_8017BEBC.c:func_8017DDDC -> 0 sibling(s) of class 91570d6ae4cd
  propagate ov_SC03_108__func_8017DDDC: delever --propagate: 0 of 0 sibling(s) banked, 0 refused
delever --propagate: src/ov_SC03_108/ov_SC03_108_jr_8017F83C.c:func_8017F83C -> 0 sibling(s) of class bfb3a79e16ea
  propagate ov_SC03_108__func_8017F83C: delever --propagate: 0 of 0 sibling(s) banked, 0 refused
delever --propagate: src/ov_SC03_111/ov_SC03_111_jr_8017EC58.c:func_80180A10 -> 0 sibling(s) of class 1537faef64bf
  propagate ov_SC03_111__func_80180A10: delever --propagate: 0 of 0 sibling(s) banked, 0 refused
delever --propagate: src/ov_SC03_112/ov_SC03_112_jr_8017C294.c:func_8017EFAC -> 0 sibling(s) of class bc97cf4f0870
  propagate ov_SC03_112__func_8017EFAC: delever --propagate: 0 of 0 sibling(s) banked, 0 refused
delever --propagate: src/ov_SC03_113/ov_SC03_113_jr_8017C294.c:func_8017F9FC -> 0 sibling(s) of class 078384b71b84
  propagate ov_SC03_113__func_8017F9FC: delever --propagate: 0 of 0 sibling(s) banked, 0 refused
delever --propagate: src/ov_SC03_117/ov_SC03_117_jr_8017E6EC.c:func_8017FCF0 -> 0 sibling(s) of class 5a0274f1cb43
  propagate ov_SC03_117__func_8017FCF0: delever --propagate: 0 of 0 sibling(s) banked, 0 refused
delever --propagate: src/ov_SC03_117/ov_SC03_117_jr_8017E6EC.c:func_8017F4C4 -> 0 sibling(s) of class d1855eb9f70e
  propagate ov_SC03_117__func_8017F4C4: delever --propagate: 0 of 0 sibling(s) banked, 0 refused
delever --propagate: src/ov_SC03_118/ov_SC03_118_jr_801863CC.c:func_80188694 -> 0 sibling(s) of class 92ee4b4208c3
  propagate ov_SC03_118__func_80188694: delever --propagate: 0 of 0 sibling(s) banked, 0 refused
delever --propagate: src/ov_SC03_121/ov_SC03_121_jr_8017E1D0.c:func_801813E8 -> 0 sibling(s) of class ed4191e994c1
  propagate ov_SC03_121__func_801813E8: delever --propagate: 0 of 0 sibling(s) banked, 0 refused
delever --propagate: src/ov_SC03_121/ov_SC03_121_jr_8017E1D0.c:func_8017F6D8 -> 0 sibling(s) of class 7b5a9d5006b4
  propagate ov_SC03_121__func_8017F6D8: delever --propagate: 0 of 0 sibling(s) banked, 0 refused
delever --propagate: src/ov_SC03_124/ov_SC03_124_jr_8017AE2C.c:func_801816C8 -> 0 sibling(s) of class f2aab6d5b59c
  propagate ov_SC03_124__func_801816C8: delever --propagate: 0 of 0 sibling(s) banked, 0 refused
delever --propagate: src/ov_SC03_124/ov_SC03_124_jr_8017AE2C.c:func_80180D48 -> 0 sibling(s) of class 29d121c99e0c
  propagate ov_SC03_124__func_80180D48: delever --propagate: 0 of 0 sibling(s) banked, 0 refused
delever --propagate: src/ov_SC03_124/ov_SC03_124_jr_8017AE2C.c:func_8017F63C -> 0 sibling(s) of class 3721162eb645
  propagate ov_SC03_124__func_8017F63C: delever --propagate: 0 of 0 sibling(s) banked, 0 refused
delever --propagate: src/ov_SC04_002/ov_SC04_002_jr_8017BEBC.c:func_8017FFF0 -> 0 sibling(s) of class c1a34df88763
  propagate ov_SC04_002__func_8017FFF0: delever --propagate: 0 of 0 sibling(s) banked, 0 refused
delever --propagate: src/ov_SC04_003/ov_SC04_003_jr_8017BEBC.c:func_801812C4 -> 0 sibling(s) of class 1064353ab699
  propagate ov_SC04_003__func_801812C4: delever --propagate: 0 of 0 sibling(s) banked, 0 refused
delever --propagate: src/ov_SC04_004/ov_SC04_004_jr_8017AE2C.c:func_801832A8 -> 0 sibling(s) of class a01758c3d9dd
  propagate ov_SC04_004__func_801832A8: delever --propagate: 0 of 0 sibling(s) banked, 0 refused
delever --propagate: src/ov_SC04_004/ov_SC04_004_jr_8017AE2C.c:func_8017F07C -> 0 sibling(s) of class 52efeb5e3a52
  propagate ov_SC04_004__func_8017F07C: delever --propagate: 0 of 0 sibling(s) banked, 0 refused
delever --propagate: src/ov_SC04_005/ov_SC04_005_jr_8017BEBC.c:func_80183228 -> 0 sibling(s) of class 60aeed50aa27
  propagate ov_SC04_005__func_80183228: delever --propagate: 0 of 0 sibling(s) banked, 0 refused
delever --propagate: src/ov_SC04_005/ov_SC04_005_jr_8017BEBC.c:func_80180780 -> 0 sibling(s) of class 3765a2f99366
  propagate ov_SC04_005__func_80180780: delever --propagate: 0 of 0 sibling(s) banked, 0 refused
delever --propagate: src/ov_SC04_007/ov_SC04_007_jr_8017BEBC.c:func_8017FDB0 -> 0 sibling(s) of class c867a9e71403
  propagate ov_SC04_007__func_8017FDB0: delever --propagate: 0 of 0 sibling(s) banked, 0 refused
delever --propagate: src/ov_SC04_010/ov_SC04_010_jr_8017BEBC.c:func_8017D5DC -> 0 sibling(s) of class 7f1205de7dbf
  propagate ov_SC04_010__func_8017D5DC: delever --propagate: 0 of 0 sibling(s) banked, 0 refused
delever --propagate: src/ov_SC04_011/ov_SC04_011_jr_8017D494.c:func_8018FD38 -> 0 sibling(s) of class 31fdd6ce31f0
  propagate ov_SC04_011__func_8018FD38: delever --propagate: 0 of 0 sibling(s) banked, 0 refused
delever --propagate: src/ov_SC04_011/ov_SC04_011_jr_8017D494.c:func_8018F9C0 -> 0 sibling(s) of class 1da95b3181c8
  propagate ov_SC04_011__func_8018F9C0: delever --propagate: 0 of 0 sibling(s) banked, 0 refused
delever --propagate: src/ov_SC04_011/ov_SC04_011_jr_8017D494.c:func_8018CB68 -> 0 sibling(s) of class 71f07f2cafe9
  propagate ov_SC04_011__func_8018CB68: delever --propagate: 0 of 0 sibling(s) banked, 0 refused
delever --propagate: src/ov_SC04_011/ov_SC04_011_jr_8017D494.c:func_8018CA04 -> 0 sibling(s) of class 03be7f228dac
  propagate ov_SC04_011__func_8018CA04: delever --propagate: 0 of 0 sibling(s) banked, 0 refused
delever --propagate: src/ov_SC04_011/ov_SC04_011_jr_8017D494.c:func_8018C94C -> 0 sibling(s) of class 4c0f3a3e53b7
  propagate ov_SC04_011__func_8018C94C: delever --propagate: 0 of 0 sibling(s) banked, 0 refused
delever --propagate: src/ov_SC04_011/ov_SC04_011_jr_8017D494.c:func_8018C440 -> 0 sibling(s) of class 5104ea608cf5
  propagate ov_SC04_011__func_8018C440: delever --propagate: 0 of 0 sibling(s) banked, 0 refused
delever --propagate: src/ov_SC04_011/ov_SC04_011_jr_8017D494.c:func_8018B744 -> 0 sibling(s) of class ce577b3e3ed5
  propagate ov_SC04_011__func_8018B744: delever --propagate: 0 of 0 sibling(s) banked, 0 refused
delever --propagate: src/ov_SC04_011/ov_SC04_011_jr_8017D494.c:func_8018B2F8 -> 0 sibling(s) of class 8c79991ec79d
  propagate ov_SC04_011__func_8018B2F8: delever --propagate: 0 of 0 sibling(s) banked, 0 refused
delever --propagate: src/ov_SC04_011/ov_SC04_011_jr_8017D494.c:func_8018A8EC -> 0 sibling(s) of class 7d743d32d722
  propagate ov_SC04_011__func_8018A8EC: delever --propagate: 0 of 0 sibling(s) banked, 0 refused
delever --propagate: src/ov_SC04_011/ov_SC04_011_jr_8017D494.c:func_801863D4 -> 0 sibling(s) of class 6fc0c4b0cf91
  propagate ov_SC04_011__func_801863D4: delever --propagate: 0 of 0 sibling(s) banked, 0 refused
delever --propagate: src/ov_SC04_011/ov_SC04_011_jr_8017D494.c:func_80186300 -> 0 sibling(s) of class 4d60a7be7a59
  propagate ov_SC04_011__func_80186300: delever --propagate: 0 of 0 sibling(s) banked, 0 refused
delever --propagate: src/ov_SC04_011/ov_SC04_011_jr_8017D494.c:func_80185648 -> 0 sibling(s) of class 72ecb8fa59d0
  propagate ov_SC04_011__func_80185648: delever --propagate: 0 of 0 sibling(s) banked, 0 refused
delever --propagate: src/ov_SC04_011/ov_SC04_011_jr_8017D494.c:func_80184BAC -> 0 sibling(s) of class 21b4287998d3
  propagate ov_SC04_011__func_80184BAC: delever --propagate: 0 of 0 sibling(s) banked, 0 refused
delever --propagate: src/ov_SC04_011/ov_SC04_011_jr_8017D494.c:func_8018214C -> 0 sibling(s) of class 7b46b2a6db7f
  propagate ov_SC04_011__func_8018214C: delever --propagate: 0 of 0 sibling(s) banked, 0 refused
delever --propagate: src/ov_SC04_015/ov_SC04_015_jr_8017AE2C.c:func_8017EB78 -> 0 sibling(s) of class 0b359674192d
  propagate ov_SC04_015__func_8017EB78: delever --propagate: 0 of 0 sibling(s) banked, 0 refused
delever --propagate: src/ov_SC04_018/ov_SC04_018_jr_80186570.c:func_80186570 -> 0 sibling(s) of class e115722b4465
  propagate ov_SC04_018__func_80186570: delever --propagate: 0 of 0 sibling(s) banked, 0 refused
delever --propagate: src/ov_SC04_018/ov_SC04_018_jr_80188E1C.c:func_8018C278 -> 0 sibling(s) of class 617e6ef06971
  propagate ov_SC04_018__func_8018C278: delever --propagate: 0 of 0 sibling(s) banked, 0 refused
delever --propagate: src/ov_SC04_018/ov_SC04_018_jr_80188E1C.c:func_8018B19C -> 0 sibling(s) of class ac315cef9ea5
  propagate ov_SC04_018__func_8018B19C: delever --propagate: 0 of 0 sibling(s) banked, 0 refused
delever --propagate: src/ov_SC04_018/ov_SC04_018_jr_80188E1C.c:func_8018A224 -> 0 sibling(s) of class c806be46ec26
  propagate ov_SC04_018__func_8018A224: delever --propagate: 0 of 0 sibling(s) banked, 0 refused
delever --propagate: src/ov_SC04_020/ov_SC04_020_jr_8017D604.c:func_8018087C -> 0 sibling(s) of class 376ef7d52002
  propagate ov_SC04_020__func_8018087C: delever --propagate: 0 of 0 sibling(s) banked, 0 refused
delever --propagate: src/ov_SC05_001/ov_SC05_001_jr_8017BEBC.c:func_80182258 -> 0 sibling(s) of class 9073f42efdb8
  propagate ov_SC05_001__func_80182258: delever --propagate: 0 of 0 sibling(s) banked, 0 refused
delever --propagate: src/ov_SC05_002/ov_SC05_002_jr_8017BEBC.c:func_8017F868 -> 0 sibling(s) of class e2b857a43168
  propagate ov_SC05_002__func_8017F868: delever --propagate: 0 of 0 sibling(s) banked, 0 refused
delever --propagate: src/ov_SC05_003/ov_SC05_003_jr_8017BEBC.c:func_8017EF0C -> 0 sibling(s) of class 25d19b939d28
  propagate ov_SC05_003__func_8017EF0C: delever --propagate: 0 of 0 sibling(s) banked, 0 refused
delever --propagate: src/ov_SC05_003/ov_SC05_003_jr_8017BEBC.c:func_8017E940 -> 0 sibling(s) of class e0463ce66c00
  propagate ov_SC05_003__func_8017E940: delever --propagate: 0 of 0 sibling(s) banked, 0 refused
delever --propagate: src/ov_SC05_005/ov_SC05_005_jr_8017D898.c:func_801822E8 -> 0 sibling(s) of class 8d1ec0967e74
  propagate ov_SC05_005__func_801822E8: delever --propagate: 0 of 0 sibling(s) banked, 0 refused
delever --propagate: src/ov_SC05_008/ov_SC05_008_jr_8017AE2C.c:func_8017FE64 -> 0 sibling(s) of class 4e93b288549f
  propagate ov_SC05_008__func_8017FE64: delever --propagate: 0 of 0 sibling(s) banked, 0 refused
delever --propagate: src/ov_SC05_008/ov_SC05_008_jr_8017AE2C.c:func_8017E6A4 -> 0 sibling(s) of class 22c807ade53e
  propagate ov_SC05_008__func_8017E6A4: delever --propagate: 0 of 0 sibling(s) banked, 0 refused
delever --propagate: src/ov_SC05_009/ov_SC05_009_jr_8017BEBC.c:func_8017DCB0 -> 0 sibling(s) of class b2261e3b749e
  propagate ov_SC05_009__func_8017DCB0: delever --propagate: 0 of 0 sibling(s) banked, 0 refused
delever --propagate: src/ov_SC05_010/ov_SC05_010_jr_8017C8D0.c:func_8017EFC8 -> 0 sibling(s) of class c8bdf26cf691
  propagate ov_SC05_010__func_8017EFC8: delever --propagate: 0 of 0 sibling(s) banked, 0 refused
delever --propagate: src/ov_SC05_010/ov_SC05_010_jr_8018473C.c:func_801878E8 -> 0 sibling(s) of class c58df8cdbbc1
  propagate ov_SC05_010__func_801878E8: delever --propagate: 0 of 0 sibling(s) banked, 0 refused
delever --propagate: src/ov_SC05_017/ov_SC05_017_jr_8017AE2C.c:func_8017EE10 -> 0 sibling(s) of class 2beed115e6d7
  propagate ov_SC05_017__func_8017EE10: delever --propagate: 0 of 0 sibling(s) banked, 0 refused
delever --propagate: src/ov_SC05_017/ov_SC05_017_jr_80182A74.c:func_8018305C -> 0 sibling(s) of class 8db3bcfc6ad9
  propagate ov_SC05_017__func_8018305C: delever --propagate: 0 of 0 sibling(s) banked, 0 refused
delever --propagate: src/ov_SC05_017/ov_SC05_017_jr_80185A70.c:func_80185A70 -> 0 sibling(s) of class 54e50323953a
  propagate ov_SC05_017__func_80185A70: delever --propagate: 0 of 0 sibling(s) banked, 0 refused
delever --propagate: src/ov_SC05_017/ov_SC05_017_jr_80188B1C.c:func_8018BF78 -> 0 sibling(s) of class 4a93ffc29e29
  propagate ov_SC05_017__func_8018BF78: delever --propagate: 0 of 0 sibling(s) banked, 0 refused
delever --propagate: src/ov_SC05_018/ov_SC05_018_jr_8017D604.c:func_80180D40 -> 0 sibling(s) of class 5bd6b460b09e
  propagate ov_SC05_018__func_80180D40: delever --propagate: 0 of 0 sibling(s) banked, 0 refused
delever --propagate: src/ov_SC05_018/ov_SC05_018_jr_8017D604.c:func_801808AC -> 0 sibling(s) of class 043401cd4f4a
  propagate ov_SC05_018__func_801808AC: delever --propagate: 0 of 0 sibling(s) banked, 0 refused
delever --propagate: src/ov_SC05_018/ov_SC05_018_jr_8017D604.c:func_8017F648 -> 0 sibling(s) of class 03e01ddaa2df
  propagate ov_SC05_018__func_8017F648: delever --propagate: 0 of 0 sibling(s) banked, 0 refused
delever --propagate: src/ov_SC06_000/ov_SC06_000_jr_8017AE2C.c:func_80185520 -> 0 sibling(s) of class 83d205b12386
  propagate ov_SC06_000__func_80185520: delever --propagate: 0 of 0 sibling(s) banked, 0 refused
delever --propagate: src/ov_SC06_000/ov_SC06_000_jr_8017AE2C.c:func_80183DAC -> 0 sibling(s) of class d53236ddce66
  propagate ov_SC06_000__func_80183DAC: delever --propagate: 0 of 0 sibling(s) banked, 0 refused
delever --propagate: src/ov_SC06_000/ov_SC06_000_jr_8017AE2C.c:func_80181AB4 -> 0 sibling(s) of class bdf1a2636b8b
  propagate ov_SC06_000__func_80181AB4: delever --propagate: 0 of 0 sibling(s) banked, 0 refused
delever --propagate: src/ov_SC06_006/ov_SC06_006_jr_8017DB90.c:func_801811D4 -> 0 sibling(s) of class ad4a02a7985e
  propagate ov_SC06_006__func_801811D4: delever --propagate: 0 of 0 sibling(s) banked, 0 refused
delever --propagate: src/ov_SC06_006/ov_SC06_006_jr_8017DB90.c:func_801808C0 -> 0 sibling(s) of class fbadecf45451
  propagate ov_SC06_006__func_801808C0: delever --propagate: 0 of 0 sibling(s) banked, 0 refused
delever --propagate: src/ov_SC06_006/ov_SC06_006_jr_8017DB90.c:func_8017F8CC -> 0 sibling(s) of class a455bd1eeb72
  propagate ov_SC06_006__func_8017F8CC: delever --propagate: 0 of 0 sibling(s) banked, 0 refused
delever --propagate: src/ov_SC06_008/ov_SC06_008_jr_8017C294.c:func_8017F8CC -> 0 sibling(s) of class c2b799c1ad28
  propagate ov_SC06_008__func_8017F8CC: delever --propagate: 0 of 0 sibling(s) banked, 0 refused
delever --propagate: src/ov_SC06_010/ov_SC06_010_jr_8017A4AC.c:func_801858F4 -> 0 sibling(s) of class a46e8abf3064
  propagate ov_SC06_010__func_801858F4: delever --propagate: 0 of 0 sibling(s) banked, 0 refused
delever --propagate: src/ov_SC06_010/ov_SC06_010_jr_8017A4AC.c:func_8017FE3C -> 0 sibling(s) of class 4164f5e385ae
  propagate ov_SC06_010__func_8017FE3C: delever --propagate: 0 of 0 sibling(s) banked, 0 refused
delever --propagate: src/ov_SC06_011/ov_SC06_011_jr_8017BEBC.c:func_8017E9F4 -> 0 sibling(s) of class 15aac6eea065
  propagate ov_SC06_011__func_8017E9F4: delever --propagate: 0 of 0 sibling(s) banked, 0 refused
delever --propagate: src/ov_SC06_013/ov_SC06_013_jr_8017BEBC.c:func_8017D700 -> 0 sibling(s) of class 4b5e9838c5f0
  propagate ov_SC06_013__func_8017D700: delever --propagate: 0 of 0 sibling(s) banked, 0 refused
delever --propagate: src/ov_SC06_014/ov_SC06_014_jr_8017BEBC.c:func_8017FC94 -> 0 sibling(s) of class c01a5b85fb9c
  propagate ov_SC06_014__func_8017FC94: delever --propagate: 0 of 0 sibling(s) banked, 0 refused
delever --propagate: src/ov_SC06_014/ov_SC06_014_jr_8017BEBC.c:func_8017DF08 -> 0 sibling(s) of class a1595ecad66e
  propagate ov_SC06_014__func_8017DF08: delever --propagate: 0 of 0 sibling(s) banked, 0 refused
delever --propagate: src/ov_SC06_016/ov_SC06_016_jr_801816DC.c:func_80182E64 -> 0 sibling(s) of class d2588c49ebca
  propagate ov_SC06_016__func_80182E64: delever --propagate: 0 of 0 sibling(s) banked, 0 refused
delever --propagate: src/ov_SC06_016/ov_SC06_016_jr_801816DC.c:func_80181FB0 -> 0 sibling(s) of class bf705acdb267
  propagate ov_SC06_016__func_80181FB0: delever --propagate: 0 of 0 sibling(s) banked, 0 refused
delever --propagate: src/ov_SC06_016/ov_SC06_016_jr_801816DC.c:func_80181E90 -> 0 sibling(s) of class 3247e3048397
  propagate ov_SC06_016__func_80181E90: delever --propagate: 0 of 0 sibling(s) banked, 0 refused
delever --propagate: src/ov_SC06_016/ov_SC06_016_jr_801816DC.c:func_80181C78 -> 0 sibling(s) of class 92c6c87e26f1
  propagate ov_SC06_016__func_80181C78: delever --propagate: 0 of 0 sibling(s) banked, 0 refused
delever --propagate: src/ov_SC06_018/ov_SC06_018_jr_8017C24C.c:func_8017DB20 -> 0 sibling(s) of class 4a5c7230e9c4
  propagate ov_SC06_018__func_8017DB20: delever --propagate: 0 of 0 sibling(s) banked, 0 refused
delever --propagate: src/ov_SC06_020/ov_SC06_020_jr_8017C24C.c:func_8017D918 -> 0 sibling(s) of class 68c550a24dcd
  propagate ov_SC06_020__func_8017D918: delever --propagate: 0 of 0 sibling(s) banked, 0 refused
delever --propagate: src/ov_SC06_022/ov_SC06_022_jr_8017BEBC.c:func_8017F414 -> 0 sibling(s) of class b0fc701111f3
  propagate ov_SC06_022__func_8017F414: delever --propagate: 0 of 0 sibling(s) banked, 0 refused
delever --propagate: src/ov_SC06_022/ov_SC06_022_jr_80180CD0.c:func_801811A4 -> 0 sibling(s) of class 22cd4e0a673a
  propagate ov_SC06_022__func_801811A4: delever --propagate: 0 of 0 sibling(s) banked, 0 refused
delever --propagate: src/ov_SC06_024/ov_SC06_024_jr_8017BEBC.c:func_80180140 -> 0 sibling(s) of class 04a315a598b8
  propagate ov_SC06_024__func_80180140: delever --propagate: 0 of 0 sibling(s) banked, 0 refused
delever --propagate: src/ov_SC06_024/ov_SC06_024_jr_80181D34.c:func_8018367C -> 0 sibling(s) of class ea35f4d011ae
  propagate ov_SC06_024__func_8018367C: delever --propagate: 0 of 0 sibling(s) banked, 0 refused
delever --propagate: src/ov_SC06_025/ov_SC06_025_jr_8017BEBC.c:func_8017DF50 -> 0 sibling(s) of class 782d413a902e
  propagate ov_SC06_025__func_8017DF50: delever --propagate: 0 of 0 sibling(s) banked, 0 refused
delever --propagate: src/ov_SC06_025/ov_SC06_025_jr_8017EEC4.c:func_8017F9D8 -> 0 sibling(s) of class 4a00ceb936df
  propagate ov_SC06_025__func_8017F9D8: delever --propagate: 0 of 0 sibling(s) banked, 0 refused
delever --propagate: src/ov_SC06_029/ov_SC06_029_jr_8017C954.c:func_801814B0 -> 0 sibling(s) of class 8a70a06c6148
  propagate ov_SC06_029__func_801814B0: delever --propagate: 0 of 0 sibling(s) banked, 0 refused
delever --propagate: src/ov_SC06_029/ov_SC06_029_jr_801898CC.c:func_8018AF48 -> 0 sibling(s) of class 150ac2b445d9
  propagate ov_SC06_029__func_8018AF48: delever --propagate: 0 of 0 sibling(s) banked, 0 refused
delever --propagate: src/ov_SC06_029/ov_SC06_029_jr_801898CC.c:func_8018A27C -> 0 sibling(s) of class d0a1d2b974f0
  propagate ov_SC06_029__func_8018A27C: delever --propagate: 0 of 0 sibling(s) banked, 0 refused
delever --propagate: src/ov_SC06_029/ov_SC06_029_jr_801898CC.c:func_8018A084 -> 0 sibling(s) of class 67ddc823c76e
  propagate ov_SC06_029__func_8018A084: delever --propagate: 0 of 0 sibling(s) banked, 0 refused
delever --propagate: src/ov_SC06_032/ov_SC06_032_jr_8017C24C.c:func_8017DABC -> 0 sibling(s) of class b375c905f694
  propagate ov_SC06_032__func_8017DABC: delever --propagate: 0 of 0 sibling(s) banked, 0 refused
delever --propagate: src/ov_SC06_032/ov_SC06_032_jr_80181014.c:func_801815F4 -> 0 sibling(s) of class 6b7239a57c33
  propagate ov_SC06_032__func_801815F4: delever --propagate: 0 of 0 sibling(s) banked, 0 refused
delever --propagate: src/ov_SC06_032/ov_SC06_032_jr_80182890.c:func_80187268 -> 0 sibling(s) of class cc5f27548705
  propagate ov_SC06_032__func_80187268: delever --propagate: 0 of 0 sibling(s) banked, 0 refused
delever --propagate: src/ov_SC06_032/ov_SC06_032_jr_80182890.c:func_8018603C -> 0 sibling(s) of class b14f1b428ff0
  propagate ov_SC06_032__func_8018603C: delever --propagate: 0 of 0 sibling(s) banked, 0 refused
delever --propagate: src/ov_SC06_033/ov_SC06_033_jr_8017C24C.c:func_80181CD4 -> 0 sibling(s) of class 04511b590f43
  propagate ov_SC06_033__func_80181CD4: delever --propagate: 0 of 0 sibling(s) banked, 0 refused
delever --propagate: src/ov_SC06_033/ov_SC06_033_jr_8017C24C.c:func_8017E0E4 -> 0 sibling(s) of class 7256e0226bc0
  propagate ov_SC06_033__func_8017E0E4: delever --propagate: 0 of 0 sibling(s) banked, 0 refused
delever --propagate: src/ov_SC07_000/ov_SC07_000_jr_8017ECB4.c:func_8017F59C -> 0 sibling(s) of class af713e52fb43
  propagate ov_SC07_000__func_8017F59C: delever --propagate: 0 of 0 sibling(s) banked, 0 refused
delever --propagate: src/ov_SC07_000/ov_SC07_000_jr_8017F8B8.c:func_80180FA8 -> 0 sibling(s) of class aa981ab1d261
  propagate ov_SC07_000__func_80180FA8: delever --propagate: 0 of 0 sibling(s) banked, 0 refused
delever --propagate: src/ov_SC07_000/ov_SC07_000_jr_8017F8B8.c:func_8017F9B4 -> 0 sibling(s) of class ec9d53a0c5ab
  propagate ov_SC07_000__func_8017F9B4: delever --propagate: 0 of 0 sibling(s) banked, 0 refused
delever --propagate: src/ov_SC07_001/ov_SC07_001_jr_8017BEBC.c:func_80180A2C -> 0 sibling(s) of class 6563e73cce73
  propagate ov_SC07_001__func_80180A2C: delever --propagate: 0 of 0 sibling(s) banked, 0 refused
delever --propagate: src/ov_SC07_001/ov_SC07_001_jr_8017BEBC.c:func_80180404 -> 0 sibling(s) of class 2d2b20d6c98c
  propagate ov_SC07_001__func_80180404: delever --propagate: 0 of 0 sibling(s) banked, 0 refused
delever --propagate: src/ov_SC07_002/ov_SC07_002_jr_8017C8D0.c:func_80186494 -> 0 sibling(s) of class c4a2e68b649a
  propagate ov_SC07_002__func_80186494: delever --propagate: 0 of 0 sibling(s) banked, 0 refused
delever --propagate: src/ov_SC07_002/ov_SC07_002_jr_8017C8D0.c:func_80182C68 -> 0 sibling(s) of class 88f5ef45fcb6
  propagate ov_SC07_002__func_80182C68: delever --propagate: 0 of 0 sibling(s) banked, 0 refused
delever --propagate: src/ov_SC07_002/ov_SC07_002_jr_8017C8D0.c:func_80180DAC -> 0 sibling(s) of class fc8dcfb4ba63
  propagate ov_SC07_002__func_80180DAC: delever --propagate: 0 of 0 sibling(s) banked, 0 refused
delever --propagate: src/ov_SC07_006/ov_SC07_006_jr_80171B4C.c:func_80175DA8 -> 0 sibling(s) of class 18264eb132de
  propagate ov_SC07_006__func_80175DA8: delever --propagate: 0 of 0 sibling(s) banked, 0 refused
delever --propagate: src/ov_SC07_007/ov_SC07_007_jr_8017BEBC.c:func_8018044C -> 0 sibling(s) of class 69d090f036c1
  propagate ov_SC07_007__func_8018044C: delever --propagate: 0 of 0 sibling(s) banked, 0 refused
delever --propagate: src/ov_SC07_007/ov_SC07_007_jr_8017BEBC.c:func_8017FD2C -> 0 sibling(s) of class 306bd7c3e997
  propagate ov_SC07_007__func_8017FD2C: delever --propagate: 0 of 0 sibling(s) banked, 0 refused
delever --propagate: src/ov_SC07_010/ov_SC07_010_jr_8017AE2C.c:func_8017E3EC -> 0 sibling(s) of class 8ceb0a2da2f0
  propagate ov_SC07_010__func_8017E3EC: delever --propagate: 0 of 0 sibling(s) banked, 0 refused
delever --propagate: src/ov_SC07_010/ov_SC07_010_jr_8017AE2C.c:func_8017E0C0 -> 0 sibling(s) of class 1052e090ca76
  propagate ov_SC07_010__func_8017E0C0: delever --propagate: 0 of 0 sibling(s) banked, 0 refused
delever --propagate: src/ov_SC07_011/ov_SC07_011_jr_8017BEBC.c:func_8017E32C -> 0 sibling(s) of class a8d25528ae29
  propagate ov_SC07_011__func_8017E32C: delever --propagate: 0 of 0 sibling(s) banked, 0 refused
delever --propagate: src/resident/resident_jr_800D00E4.c:func_800D0488 -> 0 sibling(s) of class 72cfaa9d6a4d
  propagate resident__func_800D0488: delever --propagate: 0 of 0 sibling(s) banked, 0 refused
delever --propagate: src/resident/resident_jr_800D128C.c:func_800D2D10 -> 0 sibling(s) of class be21ad680b32
  propagate resident__func_800D2D10: delever --propagate: 0 of 0 sibling(s) banked, 0 refused
delever --propagate: src/sgap_4.c:func_8003DC90 -> 0 sibling(s) of class 529667fc5097
  propagate main__func_8003DC90: delever --propagate: 0 of 0 sibling(s) banked, 0 refused
delever --propagate: src/sgap_8.c:func_80041400 -> 0 sibling(s) of class 425c48c7d5e4
  propagate main__func_80041400: delever --propagate: 0 of 0 sibling(s) banked, 0 refused
delever --propagate: src/sgap_8.c:func_800413B8 -> 0 sibling(s) of class 183745d8396f
  propagate main__func_800413B8: delever --propagate: 0 of 0 sibling(s) banked, 0 refused
delever --propagate: src/800_b_2.c:func_8002F064 -> 0 sibling(s) of class 757a61ab5404
  propagate main__func_8002F064: delever --propagate: 0 of 0 sibling(s) banked, 0 refused
delever --propagate: src/800_b_2.c:func_8002EFF8 -> 0 sibling(s) of class dfe4c7672d2f
  propagate main__func_8002EFF8: delever --propagate: 0 of 0 sibling(s) banked, 0 refused
delever --propagate: src/md_MAIN_022/md_MAIN_022.c:func_800CB03C -> 0 sibling(s) of class db8524e0e544
  propagate md_MAIN_022__func_800CB03C: delever --propagate: 0 of 0 sibling(s) banked, 0 refused
delever --propagate: src/md_MAIN_031/md_MAIN_031.c:func_800CB288 -> 0 sibling(s) of class 525aaeeadd7c
  propagate md_MAIN_031__func_800CB288: delever --propagate: 0 of 0 sibling(s) banked, 0 refused
delever --propagate: src/ov_SC03_003/ov_SC03_003_jr_8017AE2C.c:func_8017BEF8 -> 0 sibling(s) of class 33ce532c27d8
  propagate ov_SC03_003__func_8017BEF8: delever --propagate: 0 of 0 sibling(s) banked, 0 refused
delever --propagate: src/ov_SC03_029/ov_SC03_029_jr_8017DC70.c:func_8017F760 -> 0 sibling(s) of class 2f5e85039e2e
  propagate ov_SC03_029__func_8017F760: delever --propagate: 0 of 0 sibling(s) banked, 0 refused
delever --propagate: src/ov_SC03_099/ov_SC03_099_jr_8017BEBC.c:func_8017D2AC -> 0 sibling(s) of class fc2d45667389
  propagate ov_SC03_099__func_8017D2AC: delever --propagate: 0 of 0 sibling(s) banked, 0 refused
delever --propagate: src/shared/ov/func_8012F568.h:func_8012F568 -> 0 sibling(s) of class f19dd4ec72b0
  propagate ov_MAIN_012__func_8012F568: delever --propagate: 0 of 0 sibling(s) banked, 0 refused
delever --propagate: src/shared/ov/func_80137614.h:func_80137614 -> 0 sibling(s) of class 37bca145fd44
  propagate ov_MAIN_012__func_80137614: delever --propagate: 0 of 0 sibling(s) banked, 0 refused
delever --propagate: src/shared/ov/func_80137FD8.h:func_80137FD8 -> 0 sibling(s) of class fc89c296b3b4
  propagate ov_MAIN_012__func_80137FD8: delever --propagate: 0 of 0 sibling(s) banked, 0 refused
delever --propagate: src/shared/ov/func_801416D4.h:func_801416D4 -> 0 sibling(s) of class fc669eae3e8a
  propagate ov_MAIN_012__func_801416D4: delever --propagate: 0 of 0 sibling(s) banked, 0 refused
delever --propagate: src/shared/ov/func_801446A4.h:func_801446A4 -> 0 sibling(s) of class 3ebf18bb6be0
  propagate ov_MAIN_012__func_801446A4: delever --propagate: 0 of 0 sibling(s) banked, 0 refused
delever --propagate: src/shared/ov/func_80148094.h:func_80148094 -> 0 sibling(s) of class 950905f4524c
  propagate ov_MAIN_012__func_80148094: delever --propagate: 0 of 0 sibling(s) banked, 0 refused
delever --propagate: src/shared/ov/func_8014E5B4.h:func_8014E5B4 -> 0 sibling(s) of class 4059bd0b0ef0
  propagate ov_MAIN_012__func_8014E5B4: delever --propagate: 0 of 0 sibling(s) banked, 0 refused
delever --propagate: src/shared/ov/func_80151DB0.h:func_80151DB0 -> 0 sibling(s) of class feb4a284b6fc
  propagate ov_MAIN_012__func_80151DB0: delever --propagate: 0 of 0 sibling(s) banked, 0 refused
delever --propagate: src/shared/ov/func_80153800.h:func_80153800 -> 0 sibling(s) of class 1395847142ec
  propagate ov_MAIN_012__func_80153800: delever --propagate: 0 of 0 sibling(s) banked, 0 refused
delever --propagate: src/shared/ov/func_80153E00.h:func_80153E00 -> 0 sibling(s) of class 0f20fc542e56
  propagate ov_MAIN_012__func_80153E00: delever --propagate: 0 of 0 sibling(s) banked, 0 refused
delever --propagate: src/shared/ov/func_80160410.h:func_80160410 -> 0 sibling(s) of class 8e9e621e517e
  propagate ov_MAIN_012__func_80160410: delever --propagate: 0 of 0 sibling(s) banked, 0 refused
delever --propagate: src/shared/ov/func_801612B8.h:func_801612B8 -> 0 sibling(s) of class f2d964bb5e7d
  propagate ov_MAIN_012__func_801612B8: delever --propagate: 0 of 0 sibling(s) banked, 0 refused
delever --propagate: src/shared/ov/func_80164D4C.h:func_80164D4C -> 0 sibling(s) of class 1d2ed0671142
  propagate ov_MAIN_012__func_80164D4C: delever --propagate: 0 of 0 sibling(s) banked, 0 refused
delever --propagate: src/shared/ov/func_80168BDC.h:func_80168BDC -> 0 sibling(s) of class 31bf3136e059
  propagate ov_SC01_000__func_80168BDC: delever --propagate: 0 of 0 sibling(s) banked, 0 refused
delever --propagate: src/shared/ov/func_8016A08C.h:func_8016A08C -> 0 sibling(s) of class 622f83532618
  propagate ov_MAIN_012__func_8016A08C: delever --propagate: 0 of 0 sibling(s) banked, 0 refused
delever --propagate: src/shared/ov/func_8016AA50.h:func_8016AA50 -> 0 sibling(s) of class ff20db71b72c
  propagate ov_MAIN_012__func_8016AA50: delever --propagate: 0 of 0 sibling(s) banked, 0 refused
delever --propagate: src/shared/ov/func_8017209C.h:func_8017209C -> 0 sibling(s) of class 0ea00c1653a8
  propagate ov_MAIN_012__func_8017209C: delever --propagate: 0 of 0 sibling(s) banked, 0 refused
delever --propagate: src/shared/ov/func_801756E4.h:func_801756E4 -> 0 sibling(s) of class 4bfc60d2e9b7
  propagate ov_MAIN_012__func_801756E4: delever --propagate: 0 of 0 sibling(s) banked, 0 refused
delever --propagate: src/shared/ov/func_80176144.h:func_80176144 -> 0 sibling(s) of class 6053e3ce91e9
  propagate ov_MAIN_012__func_80176144: delever --propagate: 0 of 0 sibling(s) banked, 0 refused
delever --propagate: src/shared/ov/func_8017AD0C.h:func_8017AD0C -> 0 sibling(s) of class d885d9205538
  propagate ov_MAIN_012__func_8017AD0C: delever --propagate: 0 of 0 sibling(s) banked, 0 refused
delever --propagate: src/shared/ov/func_801819F4__77651e74.h:func_801819F4 -> 0 sibling(s) of class 2cdd45cdf3e9
  propagate ov_SC02_000__func_801819F4: delever --propagate: 0 of 0 sibling(s) banked, 0 refused
delever --propagate: src/shared/ov/func_80181E58__beb530ef.h:func_80181E58 -> 0 sibling(s) of class 27c4a81d520b
  propagate ov_SC03_118__func_80181E58: delever --propagate: 0 of 0 sibling(s) banked, 0 refused
delever --propagate: src/shared/ov/func_80183604__79e7b5c8.h:func_80183604 -> 0 sibling(s) of class c7fcd852a20d
  propagate ov_SC04_018__func_80183604: delever --propagate: 0 of 0 sibling(s) banked, 0 refused
delever --propagate: src/shared/ov/func_80186CE8.h:func_80186CE8 -> 0 sibling(s) of class 44e6f4dccbb4
  propagate ov_SC02_000__func_80186CE8: delever --propagate: 0 of 0 sibling(s) banked, 0 refused
delever --propagate: src/shared/ov/func_80188134__7cb1faa0.h:func_80188134 -> 0 sibling(s) of class 313cda27c095
  propagate ov_SC02_000__func_80188134: delever --propagate: 0 of 0 sibling(s) banked, 0 refused

search: 285 of 800 exemplars matched lever-free in 2.32 h (285 of 800 bodies behind them; 94,627 compiles) — NO-MATCH 499 · MATCH 285 · UNSTRIPPABLE 9 · UNSCORED 7
