05:29:57   src/ov_SC07_001/ov_SC07_001_jr_8017BEBC.c: all DIFFERS 
05:29:57   src/ov_SC07_001/ov_SC07_001_jr_8017BEBC.c: REFUSED — deleted 68 defs, renamed 0, use renames 30, direct calls 0, direct levers 0, unmatched 1, marked 0
05:29:57   src/ov_SC03_112/ov_SC03_112_jr_8017C294.c: all DIFFERS 
05:29:57   src/ov_SC03_112/ov_SC03_112_jr_8017C294.c: REFUSED — deleted 51 defs, renamed 0, use renames 0, direct calls 0, direct levers 0, unmatched 1, marked 0
05:29:57   src/md_MAIN_034/md_MAIN_034.c: all DIFFERS 
05:29:57   src/md_MAIN_034/md_MAIN_034.c: REFUSED — deleted 94 defs, renamed 0, use renames 9, direct calls 0, direct levers 0, unmatched 0, marked 0
05:29:58   src/ov_SC05_002/ov_SC05_002_jr_8017BEBC.c: all DIFFERS 
05:29:58   src/ov_SC05_002/ov_SC05_002_jr_8017BEBC.c: REFUSED — deleted 47 defs, renamed 0, use renames 0, direct calls 0, direct levers 0, unmatched 0, marked 0
05:29:58   src/ov_SC06_029/ov_SC06_029_jr_8017C954.c: CONSOLIDATED — deleted 74 defs, renamed 0, use renames 4, direct calls 1, direct levers 0, unmatched 1, marked 0
05:29:58   src/ov_SC03_090/ov_SC03_090_jr_8017CA80.c: all DIFFERS 
05:29:59   src/ov_SC03_090/ov_SC03_090_jr_8017CA80.c: defs-only DIFFERS 
05:29:59   src/ov_SC03_090/ov_SC03_090_jr_8017CA80.c: REFUSED — deleted 39 defs, renamed 0, use renames 0, direct calls 4, direct levers 4, unmatched 0, marked 4
05:29:59   src/ov_SC07_002/ov_SC07_002_jr_8017C8D0.c: all DIFFERS 
05:29:59   src/ov_SC07_002/ov_SC07_002_jr_8017C8D0.c: REFUSED — deleted 46 defs, renamed 0, use renames 42, direct calls 0, direct levers 0, unmatched 1, marked 0
05:29:59   src/ov_SC04_007/ov_SC04_007_jr_8017BEBC.c: CONSOLIDATED — deleted 58 defs, renamed 0, use renames 39, direct calls 0, direct levers 0, unmatched 0, marked 0
05:29:59   src/ov_SC04_005/ov_SC04_005_jr_8017BEBC.c: CONSOLIDATED — deleted 58 defs, renamed 0, use renames 39, direct calls 0, direct levers 0, unmatched 0, marked 0
05:30:00   src/ov_SC03_030/ov_SC03_030_jr_8017AE2C.c: CONSOLIDATED — deleted 35 defs, renamed 0, use renames 10, direct calls 5, direct levers 5, unmatched 1, marked 5
05:30:00   src/ov_SC06_032/ov_SC06_032_jr_80182890.c: CONSOLIDATED — deleted 66 defs, renamed 0, use renames 0, direct calls 2, direct levers 0, unmatched 0, marked 0
05:30:00   src/ov_SC06_018/ov_SC06_018_jr_80187AEC.c: CONSOLIDATED — deleted 43 defs, renamed 0, use renames 0, direct calls 0, direct levers 0, unmatched 0, marked 0
05:30:00   src/ov_SC05_003/ov_SC05_003_jr_8017BEBC.c: all DIFFERS 
05:30:00   src/ov_SC05_003/ov_SC05_003_jr_8017BEBC.c: REFUSED — deleted 45 defs, renamed 0, use renames 0, direct calls 0, direct levers 0, unmatched 1, marked 0
05:30:00   src/ov_SC03_113/ov_SC03_113_jr_8017C294.c: all DIFFERS 
05:30:00   src/ov_SC03_113/ov_SC03_113_jr_8017C294.c: REFUSED — deleted 51 defs, renamed 0, use renames 8, direct calls 0, direct levers 0, unmatched 0, marked 0
05:30:00   src/ov_SC03_089/ov_SC03_089_jr_8017CA80.c: all DIFFERS 
05:30:01   src/ov_SC03_101/ov_SC03_101_jr_8017CA80.c: all DIFFERS 
05:30:01   src/ov_SC03_101/ov_SC03_101_jr_8017CA80.c: REFUSED — deleted 37 defs, renamed 0, use renames 0, direct calls 0, direct levers 0, unmatched 0, marked 0
05:30:01   src/ov_SC03_089/ov_SC03_089_jr_8017CA80.c: defs-only DIFFERS 
05:30:01   src/ov_SC03_102/ov_SC03_102_jr_8017BEBC.c: CONSOLIDATED — deleted 37 defs, renamed 0, use renames 1, direct calls 0, direct levers 0, unmatched 0, marked 0
05:30:01   src/ov_SC03_089/ov_SC03_089_jr_8017CA80.c: REFUSED — deleted 35 defs, renamed 0, use renames 0, direct calls 4, direct levers 4, unmatched 0, marked 4
05:30:01   src/ov_SC02_027/ov_SC02_027_jr_8017D898.c: all DIFFERS 
05:30:01   src/ov_SC02_027/ov_SC02_027_jr_8017D898.c: REFUSED — deleted 35 defs, renamed 0, use renames 3, direct calls 0, direct levers 0, unmatched 0, marked 0
05:30:02   src/ov_SC02_041/ov_SC02_041_jr_8017BEBC.c: all DIFFERS 
05:30:02   src/ov_SC02_041/ov_SC02_041_jr_8017BEBC.c: REFUSED — deleted 42 defs, renamed 0, use renames 38, direct calls 0, direct levers 0, unmatched 0, marked 0
05:30:02   src/ov_SC03_103/ov_SC03_103_jr_8017C294.c: all DIFFERS 
05:30:02   src/ov_SC03_103/ov_SC03_103_jr_8017C294.c: REFUSED — deleted 35 defs, renamed 0, use renames 0, direct calls 0, direct levers 0, unmatched 0, marked 0
05:30:02   src/ov_SC04_002/ov_SC04_002_jr_8017BEBC.c: CONSOLIDATED — deleted 40 defs, renamed 0, use renames 39, direct calls 0, direct levers 0, unmatched 0, marked 0
05:30:03   src/ov_SC06_032/ov_SC06_032_jr_8017C24C.c: all DIFFERS 
05:30:04   src/ov_SC06_032/ov_SC06_032_jr_8017C24C.c: defs-only DIFFERS 
05:30:04   src/ov_SC06_032/ov_SC06_032_jr_8017C24C.c: REFUSED — deleted 20 defs, renamed 0, use renames 6, direct calls 14, direct levers 0, unmatched 2, marked 0
05:30:04   src/ov_SC06_018/ov_SC06_018_jr_8017C24C.c: all DIFFERS 
05:30:04   src/ov_SC03_111/ov_SC03_111_jr_8017EC58.c: CONSOLIDATED — deleted 43 defs, renamed 0, use renames 9, direct calls 0, direct levers 0, unmatched 1, marked 0
05:30:04   src/ov_SC06_000/ov_SC06_000_jr_8017AE2C.c: CONSOLIDATED — deleted 55 defs, renamed 0, use renames 13, direct calls 2, direct levers 0, unmatched 1, marked 0
05:30:04   src/ov_SC04_003/ov_SC04_003_jr_8017BEBC.c: all DIFFERS 
05:30:04   src/ov_SC04_003/ov_SC04_003_jr_8017BEBC.c: REFUSED — deleted 35 defs, renamed 0, use renames 0, direct calls 0, direct levers 0, unmatched 0, marked 0
05:30:04   src/ov_SC06_018/ov_SC06_018_jr_8017C24C.c: defs-only DIFFERS 
05:30:04   src/ov_SC06_018/ov_SC06_018_jr_8017C24C.c: REFUSED — deleted 20 defs, renamed 0, use renames 6, direct calls 14, direct levers 0, unmatched 4, marked 0
05:30:05   src/ov_SC06_020/ov_SC06_020_jr_8017C24C.c: all DIFFERS 
05:30:05   src/ov_SC06_020/ov_SC06_020_jr_8017C24C.c: defs-only DIFFERS 
05:30:05   src/ov_SC06_020/ov_SC06_020_jr_8017C24C.c: REFUSED — deleted 17 defs, renamed 0, use renames 0, direct calls 16, direct levers 0, unmatched 2, marked 0
05:30:05   src/ov_SC03_091/ov_SC03_091_jr_8017D898.c: all DIFFERS 
05:30:05   src/ov_SC03_091/ov_SC03_091_jr_8017D898.c: REFUSED — deleted 31 defs, renamed 0, use renames 0, direct calls 0, direct levers 0, unmatched 0, marked 0
05:30:05   src/ov_SC07_000/ov_SC07_000_jr_8017BEBC.c: CONSOLIDATED — deleted 31 defs, renamed 0, use renames 1, direct calls 0, direct levers 0, unmatched 0, marked 0
05:30:05   src/ov_SC03_104/ov_SC03_104_jr_8017CA80.c: all DIFFERS 
05:30:05   src/ov_SC03_104/ov_SC03_104_jr_8017CA80.c: REFUSED — deleted 31 defs, renamed 0, use renames 0, direct calls 0, direct levers 0, unmatched 0, marked 0
05:30:05   src/ov_SC04_011/ov_SC04_011_jr_8017D494.c: CONSOLIDATED — deleted 46 defs, renamed 0, use renames 11, direct calls 0, direct levers 0, unmatched 0, marked 0
05:30:05   src/ov_SC06_024/ov_SC06_024_jr_8017BEBC.c: all DIFFERS 
05:30:05   src/ov_SC06_024/ov_SC06_024_jr_8017BEBC.c: REFUSED — deleted 33 defs, renamed 0, use renames 24, direct calls 0, direct levers 0, unmatched 0, marked 0
05:30:06   src/ov_SC02_017/ov_SC02_017_jr_8017DF34.c: CONSOLIDATED — deleted 31 defs, renamed 0, use renames 9, direct calls 1, direct levers 0, unmatched 1, marked 0
05:30:06   src/ov_SC03_014/ov_SC03_014_jr_8017EB7C.c: CONSOLIDATED — deleted 31 defs, renamed 0, use renames 1, direct calls 0, direct levers 0, unmatched 0, marked 0
05:30:06   src/ov_SC06_010/ov_SC06_010_jr_8017A4AC.c: CONSOLIDATED — deleted 33 defs, renamed 0, use renames 6, direct calls 0, direct levers 0, unmatched 0, marked 0
05:30:06   src/ov_SC03_118/ov_SC03_118_jr_8017FB84.c: CONSOLIDATED — deleted 32 defs, renamed 0, use renames 1, direct calls 0, direct levers 0, unmatched 0, marked 0
05:30:06   src/ov_SC01_001/ov_SC01_001_jr_8012ACE0.c: CONSOLIDATED — deleted 27 defs, renamed 0, use renames 0, direct calls 1, direct levers 0, unmatched 1, marked 0
05:30:06   src/md_SC07_004/md_SC07_004.c: CONSOLIDATED — deleted 33 defs, renamed 0, use renames 28, direct calls 0, direct levers 0, unmatched 0, marked 0
05:30:06   src/ov_SC01_004/ov_SC01_004_jr_8012ACE0.c: CONSOLIDATED — deleted 27 defs, renamed 0, use renames 0, direct calls 1, direct levers 0, unmatched 1, marked 0
05:30:06   src/ov_SC01_000/ov_SC01_000_jr_8012ACE0.c: CONSOLIDATED — deleted 27 defs, renamed 0, use renames 0, direct calls 1, direct levers 0, unmatched 1, marked 0
05:30:06   src/ov_SC01_009/ov_SC01_009_jr_8012ACE0.c: CONSOLIDATED — deleted 27 defs, renamed 0, use renames 0, direct calls 1, direct levers 0, unmatched 1, marked 0
05:30:07   src/ov_SC01_080/ov_SC01_080_jr_8012ACE0.c: CONSOLIDATED — deleted 27 defs, renamed 0, use renames 0, direct calls 1, direct levers 0, unmatched 1, marked 0
05:30:07   src/ov_SC01_074/ov_SC01_074_jr_8012ACE0.c: CONSOLIDATED — deleted 27 defs, renamed 0, use renames 0, direct calls 1, direct levers 0, unmatched 1, marked 0
05:30:07   src/ov_SC01_008/ov_SC01_008_jr_8012ACE0.c: CONSOLIDATED — deleted 27 defs, renamed 0, use renames 0, direct calls 1, direct levers 0, unmatched 1, marked 0
05:30:07   src/ov_SC01_084/ov_SC01_084_jr_8012ACE0.c: CONSOLIDATED — deleted 27 defs, renamed 0, use renames 0, direct calls 1, direct levers 0, unmatched 1, marked 0
05:30:07   src/ov_SC02_004/ov_SC02_004_jr_8012ACE0.c: CONSOLIDATED — deleted 27 defs, renamed 0, use renames 0, direct calls 1, direct levers 0, unmatched 1, marked 0
05:30:07   src/ov_SC01_005/ov_SC01_005_jr_8012ACE0.c: CONSOLIDATED — deleted 27 defs, renamed 0, use renames 0, direct calls 1, direct levers 0, unmatched 1, marked 0
05:30:07   src/ov_SC02_005/ov_SC02_005_jr_8012ACE0.c: CONSOLIDATED — deleted 27 defs, renamed 0, use renames 0, direct calls 1, direct levers 0, unmatched 1, marked 0
05:30:07   src/ov_SC02_016/ov_SC02_016_jr_8012ACE0.c: CONSOLIDATED — deleted 27 defs, renamed 0, use renames 0, direct calls 1, direct levers 0, unmatched 1, marked 0
05:30:07   src/ov_SC02_017/ov_SC02_017_jr_8012ACE0.c: CONSOLIDATED — deleted 27 defs, renamed 0, use renames 0, direct calls 1, direct levers 0, unmatched 1, marked 0
05:30:08   src/ov_SC02_011/ov_SC02_011_jr_8012ACE0.c: CONSOLIDATED — deleted 27 defs, renamed 0, use renames 0, direct calls 1, direct levers 0, unmatched 1, marked 0
05:30:08   src/ov_SC02_021/ov_SC02_021_jr_8012ACE0.c: CONSOLIDATED — deleted 27 defs, renamed 0, use renames 0, direct calls 1, direct levers 0, unmatched 1, marked 0
05:30:08   src/ov_SC02_015/ov_SC02_015_jr_8012ACE0.c: CONSOLIDATED — deleted 27 defs, renamed 0, use renames 0, direct calls 1, direct levers 0, unmatched 1, marked 0
05:30:08   src/ov_SC02_026/ov_SC02_026_jr_8012ACE0.c: CONSOLIDATED — deleted 27 defs, renamed 0, use renames 0, direct calls 1, direct levers 0, unmatched 1, marked 0
05:30:08   src/ov_SC02_000/ov_SC02_000_jr_8012ACE0.c: CONSOLIDATED — deleted 27 defs, renamed 0, use renames 0, direct calls 1, direct levers 0, unmatched 1, marked 0
05:30:08   src/ov_SC02_037/ov_SC02_037.c: CONSOLIDATED — deleted 29 defs, renamed 0, use renames 0, direct calls 0, direct levers 0, unmatched 0, marked 0
05:30:08   src/ov_SC02_027/ov_SC02_027_jr_8012ACE0.c: CONSOLIDATED — deleted 27 defs, renamed 0, use renames 0, direct calls 1, direct levers 0, unmatched 1, marked 0
05:30:08   src/ov_SC02_031/ov_SC02_031_jr_8012ACE0.c: CONSOLIDATED — deleted 27 defs, renamed 0, use renames 0, direct calls 1, direct levers 0, unmatched 1, marked 0
05:30:08   src/ov_SC02_035/ov_SC02_035_jr_8012ACE0.c: CONSOLIDATED — deleted 27 defs, renamed 0, use renames 0, direct calls 1, direct levers 0, unmatched 1, marked 0
05:30:08   src/ov_SC02_028/ov_SC02_028_jr_8012ACE0.c: CONSOLIDATED — deleted 27 defs, renamed 0, use renames 0, direct calls 1, direct levers 0, unmatched 1, marked 0
05:30:08   src/ov_SC02_039/ov_SC02_039_jr_8012ACE0.c: CONSOLIDATED — deleted 27 defs, renamed 0, use renames 0, direct calls 1, direct levers 0, unmatched 1, marked 0
05:30:08   src/ov_SC03_001/ov_SC03_001_jr_8012ACE0.c: CONSOLIDATED — deleted 27 defs, renamed 0, use renames 0, direct calls 1, direct levers 0, unmatched 1, marked 0
05:30:09   src/ov_SC02_041/ov_SC02_041_jr_8012ACE0.c: CONSOLIDATED — deleted 27 defs, renamed 0, use renames 0, direct calls 1, direct levers 0, unmatched 1, marked 0
05:30:09   src/ov_SC03_002/ov_SC03_002_jr_8012ACE0.c: CONSOLIDATED — deleted 27 defs, renamed 0, use renames 0, direct calls 1, direct levers 0, unmatched 1, marked 0
05:30:09   src/ov_SC03_006/ov_SC03_006_jr_8012ACE0.c: CONSOLIDATED — deleted 27 defs, renamed 0, use renames 0, direct calls 1, direct levers 0, unmatched 1, marked 0
05:30:09   src/ov_SC03_007/ov_SC03_007_jr_8012ACE0.c: CONSOLIDATED — deleted 27 defs, renamed 0, use renames 0, direct calls 1, direct levers 0, unmatched 1, marked 0
05:30:09   src/ov_SC03_003/ov_SC03_003_jr_8012ACE0.c: CONSOLIDATED — deleted 27 defs, renamed 0, use renames 0, direct calls 1, direct levers 0, unmatched 1, marked 0
05:30:09   src/ov_SC03_010/ov_SC03_010_jr_8012ACE0.c: CONSOLIDATED — deleted 27 defs, renamed 0, use renames 0, direct calls 1, direct levers 0, unmatched 1, marked 0
05:30:09   src/ov_SC03_012/ov_SC03_012_jr_8012ACE0.c: CONSOLIDATED — deleted 27 defs, renamed 0, use renames 0, direct calls 1, direct levers 0, unmatched 1, marked 0
05:30:09   src/ov_SC03_013/ov_SC03_013_jr_8012ACE0.c: CONSOLIDATED — deleted 27 defs, renamed 0, use renames 0, direct calls 1, direct levers 0, unmatched 1, marked 0
05:30:09   src/ov_SC03_023/ov_SC03_023_jr_8012ACE0.c: CONSOLIDATED — deleted 27 defs, renamed 0, use renames 0, direct calls 1, direct levers 0, unmatched 1, marked 0
05:30:09   src/ov_SC03_011/ov_SC03_011_jr_8012ACE0.c: CONSOLIDATED — deleted 27 defs, renamed 0, use renames 0, direct calls 1, direct levers 0, unmatched 1, marked 0
05:30:10   src/ov_SC03_024/ov_SC03_024_jr_8012ACE0.c: CONSOLIDATED — deleted 27 defs, renamed 0, use renames 0, direct calls 1, direct levers 0, unmatched 1, marked 0
05:30:10   src/ov_SC03_028/ov_SC03_028_jr_8012ACE0.c: CONSOLIDATED — deleted 27 defs, renamed 0, use renames 0, direct calls 1, direct levers 0, unmatched 1, marked 0
05:30:10   src/ov_SC03_030/ov_SC03_030_jr_8012ACE0.c: CONSOLIDATED — deleted 27 defs, renamed 0, use renames 0, direct calls 1, direct levers 0, unmatched 1, marked 0
05:30:10   src/ov_SC03_029/ov_SC03_029_jr_8012ACE0.c: CONSOLIDATED — deleted 27 defs, renamed 0, use renames 0, direct calls 1, direct levers 0, unmatched 1, marked 0
05:30:10   src/ov_SC03_014/ov_SC03_014_jr_8012ACE0.c: CONSOLIDATED — deleted 27 defs, renamed 0, use renames 0, direct calls 1, direct levers 0, unmatched 1, marked 0
05:30:10   src/ov_SC03_031/ov_SC03_031_jr_8012ACE0.c: CONSOLIDATED — deleted 27 defs, renamed 0, use renames 0, direct calls 1, direct levers 0, unmatched 1, marked 0
05:30:10   src/ov_SC03_091/ov_SC03_091_jr_8012ACE0.c: CONSOLIDATED — deleted 27 defs, renamed 0, use renames 0, direct calls 1, direct levers 0, unmatched 1, marked 0
05:30:10   src/ov_SC03_089/ov_SC03_089_jr_8012ACE0.c: CONSOLIDATED — deleted 27 defs, renamed 0, use renames 0, direct calls 1, direct levers 0, unmatched 1, marked 0
05:30:10   src/ov_SC03_093/ov_SC03_093_jr_8012ACE0.c: CONSOLIDATED — deleted 27 defs, renamed 0, use renames 0, direct calls 1, direct levers 0, unmatched 1, marked 0
05:30:11   src/ov_SC03_094/ov_SC03_094_jr_8012ACE0.c: CONSOLIDATED — deleted 27 defs, renamed 0, use renames 0, direct calls 1, direct levers 0, unmatched 1, marked 0
05:30:11   src/ov_SC03_090/ov_SC03_090_jr_8012ACE0.c: CONSOLIDATED — deleted 27 defs, renamed 0, use renames 0, direct calls 1, direct levers 0, unmatched 1, marked 0
05:30:11   src/ov_SC03_092/ov_SC03_092_jr_8012ACE0.c: CONSOLIDATED — deleted 27 defs, renamed 0, use renames 0, direct calls 1, direct levers 0, unmatched 1, marked 0
05:30:11   src/ov_SC03_097/ov_SC03_097_jr_8012ACE0.c: CONSOLIDATED — deleted 27 defs, renamed 0, use renames 0, direct calls 1, direct levers 0, unmatched 1, marked 0
05:30:11   src/ov_SC03_096/ov_SC03_096_jr_8012ACE0.c: CONSOLIDATED — deleted 27 defs, renamed 0, use renames 0, direct calls 1, direct levers 0, unmatched 1, marked 0
05:30:11   src/ov_SC03_095/ov_SC03_095_jr_8012ACE0.c: CONSOLIDATED — deleted 27 defs, renamed 0, use renames 0, direct calls 1, direct levers 0, unmatched 1, marked 0
05:30:11   src/ov_SC03_107/ov_SC03_107.c: CONSOLIDATED — deleted 29 defs, renamed 0, use renames 0, direct calls 0, direct levers 0, unmatched 0, marked 0
05:30:11   src/ov_SC03_098/ov_SC03_098_jr_8012ACE0.c: CONSOLIDATED — deleted 27 defs, renamed 0, use renames 0, direct calls 1, direct levers 0, unmatched 1, marked 0
05:30:11   src/ov_SC03_101/ov_SC03_101_jr_8012ACE0.c: CONSOLIDATED — deleted 27 defs, renamed 0, use renames 0, direct calls 1, direct levers 0, unmatched 1, marked 0
05:30:11   src/ov_SC03_100/ov_SC03_100_jr_8012ACE0.c: CONSOLIDATED — deleted 27 defs, renamed 0, use renames 0, direct calls 1, direct levers 0, unmatched 1, marked 0
05:30:11   src/ov_SC03_103/ov_SC03_103_jr_8012ACE0.c: CONSOLIDATED — deleted 27 defs, renamed 0, use renames 0, direct calls 1, direct levers 0, unmatched 1, marked 0
05:30:12   src/ov_SC03_102/ov_SC03_102_jr_8012ACE0.c: CONSOLIDATED — deleted 27 defs, renamed 0, use renames 0, direct calls 1, direct levers 0, unmatched 1, marked 0
05:30:12   src/ov_SC03_099/ov_SC03_099_jr_8012ACE0.c: CONSOLIDATED — deleted 27 defs, renamed 0, use renames 0, direct calls 1, direct levers 0, unmatched 1, marked 0
05:30:12   src/ov_SC03_104/ov_SC03_104_jr_8012ACE0.c: CONSOLIDATED — deleted 27 defs, renamed 0, use renames 0, direct calls 1, direct levers 0, unmatched 1, marked 0
05:30:12   src/ov_SC03_108/ov_SC03_108_jr_8012ACE0.c: CONSOLIDATED — deleted 27 defs, renamed 0, use renames 0, direct calls 1, direct levers 0, unmatched 1, marked 0
05:30:12   src/ov_SC03_105/ov_SC03_105_jr_8012ACE0.c: CONSOLIDATED — deleted 27 defs, renamed 0, use renames 0, direct calls 1, direct levers 0, unmatched 1, marked 0
05:30:12   src/ov_SC03_109/ov_SC03_109_jr_8012ACE0.c: CONSOLIDATED — deleted 27 defs, renamed 0, use renames 0, direct calls 1, direct levers 0, unmatched 1, marked 0
05:30:12   src/ov_SC03_110/ov_SC03_110_jr_8012ACE0.c: CONSOLIDATED — deleted 27 defs, renamed 0, use renames 0, direct calls 1, direct levers 0, unmatched 1, marked 0
05:30:12   src/ov_SC03_111/ov_SC03_111_jr_8012ACE0.c: CONSOLIDATED — deleted 27 defs, renamed 0, use renames 0, direct calls 1, direct levers 0, unmatched 1, marked 0
05:30:12   src/ov_SC03_113/ov_SC03_113_jr_8012ACE0.c: CONSOLIDATED — deleted 27 defs, renamed 0, use renames 0, direct calls 1, direct levers 0, unmatched 1, marked 0
05:30:12   src/ov_SC03_112/ov_SC03_112_jr_8012ACE0.c: CONSOLIDATED — deleted 27 defs, renamed 0, use renames 0, direct calls 1, direct levers 0, unmatched 1, marked 0
05:30:12   src/ov_SC03_114/ov_SC03_114_jr_8012ACE0.c: CONSOLIDATED — deleted 27 defs, renamed 0, use renames 0, direct calls 1, direct levers 0, unmatched 1, marked 0
05:30:13   src/ov_SC03_115/ov_SC03_115_jr_8012ACE0.c: CONSOLIDATED — deleted 27 defs, renamed 0, use renames 0, direct calls 1, direct levers 0, unmatched 1, marked 0
05:30:13   src/ov_SC03_117/ov_SC03_117_jr_8012ACE0.c: CONSOLIDATED — deleted 27 defs, renamed 0, use renames 0, direct calls 1, direct levers 0, unmatched 1, marked 0
05:30:13   src/ov_SC03_116/ov_SC03_116_jr_8012ACE0.c: CONSOLIDATED — deleted 27 defs, renamed 0, use renames 0, direct calls 1, direct levers 0, unmatched 1, marked 0
05:30:13   src/ov_SC03_125/ov_SC03_125_jr_8012ACE0.c: CONSOLIDATED — deleted 27 defs, renamed 0, use renames 0, direct calls 1, direct levers 0, unmatched 1, marked 0
05:30:13   src/ov_SC03_124/ov_SC03_124_jr_8012ACE0.c: CONSOLIDATED — deleted 27 defs, renamed 0, use renames 0, direct calls 1, direct levers 0, unmatched 1, marked 0
05:30:14   src/ov_SC04_000/ov_SC04_000_jr_8012ACE0.c: CONSOLIDATED — deleted 27 defs, renamed 0, use renames 0, direct calls 1, direct levers 0, unmatched 1, marked 0
05:30:14   src/ov_SC03_121/ov_SC03_121_jr_8012ACE0.c: CONSOLIDATED — deleted 27 defs, renamed 0, use renames 0, direct calls 1, direct levers 0, unmatched 1, marked 0
05:30:14   src/ov_SC04_004/ov_SC04_004_jr_8012ACE0.c: CONSOLIDATED — deleted 27 defs, renamed 0, use renames 0, direct calls 1, direct levers 0, unmatched 1, marked 0
05:30:14   src/ov_SC04_003/ov_SC04_003_jr_8012ACE0.c: CONSOLIDATED — deleted 27 defs, renamed 0, use renames 0, direct calls 1, direct levers 0, unmatched 1, marked 0
05:30:14   src/ov_SC04_002/ov_SC04_002_jr_8012ACE0.c: CONSOLIDATED — deleted 27 defs, renamed 0, use renames 0, direct calls 1, direct levers 0, unmatched 1, marked 0
05:30:14   src/ov_SC04_006/ov_SC04_006_jr_8012ACE0.c: CONSOLIDATED — deleted 27 defs, renamed 0, use renames 0, direct calls 1, direct levers 0, unmatched 1, marked 0
05:30:14   src/ov_SC04_005/ov_SC04_005_jr_8012ACE0.c: CONSOLIDATED — deleted 27 defs, renamed 0, use renames 0, direct calls 1, direct levers 0, unmatched 1, marked 0
05:30:14   src/ov_SC04_007/ov_SC04_007_jr_8012ACE0.c: CONSOLIDATED — deleted 27 defs, renamed 0, use renames 0, direct calls 1, direct levers 0, unmatched 1, marked 0
05:30:15   src/ov_SC03_118/ov_SC03_118_jr_8012ACE0.c: CONSOLIDATED — deleted 27 defs, renamed 0, use renames 0, direct calls 1, direct levers 0, unmatched 1, marked 0
05:30:16   src/ov_SC04_012/ov_SC04_012_jr_8012ACE0.c: CONSOLIDATED — deleted 27 defs, renamed 0, use renames 0, direct calls 1, direct levers 0, unmatched 1, marked 0
05:30:17   src/ov_SC04_010/ov_SC04_010_jr_8012ACE0.c: CONSOLIDATED — deleted 27 defs, renamed 0, use renames 0, direct calls 1, direct levers 0, unmatched 1, marked 0
05:30:17   src/ov_SC04_011/ov_SC04_011_jr_8012ACE0.c: CONSOLIDATED — deleted 27 defs, renamed 0, use renames 0, direct calls 1, direct levers 0, unmatched 1, marked 0
05:30:17   src/ov_SC05_001/ov_SC05_001_jr_8012ACE0.c: CONSOLIDATED — deleted 27 defs, renamed 0, use renames 0, direct calls 1, direct levers 0, unmatched 1, marked 0
05:30:18   src/ov_SC05_002/ov_SC05_002_jr_8012ACE0.c: CONSOLIDATED — deleted 27 defs, renamed 0, use renames 0, direct calls 1, direct levers 0, unmatched 1, marked 0
05:30:18   src/ov_SC04_020/ov_SC04_020_jr_8012ACE0.c: CONSOLIDATED — deleted 27 defs, renamed 0, use renames 0, direct calls 1, direct levers 0, unmatched 1, marked 0
05:30:18   src/ov_SC04_016/ov_SC04_016_jr_8012ACE0.c: CONSOLIDATED — deleted 27 defs, renamed 0, use renames 0, direct calls 1, direct levers 0, unmatched 1, marked 0
05:30:18   src/ov_SC05_000/ov_SC05_000_jr_8012ACE0.c: CONSOLIDATED — deleted 27 defs, renamed 0, use renames 0, direct calls 1, direct levers 0, unmatched 1, marked 0
05:30:18   src/ov_SC04_009/ov_SC04_009_jr_8012ACE0.c: CONSOLIDATED — deleted 27 defs, renamed 0, use renames 0, direct calls 1, direct levers 0, unmatched 1, marked 0
05:30:18   src/ov_SC04_008/ov_SC04_008_jr_8012ACE0.c: CONSOLIDATED — deleted 27 defs, renamed 0, use renames 0, direct calls 1, direct levers 0, unmatched 1, marked 0
05:30:19   src/ov_SC04_015/ov_SC04_015_jr_8012ACE0.c: CONSOLIDATED — deleted 27 defs, renamed 0, use renames 0, direct calls 1, direct levers 0, unmatched 1, marked 0
05:30:20   src/ov_SC04_018/ov_SC04_018_jr_8012ACE0.c: CONSOLIDATED — deleted 27 defs, renamed 0, use renames 0, direct calls 1, direct levers 0, unmatched 1, marked 0
05:30:20   src/ov_SC05_007/ov_SC05_007_jr_8012ACE0.c: CONSOLIDATED — deleted 27 defs, renamed 0, use renames 0, direct calls 1, direct levers 0, unmatched 1, marked 0
05:30:21   src/ov_SC05_008/ov_SC05_008_jr_8012ACE0.c: CONSOLIDATED — deleted 27 defs, renamed 0, use renames 0, direct calls 1, direct levers 0, unmatched 1, marked 0
05:30:22   src/ov_SC05_004/ov_SC05_004_jr_8012ACE0.c: CONSOLIDATED — deleted 27 defs, renamed 0, use renames 0, direct calls 1, direct levers 0, unmatched 1, marked 0
05:30:22   src/ov_SC05_005/ov_SC05_005_jr_8012ACE0.c: CONSOLIDATED — deleted 27 defs, renamed 0, use renames 0, direct calls 1, direct levers 0, unmatched 1, marked 0
05:30:22   src/ov_SC05_003/ov_SC05_003_jr_8012ACE0.c: CONSOLIDATED — deleted 27 defs, renamed 0, use renames 0, direct calls 1, direct levers 0, unmatched 1, marked 0
05:30:22   src/ov_SC05_006/ov_SC05_006_jr_8012ACE0.c: CONSOLIDATED — deleted 27 defs, renamed 0, use renames 0, direct calls 1, direct levers 0, unmatched 1, marked 0
05:30:23   src/ov_SC05_011/ov_SC05_011_jr_8012ACE0.c: CONSOLIDATED — deleted 27 defs, renamed 0, use renames 0, direct calls 1, direct levers 0, unmatched 1, marked 0
05:30:23   src/ov_SC05_010/ov_SC05_010_jr_8012ACE0.c: CONSOLIDATED — deleted 27 defs, renamed 0, use renames 0, direct calls 1, direct levers 0, unmatched 1, marked 0
05:30:23   src/ov_SC05_018/ov_SC05_018_jr_8012ACE0.c: CONSOLIDATED — deleted 27 defs, renamed 0, use renames 0, direct calls 1, direct levers 0, unmatched 1, marked 0
05:30:23   src/ov_SC05_009/ov_SC05_009_jr_8012ACE0.c: CONSOLIDATED — deleted 27 defs, renamed 0, use renames 0, direct calls 1, direct levers 0, unmatched 1, marked 0
05:30:23   src/ov_SC06_008/ov_SC06_008_jr_8012ACE0.c: CONSOLIDATED — deleted 27 defs, renamed 0, use renames 0, direct calls 1, direct levers 0, unmatched 1, marked 0
05:30:24   src/ov_SC06_006/ov_SC06_006_jr_8012ACE0.c: CONSOLIDATED — deleted 27 defs, renamed 0, use renames 0, direct calls 1, direct levers 0, unmatched 1, marked 0
05:30:24   src/ov_SC05_017/ov_SC05_017_jr_8012ACE0.c: CONSOLIDATED — deleted 27 defs, renamed 0, use renames 0, direct calls 1, direct levers 0, unmatched 1, marked 0
05:30:25   src/ov_SC06_010/ov_SC06_010_jr_8012ACE0.c: CONSOLIDATED — deleted 27 defs, renamed 0, use renames 0, direct calls 1, direct levers 0, unmatched 1, marked 0
05:30:25   src/ov_SC06_000/ov_SC06_000_jr_8012ACE0.c: CONSOLIDATED — deleted 27 defs, renamed 0, use renames 0, direct calls 1, direct levers 0, unmatched 1, marked 0
05:30:27   src/ov_SC06_013/ov_SC06_013_jr_8012ACE0.c: CONSOLIDATED — deleted 27 defs, renamed 0, use renames 0, direct calls 1, direct levers 0, unmatched 1, marked 0
05:30:27   src/ov_SC06_015/ov_SC06_015_jr_8012ACE0.c: CONSOLIDATED — deleted 27 defs, renamed 0, use renames 0, direct calls 1, direct levers 0, unmatched 1, marked 0
05:30:27   src/ov_SC06_022/ov_SC06_022_jr_8012ACE0.c: CONSOLIDATED — deleted 27 defs, renamed 0, use renames 0, direct calls 1, direct levers 0, unmatched 1, marked 0
05:30:27   src/ov_SC06_018/ov_SC06_018_jr_8012ACE0.c: CONSOLIDATED — deleted 27 defs, renamed 0, use renames 0, direct calls 1, direct levers 0, unmatched 1, marked 0
05:30:28   src/ov_SC06_011/ov_SC06_011_jr_8012ACE0.c: CONSOLIDATED — deleted 27 defs, renamed 0, use renames 0, direct calls 1, direct levers 0, unmatched 1, marked 0
05:30:28   src/ov_SC06_016/ov_SC06_016_jr_8012ACE0.c: CONSOLIDATED — deleted 27 defs, renamed 0, use renames 0, direct calls 1, direct levers 0, unmatched 1, marked 0
05:30:28   src/ov_SC06_024/ov_SC06_024_jr_8012ACE0.c: CONSOLIDATED — deleted 27 defs, renamed 0, use renames 0, direct calls 1, direct levers 0, unmatched 1, marked 0
05:30:28   src/ov_SC06_008/ov_SC06_008_jr_8017C294.c: all DIFFERS 
05:30:28   src/ov_SC06_008/ov_SC06_008_jr_8017C294.c: REFUSED — deleted 29 defs, renamed 0, use renames 12, direct calls 0, direct levers 0, unmatched 0, marked 0
05:30:28   src/ov_SC06_014/ov_SC06_014_jr_8012ACE0.c: CONSOLIDATED — deleted 27 defs, renamed 0, use renames 0, direct calls 1, direct levers 0, unmatched 1, marked 0
05:30:29   src/ov_SC06_020/ov_SC06_020_jr_8012ACE0.c: CONSOLIDATED — deleted 27 defs, renamed 0, use renames 0, direct calls 1, direct levers 0, unmatched 1, marked 0
05:30:29   src/ov_SC06_025/ov_SC06_025_jr_8012ACE0.c: CONSOLIDATED — deleted 27 defs, renamed 0, use renames 0, direct calls 1, direct levers 0, unmatched 1, marked 0
05:30:30   src/ov_SC06_027/ov_SC06_027_jr_8012ACE0.c: CONSOLIDATED — deleted 27 defs, renamed 0, use renames 0, direct calls 1, direct levers 0, unmatched 1, marked 0
05:30:30   src/ov_SC06_030/ov_SC06_030_jr_8012ACE0.c: CONSOLIDATED — deleted 27 defs, renamed 0, use renames 0, direct calls 1, direct levers 0, unmatched 1, marked 0
05:30:31   src/ov_SC06_029/ov_SC06_029_jr_8012ACE0.c: CONSOLIDATED — deleted 27 defs, renamed 0, use renames 0, direct calls 1, direct levers 0, unmatched 1, marked 0
05:30:31   src/ov_SC07_008/ov_SC07_008_jr_8012ACE0.c: CONSOLIDATED — deleted 27 defs, renamed 0, use renames 0, direct calls 1, direct levers 0, unmatched 1, marked 0
05:30:32   src/ov_SC06_033/ov_SC06_033_jr_8012ACE0.c: CONSOLIDATED — deleted 27 defs, renamed 0, use renames 0, direct calls 1, direct levers 0, unmatched 1, marked 0
05:30:32   src/ov_SC07_000/ov_SC07_000_jr_8012ACE0.c: CONSOLIDATED — deleted 27 defs, renamed 0, use renames 0, direct calls 1, direct levers 0, unmatched 1, marked 0
05:30:32   src/ov_SC06_032/ov_SC06_032_jr_8012ACE0.c: CONSOLIDATED — deleted 27 defs, renamed 0, use renames 0, direct calls 1, direct levers 0, unmatched 1, marked 0
05:30:32   src/ov_SC07_002/ov_SC07_002_jr_8012ACE0.c: CONSOLIDATED — deleted 27 defs, renamed 0, use renames 0, direct calls 1, direct levers 0, unmatched 1, marked 0
05:30:32   src/ov_SC07_001/ov_SC07_001_jr_8012ACE0.c: CONSOLIDATED — deleted 27 defs, renamed 0, use renames 0, direct calls 1, direct levers 0, unmatched 1, marked 0
05:30:33   src/ov_SC03_104/ov_SC03_104_jr_80182038.c: CONSOLIDATED — deleted 20 defs, renamed 0, use renames 0, direct calls 4, direct levers 4, unmatched 0, marked 4
05:30:34   src/ov_SC07_009/ov_SC07_009_jr_8012ACE0.c: CONSOLIDATED — deleted 27 defs, renamed 0, use renames 0, direct calls 1, direct levers 0, unmatched 1, marked 0
05:30:34   src/ov_SC02_016/ov_SC02_016_jr_8017DC70.c: CONSOLIDATED — deleted 23 defs, renamed 0, use renames 1, direct calls 3, direct levers 1, unmatched 0, marked 1
05:30:36   src/ov_SC03_126/ov_SC03_126_jr_8012ACE0.c: CONSOLIDATED — deleted 27 defs, renamed 0, use renames 0, direct calls 0, direct levers 0, unmatched 0, marked 0
05:30:36   src/ov_SC02_028/ov_SC02_028_jr_8017D898.c: all DIFFERS 
05:30:36   src/ov_SC02_028/ov_SC02_028_jr_8017D898.c: REFUSED — deleted 25 defs, renamed 0, use renames 0, direct calls 0, direct levers 0, unmatched 0, marked 0
05:30:36   src/ov_SC04_021/ov_SC04_021_jr_8012ACE0.c: CONSOLIDATED — deleted 27 defs, renamed 0, use renames 0, direct calls 0, direct levers 0, unmatched 0, marked 0
05:30:36   src/ov_SC03_097/ov_SC03_097_jr_8017D898.c: all DIFFERS 
05:30:36   src/ov_SC03_097/ov_SC03_097_jr_8017D898.c: REFUSED — deleted 25 defs, renamed 0, use renames 0, direct calls 0, direct levers 0, unmatched 0, marked 0
05:30:37   src/ov_SC05_019/ov_SC05_019_jr_8012ACE0.c: CONSOLIDATED — deleted 27 defs, renamed 0, use renames 0, direct calls 0, direct levers 0, unmatched 0, marked 0
05:30:37   src/ov_SC03_114/ov_SC03_114_jr_8017BEBC.c: all DIFFERS 
05:30:37   src/ov_SC03_114/ov_SC03_114_jr_8017BEBC.c: REFUSED — deleted 25 defs, renamed 0, use renames 0, direct calls 0, direct levers 0, unmatched 0, marked 0
05:30:37   src/ov_SC02_039/ov_SC02_039_jr_8017BEBC.c: all DIFFERS 
05:30:37   src/ov_SC02_039/ov_SC02_039_jr_8017BEBC.c: REFUSED — deleted 23 defs, renamed 0, use renames 0, direct calls 0, direct levers 0, unmatched 1, marked 0
05:30:37   src/ov_SC02_021/ov_SC02_021_jr_8017C294.c: all DIFFERS 
05:30:37   src/ov_SC02_021/ov_SC02_021_jr_8017C294.c: REFUSED — deleted 24 defs, renamed 0, use renames 0, direct calls 0, direct levers 0, unmatched 0, marked 0
05:30:37   src/ov_SC02_015/ov_SC02_015_jr_8017AE2C.c: all DIFFERS 
05:30:38   src/ov_SC02_015/ov_SC02_015_jr_8017AE2C.c: REFUSED — deleted 24 defs, renamed 0, use renames 0, direct calls 0, direct levers 0, unmatched 0, marked 0
05:30:38   src/ov_SC02_011/ov_SC02_011_jr_8017AE2C.c: CONSOLIDATED — deleted 25 defs, renamed 0, use renames 12, direct calls 0, direct levers 0, unmatched 0, marked 0
05:30:39   src/ov_SC02_026/ov_SC02_026_jr_8017C180.c: all DIFFERS 
05:30:39   src/ov_SC02_026/ov_SC02_026_jr_8017C180.c: REFUSED — deleted 19 defs, renamed 0, use renames 0, direct calls 0, direct levers 0, unmatched 4, marked 0
05:30:40   src/ov_SC03_108/ov_SC03_108_jr_8017BEBC.c: all DIFFERS 
05:30:40   src/ov_SC03_108/ov_SC03_108_jr_8017BEBC.c: REFUSED — deleted 23 defs, renamed 0, use renames 0, direct calls 0, direct levers 0, unmatched 1, marked 0
05:30:40   src/ov_SC06_033/ov_SC06_033_jr_8017C24C.c: all DIFFERS 
05:30:40   src/ov_SC06_033/ov_SC06_033_jr_8017C24C.c: REFUSED — deleted 20 defs, renamed 0, use renames 6, direct calls 0, direct levers 0, unmatched 4, marked 0
05:30:40   src/ov_SC04_009/ov_SC04_009_jr_8017BEBC.c: all DIFFERS 
05:30:40   src/ov_SC04_009/ov_SC04_009_jr_8017BEBC.c: REFUSED — deleted 23 defs, renamed 0, use renames 0, direct calls 0, direct levers 0, unmatched 0, marked 0
05:30:40   src/ov_SC03_007/ov_SC03_007_jr_8017AE2C.c: CONSOLIDATED — deleted 22 defs, renamed 0, use renames 4, direct calls 0, direct levers 0, unmatched 0, marked 0
05:30:41   src/ov_SC03_107/ov_SC03_107_jr_801789AC.c: CONSOLIDATED — deleted 28 defs, renamed 0, use renames 8, direct calls 0, direct levers 0, unmatched 0, marked 0
05:30:41   src/ov_SC03_006/ov_SC03_006_jr_8017AE2C.c: CONSOLIDATED — deleted 22 defs, renamed 0, use renames 6, direct calls 0, direct levers 0, unmatched 0, marked 0
05:30:41   src/ov_SC05_001/ov_SC05_001_jr_8017BEBC.c: CONSOLIDATED — deleted 17 defs, renamed 0, use renames 1, direct calls 0, direct levers 0, unmatched 5, marked 0
05:30:41   src/ov_SC03_028/ov_SC03_028_jr_8017DF98.c: CONSOLIDATED — deleted 22 defs, renamed 0, use renames 0, direct calls 0, direct levers 0, unmatched 0, marked 0
05:30:41   src/ov_SC04_006/ov_SC04_006_jr_8017BEBC.c: all DIFFERS 
05:30:41   src/ov_SC04_006/ov_SC04_006_jr_8017BEBC.c: REFUSED — deleted 19 defs, renamed 0, use renames 0, direct calls 0, direct levers 0, unmatched 3, marked 0
05:30:42   src/ov_SC03_031/ov_SC03_031_jr_8017DB5C.c: CONSOLIDATED — deleted 19 defs, renamed 0, use renames 1, direct calls 1, direct levers 1, unmatched 0, marked 1
05:30:42   src/ov_SC06_033/ov_SC06_033_jr_80186574.c: CONSOLIDATED — deleted 22 defs, renamed 0, use renames 0, direct calls 0, direct levers 0, unmatched 0, marked 0
05:30:43   src/ov_SC01_080/ov_SC01_080_jr_8017AE2C.c: CONSOLIDATED — deleted 21 defs, renamed 0, use renames 1, direct calls 0, direct levers 0, unmatched 0, marked 0
05:30:44   src/ov_SC02_035/ov_SC02_035_jr_8017BEBC.c: all DIFFERS 
05:30:44   src/ov_SC02_035/ov_SC02_035_jr_8017BEBC.c: REFUSED — deleted 21 defs, renamed 0, use renames 0, direct calls 0, direct levers 0, unmatched 0, marked 0
05:30:44   src/ov_SC03_098/ov_SC03_098_jr_8017D898.c: all DIFFERS 
05:30:44   src/ov_SC03_098/ov_SC03_098_jr_8017D898.c: REFUSED — deleted 21 defs, renamed 0, use renames 0, direct calls 0, direct levers 0, unmatched 0, marked 0
05:30:44   src/ov_SC02_037/ov_SC02_037_jr_8017AE2C.c: CONSOLIDATED — deleted 21 defs, renamed 0, use renames 1, direct calls 0, direct levers 0, unmatched 0, marked 0
05:30:44   src/ov_SC03_094/ov_SC03_094_jr_8017BEBC.c: all DIFFERS 
05:30:44   src/ov_SC03_094/ov_SC03_094_jr_8017BEBC.c: REFUSED — deleted 21 defs, renamed 0, use renames 0, direct calls 0, direct levers 0, unmatched 0, marked 0
05:30:44   src/ov_SC03_093/ov_SC03_093_jr_8017D898.c: all DIFFERS 
05:30:44   src/ov_SC03_093/ov_SC03_093_jr_8017D898.c: REFUSED — deleted 21 defs, renamed 0, use renames 0, direct calls 0, direct levers 0, unmatched 0, marked 0
05:30:45   src/ov_SC03_095/ov_SC03_095_jr_8017BEBC.c: all DIFFERS 
05:30:45   src/ov_SC03_095/ov_SC03_095_jr_8017BEBC.c: REFUSED — deleted 21 defs, renamed 0, use renames 0, direct calls 0, direct levers 0, unmatched 0, marked 0
05:30:45   src/ov_SC03_096/ov_SC03_096_jr_8017BEBC.c: all DIFFERS 
05:30:45   src/ov_SC03_096/ov_SC03_096_jr_8017BEBC.c: REFUSED — deleted 21 defs, renamed 0, use renames 0, direct calls 0, direct levers 0, unmatched 0, marked 0
05:30:45   src/ov_SC03_109/ov_SC03_109_jr_8017C180.c: all DIFFERS 
05:30:45   src/ov_SC03_109/ov_SC03_109_jr_8017C180.c: REFUSED — deleted 21 defs, renamed 0, use renames 0, direct calls 0, direct levers 0, unmatched 0, marked 0
05:30:45   src/ov_SC03_099/ov_SC03_099_jr_8017BEBC.c: all DIFFERS 
05:30:45   src/ov_SC03_099/ov_SC03_099_jr_8017BEBC.c: REFUSED — deleted 21 defs, renamed 0, use renames 0, direct calls 0, direct levers 0, unmatched 0, marked 0
05:30:46   src/ov_SC03_100/ov_SC03_100_jr_8017D898.c: all DIFFERS 
05:30:46   src/ov_SC03_100/ov_SC03_100_jr_8017D898.c: REFUSED — deleted 21 defs, renamed 0, use renames 0, direct calls 0, direct levers 0, unmatched 0, marked 0
05:30:46   src/md_SC07_003/md_SC07_003.c: CONSOLIDATED — deleted 20 defs, renamed 0, use renames 0, direct calls 0, direct levers 0, unmatched 0, marked 0
05:30:47   src/ov_SC03_010/ov_SC03_010_jr_8017C730.c: all DIFFERS 
05:30:47   src/ov_SC03_010/ov_SC03_010_jr_8017C730.c: REFUSED — deleted 18 defs, renamed 0, use renames 0, direct calls 0, direct levers 0, unmatched 1, marked 0
05:30:47   src/ov_SC05_009/ov_SC05_009_jr_8017BEBC.c: all DIFFERS 
05:30:47   src/ov_SC05_009/ov_SC05_009_jr_8017BEBC.c: REFUSED — deleted 21 defs, renamed 0, use renames 0, direct calls 0, direct levers 0, unmatched 0, marked 0
05:30:48   src/ov_MAIN_012/ov_MAIN_012.c: CONSOLIDATED — deleted 19 defs, renamed 0, use renames 0, direct calls 0, direct levers 0, unmatched 0, marked 0
05:30:48   src/ov_SC03_105/ov_SC03_105_jr_80181C84.c: CONSOLIDATED — deleted 20 defs, renamed 0, use renames 44, direct calls 0, direct levers 0, unmatched 0, marked 0
05:30:49   src/ov_SC01_077/ov_SC01_077_jr_8012ACE0.c: CONSOLIDATED — deleted 17 defs, renamed 0, use renames 0, direct calls 1, direct levers 0, unmatched 1, marked 0
05:30:49   src/ov_SC04_000/ov_SC04_000_jr_8017BEBC.c: CONSOLIDATED — deleted 19 defs, renamed 0, use renames 1, direct calls 0, direct levers 0, unmatched 0, marked 0
05:30:49   src/ov_SC05_005/ov_SC05_005_jr_8017D898.c: all DIFFERS 
05:30:49   src/ov_SC05_005/ov_SC05_005_jr_8017D898.c: REFUSED — deleted 17 defs, renamed 0, use renames 0, direct calls 0, direct levers 0, unmatched 2, marked 0
05:30:49   src/ov_SC06_011/ov_SC06_011_jr_8017BEBC.c: all DIFFERS 
05:30:49   src/ov_SC06_011/ov_SC06_011_jr_8017BEBC.c: REFUSED — deleted 19 defs, renamed 0, use renames 0, direct calls 0, direct levers 0, unmatched 0, marked 0
05:30:50   src/ov_SC07_006/ov_SC07_006.c: CONSOLIDATED — deleted 19 defs, renamed 0, use renames 0, direct calls 0, direct levers 0, unmatched 0, marked 0
05:30:51   src/ov_SC07_007/ov_SC07_007.c: CONSOLIDATED — deleted 19 defs, renamed 0, use renames 0, direct calls 0, direct levers 0, unmatched 0, marked 0
05:30:51   src/ov_SC07_011/ov_SC07_011.c: CONSOLIDATED — deleted 19 defs, renamed 0, use renames 0, direct calls 0, direct levers 0, unmatched 0, marked 0
05:30:51   src/ov_SC07_010/ov_SC07_010.c: CONSOLIDATED — deleted 19 defs, renamed 0, use renames 0, direct calls 0, direct levers 0, unmatched 0, marked 0
05:30:52   src/ov_SC03_013/ov_SC03_013_jr_8017C730.c: all DIFFERS 
05:30:52   src/ov_SC03_013/ov_SC03_013_jr_8017C730.c: REFUSED — deleted 18 defs, renamed 0, use renames 0, direct calls 0, direct levers 0, unmatched 0, marked 0
05:30:52   src/ov_SC03_014/ov_SC03_014_jr_8017AE2C.c: CONSOLIDATED — deleted 20 defs, renamed 0, use renames 12, direct calls 0, direct levers 0, unmatched 0, marked 0
05:30:53   src/ov_SC02_031/ov_SC02_031_jr_8017AE2C.c: CONSOLIDATED — deleted 16 defs, renamed 0, use renames 0, direct calls 1, direct levers 0, unmatched 1, marked 0
05:30:53   src/ov_SC06_027/ov_SC06_027_jr_8017BEBC.c: all DIFFERS 
05:30:53   src/ov_SC06_027/ov_SC06_027_jr_8017BEBC.c: REFUSED — deleted 17 defs, renamed 0, use renames 0, direct calls 0, direct levers 0, unmatched 1, marked 0
05:30:53   src/ov_SC03_105/ov_SC03_105_jr_80186DDC.c: CONSOLIDATED — deleted 18 defs, renamed 0, use renames 0, direct calls 0, direct levers 0, unmatched 0, marked 0
05:30:53   src/ov_SC03_092/ov_SC03_092_jr_80181694.c: CONSOLIDATED — deleted 18 defs, renamed 0, use renames 0, direct calls 0, direct levers 0, unmatched 0, marked 0
05:30:53   src/ov_SC01_000/ov_SC01_000_jr_8017BEBC.c: all DIFFERS 
05:30:53   src/ov_SC01_000/ov_SC01_000_jr_8017BEBC.c: REFUSED — deleted 17 defs, renamed 0, use renames 0, direct calls 0, direct levers 0, unmatched 0, marked 0
05:30:54   src/ov_SC01_001/ov_SC01_001_jr_8017BEBC.c: all DIFFERS 
05:30:54   src/ov_SC01_001/ov_SC01_001_jr_8017BEBC.c: REFUSED — deleted 17 defs, renamed 0, use renames 0, direct calls 0, direct levers 0, unmatched 0, marked 0
05:30:54   src/ov_SC01_004/ov_SC01_004_jr_8017BE9C.c: CONSOLIDATED — deleted 17 defs, renamed 0, use renames 1, direct calls 0, direct levers 0, unmatched 0, marked 0
05:30:55   src/ov_SC01_009/ov_SC01_009_jr_8017BE9C.c: CONSOLIDATED — deleted 17 defs, renamed 0, use renames 1, direct calls 0, direct levers 0, unmatched 0, marked 0
05:30:55   src/ov_SC01_074/ov_SC01_074_jr_8017BE9C.c: CONSOLIDATED — deleted 17 defs, renamed 0, use renames 1, direct calls 0, direct levers 0, unmatched 0, marked 0
05:30:55   src/ov_SC01_008/ov_SC01_008_jr_8017BE9C.c: CONSOLIDATED — deleted 17 defs, renamed 0, use renames 1, direct calls 0, direct levers 0, unmatched 0, marked 0
05:30:55   src/ov_SC01_005/ov_SC01_005_jr_8017C340.c: CONSOLIDATED — deleted 17 defs, renamed 0, use renames 1, direct calls 0, direct levers 0, unmatched 0, marked 0
05:30:55   src/ov_SC03_001/ov_SC03_001_jr_8017AE2C.c: all DIFFERS 
05:30:55   src/ov_SC03_001/ov_SC03_001_jr_8017AE2C.c: REFUSED — deleted 17 defs, renamed 0, use renames 0, direct calls 0, direct levers 0, unmatched 0, marked 0
05:30:56   src/ov_SC03_003/ov_SC03_003_jr_8017D5C0.c: CONSOLIDATED — deleted 17 defs, renamed 0, use renames 1, direct calls 0, direct levers 0, unmatched 0, marked 0
05:30:57   src/ov_SC03_105/ov_SC03_105_jr_8017C8D0.c: all DIFFERS 
05:30:57   src/ov_SC03_105/ov_SC03_105_jr_8017C8D0.c: REFUSED — deleted 17 defs, renamed 0, use renames 0, direct calls 0, direct levers 0, unmatched 0, marked 0
05:30:57   src/ov_SC03_121/ov_SC03_121_jr_8017BEBC.c: all DIFFERS 
05:30:57   src/ov_SC03_121/ov_SC03_121_jr_8017BEBC.c: REFUSED — deleted 17 defs, renamed 0, use renames 0, direct calls 0, direct levers 0, unmatched 0, marked 0
05:30:57   src/ov_SC01_084/ov_SC01_084_jr_8017CA80.c: all DIFFERS 
05:30:57   src/ov_SC01_084/ov_SC01_084_jr_8017CA80.c: REFUSED — deleted 17 defs, renamed 0, use renames 0, direct calls 0, direct levers 0, unmatched 0, marked 0
05:30:57   src/ov_SC03_029/ov_SC03_029_jr_8017DC70.c: CONSOLIDATED — deleted 17 defs, renamed 0, use renames 1, direct calls 0, direct levers 0, unmatched 0, marked 0
05:30:57   src/ov_SC03_002/ov_SC03_002_jr_8017D604.c: CONSOLIDATED — deleted 17 defs, renamed 0, use renames 1, direct calls 0, direct levers 0, unmatched 0, marked 0
05:30:57   src/ov_SC03_011/ov_SC03_011_jr_8017C730.c: CONSOLIDATED — deleted 17 defs, renamed 0, use renames 1, direct calls 0, direct levers 0, unmatched 0, marked 0
05:30:58   src/ov_SC03_024/ov_SC03_024_jr_8017DF84.c: CONSOLIDATED — deleted 17 defs, renamed 0, use renames 1, direct calls 0, direct levers 0, unmatched 0, marked 0
05:30:58   src/ov_SC03_110/ov_SC03_110_jr_8017D898.c: all DIFFERS 
05:30:58   src/ov_SC03_110/ov_SC03_110_jr_8017D898.c: REFUSED — deleted 17 defs, renamed 0, use renames 0, direct calls 0, direct levers 0, unmatched 0, marked 0
05:30:59   src/ov_SC03_115/ov_SC03_115_jr_8017BEBC.c: CONSOLIDATED — deleted 17 defs, renamed 0, use renames 1, direct calls 0, direct levers 0, unmatched 0, marked 0
05:30:59   src/ov_SC03_117/ov_SC03_117_jr_8017BEBC.c: CONSOLIDATED — deleted 17 defs, renamed 0, use renames 1, direct calls 0, direct levers 0, unmatched 0, marked 0
05:31:00   src/ov_SC03_124/ov_SC03_124_jr_8017AE2C.c: all DIFFERS 
05:31:00   src/ov_SC03_124/ov_SC03_124_jr_8017AE2C.c: REFUSED — deleted 17 defs, renamed 0, use renames 0, direct calls 0, direct levers 0, unmatched 0, marked 0
05:31:00   src/ov_SC03_125/ov_SC03_125_jr_8017D604.c: CONSOLIDATED — deleted 17 defs, renamed 0, use renames 1, direct calls 0, direct levers 0, unmatched 0, marked 0
05:31:00   src/ov_SC04_010/ov_SC04_010_jr_8017BEBC.c: all DIFFERS 
05:31:00   src/ov_SC04_010/ov_SC04_010_jr_8017BEBC.c: REFUSED — deleted 17 defs, renamed 0, use renames 0, direct calls 0, direct levers 0, unmatched 0, marked 0
05:31:00   src/ov_SC04_008/ov_SC04_008_jr_8017AE2C.c: all DIFFERS 
05:31:00   src/ov_SC04_008/ov_SC04_008_jr_8017AE2C.c: REFUSED — deleted 17 defs, renamed 0, use renames 0, direct calls 0, direct levers 0, unmatched 0, marked 0
05:31:00   src/ov_SC03_126/ov_SC03_126_jr_8017D5C0.c: all DIFFERS 
05:31:00   src/ov_SC03_126/ov_SC03_126_jr_8017D5C0.c: REFUSED — deleted 17 defs, renamed 0, use renames 0, direct calls 0, direct levers 0, unmatched 0, marked 0
05:31:01   src/ov_SC04_004/ov_SC04_004_jr_8017AE2C.c: CONSOLIDATED — deleted 17 defs, renamed 0, use renames 1, direct calls 0, direct levers 0, unmatched 0, marked 0
05:31:01   src/ov_SC04_012/ov_SC04_012_jr_8017AE2C.c: all DIFFERS 
05:31:01   src/ov_SC04_012/ov_SC04_012_jr_8017AE2C.c: REFUSED — deleted 17 defs, renamed 0, use renames 0, direct calls 0, direct levers 0, unmatched 0, marked 0
05:31:01   src/ov_SC04_015/ov_SC04_015_jr_8017AE2C.c: CONSOLIDATED — deleted 17 defs, renamed 0, use renames 1, direct calls 0, direct levers 0, unmatched 0, marked 0
05:31:02   src/ov_SC04_020/ov_SC04_020_jr_8017D604.c: CONSOLIDATED — deleted 17 defs, renamed 0, use renames 1, direct calls 0, direct levers 0, unmatched 0, marked 0
05:31:02   src/ov_SC04_018/ov_SC04_018_jr_8017AE2C.c: all DIFFERS 
05:31:02   src/ov_SC04_018/ov_SC04_018_jr_8017AE2C.c: REFUSED — deleted 17 defs, renamed 0, use renames 0, direct calls 0, direct levers 0, unmatched 0, marked 0
05:31:02   src/ov_SC04_016/ov_SC04_016_jr_8017BEBC.c: all DIFFERS 
05:31:02   src/ov_SC04_016/ov_SC04_016_jr_8017BEBC.c: REFUSED — deleted 17 defs, renamed 0, use renames 0, direct calls 0, direct levers 0, unmatched 0, marked 0
05:31:03   src/ov_SC05_004/ov_SC05_004_jr_8017BEBC.c: CONSOLIDATED — deleted 17 defs, renamed 0, use renames 1, direct calls 0, direct levers 0, unmatched 0, marked 0
05:31:04   src/ov_SC05_010/ov_SC05_010_jr_8017C8D0.c: all DIFFERS 
05:31:04   src/ov_SC05_010/ov_SC05_010_jr_8017C8D0.c: REFUSED — deleted 17 defs, renamed 0, use renames 0, direct calls 0, direct levers 0, unmatched 0, marked 0
05:31:04   src/ov_SC05_011/ov_SC05_011_jr_8017BEBC.c: all DIFFERS 
05:31:04   src/ov_SC05_011/ov_SC05_011_jr_8017BEBC.c: REFUSED — deleted 17 defs, renamed 0, use renames 0, direct calls 0, direct levers 0, unmatched 0, marked 0
05:31:04   src/ov_SC05_000/ov_SC05_000_jr_8017BEBC.c: CONSOLIDATED — deleted 17 defs, renamed 0, use renames 1, direct calls 0, direct levers 0, unmatched 0, marked 0
05:31:04   src/ov_SC04_021/ov_SC04_021_jr_8017D5C0.c: all DIFFERS 
05:31:04   src/ov_SC04_021/ov_SC04_021_jr_8017D5C0.c: REFUSED — deleted 17 defs, renamed 0, use renames 0, direct calls 0, direct levers 0, unmatched 0, marked 0
05:31:05   src/ov_SC05_007/ov_SC05_007_jr_8017BEBC.c: all DIFFERS 
05:31:05   src/ov_SC05_007/ov_SC05_007_jr_8017BEBC.c: REFUSED — deleted 17 defs, renamed 0, use renames 0, direct calls 0, direct levers 0, unmatched 0, marked 0
05:31:05   src/ov_SC05_019/ov_SC05_019_jr_8017D5C0.c: all DIFFERS 
05:31:05   src/ov_SC05_019/ov_SC05_019_jr_8017D5C0.c: REFUSED — deleted 17 defs, renamed 0, use renames 0, direct calls 0, direct levers 0, unmatched 0, marked 0
05:31:05   src/ov_SC05_006/ov_SC05_006_jr_8017BEBC.c: CONSOLIDATED — deleted 17 defs, renamed 0, use renames 1, direct calls 0, direct levers 0, unmatched 0, marked 0
05:31:05   src/ov_SC05_008/ov_SC05_008_jr_8017AE2C.c: all DIFFERS 
05:31:05   src/ov_SC05_008/ov_SC05_008_jr_8017AE2C.c: REFUSED — deleted 17 defs, renamed 0, use renames 0, direct calls 0, direct levers 0, unmatched 0, marked 0
05:31:05   src/ov_SC06_030/ov_SC06_030_jr_8017C8D0.c: all DIFFERS 
05:31:05   src/ov_SC06_030/ov_SC06_030_jr_8017C8D0.c: REFUSED — deleted 17 defs, renamed 0, use renames 0, direct calls 0, direct levers 0, unmatched 0, marked 0
05:31:05   src/ov_SC05_017/ov_SC05_017_jr_8017AE2C.c: all DIFFERS 
05:31:06   src/ov_SC05_017/ov_SC05_017_jr_8017AE2C.c: REFUSED — deleted 17 defs, renamed 0, use renames 0, direct calls 0, direct levers 0, unmatched 0, marked 0
05:31:06   src/ov_SC06_013/ov_SC06_013_jr_8017BEBC.c: all DIFFERS 
05:31:06   src/ov_SC06_013/ov_SC06_013_jr_8017BEBC.c: REFUSED — deleted 17 defs, renamed 0, use renames 0, direct calls 0, direct levers 0, unmatched 0, marked 0
05:31:06   src/ov_SC06_006/ov_SC06_006_jr_8017BEBC.c: all DIFFERS 
05:31:06   src/ov_SC06_006/ov_SC06_006_jr_8017BEBC.c: REFUSED — deleted 17 defs, renamed 0, use renames 0, direct calls 0, direct levers 0, unmatched 0, marked 0
05:31:07   src/ov_SC06_016/ov_SC06_016_jr_8017C8D0.c: all DIFFERS 
05:31:07   src/ov_SC06_016/ov_SC06_016_jr_8017C8D0.c: REFUSED — deleted 17 defs, renamed 0, use renames 0, direct calls 0, direct levers 0, unmatched 0, marked 0
05:31:07   src/ov_SC05_018/ov_SC05_018_jr_8017D604.c: CONSOLIDATED — deleted 17 defs, renamed 0, use renames 1, direct calls 0, direct levers 0, unmatched 0, marked 0
05:31:08   src/ov_SC06_014/ov_SC06_014_jr_8017BEBC.c: all DIFFERS 
05:31:08   src/ov_SC06_014/ov_SC06_014_jr_8017BEBC.c: REFUSED — deleted 17 defs, renamed 0, use renames 0, direct calls 0, direct levers 0, unmatched 0, marked 0
05:31:08   src/ov_SC06_015/ov_SC06_015_jr_8017BEBC.c: all DIFFERS 
05:31:08   src/ov_SC06_015/ov_SC06_015_jr_8017BEBC.c: REFUSED — deleted 17 defs, renamed 0, use renames 0, direct calls 0, direct levers 0, unmatched 0, marked 0
05:31:08   src/ov_SC06_022/ov_SC06_022_jr_8017BEBC.c: all DIFFERS 
05:31:08   src/ov_SC06_022/ov_SC06_022_jr_8017BEBC.c: REFUSED — deleted 17 defs, renamed 0, use renames 0, direct calls 0, direct levers 0, unmatched 0, marked 0
05:31:09   src/ov_SC06_025/ov_SC06_025_jr_8017BEBC.c: all DIFFERS 
05:31:09   src/ov_SC06_025/ov_SC06_025_jr_8017BEBC.c: REFUSED — deleted 17 defs, renamed 0, use renames 0, direct calls 0, direct levers 0, unmatched 0, marked 0
05:31:09   src/ov_SC06_029/ov_SC06_029_jr_801867D0.c: CONSOLIDATED — deleted 17 defs, renamed 0, use renames 2, direct calls 0, direct levers 0, unmatched 0, marked 0
05:31:09   src/ov_SC07_007/ov_SC07_007_jr_8017BEBC.c: all DIFFERS 
05:31:09   src/ov_SC07_007/ov_SC07_007_jr_8017BEBC.c: REFUSED — deleted 17 defs, renamed 0, use renames 0, direct calls 0, direct levers 0, unmatched 0, marked 0
05:31:10   src/ov_SC07_006/ov_SC07_006_jr_8017BEBC.c: all DIFFERS 
05:31:10   src/ov_SC07_006/ov_SC07_006_jr_8017BEBC.c: REFUSED — deleted 17 defs, renamed 0, use renames 0, direct calls 0, direct levers 0, unmatched 0, marked 0
05:31:10   src/ov_SC07_008/ov_SC07_008_jr_8017BEBC.c: all DIFFERS 
05:31:10   src/ov_SC07_008/ov_SC07_008_jr_8017BEBC.c: REFUSED — deleted 17 defs, renamed 0, use renames 0, direct calls 0, direct levers 0, unmatched 0, marked 0
05:31:10   src/ov_SC07_009/ov_SC07_009_jr_8017AE2C.c: all DIFFERS 
05:31:10   src/ov_SC07_009/ov_SC07_009_jr_8017AE2C.c: REFUSED — deleted 17 defs, renamed 0, use renames 0, direct calls 0, direct levers 0, unmatched 0, marked 0
05:31:10   src/ov_SC01_077/ov_SC01_077_jr_8017AE2C.c: CONSOLIDATED — deleted 16 defs, renamed 0, use renames 0, direct calls 0, direct levers 0, unmatched 0, marked 0
05:31:11   src/ov_SC07_011/ov_SC07_011_jr_8017BEBC.c: all DIFFERS 
05:31:11   src/ov_SC07_011/ov_SC07_011_jr_8017BEBC.c: REFUSED — deleted 17 defs, renamed 0, use renames 0, direct calls 0, direct levers 0, unmatched 0, marked 0
05:31:12   src/ov_SC02_004/ov_SC02_004_jr_8017AE2C.c: CONSOLIDATED — deleted 16 defs, renamed 0, use renames 0, direct calls 0, direct levers 0, unmatched 0, marked 0
05:31:12   src/ov_SC02_000/ov_SC02_000_jr_8017AE2C.c: CONSOLIDATED — deleted 16 defs, renamed 0, use renames 0, direct calls 0, direct levers 0, unmatched 0, marked 0
05:31:12   src/ov_SC02_005/ov_SC02_005_jr_8017CF90.c: CONSOLIDATED — deleted 16 defs, renamed 0, use renames 0, direct calls 0, direct levers 0, unmatched 0, marked 0
05:31:13   src/ov_SC03_003/ov_SC03_003_jr_8017AE2C.c: CONSOLIDATED — deleted 16 defs, renamed 0, use renames 0, direct calls 0, direct levers 0, unmatched 0, marked 0
05:31:13   src/ov_SC03_012/ov_SC03_012_jr_8017AE2C.c: CONSOLIDATED — deleted 16 defs, renamed 0, use renames 0, direct calls 0, direct levers 0, unmatched 0, marked 0
05:31:13   src/ov_SC03_023/ov_SC03_023_jr_8017AE2C.c: CONSOLIDATED — deleted 16 defs, renamed 0, use renames 0, direct calls 0, direct levers 0, unmatched 0, marked 0
05:31:13   src/ov_SC03_126/ov_SC03_126_jr_8017AE2C.c: CONSOLIDATED — deleted 16 defs, renamed 0, use renames 0, direct calls 0, direct levers 0, unmatched 0, marked 0
05:31:13   src/ov_SC05_019/ov_SC05_019_jr_8017AE2C.c: CONSOLIDATED — deleted 16 defs, renamed 0, use renames 0, direct calls 0, direct levers 0, unmatched 0, marked 0
05:31:14   src/ov_SC03_091/ov_SC03_091_jr_8018326C.c: CONSOLIDATED — deleted 8 defs, renamed 0, use renames 0, direct calls 4, direct levers 4, unmatched 0, marked 4
05:31:14   src/ov_SC04_021/ov_SC04_021_jr_8017AE2C.c: CONSOLIDATED — deleted 16 defs, renamed 0, use renames 0, direct calls 0, direct levers 0, unmatched 0, marked 0
05:31:14   src/ov_SC03_092/ov_SC03_092_jr_8017AE2C.c: CONSOLIDATED — deleted 16 defs, renamed 0, use renames 1, direct calls 0, direct levers 0, unmatched 0, marked 0
05:31:14   src/ov_SC02_037/ov_SC02_037_jr_80131340.c: CONSOLIDATED — deleted 12 defs, renamed 0, use renames 0, direct calls 1, direct levers 0, unmatched 1, marked 0
05:31:15   src/ov_MAIN_012/ov_MAIN_012_jr_80131340.c: CONSOLIDATED — deleted 12 defs, renamed 0, use renames 0, direct calls 1, direct levers 0, unmatched 1, marked 0
05:31:15   src/ov_SC03_107/ov_SC03_107_jr_80131340.c: CONSOLIDATED — deleted 12 defs, renamed 0, use renames 0, direct calls 1, direct levers 0, unmatched 1, marked 0
05:31:16   src/ov_SC07_010/ov_SC07_010_jr_8017AE2C.c: CONSOLIDATED — deleted 16 defs, renamed 0, use renames 0, direct calls 0, direct levers 0, unmatched 0, marked 0
05:31:17   src/ov_SC03_029/ov_SC03_029_jr_8017FF7C.c: CONSOLIDATED — deleted 14 defs, renamed 0, use renames 4, direct calls 0, direct levers 0, unmatched 0, marked 0
05:31:17   src/ov_SC02_011/ov_SC02_011_jr_80188E3C.c: CONSOLIDATED — deleted 12 defs, renamed 0, use renames 8, direct calls 0, direct levers 0, unmatched 1, marked 0
05:31:17   src/ov_SC06_024/ov_SC06_024_jr_801851E0.c: CONSOLIDATED — deleted 0 defs, renamed 0, use renames 0, direct calls 14, direct levers 0, unmatched 0, marked 0
05:31:17   src/ov_SC04_016/ov_SC04_016_jr_8017F03C.c: CONSOLIDATED — deleted 13 defs, renamed 0, use renames 0, direct calls 0, direct levers 0, unmatched 0, marked 0
05:31:18   src/ov_SC03_116/ov_SC03_116_jr_8017AE2C.c: CONSOLIDATED — deleted 14 defs, renamed 0, use renames 0, direct calls 0, direct levers 0, unmatched 0, marked 0
05:31:18   src/ov_SC06_022/ov_SC06_022_jr_80182D08.c: CONSOLIDATED — deleted 0 defs, renamed 0, use renames 0, direct calls 14, direct levers 0, unmatched 0, marked 0
05:31:18   src/ov_SC06_030/ov_SC06_030_jr_8017F65C.c: CONSOLIDATED — deleted 13 defs, renamed 0, use renames 14, direct calls 0, direct levers 0, unmatched 0, marked 0
05:31:18   src/ov_SC06_033/ov_SC06_033_jr_801836FC.c: CONSOLIDATED — deleted 0 defs, renamed 0, use renames 0, direct calls 14, direct levers 0, unmatched 0, marked 0
05:31:18   src/ov_SC03_014/ov_SC03_014_jr_801848E4.c: CONSOLIDATED — deleted 13 defs, renamed 0, use renames 12, direct calls 0, direct levers 0, unmatched 0, marked 0
05:31:19   src/ov_SC06_006/ov_SC06_006_jr_8017DB90.c: CONSOLIDATED — deleted 13 defs, renamed 0, use renames 0, direct calls 0, direct levers 0, unmatched 0, marked 0
05:31:20   src/ov_SC02_000/ov_SC02_000_jr_8018173C.c: CONSOLIDATED — deleted 11 defs, renamed 0, use renames 1, direct calls 0, direct levers 0, unmatched 0, marked 0
05:31:20   src/ov_SC02_011/ov_SC02_011_jr_80183178.c: CONSOLIDATED — deleted 11 defs, renamed 0, use renames 2, direct calls 1, direct levers 0, unmatched 0, marked 0
05:31:21   src/ov_SC07_010/ov_SC07_010_jr_80131340.c: CONSOLIDATED — deleted 8 defs, renamed 0, use renames 0, direct calls 1, direct levers 0, unmatched 1, marked 0
05:31:21   src/ov_SC07_007/ov_SC07_007_jr_80131340.c: CONSOLIDATED — deleted 8 defs, renamed 0, use renames 0, direct calls 1, direct levers 0, unmatched 1, marked 0
05:31:22   src/ov_SC07_006/ov_SC07_006_jr_80131340.c: CONSOLIDATED — deleted 8 defs, renamed 0, use renames 0, direct calls 1, direct levers 0, unmatched 1, marked 0
05:31:22   src/ov_SC03_024/ov_SC03_024_jr_8017AE2C.c: CONSOLIDATED — deleted 10 defs, renamed 0, use renames 12, direct calls 0, direct levers 0, unmatched 0, marked 0
05:31:22   src/ov_SC02_005/ov_SC02_005_jr_80185E80.c: CONSOLIDATED — deleted 0 defs, renamed 0, use renames 0, direct calls 6, direct levers 2, unmatched 0, marked 2
05:31:22   src/ov_SC07_011/ov_SC07_011_jr_80131340.c: CONSOLIDATED — deleted 8 defs, renamed 0, use renames 0, direct calls 1, direct levers 0, unmatched 1, marked 0
05:31:22   src/md_MAIN_031/md_MAIN_031.c: CONSOLIDATED — deleted 8 defs, renamed 0, use renames 32, direct calls 0, direct levers 0, unmatched 0, marked 0
05:31:23   src/md_MAIN_019/md_MAIN_019.c: CONSOLIDATED — deleted 2 defs, renamed 0, use renames 0, direct calls 3, direct levers 3, unmatched 0, marked 3
05:31:23   src/ov_SC03_090/ov_SC03_090_jr_80188274.c: CONSOLIDATED — deleted 8 defs, renamed 0, use renames 0, direct calls 0, direct levers 0, unmatched 0, marked 0
05:31:24   src/ov_SC03_089/ov_SC03_089_jr_80185E50.c: CONSOLIDATED — deleted 8 defs, renamed 0, use renames 0, direct calls 0, direct levers 0, unmatched 0, marked 0
05:31:25   src/ov_SC01_001/ov_SC01_001_jr_801380E0.c: CONSOLIDATED — deleted 3 defs, renamed 0, use renames 1, direct calls 2, direct levers 2, unmatched 0, marked 2
05:31:25   src/ov_SC03_091/ov_SC03_091_jr_8018911C.c: CONSOLIDATED — deleted 8 defs, renamed 0, use renames 0, direct calls 0, direct levers 0, unmatched 0, marked 0
05:31:25   src/ov_MAIN_012/ov_MAIN_012_jr_801380E0.c: CONSOLIDATED — deleted 3 defs, renamed 0, use renames 1, direct calls 2, direct levers 2, unmatched 0, marked 2
05:31:25   src/ov_SC03_117/ov_SC03_117_jr_80181C80.c: CONSOLIDATED — deleted 8 defs, renamed 0, use renames 8, direct calls 0, direct levers 0, unmatched 0, marked 0
05:31:26   src/ov_SC01_004/ov_SC01_004_jr_801380E0.c: CONSOLIDATED — deleted 3 defs, renamed 0, use renames 1, direct calls 2, direct levers 2, unmatched 0, marked 2
05:31:26   src/ov_SC03_118/ov_SC03_118_jr_8017AE2C.c: CONSOLIDATED — deleted 10 defs, renamed 0, use renames 12, direct calls 0, direct levers 0, unmatched 0, marked 0
05:31:26   src/ov_SC01_005/ov_SC01_005_jr_801380E0.c: CONSOLIDATED — deleted 3 defs, renamed 0, use renames 1, direct calls 2, direct levers 2, unmatched 0, marked 2
05:31:26   src/ov_SC01_000/ov_SC01_000_jr_801380E0.c: CONSOLIDATED — deleted 3 defs, renamed 0, use renames 1, direct calls 2, direct levers 2, unmatched 0, marked 2
05:31:27   src/ov_SC01_008/ov_SC01_008_jr_801380E0.c: CONSOLIDATED — deleted 3 defs, renamed 0, use renames 1, direct calls 2, direct levers 2, unmatched 0, marked 2
05:31:28   src/ov_SC01_074/ov_SC01_074_jr_801380E0.c: CONSOLIDATED — deleted 3 defs, renamed 0, use renames 1, direct calls 2, direct levers 2, unmatched 0, marked 2
05:31:28   src/ov_SC02_005/ov_SC02_005_jr_801380E0.c: CONSOLIDATED — deleted 3 defs, renamed 0, use renames 1, direct calls 2, direct levers 2, unmatched 0, marked 2
05:31:28   src/ov_SC01_009/ov_SC01_009_jr_801380E0.c: CONSOLIDATED — deleted 3 defs, renamed 0, use renames 1, direct calls 2, direct levers 2, unmatched 0, marked 2
05:31:28   src/ov_SC01_084/ov_SC01_084_jr_80182A00.c: CONSOLIDATED — deleted 7 defs, renamed 0, use renames 0, direct calls 0, direct levers 0, unmatched 0, marked 0
05:31:29   src/ov_SC01_077/ov_SC01_077_jr_801380E0.c: CONSOLIDATED — deleted 3 defs, renamed 0, use renames 1, direct calls 2, direct levers 2, unmatched 0, marked 2
05:31:30   src/ov_SC01_080/ov_SC01_080_jr_801380E0.c: CONSOLIDATED — deleted 3 defs, renamed 0, use renames 1, direct calls 2, direct levers 2, unmatched 0, marked 2
05:31:30   src/ov_SC01_084/ov_SC01_084_jr_801380E0.c: CONSOLIDATED — deleted 3 defs, renamed 0, use renames 1, direct calls 2, direct levers 2, unmatched 0, marked 2
05:31:30   src/ov_SC02_000/ov_SC02_000_jr_801380E0.c: CONSOLIDATED — deleted 3 defs, renamed 0, use renames 1, direct calls 2, direct levers 2, unmatched 0, marked 2
05:31:30   src/ov_SC02_004/ov_SC02_004_jr_801380E0.c: CONSOLIDATED — deleted 3 defs, renamed 0, use renames 1, direct calls 2, direct levers 2, unmatched 0, marked 2
05:31:31   src/ov_SC02_015/ov_SC02_015_jr_801380E0.c: CONSOLIDATED — deleted 3 defs, renamed 0, use renames 1, direct calls 2, direct levers 2, unmatched 0, marked 2
05:31:31   src/ov_SC02_011/ov_SC02_011_jr_801380E0.c: CONSOLIDATED — deleted 3 defs, renamed 0, use renames 1, direct calls 2, direct levers 2, unmatched 0, marked 2
05:31:32   src/ov_SC02_028/ov_SC02_028_jr_801380E0.c: CONSOLIDATED — deleted 3 defs, renamed 0, use renames 1, direct calls 2, direct levers 2, unmatched 0, marked 2
05:31:32   src/ov_SC02_016/ov_SC02_016_jr_801380E0.c: CONSOLIDATED — deleted 3 defs, renamed 0, use renames 1, direct calls 2, direct levers 2, unmatched 0, marked 2
05:31:32   src/ov_SC02_027/ov_SC02_027_jr_801380E0.c: CONSOLIDATED — deleted 3 defs, renamed 0, use renames 1, direct calls 2, direct levers 2, unmatched 0, marked 2
05:31:32   src/ov_SC02_021/ov_SC02_021_jr_8017ECFC.c: CONSOLIDATED — deleted 7 defs, renamed 0, use renames 0, direct calls 0, direct levers 0, unmatched 0, marked 0
05:31:33   src/ov_SC02_021/ov_SC02_021_jr_801380E0.c: CONSOLIDATED — deleted 3 defs, renamed 0, use renames 1, direct calls 2, direct levers 2, unmatched 0, marked 2
05:31:33   src/ov_SC02_035/ov_SC02_035_jr_801380E0.c: CONSOLIDATED — deleted 3 defs, renamed 0, use renames 1, direct calls 2, direct levers 2, unmatched 0, marked 2
05:31:33   src/ov_SC02_017/ov_SC02_017_jr_801380E0.c: CONSOLIDATED — deleted 3 defs, renamed 0, use renames 1, direct calls 2, direct levers 2, unmatched 0, marked 2
05:31:34   src/ov_SC02_031/ov_SC02_031_jr_801380E0.c: CONSOLIDATED — deleted 3 defs, renamed 0, use renames 1, direct calls 2, direct levers 2, unmatched 0, marked 2
05:31:34   src/ov_SC02_026/ov_SC02_026_jr_801380E0.c: CONSOLIDATED — deleted 3 defs, renamed 0, use renames 1, direct calls 2, direct levers 2, unmatched 0, marked 2
05:31:34   src/ov_SC02_037/ov_SC02_037_jr_801380E0.c: CONSOLIDATED — deleted 3 defs, renamed 0, use renames 1, direct calls 2, direct levers 2, unmatched 0, marked 2
05:31:35   src/ov_SC03_007/ov_SC03_007_jr_801380E0.c: CONSOLIDATED — deleted 3 defs, renamed 0, use renames 1, direct calls 2, direct levers 2, unmatched 0, marked 2
05:31:35   src/ov_SC02_039/ov_SC02_039_jr_801380E0.c: CONSOLIDATED — deleted 3 defs, renamed 0, use renames 1, direct calls 2, direct levers 2, unmatched 0, marked 2
05:31:36   src/ov_SC03_002/ov_SC03_002_jr_801380E0.c: CONSOLIDATED — deleted 3 defs, renamed 0, use renames 1, direct calls 2, direct levers 2, unmatched 0, marked 2
05:31:36   src/ov_SC03_003/ov_SC03_003_jr_801380E0.c: CONSOLIDATED — deleted 3 defs, renamed 0, use renames 1, direct calls 2, direct levers 2, unmatched 0, marked 2
05:31:37   src/ov_SC02_041/ov_SC02_041_jr_801380E0.c: CONSOLIDATED — deleted 3 defs, renamed 0, use renames 1, direct calls 2, direct levers 2, unmatched 0, marked 2
05:31:37   src/ov_SC03_013/ov_SC03_013_jr_801380E0.c: CONSOLIDATED — deleted 3 defs, renamed 0, use renames 1, direct calls 2, direct levers 2, unmatched 0, marked 2
05:31:37   src/ov_SC03_001/ov_SC03_001_jr_801380E0.c: CONSOLIDATED — deleted 3 defs, renamed 0, use renames 1, direct calls 2, direct levers 2, unmatched 0, marked 2
05:31:37   src/ov_SC03_010/ov_SC03_010_jr_801380E0.c: CONSOLIDATED — deleted 3 defs, renamed 0, use renames 1, direct calls 2, direct levers 2, unmatched 0, marked 2
05:31:37   src/ov_SC03_006/ov_SC03_006_jr_801380E0.c: CONSOLIDATED — deleted 3 defs, renamed 0, use renames 1, direct calls 2, direct levers 2, unmatched 0, marked 2
05:31:38   src/ov_SC03_012/ov_SC03_012_jr_801380E0.c: CONSOLIDATED — deleted 3 defs, renamed 0, use renames 1, direct calls 2, direct levers 2, unmatched 0, marked 2
05:31:39   src/ov_SC03_011/ov_SC03_011_jr_801380E0.c: CONSOLIDATED — deleted 3 defs, renamed 0, use renames 1, direct calls 2, direct levers 2, unmatched 0, marked 2
05:31:39   src/ov_SC03_031/ov_SC03_031_jr_801380E0.c: CONSOLIDATED — deleted 3 defs, renamed 0, use renames 1, direct calls 2, direct levers 2, unmatched 0, marked 2
05:31:39   src/ov_SC03_014/ov_SC03_014_jr_801380E0.c: CONSOLIDATED — deleted 3 defs, renamed 0, use renames 1, direct calls 2, direct levers 2, unmatched 0, marked 2
05:31:40   src/ov_SC03_090/ov_SC03_090_jr_801380E0.c: CONSOLIDATED — deleted 3 defs, renamed 0, use renames 1, direct calls 2, direct levers 2, unmatched 0, marked 2
05:31:40   src/ov_SC03_023/ov_SC03_023_jr_801380E0.c: CONSOLIDATED — deleted 3 defs, renamed 0, use renames 1, direct calls 2, direct levers 2, unmatched 0, marked 2
05:31:40   src/ov_SC03_024/ov_SC03_024_jr_801380E0.c: CONSOLIDATED — deleted 3 defs, renamed 0, use renames 1, direct calls 2, direct levers 2, unmatched 0, marked 2
05:31:41   src/ov_SC03_028/ov_SC03_028_jr_801380E0.c: CONSOLIDATED — deleted 3 defs, renamed 0, use renames 1, direct calls 2, direct levers 2, unmatched 0, marked 2
05:31:41   src/ov_SC03_092/ov_SC03_092_jr_801380E0.c: CONSOLIDATED — deleted 3 defs, renamed 0, use renames 1, direct calls 2, direct levers 2, unmatched 0, marked 2
05:31:41   src/ov_SC03_029/ov_SC03_029_jr_801380E0.c: CONSOLIDATED — deleted 3 defs, renamed 0, use renames 1, direct calls 2, direct levers 2, unmatched 0, marked 2
05:31:41   src/ov_SC03_091/ov_SC03_091_jr_801380E0.c: CONSOLIDATED — deleted 3 defs, renamed 0, use renames 1, direct calls 2, direct levers 2, unmatched 0, marked 2
05:31:41   src/ov_SC03_030/ov_SC03_030_jr_801380E0.c: CONSOLIDATED — deleted 3 defs, renamed 0, use renames 1, direct calls 2, direct levers 2, unmatched 0, marked 2
05:31:42   src/ov_SC03_089/ov_SC03_089_jr_801380E0.c: CONSOLIDATED — deleted 3 defs, renamed 0, use renames 1, direct calls 2, direct levers 2, unmatched 0, marked 2
05:31:42   src/ov_SC03_095/ov_SC03_095_jr_801380E0.c: CONSOLIDATED — deleted 3 defs, renamed 0, use renames 1, direct calls 2, direct levers 2, unmatched 0, marked 2
05:31:43   src/ov_SC03_097/ov_SC03_097_jr_801380E0.c: CONSOLIDATED — deleted 3 defs, renamed 0, use renames 1, direct calls 2, direct levers 2, unmatched 0, marked 2
05:31:43   src/ov_SC03_094/ov_SC03_094_jr_801380E0.c: CONSOLIDATED — deleted 3 defs, renamed 0, use renames 1, direct calls 2, direct levers 2, unmatched 0, marked 2
05:31:43   src/ov_SC03_093/ov_SC03_093_jr_801380E0.c: CONSOLIDATED — deleted 3 defs, renamed 0, use renames 1, direct calls 2, direct levers 2, unmatched 0, marked 2
05:31:43   src/ov_SC03_102/ov_SC03_102_jr_801380E0.c: CONSOLIDATED — deleted 3 defs, renamed 0, use renames 1, direct calls 2, direct levers 2, unmatched 0, marked 2
05:31:44   src/ov_SC03_099/ov_SC03_099_jr_801380E0.c: CONSOLIDATED — deleted 3 defs, renamed 0, use renames 1, direct calls 2, direct levers 2, unmatched 0, marked 2
05:31:45   src/ov_SC03_096/ov_SC03_096_jr_801380E0.c: CONSOLIDATED — deleted 3 defs, renamed 0, use renames 1, direct calls 2, direct levers 2, unmatched 0, marked 2
05:31:45   src/ov_SC03_098/ov_SC03_098_jr_801380E0.c: CONSOLIDATED — deleted 3 defs, renamed 0, use renames 1, direct calls 2, direct levers 2, unmatched 0, marked 2
05:31:45   src/ov_SC03_100/ov_SC03_100_jr_801380E0.c: CONSOLIDATED — deleted 3 defs, renamed 0, use renames 1, direct calls 2, direct levers 2, unmatched 0, marked 2
05:31:46   src/ov_SC03_101/ov_SC03_101_jr_801380E0.c: CONSOLIDATED — deleted 3 defs, renamed 0, use renames 1, direct calls 2, direct levers 2, unmatched 0, marked 2
05:31:46   src/ov_SC03_103/ov_SC03_103_jr_801380E0.c: CONSOLIDATED — deleted 3 defs, renamed 0, use renames 1, direct calls 2, direct levers 2, unmatched 0, marked 2
05:31:47   src/ov_SC03_104/ov_SC03_104_jr_801380E0.c: CONSOLIDATED — deleted 3 defs, renamed 0, use renames 1, direct calls 2, direct levers 2, unmatched 0, marked 2
05:31:47   src/ov_SC03_107/ov_SC03_107_jr_801380E0.c: CONSOLIDATED — deleted 3 defs, renamed 0, use renames 1, direct calls 2, direct levers 2, unmatched 0, marked 2
05:31:47   src/ov_SC03_108/ov_SC03_108_jr_801380E0.c: CONSOLIDATED — deleted 3 defs, renamed 0, use renames 1, direct calls 2, direct levers 2, unmatched 0, marked 2
05:31:47   src/ov_SC03_112/ov_SC03_112_jr_801380E0.c: CONSOLIDATED — deleted 3 defs, renamed 0, use renames 1, direct calls 2, direct levers 2, unmatched 0, marked 2
05:31:48   src/ov_SC03_105/ov_SC03_105_jr_801380E0.c: CONSOLIDATED — deleted 3 defs, renamed 0, use renames 1, direct calls 2, direct levers 2, unmatched 0, marked 2
05:31:48   src/ov_SC03_109/ov_SC03_109_jr_801380E0.c: CONSOLIDATED — deleted 3 defs, renamed 0, use renames 1, direct calls 2, direct levers 2, unmatched 0, marked 2
05:31:48   src/ov_SC03_111/ov_SC03_111_jr_801380E0.c: CONSOLIDATED — deleted 3 defs, renamed 0, use renames 1, direct calls 2, direct levers 2, unmatched 0, marked 2
05:31:49   src/ov_SC03_110/ov_SC03_110_jr_801380E0.c: CONSOLIDATED — deleted 3 defs, renamed 0, use renames 1, direct calls 2, direct levers 2, unmatched 0, marked 2
05:31:50   src/ov_SC03_113/ov_SC03_113_jr_801380E0.c: CONSOLIDATED — deleted 3 defs, renamed 0, use renames 1, direct calls 2, direct levers 2, unmatched 0, marked 2
05:31:50   src/ov_SC04_000/ov_SC04_000_jr_801380E0.c: CONSOLIDATED — deleted 3 defs, renamed 0, use renames 1, direct calls 2, direct levers 2, unmatched 0, marked 2
05:31:50   src/ov_SC03_114/ov_SC03_114_jr_801380E0.c: CONSOLIDATED — deleted 3 defs, renamed 0, use renames 1, direct calls 2, direct levers 2, unmatched 0, marked 2
05:31:51   src/ov_SC03_115/ov_SC03_115_jr_801380E0.c: CONSOLIDATED — deleted 3 defs, renamed 0, use renames 1, direct calls 2, direct levers 2, unmatched 0, marked 2
05:31:51   src/ov_SC03_117/ov_SC03_117_jr_8017E6EC.c: CONSOLIDATED — deleted 7 defs, renamed 0, use renames 0, direct calls 0, direct levers 0, unmatched 0, marked 0
05:31:52   src/ov_SC04_004/ov_SC04_004_jr_801380E0.c: CONSOLIDATED — deleted 3 defs, renamed 0, use renames 1, direct calls 2, direct levers 2, unmatched 0, marked 2
05:31:52   src/ov_SC04_002/ov_SC04_002_jr_801380E0.c: CONSOLIDATED — deleted 3 defs, renamed 0, use renames 1, direct calls 2, direct levers 2, unmatched 0, marked 2
05:31:52   src/ov_SC03_117/ov_SC03_117_jr_801380E0.c: CONSOLIDATED — deleted 3 defs, renamed 0, use renames 1, direct calls 2, direct levers 2, unmatched 0, marked 2
05:31:52   src/ov_SC03_116/ov_SC03_116_jr_801380E0.c: CONSOLIDATED — deleted 3 defs, renamed 0, use renames 1, direct calls 2, direct levers 2, unmatched 0, marked 2
05:31:52   src/ov_SC03_124/ov_SC03_124_jr_801380E0.c: CONSOLIDATED — deleted 3 defs, renamed 0, use renames 1, direct calls 2, direct levers 2, unmatched 0, marked 2
05:31:53   src/ov_SC03_121/ov_SC03_121_jr_801380E0.c: CONSOLIDATED — deleted 3 defs, renamed 0, use renames 1, direct calls 2, direct levers 2, unmatched 0, marked 2
05:31:53   src/ov_SC04_003/ov_SC04_003_jr_801380E0.c: CONSOLIDATED — deleted 3 defs, renamed 0, use renames 1, direct calls 2, direct levers 2, unmatched 0, marked 2
05:31:53   src/ov_SC03_125/ov_SC03_125_jr_801380E0.c: CONSOLIDATED — deleted 3 defs, renamed 0, use renames 1, direct calls 2, direct levers 2, unmatched 0, marked 2
05:31:53   src/ov_SC03_118/ov_SC03_118_jr_801380E0.c: CONSOLIDATED — deleted 3 defs, renamed 0, use renames 1, direct calls 2, direct levers 2, unmatched 0, marked 2
05:32:51   src/800.c: CONSOLIDATED — deleted 349 defs, renamed 0, use renames 237, direct calls 29, direct levers 7, unmatched 11, marked 7
05:32:56   src/shared/ov/func_80132784.h: CONSOLIDATED — deleted 0 defs, renamed 0, use renames 0, direct calls 8, direct levers 8, unmatched 0, marked 8
05:33:01   src/shared/ov/func_8012EC04.h: CONSOLIDATED — deleted 0 defs, renamed 0, use renames 0, direct calls 4, direct levers 4, unmatched 0, marked 4
05:33:01 gte_consolidate: batch gte1 — 400 files: 319 consolidated, 0 defs-only, 0 unchanged, 81 refused, 0 no-recipe · definitions deleted 8141 / renamed as lever variants 0 (variant trials: 421 freed, 0 kept) · use renames 931 · direct statements → calls 460 / lever 205 / unmatched 185 · markers 205 · compiles 1151 · final 319/400 identical
05:39:36   src/md_MAIN_034/md_MAIN_034.c: CONSOLIDATED — deleted 94 defs, renamed 0, use renames 8, direct calls 0, direct levers 0, unmatched 0, marked 0
05:39:37   src/ov_SC07_001/ov_SC07_001_jr_8017BEBC.c: all DIFFERS 
05:39:37   src/ov_SC07_001/ov_SC07_001_jr_8017BEBC.c: REFUSED — deleted 68 defs, renamed 0, use renames 30, direct calls 0, direct levers 0, unmatched 1, marked 0
05:39:40   src/ov_SC05_002/ov_SC05_002_jr_8017BEBC.c: all DIFFERS 
05:39:40   src/ov_SC05_002/ov_SC05_002_jr_8017BEBC.c: REFUSED — deleted 47 defs, renamed 0, use renames 0, direct calls 0, direct levers 0, unmatched 0, marked 0
05:39:40   src/ov_SC06_032/ov_SC06_032_jr_80182890.c: CONSOLIDATED — deleted 66 defs, renamed 0, use renames 0, direct calls 2, direct levers 0, unmatched 0, marked 0
05:39:40   src/ov_SC03_112/ov_SC03_112_jr_8017C294.c: all DIFFERS 
05:39:40   src/ov_SC03_112/ov_SC03_112_jr_8017C294.c: REFUSED — deleted 51 defs, renamed 0, use renames 0, direct calls 0, direct levers 0, unmatched 1, marked 0
05:39:40   src/ov_SC04_005/ov_SC04_005_jr_8017BEBC.c: CONSOLIDATED — deleted 58 defs, renamed 0, use renames 39, direct calls 0, direct levers 0, unmatched 0, marked 0
05:39:40   src/ov_SC03_030/ov_SC03_030_jr_8017AE2C.c: CONSOLIDATED — deleted 35 defs, renamed 0, use renames 10, direct calls 5, direct levers 7, unmatched 1, marked 7
05:39:41   src/ov_SC06_029/ov_SC06_029_jr_8017C954.c: CONSOLIDATED — deleted 74 defs, renamed 0, use renames 4, direct calls 1, direct levers 1, unmatched 1, marked 1
05:39:41   src/ov_SC04_007/ov_SC04_007_jr_8017BEBC.c: CONSOLIDATED — deleted 58 defs, renamed 0, use renames 39, direct calls 0, direct levers 0, unmatched 0, marked 0
05:39:41   src/ov_SC03_090/ov_SC03_090_jr_8017CA80.c: all DIFFERS 
05:39:41   src/ov_SC06_018/ov_SC06_018_jr_80187AEC.c: CONSOLIDATED — deleted 43 defs, renamed 0, use renames 0, direct calls 0, direct levers 0, unmatched 0, marked 0
05:39:41   src/ov_SC03_113/ov_SC03_113_jr_8017C294.c: all DIFFERS 
05:39:41   src/ov_SC03_113/ov_SC03_113_jr_8017C294.c: REFUSED — deleted 51 defs, renamed 0, use renames 8, direct calls 0, direct levers 0, unmatched 0, marked 0
05:39:42   src/ov_SC07_002/ov_SC07_002_jr_8017C8D0.c: all DIFFERS 
05:39:42   src/ov_SC07_002/ov_SC07_002_jr_8017C8D0.c: REFUSED — deleted 46 defs, renamed 0, use renames 42, direct calls 0, direct levers 0, unmatched 1, marked 0
05:39:42   src/ov_SC03_090/ov_SC03_090_jr_8017CA80.c: defs-only DIFFERS 
05:39:42   src/ov_SC03_090/ov_SC03_090_jr_8017CA80.c: REFUSED — deleted 39 defs, renamed 0, use renames 0, direct calls 4, direct levers 6, unmatched 0, marked 6
05:39:42   src/ov_SC03_101/ov_SC03_101_jr_8017CA80.c: all DIFFERS 
05:39:42   src/ov_SC03_101/ov_SC03_101_jr_8017CA80.c: REFUSED — deleted 37 defs, renamed 0, use renames 0, direct calls 0, direct levers 0, unmatched 0, marked 0
05:39:42   src/ov_SC05_003/ov_SC05_003_jr_8017BEBC.c: all DIFFERS 
05:39:42   src/ov_SC05_003/ov_SC05_003_jr_8017BEBC.c: REFUSED — deleted 45 defs, renamed 0, use renames 0, direct calls 0, direct levers 0, unmatched 1, marked 0
05:39:43   src/ov_SC03_089/ov_SC03_089_jr_8017CA80.c: all DIFFERS 
05:39:43   src/ov_SC03_089/ov_SC03_089_jr_8017CA80.c: defs-only DIFFERS 
05:39:43   src/ov_SC03_089/ov_SC03_089_jr_8017CA80.c: REFUSED — deleted 35 defs, renamed 0, use renames 0, direct calls 4, direct levers 6, unmatched 0, marked 6
05:39:43   src/ov_SC03_102/ov_SC03_102_jr_8017BEBC.c: CONSOLIDATED — deleted 37 defs, renamed 0, use renames 1, direct calls 0, direct levers 0, unmatched 0, marked 0
05:39:45   src/ov_SC02_041/ov_SC02_041_jr_8017BEBC.c: all DIFFERS 
05:39:45   src/ov_SC02_041/ov_SC02_041_jr_8017BEBC.c: REFUSED — deleted 42 defs, renamed 0, use renames 38, direct calls 0, direct levers 0, unmatched 0, marked 0
05:39:46   src/ov_SC02_017/ov_SC02_017_jr_8017DF34.c: CONSOLIDATED — deleted 31 defs, renamed 0, use renames 9, direct calls 1, direct levers 2, unmatched 1, marked 2
05:39:46   src/ov_SC04_002/ov_SC04_002_jr_8017BEBC.c: CONSOLIDATED — deleted 40 defs, renamed 0, use renames 39, direct calls 0, direct levers 0, unmatched 0, marked 0
05:39:47   src/ov_SC06_032/ov_SC06_032_jr_8017C24C.c: all DIFFERS 
05:39:47   src/ov_SC06_032/ov_SC06_032_jr_8017C24C.c: defs-only DIFFERS 
05:39:47   src/ov_SC06_032/ov_SC06_032_jr_8017C24C.c: REFUSED — deleted 20 defs, renamed 0, use renames 6, direct calls 14, direct levers 0, unmatched 2, marked 0
05:39:48   src/md_SC07_004/md_SC07_004.c: CONSOLIDATED — deleted 33 defs, renamed 0, use renames 28, direct calls 0, direct levers 2, unmatched 0, marked 2
05:39:48   src/ov_SC03_111/ov_SC03_111_jr_8017EC58.c: CONSOLIDATED — deleted 43 defs, renamed 0, use renames 9, direct calls 0, direct levers 0, unmatched 1, marked 0
05:39:48   src/ov_SC06_018/ov_SC06_018_jr_8017C24C.c: all DIFFERS 
05:39:48   src/ov_SC04_011/ov_SC04_011_jr_8017D494.c: CONSOLIDATED — deleted 46 defs, renamed 0, use renames 11, direct calls 0, direct levers 0, unmatched 0, marked 0
05:39:49   src/ov_SC06_018/ov_SC06_018_jr_8017C24C.c: defs-only DIFFERS 
05:39:49   src/ov_SC06_018/ov_SC06_018_jr_8017C24C.c: REFUSED — deleted 20 defs, renamed 0, use renames 6, direct calls 14, direct levers 0, unmatched 4, marked 0
05:39:49   src/ov_SC02_027/ov_SC02_027_jr_8017D898.c: all DIFFERS 
05:39:49   src/ov_SC02_027/ov_SC02_027_jr_8017D898.c: REFUSED — deleted 35 defs, renamed 0, use renames 3, direct calls 0, direct levers 0, unmatched 0, marked 0
05:39:49   src/ov_SC06_000/ov_SC06_000_jr_8017AE2C.c: CONSOLIDATED — deleted 55 defs, renamed 0, use renames 13, direct calls 2, direct levers 6, unmatched 1, marked 6
05:39:49   src/ov_SC06_024/ov_SC06_024_jr_8017BEBC.c: all DIFFERS 
05:39:49   src/ov_SC06_024/ov_SC06_024_jr_8017BEBC.c: REFUSED — deleted 33 defs, renamed 0, use renames 24, direct calls 0, direct levers 0, unmatched 0, marked 0
05:39:49   src/ov_SC04_003/ov_SC04_003_jr_8017BEBC.c: all DIFFERS 
05:39:49   src/ov_SC04_003/ov_SC04_003_jr_8017BEBC.c: REFUSED — deleted 35 defs, renamed 0, use renames 0, direct calls 0, direct levers 0, unmatched 0, marked 0
05:39:50   src/ov_SC06_020/ov_SC06_020_jr_8017C24C.c: all DIFFERS 
05:39:50   src/ov_SC03_103/ov_SC03_103_jr_8017C294.c: all DIFFERS 
05:39:50   src/ov_SC03_103/ov_SC03_103_jr_8017C294.c: REFUSED — deleted 35 defs, renamed 0, use renames 0, direct calls 0, direct levers 0, unmatched 0, marked 0
05:39:50   src/ov_SC03_091/ov_SC03_091_jr_8017D898.c: all DIFFERS 
05:39:50   src/ov_SC03_091/ov_SC03_091_jr_8017D898.c: REFUSED — deleted 31 defs, renamed 0, use renames 0, direct calls 0, direct levers 0, unmatched 0, marked 0
05:39:50   src/ov_SC03_104/ov_SC03_104_jr_8017CA80.c: all DIFFERS 
05:39:50   src/ov_SC03_104/ov_SC03_104_jr_8017CA80.c: REFUSED — deleted 31 defs, renamed 0, use renames 0, direct calls 0, direct levers 0, unmatched 0, marked 0
05:39:50   src/ov_SC06_020/ov_SC06_020_jr_8017C24C.c: defs-only DIFFERS 
05:39:50   src/ov_SC06_020/ov_SC06_020_jr_8017C24C.c: REFUSED — deleted 17 defs, renamed 0, use renames 0, direct calls 16, direct levers 0, unmatched 2, marked 0
05:39:51   src/ov_SC06_010/ov_SC06_010_jr_8017A4AC.c: CONSOLIDATED — deleted 33 defs, renamed 0, use renames 6, direct calls 0, direct levers 0, unmatched 0, marked 0
05:39:51   src/ov_SC07_000/ov_SC07_000_jr_8017BEBC.c: CONSOLIDATED — deleted 31 defs, renamed 0, use renames 1, direct calls 0, direct levers 0, unmatched 0, marked 0
05:39:51   src/ov_SC03_104/ov_SC03_104_jr_80182038.c: CONSOLIDATED — deleted 20 defs, renamed 0, use renames 0, direct calls 4, direct levers 6, unmatched 0, marked 6
05:39:51   src/ov_SC01_000/ov_SC01_000_jr_8012ACE0.c: CONSOLIDATED — deleted 27 defs, renamed 0, use renames 0, direct calls 1, direct levers 0, unmatched 1, marked 0
05:39:51   src/ov_SC03_118/ov_SC03_118_jr_8017FB84.c: CONSOLIDATED — deleted 32 defs, renamed 0, use renames 1, direct calls 0, direct levers 0, unmatched 0, marked 0
05:39:51   src/ov_SC03_014/ov_SC03_014_jr_8017EB7C.c: CONSOLIDATED — deleted 31 defs, renamed 0, use renames 1, direct calls 0, direct levers 0, unmatched 0, marked 0
05:39:52   src/ov_SC01_001/ov_SC01_001_jr_8012ACE0.c: CONSOLIDATED — deleted 27 defs, renamed 0, use renames 0, direct calls 1, direct levers 0, unmatched 1, marked 0
05:39:52   src/ov_SC01_009/ov_SC01_009_jr_8012ACE0.c: CONSOLIDATED — deleted 27 defs, renamed 0, use renames 0, direct calls 1, direct levers 0, unmatched 1, marked 0
05:39:52   src/ov_SC01_080/ov_SC01_080_jr_8012ACE0.c: CONSOLIDATED — deleted 27 defs, renamed 0, use renames 0, direct calls 1, direct levers 0, unmatched 1, marked 0
05:39:52   src/ov_SC01_004/ov_SC01_004_jr_8012ACE0.c: CONSOLIDATED — deleted 27 defs, renamed 0, use renames 0, direct calls 1, direct levers 0, unmatched 1, marked 0
05:39:52   src/ov_SC01_008/ov_SC01_008_jr_8012ACE0.c: CONSOLIDATED — deleted 27 defs, renamed 0, use renames 0, direct calls 1, direct levers 0, unmatched 1, marked 0
05:39:52   src/ov_SC01_074/ov_SC01_074_jr_8012ACE0.c: CONSOLIDATED — deleted 27 defs, renamed 0, use renames 0, direct calls 1, direct levers 0, unmatched 1, marked 0
05:39:52   src/ov_SC01_084/ov_SC01_084_jr_8012ACE0.c: CONSOLIDATED — deleted 27 defs, renamed 0, use renames 0, direct calls 1, direct levers 0, unmatched 1, marked 0
05:39:53   src/ov_SC02_004/ov_SC02_004_jr_8012ACE0.c: CONSOLIDATED — deleted 27 defs, renamed 0, use renames 0, direct calls 1, direct levers 0, unmatched 1, marked 0
05:39:53   src/ov_SC02_005/ov_SC02_005_jr_8012ACE0.c: CONSOLIDATED — deleted 27 defs, renamed 0, use renames 0, direct calls 1, direct levers 0, unmatched 1, marked 0
05:39:53   src/ov_SC02_011/ov_SC02_011_jr_8012ACE0.c: CONSOLIDATED — deleted 27 defs, renamed 0, use renames 0, direct calls 1, direct levers 0, unmatched 1, marked 0
05:39:53   src/ov_SC02_000/ov_SC02_000_jr_8012ACE0.c: CONSOLIDATED — deleted 27 defs, renamed 0, use renames 0, direct calls 1, direct levers 0, unmatched 1, marked 0
05:39:53   src/ov_SC02_015/ov_SC02_015_jr_8012ACE0.c: CONSOLIDATED — deleted 27 defs, renamed 0, use renames 0, direct calls 1, direct levers 0, unmatched 1, marked 0
05:39:53   src/ov_SC02_016/ov_SC02_016_jr_8012ACE0.c: CONSOLIDATED — deleted 27 defs, renamed 0, use renames 0, direct calls 1, direct levers 0, unmatched 1, marked 0
05:39:53   src/ov_SC02_017/ov_SC02_017_jr_8012ACE0.c: CONSOLIDATED — deleted 27 defs, renamed 0, use renames 0, direct calls 1, direct levers 0, unmatched 1, marked 0
05:39:53   src/ov_SC01_005/ov_SC01_005_jr_8012ACE0.c: CONSOLIDATED — deleted 27 defs, renamed 0, use renames 0, direct calls 1, direct levers 0, unmatched 1, marked 0
05:39:54   src/ov_SC02_037/ov_SC02_037.c: CONSOLIDATED — deleted 29 defs, renamed 0, use renames 0, direct calls 0, direct levers 0, unmatched 0, marked 0
05:39:54   src/ov_SC02_021/ov_SC02_021_jr_8012ACE0.c: CONSOLIDATED — deleted 27 defs, renamed 0, use renames 0, direct calls 1, direct levers 0, unmatched 1, marked 0
05:39:54   src/ov_SC02_028/ov_SC02_028_jr_8012ACE0.c: CONSOLIDATED — deleted 27 defs, renamed 0, use renames 0, direct calls 1, direct levers 0, unmatched 1, marked 0
05:39:54   src/ov_SC02_027/ov_SC02_027_jr_8012ACE0.c: CONSOLIDATED — deleted 27 defs, renamed 0, use renames 0, direct calls 1, direct levers 0, unmatched 1, marked 0
05:39:54   src/ov_SC02_026/ov_SC02_026_jr_8012ACE0.c: CONSOLIDATED — deleted 27 defs, renamed 0, use renames 0, direct calls 1, direct levers 0, unmatched 1, marked 0
05:39:54   src/ov_SC02_031/ov_SC02_031_jr_8012ACE0.c: CONSOLIDATED — deleted 27 defs, renamed 0, use renames 0, direct calls 1, direct levers 0, unmatched 1, marked 0
05:39:54   src/ov_SC02_035/ov_SC02_035_jr_8012ACE0.c: CONSOLIDATED — deleted 27 defs, renamed 0, use renames 0, direct calls 1, direct levers 0, unmatched 1, marked 0
05:39:54   src/ov_SC02_039/ov_SC02_039_jr_8012ACE0.c: CONSOLIDATED — deleted 27 defs, renamed 0, use renames 0, direct calls 1, direct levers 0, unmatched 1, marked 0
05:39:54   src/ov_SC02_041/ov_SC02_041_jr_8012ACE0.c: CONSOLIDATED — deleted 27 defs, renamed 0, use renames 0, direct calls 1, direct levers 0, unmatched 1, marked 0
05:39:54   src/ov_SC03_001/ov_SC03_001_jr_8012ACE0.c: CONSOLIDATED — deleted 27 defs, renamed 0, use renames 0, direct calls 1, direct levers 0, unmatched 1, marked 0
05:39:55   src/ov_SC03_002/ov_SC03_002_jr_8012ACE0.c: CONSOLIDATED — deleted 27 defs, renamed 0, use renames 0, direct calls 1, direct levers 0, unmatched 1, marked 0
05:39:55   src/ov_SC03_010/ov_SC03_010_jr_8012ACE0.c: CONSOLIDATED — deleted 27 defs, renamed 0, use renames 0, direct calls 1, direct levers 0, unmatched 1, marked 0
05:39:55   src/ov_SC03_013/ov_SC03_013_jr_8012ACE0.c: CONSOLIDATED — deleted 27 defs, renamed 0, use renames 0, direct calls 1, direct levers 0, unmatched 1, marked 0
05:39:55   src/ov_SC03_006/ov_SC03_006_jr_8012ACE0.c: CONSOLIDATED — deleted 27 defs, renamed 0, use renames 0, direct calls 1, direct levers 0, unmatched 1, marked 0
05:39:55   src/ov_SC03_003/ov_SC03_003_jr_8012ACE0.c: CONSOLIDATED — deleted 27 defs, renamed 0, use renames 0, direct calls 1, direct levers 0, unmatched 1, marked 0
05:39:55   src/ov_SC03_012/ov_SC03_012_jr_8012ACE0.c: CONSOLIDATED — deleted 27 defs, renamed 0, use renames 0, direct calls 1, direct levers 0, unmatched 1, marked 0
05:39:55   src/ov_SC03_011/ov_SC03_011_jr_8012ACE0.c: CONSOLIDATED — deleted 27 defs, renamed 0, use renames 0, direct calls 1, direct levers 0, unmatched 1, marked 0
05:39:55   src/ov_SC03_024/ov_SC03_024_jr_8012ACE0.c: CONSOLIDATED — deleted 27 defs, renamed 0, use renames 0, direct calls 1, direct levers 0, unmatched 1, marked 0
05:39:55   src/ov_SC03_007/ov_SC03_007_jr_8012ACE0.c: CONSOLIDATED — deleted 27 defs, renamed 0, use renames 0, direct calls 1, direct levers 0, unmatched 1, marked 0
05:39:55   src/ov_SC03_023/ov_SC03_023_jr_8012ACE0.c: CONSOLIDATED — deleted 27 defs, renamed 0, use renames 0, direct calls 1, direct levers 0, unmatched 1, marked 0
05:39:56   src/ov_SC03_028/ov_SC03_028_jr_8012ACE0.c: CONSOLIDATED — deleted 27 defs, renamed 0, use renames 0, direct calls 1, direct levers 0, unmatched 1, marked 0
05:39:56   src/ov_SC03_029/ov_SC03_029_jr_8012ACE0.c: CONSOLIDATED — deleted 27 defs, renamed 0, use renames 0, direct calls 1, direct levers 0, unmatched 1, marked 0
05:39:56   src/ov_SC03_014/ov_SC03_014_jr_8012ACE0.c: CONSOLIDATED — deleted 27 defs, renamed 0, use renames 0, direct calls 1, direct levers 0, unmatched 1, marked 0
05:39:56   src/ov_SC03_030/ov_SC03_030_jr_8012ACE0.c: CONSOLIDATED — deleted 27 defs, renamed 0, use renames 0, direct calls 1, direct levers 0, unmatched 1, marked 0
05:39:57   src/ov_SC03_031/ov_SC03_031_jr_8012ACE0.c: CONSOLIDATED — deleted 27 defs, renamed 0, use renames 0, direct calls 1, direct levers 0, unmatched 1, marked 0
05:39:57   src/ov_SC03_091/ov_SC03_091_jr_8012ACE0.c: CONSOLIDATED — deleted 27 defs, renamed 0, use renames 0, direct calls 1, direct levers 0, unmatched 1, marked 0
05:39:57   src/ov_SC03_089/ov_SC03_089_jr_8012ACE0.c: CONSOLIDATED — deleted 27 defs, renamed 0, use renames 0, direct calls 1, direct levers 0, unmatched 1, marked 0
05:39:57   src/ov_SC03_090/ov_SC03_090_jr_8012ACE0.c: CONSOLIDATED — deleted 27 defs, renamed 0, use renames 0, direct calls 1, direct levers 0, unmatched 1, marked 0
05:39:57   src/ov_SC03_093/ov_SC03_093_jr_8012ACE0.c: CONSOLIDATED — deleted 27 defs, renamed 0, use renames 0, direct calls 1, direct levers 0, unmatched 1, marked 0
05:39:57   src/ov_SC03_092/ov_SC03_092_jr_8012ACE0.c: CONSOLIDATED — deleted 27 defs, renamed 0, use renames 0, direct calls 1, direct levers 0, unmatched 1, marked 0
05:39:57   src/ov_SC03_094/ov_SC03_094_jr_8012ACE0.c: CONSOLIDATED — deleted 27 defs, renamed 0, use renames 0, direct calls 1, direct levers 0, unmatched 1, marked 0
05:39:59   src/ov_SC03_101/ov_SC03_101_jr_8012ACE0.c: CONSOLIDATED — deleted 27 defs, renamed 0, use renames 0, direct calls 1, direct levers 0, unmatched 1, marked 0
05:40:00   src/ov_SC03_095/ov_SC03_095_jr_8012ACE0.c: CONSOLIDATED — deleted 27 defs, renamed 0, use renames 0, direct calls 1, direct levers 0, unmatched 1, marked 0
05:40:00   src/ov_SC03_098/ov_SC03_098_jr_8012ACE0.c: CONSOLIDATED — deleted 27 defs, renamed 0, use renames 0, direct calls 1, direct levers 0, unmatched 1, marked 0
05:40:01   src/ov_SC03_099/ov_SC03_099_jr_8012ACE0.c: CONSOLIDATED — deleted 27 defs, renamed 0, use renames 0, direct calls 1, direct levers 0, unmatched 1, marked 0
05:40:01   src/ov_SC03_104/ov_SC03_104_jr_8012ACE0.c: CONSOLIDATED — deleted 27 defs, renamed 0, use renames 0, direct calls 1, direct levers 0, unmatched 1, marked 0
05:40:01   src/ov_SC03_105/ov_SC03_105_jr_8012ACE0.c: CONSOLIDATED — deleted 27 defs, renamed 0, use renames 0, direct calls 1, direct levers 0, unmatched 1, marked 0
05:40:02   src/ov_SC03_096/ov_SC03_096_jr_8012ACE0.c: CONSOLIDATED — deleted 27 defs, renamed 0, use renames 0, direct calls 1, direct levers 0, unmatched 1, marked 0
05:40:02   src/ov_SC03_097/ov_SC03_097_jr_8012ACE0.c: CONSOLIDATED — deleted 27 defs, renamed 0, use renames 0, direct calls 1, direct levers 0, unmatched 1, marked 0
05:40:02   src/ov_SC03_109/ov_SC03_109_jr_8012ACE0.c: CONSOLIDATED — deleted 27 defs, renamed 0, use renames 0, direct calls 1, direct levers 0, unmatched 1, marked 0
05:40:02   src/ov_SC03_103/ov_SC03_103_jr_8012ACE0.c: CONSOLIDATED — deleted 27 defs, renamed 0, use renames 0, direct calls 1, direct levers 0, unmatched 1, marked 0
05:40:03   src/ov_SC03_100/ov_SC03_100_jr_8012ACE0.c: CONSOLIDATED — deleted 27 defs, renamed 0, use renames 0, direct calls 1, direct levers 0, unmatched 1, marked 0
05:40:03   src/ov_SC03_102/ov_SC03_102_jr_8012ACE0.c: CONSOLIDATED — deleted 27 defs, renamed 0, use renames 0, direct calls 1, direct levers 0, unmatched 1, marked 0
05:40:03   src/ov_SC03_107/ov_SC03_107.c: CONSOLIDATED — deleted 29 defs, renamed 0, use renames 0, direct calls 0, direct levers 0, unmatched 0, marked 0
05:40:05   src/ov_SC03_112/ov_SC03_112_jr_8012ACE0.c: CONSOLIDATED — deleted 27 defs, renamed 0, use renames 0, direct calls 1, direct levers 0, unmatched 1, marked 0
05:40:05   src/ov_SC03_111/ov_SC03_111_jr_8012ACE0.c: CONSOLIDATED — deleted 27 defs, renamed 0, use renames 0, direct calls 1, direct levers 0, unmatched 1, marked 0
05:40:06   src/ov_SC03_108/ov_SC03_108_jr_8012ACE0.c: CONSOLIDATED — deleted 27 defs, renamed 0, use renames 0, direct calls 1, direct levers 0, unmatched 1, marked 0
05:40:06   src/ov_SC03_110/ov_SC03_110_jr_8012ACE0.c: CONSOLIDATED — deleted 27 defs, renamed 0, use renames 0, direct calls 1, direct levers 0, unmatched 1, marked 0
05:40:06   src/ov_SC03_116/ov_SC03_116_jr_8012ACE0.c: CONSOLIDATED — deleted 27 defs, renamed 0, use renames 0, direct calls 1, direct levers 0, unmatched 1, marked 0
05:40:06   src/ov_SC03_114/ov_SC03_114_jr_8012ACE0.c: CONSOLIDATED — deleted 27 defs, renamed 0, use renames 0, direct calls 1, direct levers 0, unmatched 1, marked 0
05:40:06   src/ov_SC03_117/ov_SC03_117_jr_8012ACE0.c: CONSOLIDATED — deleted 27 defs, renamed 0, use renames 0, direct calls 1, direct levers 0, unmatched 1, marked 0
05:40:07   src/ov_SC03_113/ov_SC03_113_jr_8012ACE0.c: CONSOLIDATED — deleted 27 defs, renamed 0, use renames 0, direct calls 1, direct levers 0, unmatched 1, marked 0
05:40:07   src/ov_SC03_115/ov_SC03_115_jr_8012ACE0.c: CONSOLIDATED — deleted 27 defs, renamed 0, use renames 0, direct calls 1, direct levers 0, unmatched 1, marked 0
05:40:09   src/ov_SC04_003/ov_SC04_003_jr_8012ACE0.c: CONSOLIDATED — deleted 27 defs, renamed 0, use renames 0, direct calls 1, direct levers 0, unmatched 1, marked 0
05:40:09   src/ov_SC03_121/ov_SC03_121_jr_8012ACE0.c: CONSOLIDATED — deleted 27 defs, renamed 0, use renames 0, direct calls 1, direct levers 0, unmatched 1, marked 0
05:40:09   src/ov_SC04_000/ov_SC04_000_jr_8012ACE0.c: CONSOLIDATED — deleted 27 defs, renamed 0, use renames 0, direct calls 1, direct levers 0, unmatched 1, marked 0
05:40:10   src/ov_SC03_118/ov_SC03_118_jr_8012ACE0.c: CONSOLIDATED — deleted 27 defs, renamed 0, use renames 0, direct calls 1, direct levers 0, unmatched 1, marked 0
05:40:10   src/ov_SC04_005/ov_SC04_005_jr_8012ACE0.c: CONSOLIDATED — deleted 27 defs, renamed 0, use renames 0, direct calls 1, direct levers 0, unmatched 1, marked 0
05:40:10   src/ov_SC03_124/ov_SC03_124_jr_8012ACE0.c: CONSOLIDATED — deleted 27 defs, renamed 0, use renames 0, direct calls 1, direct levers 0, unmatched 1, marked 0
05:40:10   src/ov_SC03_125/ov_SC03_125_jr_8012ACE0.c: CONSOLIDATED — deleted 27 defs, renamed 0, use renames 0, direct calls 1, direct levers 0, unmatched 1, marked 0
05:40:10   src/ov_SC04_002/ov_SC04_002_jr_8012ACE0.c: CONSOLIDATED — deleted 27 defs, renamed 0, use renames 0, direct calls 1, direct levers 0, unmatched 1, marked 0
05:40:12   src/ov_SC04_011/ov_SC04_011_jr_8012ACE0.c: CONSOLIDATED — deleted 27 defs, renamed 0, use renames 0, direct calls 1, direct levers 0, unmatched 1, marked 0
05:40:12   src/ov_SC04_004/ov_SC04_004_jr_8012ACE0.c: CONSOLIDATED — deleted 27 defs, renamed 0, use renames 0, direct calls 1, direct levers 0, unmatched 1, marked 0
05:40:12   src/ov_SC04_010/ov_SC04_010_jr_8012ACE0.c: CONSOLIDATED — deleted 27 defs, renamed 0, use renames 0, direct calls 1, direct levers 0, unmatched 1, marked 0
05:40:12   src/ov_SC04_006/ov_SC04_006_jr_8012ACE0.c: CONSOLIDATED — deleted 27 defs, renamed 0, use renames 0, direct calls 1, direct levers 0, unmatched 1, marked 0
05:40:12   src/ov_SC04_007/ov_SC04_007_jr_8012ACE0.c: CONSOLIDATED — deleted 27 defs, renamed 0, use renames 0, direct calls 1, direct levers 0, unmatched 1, marked 0
05:40:12   src/ov_SC04_009/ov_SC04_009_jr_8012ACE0.c: CONSOLIDATED — deleted 27 defs, renamed 0, use renames 0, direct calls 1, direct levers 0, unmatched 1, marked 0
05:40:13   src/ov_SC04_008/ov_SC04_008_jr_8012ACE0.c: CONSOLIDATED — deleted 27 defs, renamed 0, use renames 0, direct calls 1, direct levers 0, unmatched 1, marked 0
05:40:14   src/ov_SC04_015/ov_SC04_015_jr_8012ACE0.c: CONSOLIDATED — deleted 27 defs, renamed 0, use renames 0, direct calls 1, direct levers 0, unmatched 1, marked 0
05:40:15   src/ov_SC04_012/ov_SC04_012_jr_8012ACE0.c: CONSOLIDATED — deleted 27 defs, renamed 0, use renames 0, direct calls 1, direct levers 0, unmatched 1, marked 0
05:40:15   src/ov_SC04_016/ov_SC04_016_jr_8012ACE0.c: CONSOLIDATED — deleted 27 defs, renamed 0, use renames 0, direct calls 1, direct levers 0, unmatched 1, marked 0
05:40:15   src/ov_SC05_002/ov_SC05_002_jr_8012ACE0.c: CONSOLIDATED — deleted 27 defs, renamed 0, use renames 0, direct calls 1, direct levers 0, unmatched 1, marked 0
05:40:16   src/ov_SC04_020/ov_SC04_020_jr_8012ACE0.c: CONSOLIDATED — deleted 27 defs, renamed 0, use renames 0, direct calls 1, direct levers 0, unmatched 1, marked 0
05:40:16   src/ov_SC04_018/ov_SC04_018_jr_8012ACE0.c: CONSOLIDATED — deleted 27 defs, renamed 0, use renames 0, direct calls 1, direct levers 0, unmatched 1, marked 0
05:40:16   src/ov_SC05_000/ov_SC05_000_jr_8012ACE0.c: CONSOLIDATED — deleted 27 defs, renamed 0, use renames 0, direct calls 1, direct levers 0, unmatched 1, marked 0
05:40:17   src/ov_SC05_001/ov_SC05_001_jr_8012ACE0.c: CONSOLIDATED — deleted 27 defs, renamed 0, use renames 0, direct calls 1, direct levers 0, unmatched 1, marked 0
05:40:17   src/ov_SC05_004/ov_SC05_004_jr_8012ACE0.c: CONSOLIDATED — deleted 27 defs, renamed 0, use renames 0, direct calls 1, direct levers 0, unmatched 1, marked 0
05:40:17   src/ov_SC05_003/ov_SC05_003_jr_8012ACE0.c: CONSOLIDATED — deleted 27 defs, renamed 0, use renames 0, direct calls 1, direct levers 0, unmatched 1, marked 0
05:40:18   src/ov_SC05_006/ov_SC05_006_jr_8012ACE0.c: CONSOLIDATED — deleted 27 defs, renamed 0, use renames 0, direct calls 1, direct levers 0, unmatched 1, marked 0
05:40:18   src/ov_SC05_017/ov_SC05_017_jr_8012ACE0.c: CONSOLIDATED — deleted 27 defs, renamed 0, use renames 0, direct calls 1, direct levers 0, unmatched 1, marked 0
05:40:18   src/ov_SC05_005/ov_SC05_005_jr_8012ACE0.c: CONSOLIDATED — deleted 27 defs, renamed 0, use renames 0, direct calls 1, direct levers 0, unmatched 1, marked 0
05:40:20   src/ov_SC05_011/ov_SC05_011_jr_8012ACE0.c: CONSOLIDATED — deleted 27 defs, renamed 0, use renames 0, direct calls 1, direct levers 0, unmatched 1, marked 0
05:40:20   src/ov_SC05_007/ov_SC05_007_jr_8012ACE0.c: CONSOLIDATED — deleted 27 defs, renamed 0, use renames 0, direct calls 1, direct levers 0, unmatched 1, marked 0
05:40:20   src/ov_SC05_008/ov_SC05_008_jr_8012ACE0.c: CONSOLIDATED — deleted 27 defs, renamed 0, use renames 0, direct calls 1, direct levers 0, unmatched 1, marked 0
05:40:20   src/ov_SC06_010/ov_SC06_010_jr_8012ACE0.c: CONSOLIDATED — deleted 27 defs, renamed 0, use renames 0, direct calls 1, direct levers 0, unmatched 1, marked 0
05:40:20   src/ov_SC05_010/ov_SC05_010_jr_8012ACE0.c: CONSOLIDATED — deleted 27 defs, renamed 0, use renames 0, direct calls 1, direct levers 0, unmatched 1, marked 0
05:40:21   src/ov_SC06_000/ov_SC06_000_jr_8012ACE0.c: CONSOLIDATED — deleted 27 defs, renamed 0, use renames 0, direct calls 1, direct levers 0, unmatched 1, marked 0
05:40:21   src/ov_SC05_009/ov_SC05_009_jr_8012ACE0.c: CONSOLIDATED — deleted 27 defs, renamed 0, use renames 0, direct calls 1, direct levers 0, unmatched 1, marked 0
05:40:21   src/ov_SC05_018/ov_SC05_018_jr_8012ACE0.c: CONSOLIDATED — deleted 27 defs, renamed 0, use renames 0, direct calls 1, direct levers 0, unmatched 1, marked 0
05:40:21   src/ov_SC06_006/ov_SC06_006_jr_8012ACE0.c: CONSOLIDATED — deleted 27 defs, renamed 0, use renames 0, direct calls 1, direct levers 0, unmatched 1, marked 0
05:40:22   src/ov_SC06_008/ov_SC06_008_jr_8012ACE0.c: CONSOLIDATED — deleted 27 defs, renamed 0, use renames 0, direct calls 1, direct levers 0, unmatched 1, marked 0
05:40:24   src/ov_SC06_016/ov_SC06_016_jr_8012ACE0.c: CONSOLIDATED — deleted 27 defs, renamed 0, use renames 0, direct calls 1, direct levers 0, unmatched 1, marked 0
05:40:24   src/ov_SC06_015/ov_SC06_015_jr_8012ACE0.c: CONSOLIDATED — deleted 27 defs, renamed 0, use renames 0, direct calls 1, direct levers 0, unmatched 1, marked 0
05:40:24   src/ov_SC06_013/ov_SC06_013_jr_8012ACE0.c: CONSOLIDATED — deleted 27 defs, renamed 0, use renames 0, direct calls 1, direct levers 0, unmatched 1, marked 0
05:40:25   src/ov_SC06_008/ov_SC06_008_jr_8017C294.c: all DIFFERS 
05:40:25   src/ov_SC06_008/ov_SC06_008_jr_8017C294.c: REFUSED — deleted 28 defs, renamed 1, use renames 12, direct calls 0, direct levers 0, unmatched 0, marked 6
05:40:25   src/ov_SC06_011/ov_SC06_011_jr_8012ACE0.c: CONSOLIDATED — deleted 27 defs, renamed 0, use renames 0, direct calls 1, direct levers 0, unmatched 1, marked 0
05:40:25   src/ov_SC06_018/ov_SC06_018_jr_8012ACE0.c: CONSOLIDATED — deleted 27 defs, renamed 0, use renames 0, direct calls 1, direct levers 0, unmatched 1, marked 0
05:40:26   src/ov_SC06_014/ov_SC06_014_jr_8012ACE0.c: CONSOLIDATED — deleted 27 defs, renamed 0, use renames 0, direct calls 1, direct levers 0, unmatched 1, marked 0
05:40:26   src/ov_SC06_024/ov_SC06_024_jr_8012ACE0.c: CONSOLIDATED — deleted 27 defs, renamed 0, use renames 0, direct calls 1, direct levers 0, unmatched 1, marked 0
05:40:26   src/ov_SC06_020/ov_SC06_020_jr_8012ACE0.c: CONSOLIDATED — deleted 27 defs, renamed 0, use renames 0, direct calls 1, direct levers 0, unmatched 1, marked 0
05:40:27   src/ov_SC06_022/ov_SC06_022_jr_8012ACE0.c: CONSOLIDATED — deleted 27 defs, renamed 0, use renames 0, direct calls 1, direct levers 0, unmatched 1, marked 0
05:40:27   src/ov_SC06_025/ov_SC06_025_jr_8012ACE0.c: CONSOLIDATED — deleted 27 defs, renamed 0, use renames 0, direct calls 1, direct levers 0, unmatched 1, marked 0
05:40:28   src/ov_SC06_027/ov_SC06_027_jr_8012ACE0.c: CONSOLIDATED — deleted 27 defs, renamed 0, use renames 0, direct calls 1, direct levers 0, unmatched 1, marked 0
05:40:28   src/ov_SC06_030/ov_SC06_030_jr_8012ACE0.c: CONSOLIDATED — deleted 27 defs, renamed 0, use renames 0, direct calls 1, direct levers 0, unmatched 1, marked 0
05:40:29   src/ov_SC06_029/ov_SC06_029_jr_8012ACE0.c: CONSOLIDATED — deleted 27 defs, renamed 0, use renames 0, direct calls 1, direct levers 0, unmatched 1, marked 0
05:40:30   src/ov_SC06_033/ov_SC06_033_jr_8012ACE0.c: CONSOLIDATED — deleted 27 defs, renamed 0, use renames 0, direct calls 1, direct levers 0, unmatched 1, marked 0
05:40:30   src/ov_SC06_032/ov_SC06_032_jr_8012ACE0.c: CONSOLIDATED — deleted 27 defs, renamed 0, use renames 0, direct calls 1, direct levers 0, unmatched 1, marked 0
05:40:30   src/ov_SC07_002/ov_SC07_002_jr_8012ACE0.c: CONSOLIDATED — deleted 27 defs, renamed 0, use renames 0, direct calls 1, direct levers 0, unmatched 1, marked 0
05:40:30   src/ov_SC03_126/ov_SC03_126_jr_8012ACE0.c: CONSOLIDATED — deleted 27 defs, renamed 0, use renames 0, direct calls 0, direct levers 0, unmatched 0, marked 0
05:40:30   src/ov_SC07_008/ov_SC07_008_jr_8012ACE0.c: CONSOLIDATED — deleted 27 defs, renamed 0, use renames 0, direct calls 1, direct levers 0, unmatched 1, marked 0
05:40:31   src/ov_SC07_001/ov_SC07_001_jr_8012ACE0.c: CONSOLIDATED — deleted 27 defs, renamed 0, use renames 0, direct calls 1, direct levers 0, unmatched 1, marked 0
05:40:31   src/ov_SC07_009/ov_SC07_009_jr_8012ACE0.c: CONSOLIDATED — deleted 27 defs, renamed 0, use renames 0, direct calls 1, direct levers 0, unmatched 1, marked 0
05:40:31   src/ov_SC07_000/ov_SC07_000_jr_8012ACE0.c: CONSOLIDATED — deleted 27 defs, renamed 0, use renames 0, direct calls 1, direct levers 0, unmatched 1, marked 0
05:40:31   src/ov_SC04_021/ov_SC04_021_jr_8012ACE0.c: CONSOLIDATED — deleted 27 defs, renamed 0, use renames 0, direct calls 0, direct levers 0, unmatched 0, marked 0
05:40:32   src/ov_SC02_016/ov_SC02_016_jr_8017DC70.c: CONSOLIDATED — deleted 23 defs, renamed 0, use renames 1, direct calls 3, direct levers 1, unmatched 0, marked 1
05:40:33   src/ov_SC03_097/ov_SC03_097_jr_8017D898.c: all DIFFERS 
05:40:33   src/ov_SC03_097/ov_SC03_097_jr_8017D898.c: REFUSED — deleted 25 defs, renamed 0, use renames 0, direct calls 0, direct levers 0, unmatched 0, marked 0
05:40:33   src/ov_SC02_015/ov_SC02_015_jr_8017AE2C.c: all DIFFERS 
05:40:33   src/ov_SC02_015/ov_SC02_015_jr_8017AE2C.c: REFUSED — deleted 24 defs, renamed 0, use renames 0, direct calls 0, direct levers 0, unmatched 0, marked 0
05:40:34   src/ov_SC03_108/ov_SC03_108_jr_8017BEBC.c: all DIFFERS 
05:40:34   src/ov_SC03_108/ov_SC03_108_jr_8017BEBC.c: REFUSED — deleted 23 defs, renamed 0, use renames 0, direct calls 0, direct levers 0, unmatched 1, marked 0
05:40:35   src/ov_SC02_028/ov_SC02_028_jr_8017D898.c: all DIFFERS 
05:40:35   src/ov_SC02_028/ov_SC02_028_jr_8017D898.c: REFUSED — deleted 25 defs, renamed 0, use renames 0, direct calls 0, direct levers 0, unmatched 0, marked 0
05:40:35   src/ov_SC05_019/ov_SC05_019_jr_8012ACE0.c: CONSOLIDATED — deleted 27 defs, renamed 0, use renames 0, direct calls 0, direct levers 0, unmatched 0, marked 0
05:40:35   src/ov_SC03_114/ov_SC03_114_jr_8017BEBC.c: all DIFFERS 
05:40:35   src/ov_SC03_114/ov_SC03_114_jr_8017BEBC.c: REFUSED — deleted 25 defs, renamed 0, use renames 0, direct calls 0, direct levers 0, unmatched 0, marked 0
05:40:35   src/ov_SC02_021/ov_SC02_021_jr_8017C294.c: all DIFFERS 
05:40:36   src/ov_SC02_021/ov_SC02_021_jr_8017C294.c: REFUSED — deleted 24 defs, renamed 0, use renames 0, direct calls 0, direct levers 0, unmatched 0, marked 0
05:40:36   src/ov_SC04_009/ov_SC04_009_jr_8017BEBC.c: all DIFFERS 
05:40:36   src/ov_SC04_009/ov_SC04_009_jr_8017BEBC.c: REFUSED — deleted 23 defs, renamed 0, use renames 0, direct calls 0, direct levers 0, unmatched 0, marked 0
05:40:36   src/ov_SC02_039/ov_SC02_039_jr_8017BEBC.c: all DIFFERS 
05:40:36   src/ov_SC02_039/ov_SC02_039_jr_8017BEBC.c: REFUSED — deleted 23 defs, renamed 0, use renames 0, direct calls 0, direct levers 0, unmatched 1, marked 0
05:40:36   src/ov_SC02_026/ov_SC02_026_jr_8017C180.c: all DIFFERS 
05:40:36   src/ov_SC02_026/ov_SC02_026_jr_8017C180.c: REFUSED — deleted 19 defs, renamed 0, use renames 0, direct calls 0, direct levers 0, unmatched 4, marked 0
05:40:37   src/ov_SC06_033/ov_SC06_033_jr_8017C24C.c: all DIFFERS 
05:40:37   src/ov_SC06_033/ov_SC06_033_jr_8017C24C.c: REFUSED — deleted 20 defs, renamed 0, use renames 6, direct calls 0, direct levers 0, unmatched 4, marked 0
05:40:37   src/ov_SC03_028/ov_SC03_028_jr_8017DF98.c: CONSOLIDATED — deleted 22 defs, renamed 0, use renames 0, direct calls 0, direct levers 0, unmatched 0, marked 0
05:40:38   src/ov_SC02_011/ov_SC02_011_jr_8017AE2C.c: CONSOLIDATED — deleted 25 defs, renamed 0, use renames 12, direct calls 0, direct levers 0, unmatched 0, marked 0
05:40:40   src/ov_SC03_107/ov_SC03_107_jr_801789AC.c: CONSOLIDATED — deleted 28 defs, renamed 0, use renames 8, direct calls 0, direct levers 0, unmatched 0, marked 0
05:40:40   src/ov_SC04_006/ov_SC04_006_jr_8017BEBC.c: all DIFFERS 
05:40:40   src/ov_SC04_006/ov_SC04_006_jr_8017BEBC.c: REFUSED — deleted 19 defs, renamed 0, use renames 0, direct calls 0, direct levers 0, unmatched 3, marked 0
05:40:40   src/ov_SC03_007/ov_SC03_007_jr_8017AE2C.c: CONSOLIDATED — deleted 22 defs, renamed 0, use renames 4, direct calls 0, direct levers 0, unmatched 0, marked 0
05:40:41   src/ov_SC03_031/ov_SC03_031_jr_8017DB5C.c: CONSOLIDATED — deleted 19 defs, renamed 0, use renames 1, direct calls 1, direct levers 2, unmatched 0, marked 2
05:40:41   src/ov_SC01_080/ov_SC01_080_jr_8017AE2C.c: CONSOLIDATED — deleted 21 defs, renamed 0, use renames 1, direct calls 0, direct levers 0, unmatched 0, marked 0
05:40:41   src/ov_SC03_006/ov_SC03_006_jr_8017AE2C.c: CONSOLIDATED — deleted 22 defs, renamed 0, use renames 6, direct calls 0, direct levers 0, unmatched 0, marked 0
05:40:41   src/ov_SC03_093/ov_SC03_093_jr_8017D898.c: all DIFFERS 
05:40:41   src/ov_SC03_093/ov_SC03_093_jr_8017D898.c: REFUSED — deleted 21 defs, renamed 0, use renames 0, direct calls 0, direct levers 0, unmatched 0, marked 0
05:40:41   src/ov_SC06_033/ov_SC06_033_jr_80186574.c: CONSOLIDATED — deleted 22 defs, renamed 0, use renames 0, direct calls 0, direct levers 0, unmatched 0, marked 0
05:40:41   src/ov_SC05_001/ov_SC05_001_jr_8017BEBC.c: CONSOLIDATED — deleted 17 defs, renamed 0, use renames 1, direct calls 0, direct levers 0, unmatched 5, marked 0
05:40:43   src/ov_SC02_037/ov_SC02_037_jr_8017AE2C.c: CONSOLIDATED — deleted 21 defs, renamed 0, use renames 1, direct calls 0, direct levers 0, unmatched 0, marked 0
05:40:43   src/ov_SC02_035/ov_SC02_035_jr_8017BEBC.c: all DIFFERS 
05:40:43   src/ov_SC02_035/ov_SC02_035_jr_8017BEBC.c: REFUSED — deleted 21 defs, renamed 0, use renames 0, direct calls 0, direct levers 0, unmatched 0, marked 0
05:40:43   src/ov_SC03_100/ov_SC03_100_jr_8017D898.c: all DIFFERS 
05:40:43   src/ov_SC03_100/ov_SC03_100_jr_8017D898.c: REFUSED — deleted 21 defs, renamed 0, use renames 0, direct calls 0, direct levers 0, unmatched 0, marked 0
05:40:43   src/ov_SC03_096/ov_SC03_096_jr_8017BEBC.c: all DIFFERS 
05:40:43   src/ov_SC03_096/ov_SC03_096_jr_8017BEBC.c: REFUSED — deleted 21 defs, renamed 0, use renames 0, direct calls 0, direct levers 0, unmatched 0, marked 0
05:40:44   src/ov_SC03_099/ov_SC03_099_jr_8017BEBC.c: all DIFFERS 
05:40:44   src/ov_SC03_099/ov_SC03_099_jr_8017BEBC.c: REFUSED — deleted 21 defs, renamed 0, use renames 0, direct calls 0, direct levers 0, unmatched 0, marked 0
05:40:45   src/ov_SC03_094/ov_SC03_094_jr_8017BEBC.c: all DIFFERS 
05:40:45   src/ov_SC03_094/ov_SC03_094_jr_8017BEBC.c: REFUSED — deleted 21 defs, renamed 0, use renames 0, direct calls 0, direct levers 0, unmatched 0, marked 0
05:40:45   src/ov_SC03_098/ov_SC03_098_jr_8017D898.c: all DIFFERS 
05:40:46   src/ov_SC03_098/ov_SC03_098_jr_8017D898.c: REFUSED — deleted 21 defs, renamed 0, use renames 0, direct calls 0, direct levers 0, unmatched 0, marked 0
05:40:46   src/ov_SC03_095/ov_SC03_095_jr_8017BEBC.c: all DIFFERS 
05:40:46   src/ov_SC03_095/ov_SC03_095_jr_8017BEBC.c: REFUSED — deleted 21 defs, renamed 0, use renames 0, direct calls 0, direct levers 0, unmatched 0, marked 0
05:40:46   src/ov_SC05_009/ov_SC05_009_jr_8017BEBC.c: all DIFFERS 
05:40:46   src/ov_SC05_009/ov_SC05_009_jr_8017BEBC.c: REFUSED — deleted 21 defs, renamed 0, use renames 0, direct calls 0, direct levers 0, unmatched 0, marked 0
05:40:46   src/ov_SC03_109/ov_SC03_109_jr_8017C180.c: all DIFFERS 
05:40:46   src/ov_SC03_109/ov_SC03_109_jr_8017C180.c: REFUSED — deleted 21 defs, renamed 0, use renames 0, direct calls 0, direct levers 0, unmatched 0, marked 0
05:40:47   src/ov_SC03_010/ov_SC03_010_jr_8017C730.c: all DIFFERS 
05:40:47   src/ov_SC03_010/ov_SC03_010_jr_8017C730.c: REFUSED — deleted 18 defs, renamed 0, use renames 0, direct calls 0, direct levers 0, unmatched 1, marked 0
05:40:47   src/md_SC07_003/md_SC07_003.c: CONSOLIDATED — deleted 20 defs, renamed 0, use renames 0, direct calls 0, direct levers 0, unmatched 0, marked 0
05:40:48   src/ov_MAIN_012/ov_MAIN_012.c: CONSOLIDATED — deleted 19 defs, renamed 0, use renames 0, direct calls 0, direct levers 0, unmatched 0, marked 0
05:40:48   src/ov_SC04_000/ov_SC04_000_jr_8017BEBC.c: CONSOLIDATED — deleted 19 defs, renamed 0, use renames 1, direct calls 0, direct levers 0, unmatched 0, marked 0
05:40:48   src/ov_SC03_105/ov_SC03_105_jr_80181C84.c: CONSOLIDATED — deleted 20 defs, renamed 0, use renames 44, direct calls 0, direct levers 0, unmatched 0, marked 0
05:40:48   src/ov_SC07_010/ov_SC07_010.c: CONSOLIDATED — deleted 19 defs, renamed 0, use renames 0, direct calls 0, direct levers 0, unmatched 0, marked 0
05:40:49   src/ov_SC01_077/ov_SC01_077_jr_8012ACE0.c: CONSOLIDATED — deleted 17 defs, renamed 0, use renames 0, direct calls 1, direct levers 0, unmatched 1, marked 0
05:40:49   src/ov_SC06_011/ov_SC06_011_jr_8017BEBC.c: all DIFFERS 
05:40:49   src/ov_SC06_011/ov_SC06_011_jr_8017BEBC.c: REFUSED — deleted 19 defs, renamed 0, use renames 0, direct calls 0, direct levers 0, unmatched 0, marked 0
05:40:49   src/ov_SC07_007/ov_SC07_007.c: CONSOLIDATED — deleted 19 defs, renamed 0, use renames 0, direct calls 0, direct levers 0, unmatched 0, marked 0
05:40:50   src/ov_SC05_005/ov_SC05_005_jr_8017D898.c: all DIFFERS 
05:40:50   src/ov_SC05_005/ov_SC05_005_jr_8017D898.c: REFUSED — deleted 17 defs, renamed 0, use renames 0, direct calls 0, direct levers 0, unmatched 2, marked 0
05:40:51   src/ov_SC07_006/ov_SC07_006.c: CONSOLIDATED — deleted 19 defs, renamed 0, use renames 0, direct calls 0, direct levers 0, unmatched 0, marked 0
05:40:51   src/ov_SC07_011/ov_SC07_011.c: CONSOLIDATED — deleted 19 defs, renamed 0, use renames 0, direct calls 0, direct levers 0, unmatched 0, marked 0
05:40:52   src/ov_SC03_014/ov_SC03_014_jr_8017AE2C.c: CONSOLIDATED — deleted 19 defs, renamed 1, use renames 12, direct calls 0, direct levers 0, unmatched 0, marked 6
05:40:52   src/ov_SC03_013/ov_SC03_013_jr_8017C730.c: all DIFFERS 
05:40:52   src/ov_SC03_013/ov_SC03_013_jr_8017C730.c: REFUSED — deleted 18 defs, renamed 0, use renames 0, direct calls 0, direct levers 0, unmatched 0, marked 0
05:40:52   src/ov_SC03_105/ov_SC03_105_jr_80186DDC.c: CONSOLIDATED — deleted 18 defs, renamed 0, use renames 0, direct calls 0, direct levers 0, unmatched 0, marked 0
05:40:52   src/ov_SC03_092/ov_SC03_092_jr_80181694.c: CONSOLIDATED — deleted 18 defs, renamed 0, use renames 0, direct calls 0, direct levers 0, unmatched 0, marked 0
05:40:52   src/ov_SC02_031/ov_SC02_031_jr_8017AE2C.c: CONSOLIDATED — deleted 16 defs, renamed 0, use renames 0, direct calls 1, direct levers 0, unmatched 1, marked 0
05:40:53   src/ov_SC03_091/ov_SC03_091_jr_8018326C.c: CONSOLIDATED — deleted 8 defs, renamed 0, use renames 0, direct calls 4, direct levers 6, unmatched 0, marked 6
05:40:53   src/ov_SC06_013/ov_SC06_013_jr_8017BEBC.c: all DIFFERS 
05:40:53   src/ov_SC06_013/ov_SC06_013_jr_8017BEBC.c: REFUSED — deleted 17 defs, renamed 0, use renames 0, direct calls 0, direct levers 1, unmatched 0, marked 1
05:40:53   src/ov_SC01_000/ov_SC01_000_jr_8017BEBC.c: all DIFFERS 
05:40:53   src/ov_SC01_000/ov_SC01_000_jr_8017BEBC.c: REFUSED — deleted 17 defs, renamed 0, use renames 0, direct calls 0, direct levers 0, unmatched 0, marked 0
05:40:54   src/ov_SC06_014/ov_SC06_014_jr_8017BEBC.c: all DIFFERS 
05:40:54   src/ov_SC06_014/ov_SC06_014_jr_8017BEBC.c: REFUSED — deleted 17 defs, renamed 0, use renames 0, direct calls 0, direct levers 1, unmatched 0, marked 1
05:40:54   src/ov_SC06_015/ov_SC06_015_jr_8017BEBC.c: all DIFFERS 
05:40:54   src/ov_SC03_002/ov_SC03_002_jr_8017D604.c: CONSOLIDATED — deleted 17 defs, renamed 0, use renames 1, direct calls 0, direct levers 0, unmatched 0, marked 0
05:40:54   src/ov_SC06_015/ov_SC06_015_jr_8017BEBC.c: REFUSED — deleted 17 defs, renamed 0, use renames 0, direct calls 0, direct levers 1, unmatched 0, marked 1
05:40:55   src/ov_SC01_008/ov_SC01_008_jr_8017BE9C.c: CONSOLIDATED — deleted 17 defs, renamed 0, use renames 1, direct calls 0, direct levers 0, unmatched 0, marked 0
05:40:55   src/ov_SC06_027/ov_SC06_027_jr_8017BEBC.c: all DIFFERS 
05:40:55   src/ov_SC06_027/ov_SC06_027_jr_8017BEBC.c: REFUSED — deleted 17 defs, renamed 0, use renames 0, direct calls 0, direct levers 0, unmatched 1, marked 0
05:40:56   src/ov_SC01_001/ov_SC01_001_jr_8017BEBC.c: all DIFFERS 
05:40:56   src/ov_SC01_001/ov_SC01_001_jr_8017BEBC.c: REFUSED — deleted 17 defs, renamed 0, use renames 0, direct calls 0, direct levers 0, unmatched 0, marked 0
05:40:56   src/ov_SC01_004/ov_SC01_004_jr_8017BE9C.c: CONSOLIDATED — deleted 17 defs, renamed 0, use renames 1, direct calls 0, direct levers 0, unmatched 0, marked 0
05:40:56   src/ov_SC01_005/ov_SC01_005_jr_8017C340.c: CONSOLIDATED — deleted 17 defs, renamed 0, use renames 1, direct calls 0, direct levers 0, unmatched 0, marked 0
05:40:56   src/ov_SC03_011/ov_SC03_011_jr_8017C730.c: CONSOLIDATED — deleted 17 defs, renamed 0, use renames 1, direct calls 0, direct levers 0, unmatched 0, marked 0
05:40:57   src/ov_SC01_074/ov_SC01_074_jr_8017BE9C.c: CONSOLIDATED — deleted 17 defs, renamed 0, use renames 1, direct calls 0, direct levers 0, unmatched 0, marked 0
05:40:57   src/ov_SC03_029/ov_SC03_029_jr_8017DC70.c: CONSOLIDATED — deleted 17 defs, renamed 0, use renames 1, direct calls 0, direct levers 0, unmatched 0, marked 0
05:40:57   src/ov_SC01_009/ov_SC01_009_jr_8017BE9C.c: CONSOLIDATED — deleted 17 defs, renamed 0, use renames 1, direct calls 0, direct levers 0, unmatched 0, marked 0
05:40:57   src/ov_SC03_117/ov_SC03_117_jr_8017BEBC.c: CONSOLIDATED — deleted 17 defs, renamed 0, use renames 1, direct calls 0, direct levers 0, unmatched 0, marked 0
05:40:58   src/ov_SC03_001/ov_SC03_001_jr_8017AE2C.c: all DIFFERS 
05:40:58   src/ov_SC03_001/ov_SC03_001_jr_8017AE2C.c: REFUSED — deleted 17 defs, renamed 0, use renames 0, direct calls 0, direct levers 0, unmatched 0, marked 0
05:40:58   src/ov_SC01_084/ov_SC01_084_jr_8017CA80.c: all DIFFERS 
05:40:58   src/ov_SC01_084/ov_SC01_084_jr_8017CA80.c: REFUSED — deleted 17 defs, renamed 0, use renames 0, direct calls 0, direct levers 0, unmatched 0, marked 0
05:40:59   src/ov_SC03_121/ov_SC03_121_jr_8017BEBC.c: all DIFFERS 
05:40:59   src/ov_SC03_121/ov_SC03_121_jr_8017BEBC.c: REFUSED — deleted 17 defs, renamed 0, use renames 0, direct calls 0, direct levers 0, unmatched 0, marked 0
05:40:59   src/ov_SC03_003/ov_SC03_003_jr_8017D5C0.c: CONSOLIDATED — deleted 17 defs, renamed 0, use renames 1, direct calls 0, direct levers 0, unmatched 0, marked 0
05:41:00   src/ov_SC03_024/ov_SC03_024_jr_8017DF84.c: CONSOLIDATED — deleted 17 defs, renamed 0, use renames 1, direct calls 0, direct levers 0, unmatched 0, marked 0
05:41:00   src/ov_SC03_105/ov_SC03_105_jr_8017C8D0.c: all DIFFERS 
05:41:00   src/ov_SC03_105/ov_SC03_105_jr_8017C8D0.c: REFUSED — deleted 17 defs, renamed 0, use renames 0, direct calls 0, direct levers 0, unmatched 0, marked 0
05:41:01   src/ov_SC04_008/ov_SC04_008_jr_8017AE2C.c: all DIFFERS 
05:41:01   src/ov_SC04_008/ov_SC04_008_jr_8017AE2C.c: REFUSED — deleted 17 defs, renamed 0, use renames 0, direct calls 0, direct levers 0, unmatched 0, marked 0
05:41:01   src/ov_SC03_110/ov_SC03_110_jr_8017D898.c: all DIFFERS 
05:41:01   src/ov_SC03_110/ov_SC03_110_jr_8017D898.c: REFUSED — deleted 17 defs, renamed 0, use renames 0, direct calls 0, direct levers 0, unmatched 0, marked 0
05:41:01   src/ov_SC03_115/ov_SC03_115_jr_8017BEBC.c: CONSOLIDATED — deleted 17 defs, renamed 0, use renames 1, direct calls 0, direct levers 0, unmatched 0, marked 0
05:41:01   src/ov_SC03_124/ov_SC03_124_jr_8017AE2C.c: all DIFFERS 
05:41:01   src/ov_SC03_124/ov_SC03_124_jr_8017AE2C.c: REFUSED — deleted 17 defs, renamed 0, use renames 0, direct calls 0, direct levers 0, unmatched 0, marked 0
05:41:01   src/ov_SC04_010/ov_SC04_010_jr_8017BEBC.c: all DIFFERS 
05:41:01   src/ov_SC04_010/ov_SC04_010_jr_8017BEBC.c: REFUSED — deleted 17 defs, renamed 0, use renames 0, direct calls 0, direct levers 0, unmatched 0, marked 0
05:41:01   src/ov_SC03_125/ov_SC03_125_jr_8017D604.c: CONSOLIDATED — deleted 17 defs, renamed 0, use renames 1, direct calls 0, direct levers 0, unmatched 0, marked 0
05:41:02   src/ov_SC03_126/ov_SC03_126_jr_8017D5C0.c: all DIFFERS 
05:41:02   src/ov_SC03_126/ov_SC03_126_jr_8017D5C0.c: REFUSED — deleted 17 defs, renamed 0, use renames 0, direct calls 0, direct levers 0, unmatched 0, marked 0
05:41:02   src/ov_SC04_004/ov_SC04_004_jr_8017AE2C.c: CONSOLIDATED — deleted 17 defs, renamed 0, use renames 1, direct calls 0, direct levers 0, unmatched 0, marked 0
05:41:02   src/ov_SC05_006/ov_SC05_006_jr_8017BEBC.c: CONSOLIDATED — deleted 17 defs, renamed 0, use renames 1, direct calls 0, direct levers 0, unmatched 0, marked 0
05:41:03   src/ov_SC04_016/ov_SC04_016_jr_8017BEBC.c: all DIFFERS 
05:41:03   src/ov_SC04_016/ov_SC04_016_jr_8017BEBC.c: REFUSED — deleted 17 defs, renamed 0, use renames 0, direct calls 0, direct levers 0, unmatched 0, marked 0
05:41:03   src/ov_SC04_012/ov_SC04_012_jr_8017AE2C.c: all DIFFERS 
05:41:03   src/ov_SC04_012/ov_SC04_012_jr_8017AE2C.c: REFUSED — deleted 17 defs, renamed 0, use renames 0, direct calls 0, direct levers 0, unmatched 0, marked 0
05:41:04   src/ov_SC05_004/ov_SC05_004_jr_8017BEBC.c: CONSOLIDATED — deleted 17 defs, renamed 0, use renames 1, direct calls 0, direct levers 0, unmatched 0, marked 0
05:41:04   src/ov_SC04_015/ov_SC04_015_jr_8017AE2C.c: CONSOLIDATED — deleted 17 defs, renamed 0, use renames 1, direct calls 0, direct levers 0, unmatched 0, marked 0
05:41:04   src/ov_SC04_020/ov_SC04_020_jr_8017D604.c: CONSOLIDATED — deleted 17 defs, renamed 0, use renames 1, direct calls 0, direct levers 0, unmatched 0, marked 0
05:41:05   src/ov_SC05_000/ov_SC05_000_jr_8017BEBC.c: CONSOLIDATED — deleted 17 defs, renamed 0, use renames 1, direct calls 0, direct levers 0, unmatched 0, marked 0
05:41:05   src/ov_SC05_008/ov_SC05_008_jr_8017AE2C.c: all DIFFERS 
05:41:05   src/ov_SC05_008/ov_SC05_008_jr_8017AE2C.c: REFUSED — deleted 17 defs, renamed 0, use renames 0, direct calls 0, direct levers 0, unmatched 0, marked 0
05:41:05   src/ov_SC04_021/ov_SC04_021_jr_8017D5C0.c: all DIFFERS 
05:41:05   src/ov_SC04_021/ov_SC04_021_jr_8017D5C0.c: REFUSED — deleted 17 defs, renamed 0, use renames 0, direct calls 0, direct levers 0, unmatched 0, marked 0
05:41:05   src/ov_SC04_018/ov_SC04_018_jr_8017AE2C.c: all DIFFERS 
05:41:05   src/ov_SC04_018/ov_SC04_018_jr_8017AE2C.c: REFUSED — deleted 17 defs, renamed 0, use renames 0, direct calls 0, direct levers 0, unmatched 0, marked 0
05:41:06   src/ov_SC05_007/ov_SC05_007_jr_8017BEBC.c: all DIFFERS 
05:41:06   src/ov_SC05_007/ov_SC05_007_jr_8017BEBC.c: REFUSED — deleted 17 defs, renamed 0, use renames 0, direct calls 0, direct levers 0, unmatched 0, marked 0
05:41:07   src/ov_SC06_022/ov_SC06_022_jr_8017BEBC.c: all DIFFERS 
05:41:07   src/ov_SC06_022/ov_SC06_022_jr_8017BEBC.c: REFUSED — deleted 17 defs, renamed 0, use renames 0, direct calls 0, direct levers 0, unmatched 0, marked 0
05:41:07   src/ov_SC05_010/ov_SC05_010_jr_8017C8D0.c: all DIFFERS 
05:41:07   src/ov_SC05_010/ov_SC05_010_jr_8017C8D0.c: REFUSED — deleted 17 defs, renamed 0, use renames 0, direct calls 0, direct levers 0, unmatched 0, marked 0
05:41:07   src/ov_SC06_025/ov_SC06_025_jr_8017BEBC.c: all DIFFERS 
05:41:07   src/ov_SC06_025/ov_SC06_025_jr_8017BEBC.c: REFUSED — deleted 17 defs, renamed 0, use renames 0, direct calls 0, direct levers 0, unmatched 0, marked 0
05:41:07   src/ov_SC05_011/ov_SC05_011_jr_8017BEBC.c: all DIFFERS 
05:41:07   src/ov_SC05_011/ov_SC05_011_jr_8017BEBC.c: REFUSED — deleted 17 defs, renamed 0, use renames 0, direct calls 0, direct levers 0, unmatched 0, marked 0
05:41:07   src/ov_SC05_018/ov_SC05_018_jr_8017D604.c: CONSOLIDATED — deleted 17 defs, renamed 0, use renames 1, direct calls 0, direct levers 0, unmatched 0, marked 0
05:41:07   src/ov_SC06_016/ov_SC06_016_jr_8017C8D0.c: all DIFFERS 
05:41:07   src/ov_SC06_016/ov_SC06_016_jr_8017C8D0.c: REFUSED — deleted 17 defs, renamed 0, use renames 0, direct calls 0, direct levers 0, unmatched 0, marked 0
05:41:08   src/ov_SC05_017/ov_SC05_017_jr_8017AE2C.c: all DIFFERS 
05:41:08   src/ov_SC05_017/ov_SC05_017_jr_8017AE2C.c: REFUSED — deleted 17 defs, renamed 0, use renames 0, direct calls 0, direct levers 0, unmatched 0, marked 0
05:41:08   src/ov_SC05_019/ov_SC05_019_jr_8017D5C0.c: all DIFFERS 
05:41:08   src/ov_SC05_019/ov_SC05_019_jr_8017D5C0.c: REFUSED — deleted 17 defs, renamed 0, use renames 0, direct calls 0, direct levers 0, unmatched 0, marked 0
05:41:09   src/ov_SC06_029/ov_SC06_029_jr_801867D0.c: CONSOLIDATED — deleted 17 defs, renamed 0, use renames 2, direct calls 0, direct levers 0, unmatched 0, marked 0
05:41:09   src/ov_SC06_006/ov_SC06_006_jr_8017BEBC.c: all DIFFERS 
05:41:09   src/ov_SC06_006/ov_SC06_006_jr_8017BEBC.c: REFUSED — deleted 17 defs, renamed 0, use renames 0, direct calls 0, direct levers 0, unmatched 0, marked 0
05:41:09   src/ov_SC07_006/ov_SC07_006_jr_8017BEBC.c: all DIFFERS 
05:41:09   src/ov_SC07_006/ov_SC07_006_jr_8017BEBC.c: REFUSED — deleted 17 defs, renamed 0, use renames 0, direct calls 0, direct levers 0, unmatched 0, marked 0
05:41:10   src/ov_SC07_011/ov_SC07_011_jr_8017BEBC.c: all DIFFERS 
05:41:10   src/ov_SC07_011/ov_SC07_011_jr_8017BEBC.c: REFUSED — deleted 17 defs, renamed 0, use renames 0, direct calls 0, direct levers 0, unmatched 0, marked 0
05:41:11   src/ov_SC03_012/ov_SC03_012_jr_8017AE2C.c: CONSOLIDATED — deleted 16 defs, renamed 0, use renames 0, direct calls 0, direct levers 0, unmatched 0, marked 0
05:41:11   src/ov_SC07_008/ov_SC07_008_jr_8017BEBC.c: all DIFFERS 
05:41:11   src/ov_SC07_008/ov_SC07_008_jr_8017BEBC.c: REFUSED — deleted 17 defs, renamed 0, use renames 0, direct calls 0, direct levers 0, unmatched 0, marked 0
05:41:11   src/ov_SC06_030/ov_SC06_030_jr_8017C8D0.c: all DIFFERS 
05:41:11   src/ov_SC06_030/ov_SC06_030_jr_8017C8D0.c: REFUSED — deleted 17 defs, renamed 0, use renames 0, direct calls 0, direct levers 0, unmatched 0, marked 0
05:41:11   src/ov_SC07_007/ov_SC07_007_jr_8017BEBC.c: all DIFFERS 
05:41:11   src/ov_SC07_007/ov_SC07_007_jr_8017BEBC.c: REFUSED — deleted 17 defs, renamed 0, use renames 0, direct calls 0, direct levers 0, unmatched 0, marked 0
05:41:11   src/ov_SC07_009/ov_SC07_009_jr_8017AE2C.c: all DIFFERS 
05:41:11   src/ov_SC07_009/ov_SC07_009_jr_8017AE2C.c: REFUSED — deleted 17 defs, renamed 0, use renames 0, direct calls 0, direct levers 0, unmatched 0, marked 0
05:41:12   src/ov_SC01_077/ov_SC01_077_jr_8017AE2C.c: CONSOLIDATED — deleted 16 defs, renamed 0, use renames 0, direct calls 0, direct levers 0, unmatched 0, marked 0
05:41:13   src/ov_SC02_000/ov_SC02_000_jr_8017AE2C.c: CONSOLIDATED — deleted 16 defs, renamed 0, use renames 0, direct calls 0, direct levers 0, unmatched 0, marked 0
05:41:13   src/ov_SC02_004/ov_SC02_004_jr_8017AE2C.c: CONSOLIDATED — deleted 16 defs, renamed 0, use renames 0, direct calls 0, direct levers 0, unmatched 0, marked 0
05:41:13   src/ov_SC05_019/ov_SC05_019_jr_8017AE2C.c: CONSOLIDATED — deleted 16 defs, renamed 0, use renames 0, direct calls 0, direct levers 0, unmatched 0, marked 0
05:41:14   src/ov_SC02_005/ov_SC02_005_jr_8017CF90.c: CONSOLIDATED — deleted 16 defs, renamed 0, use renames 0, direct calls 0, direct levers 0, unmatched 0, marked 0
05:41:14   src/ov_SC03_003/ov_SC03_003_jr_8017AE2C.c: CONSOLIDATED — deleted 16 defs, renamed 0, use renames 0, direct calls 0, direct levers 0, unmatched 0, marked 0
05:41:14   src/ov_SC03_126/ov_SC03_126_jr_8017AE2C.c: CONSOLIDATED — deleted 16 defs, renamed 0, use renames 0, direct calls 0, direct levers 0, unmatched 0, marked 0
05:41:15   src/ov_SC03_023/ov_SC03_023_jr_8017AE2C.c: CONSOLIDATED — deleted 16 defs, renamed 0, use renames 0, direct calls 0, direct levers 0, unmatched 0, marked 0
05:41:15   src/ov_SC03_092/ov_SC03_092_jr_8017AE2C.c: CONSOLIDATED — deleted 16 defs, renamed 0, use renames 1, direct calls 0, direct levers 0, unmatched 0, marked 0
05:41:16   src/ov_SC04_021/ov_SC04_021_jr_8017AE2C.c: CONSOLIDATED — deleted 16 defs, renamed 0, use renames 0, direct calls 0, direct levers 0, unmatched 0, marked 0
05:41:16   src/ov_SC07_010/ov_SC07_010_jr_8017AE2C.c: CONSOLIDATED — deleted 16 defs, renamed 0, use renames 0, direct calls 0, direct levers 0, unmatched 0, marked 0
05:41:16   src/ov_SC03_029/ov_SC03_029_jr_8017FF7C.c: CONSOLIDATED — deleted 14 defs, renamed 0, use renames 4, direct calls 0, direct levers 0, unmatched 0, marked 0
05:41:17   src/ov_MAIN_012/ov_MAIN_012_jr_80131340.c: CONSOLIDATED — deleted 12 defs, renamed 0, use renames 0, direct calls 1, direct levers 0, unmatched 1, marked 0
05:41:17   src/ov_SC02_011/ov_SC02_011_jr_80183178.c: CONSOLIDATED — deleted 11 defs, renamed 0, use renames 2, direct calls 1, direct levers 3, unmatched 0, marked 3
05:41:18   src/ov_SC02_037/ov_SC02_037_jr_80131340.c: CONSOLIDATED — deleted 12 defs, renamed 0, use renames 0, direct calls 1, direct levers 0, unmatched 1, marked 0
05:41:19   src/ov_SC03_116/ov_SC03_116_jr_8017AE2C.c: CONSOLIDATED — deleted 14 defs, renamed 0, use renames 0, direct calls 0, direct levers 0, unmatched 0, marked 0
05:41:19   src/ov_SC06_022/ov_SC06_022_jr_80182D08.c: CONSOLIDATED — deleted 0 defs, renamed 0, use renames 0, direct calls 14, direct levers 0, unmatched 0, marked 0
05:41:19   src/ov_SC03_107/ov_SC03_107_jr_80131340.c: CONSOLIDATED — deleted 12 defs, renamed 0, use renames 0, direct calls 1, direct levers 0, unmatched 1, marked 0
05:41:20   src/ov_SC02_011/ov_SC02_011_jr_80188E3C.c: CONSOLIDATED — deleted 12 defs, renamed 0, use renames 8, direct calls 0, direct levers 0, unmatched 1, marked 0
05:41:20   src/ov_SC06_024/ov_SC06_024_jr_801851E0.c: CONSOLIDATED — deleted 0 defs, renamed 0, use renames 0, direct calls 14, direct levers 0, unmatched 0, marked 0
05:41:20   src/ov_SC06_033/ov_SC06_033_jr_801836FC.c: CONSOLIDATED — deleted 0 defs, renamed 0, use renames 0, direct calls 14, direct levers 0, unmatched 0, marked 0
05:41:21   src/ov_SC04_016/ov_SC04_016_jr_8017F03C.c: CONSOLIDATED — deleted 13 defs, renamed 0, use renames 0, direct calls 0, direct levers 0, unmatched 0, marked 0
05:41:21   src/ov_SC02_000/ov_SC02_000_jr_8018173C.c: CONSOLIDATED — deleted 11 defs, renamed 0, use renames 1, direct calls 0, direct levers 0, unmatched 0, marked 0
05:41:21   src/ov_SC03_014/ov_SC03_014_jr_801848E4.c: CONSOLIDATED — deleted 13 defs, renamed 0, use renames 12, direct calls 0, direct levers 0, unmatched 0, marked 0
05:41:21   src/ov_SC06_030/ov_SC06_030_jr_8017F65C.c: CONSOLIDATED — deleted 13 defs, renamed 0, use renames 14, direct calls 0, direct levers 0, unmatched 0, marked 0
05:41:22   src/ov_SC06_006/ov_SC06_006_jr_8017DB90.c: CONSOLIDATED — deleted 13 defs, renamed 0, use renames 0, direct calls 0, direct levers 0, unmatched 0, marked 0
05:41:22   src/ov_SC07_007/ov_SC07_007_jr_80131340.c: CONSOLIDATED — deleted 8 defs, renamed 0, use renames 0, direct calls 1, direct levers 0, unmatched 1, marked 0
05:41:23   src/ov_SC07_006/ov_SC07_006_jr_80131340.c: CONSOLIDATED — deleted 8 defs, renamed 0, use renames 0, direct calls 1, direct levers 0, unmatched 1, marked 0
05:41:24   src/ov_SC03_090/ov_SC03_090_jr_80188274.c: CONSOLIDATED — deleted 8 defs, renamed 0, use renames 0, direct calls 0, direct levers 0, unmatched 0, marked 0
05:41:24   src/ov_SC07_010/ov_SC07_010_jr_80131340.c: CONSOLIDATED — deleted 8 defs, renamed 0, use renames 0, direct calls 1, direct levers 0, unmatched 1, marked 0
05:41:25   src/ov_SC02_005/ov_SC02_005_jr_80185E80.c: CONSOLIDATED — deleted 0 defs, renamed 0, use renames 0, direct calls 6, direct levers 3, unmatched 0, marked 3
05:41:25   src/ov_SC03_024/ov_SC03_024_jr_8017AE2C.c: CONSOLIDATED — deleted 10 defs, renamed 0, use renames 12, direct calls 0, direct levers 0, unmatched 0, marked 0
05:41:25   src/md_MAIN_019/md_MAIN_019.c: CONSOLIDATED — deleted 2 defs, renamed 0, use renames 0, direct calls 3, direct levers 3, unmatched 0, marked 3
05:41:25   src/ov_SC07_011/ov_SC07_011_jr_80131340.c: CONSOLIDATED — deleted 8 defs, renamed 0, use renames 0, direct calls 1, direct levers 0, unmatched 1, marked 0
05:41:26   src/ov_SC03_089/ov_SC03_089_jr_80185E50.c: CONSOLIDATED — deleted 8 defs, renamed 0, use renames 0, direct calls 0, direct levers 0, unmatched 0, marked 0
05:41:26   src/ov_SC03_091/ov_SC03_091_jr_8018911C.c: CONSOLIDATED — deleted 8 defs, renamed 0, use renames 0, direct calls 0, direct levers 0, unmatched 0, marked 0
05:41:28   src/ov_SC03_118/ov_SC03_118_jr_8017AE2C.c: CONSOLIDATED — deleted 10 defs, renamed 0, use renames 12, direct calls 0, direct levers 0, unmatched 0, marked 0
05:41:28   src/md_MAIN_031/md_MAIN_031.c: CONSOLIDATED — deleted 5 defs, renamed 3, use renames 32, direct calls 0, direct levers 0, unmatched 0, marked 12
05:41:28   src/ov_SC01_008/ov_SC01_008_jr_801380E0.c: CONSOLIDATED — deleted 3 defs, renamed 0, use renames 1, direct calls 2, direct levers 2, unmatched 0, marked 2
05:41:29   src/ov_MAIN_012/ov_MAIN_012_jr_801380E0.c: CONSOLIDATED — deleted 3 defs, renamed 0, use renames 1, direct calls 2, direct levers 2, unmatched 0, marked 2
05:41:29   src/ov_SC01_005/ov_SC01_005_jr_801380E0.c: CONSOLIDATED — deleted 3 defs, renamed 0, use renames 1, direct calls 2, direct levers 2, unmatched 0, marked 2
05:41:29   src/ov_SC01_000/ov_SC01_000_jr_801380E0.c: CONSOLIDATED — deleted 3 defs, renamed 0, use renames 1, direct calls 2, direct levers 2, unmatched 0, marked 2
05:41:29   src/ov_SC01_001/ov_SC01_001_jr_801380E0.c: CONSOLIDATED — deleted 3 defs, renamed 0, use renames 1, direct calls 2, direct levers 2, unmatched 0, marked 2
05:41:29   src/ov_SC03_117/ov_SC03_117_jr_80181C80.c: CONSOLIDATED — deleted 8 defs, renamed 0, use renames 8, direct calls 0, direct levers 0, unmatched 0, marked 0
05:41:29   src/ov_SC01_009/ov_SC01_009_jr_801380E0.c: CONSOLIDATED — deleted 3 defs, renamed 0, use renames 1, direct calls 2, direct levers 2, unmatched 0, marked 2
05:41:30   src/ov_SC01_004/ov_SC01_004_jr_801380E0.c: CONSOLIDATED — deleted 3 defs, renamed 0, use renames 1, direct calls 2, direct levers 2, unmatched 0, marked 2
05:41:30   src/ov_SC01_074/ov_SC01_074_jr_801380E0.c: CONSOLIDATED — deleted 3 defs, renamed 0, use renames 1, direct calls 2, direct levers 2, unmatched 0, marked 2
05:41:31   src/ov_SC02_004/ov_SC02_004_jr_801380E0.c: CONSOLIDATED — deleted 3 defs, renamed 0, use renames 1, direct calls 2, direct levers 2, unmatched 0, marked 2
05:41:32   src/ov_SC01_084/ov_SC01_084_jr_801380E0.c: CONSOLIDATED — deleted 3 defs, renamed 0, use renames 1, direct calls 2, direct levers 2, unmatched 0, marked 2
05:41:32   src/ov_SC02_015/ov_SC02_015_jr_801380E0.c: CONSOLIDATED — deleted 3 defs, renamed 0, use renames 1, direct calls 2, direct levers 2, unmatched 0, marked 2
05:41:32   src/ov_SC01_080/ov_SC01_080_jr_801380E0.c: CONSOLIDATED — deleted 3 defs, renamed 0, use renames 1, direct calls 2, direct levers 2, unmatched 0, marked 2
05:41:32   src/ov_SC01_077/ov_SC01_077_jr_801380E0.c: CONSOLIDATED — deleted 3 defs, renamed 0, use renames 1, direct calls 2, direct levers 2, unmatched 0, marked 2
05:41:33   src/ov_SC01_084/ov_SC01_084_jr_80182A00.c: CONSOLIDATED — deleted 7 defs, renamed 0, use renames 0, direct calls 0, direct levers 0, unmatched 0, marked 0
05:41:33   src/ov_SC02_005/ov_SC02_005_jr_801380E0.c: CONSOLIDATED — deleted 3 defs, renamed 0, use renames 1, direct calls 2, direct levers 2, unmatched 0, marked 2
05:41:34   src/ov_SC02_011/ov_SC02_011_jr_801380E0.c: CONSOLIDATED — deleted 3 defs, renamed 0, use renames 1, direct calls 2, direct levers 2, unmatched 0, marked 2
05:41:34   src/ov_SC02_031/ov_SC02_031_jr_801380E0.c: CONSOLIDATED — deleted 3 defs, renamed 0, use renames 1, direct calls 2, direct levers 2, unmatched 0, marked 2
05:41:34   src/ov_SC02_000/ov_SC02_000_jr_801380E0.c: CONSOLIDATED — deleted 3 defs, renamed 0, use renames 1, direct calls 2, direct levers 2, unmatched 0, marked 2
05:41:35   src/ov_SC02_016/ov_SC02_016_jr_801380E0.c: CONSOLIDATED — deleted 3 defs, renamed 0, use renames 1, direct calls 2, direct levers 2, unmatched 0, marked 2
05:41:35   src/ov_SC02_017/ov_SC02_017_jr_801380E0.c: CONSOLIDATED — deleted 3 defs, renamed 0, use renames 1, direct calls 2, direct levers 2, unmatched 0, marked 2
05:41:35   src/ov_SC02_026/ov_SC02_026_jr_801380E0.c: CONSOLIDATED — deleted 3 defs, renamed 0, use renames 1, direct calls 2, direct levers 2, unmatched 0, marked 2
05:41:36   src/ov_SC02_021/ov_SC02_021_jr_8017ECFC.c: CONSOLIDATED — deleted 7 defs, renamed 0, use renames 0, direct calls 0, direct levers 0, unmatched 0, marked 0
05:41:36   src/ov_SC02_021/ov_SC02_021_jr_801380E0.c: CONSOLIDATED — deleted 3 defs, renamed 0, use renames 1, direct calls 2, direct levers 2, unmatched 0, marked 2
05:41:37   src/ov_SC02_028/ov_SC02_028_jr_801380E0.c: CONSOLIDATED — deleted 3 defs, renamed 0, use renames 1, direct calls 2, direct levers 2, unmatched 0, marked 2
05:41:37   src/ov_SC02_027/ov_SC02_027_jr_801380E0.c: CONSOLIDATED — deleted 3 defs, renamed 0, use renames 1, direct calls 2, direct levers 2, unmatched 0, marked 2
05:41:37   src/ov_SC02_039/ov_SC02_039_jr_801380E0.c: CONSOLIDATED — deleted 3 defs, renamed 0, use renames 1, direct calls 2, direct levers 2, unmatched 0, marked 2
05:41:38   src/ov_SC03_007/ov_SC03_007_jr_801380E0.c: CONSOLIDATED — deleted 3 defs, renamed 0, use renames 1, direct calls 2, direct levers 2, unmatched 0, marked 2
05:41:38   src/ov_SC03_003/ov_SC03_003_jr_801380E0.c: CONSOLIDATED — deleted 3 defs, renamed 0, use renames 1, direct calls 2, direct levers 2, unmatched 0, marked 2
05:41:39   src/ov_SC02_035/ov_SC02_035_jr_801380E0.c: CONSOLIDATED — deleted 3 defs, renamed 0, use renames 1, direct calls 2, direct levers 2, unmatched 0, marked 2
05:41:39   src/ov_SC03_002/ov_SC03_002_jr_801380E0.c: CONSOLIDATED — deleted 3 defs, renamed 0, use renames 1, direct calls 2, direct levers 2, unmatched 0, marked 2
05:41:39   src/ov_SC02_037/ov_SC02_037_jr_801380E0.c: CONSOLIDATED — deleted 3 defs, renamed 0, use renames 1, direct calls 2, direct levers 2, unmatched 0, marked 2
05:41:39   src/ov_SC02_041/ov_SC02_041_jr_801380E0.c: CONSOLIDATED — deleted 3 defs, renamed 0, use renames 1, direct calls 2, direct levers 2, unmatched 0, marked 2
05:41:40   src/ov_SC03_001/ov_SC03_001_jr_801380E0.c: CONSOLIDATED — deleted 3 defs, renamed 0, use renames 1, direct calls 2, direct levers 2, unmatched 0, marked 2
05:41:40   src/ov_SC03_006/ov_SC03_006_jr_801380E0.c: CONSOLIDATED — deleted 3 defs, renamed 0, use renames 1, direct calls 2, direct levers 2, unmatched 0, marked 2
05:41:41   src/ov_SC03_010/ov_SC03_010_jr_801380E0.c: CONSOLIDATED — deleted 3 defs, renamed 0, use renames 1, direct calls 2, direct levers 2, unmatched 0, marked 2
05:41:41   src/ov_SC03_012/ov_SC03_012_jr_801380E0.c: CONSOLIDATED — deleted 3 defs, renamed 0, use renames 1, direct calls 2, direct levers 2, unmatched 0, marked 2
05:41:42   src/ov_SC03_011/ov_SC03_011_jr_801380E0.c: CONSOLIDATED — deleted 3 defs, renamed 0, use renames 1, direct calls 2, direct levers 2, unmatched 0, marked 2
05:41:42   src/ov_SC03_028/ov_SC03_028_jr_801380E0.c: CONSOLIDATED — deleted 3 defs, renamed 0, use renames 1, direct calls 2, direct levers 2, unmatched 0, marked 2
05:41:42   src/ov_SC03_013/ov_SC03_013_jr_801380E0.c: CONSOLIDATED — deleted 3 defs, renamed 0, use renames 1, direct calls 2, direct levers 2, unmatched 0, marked 2
05:41:43   src/ov_SC03_024/ov_SC03_024_jr_801380E0.c: CONSOLIDATED — deleted 3 defs, renamed 0, use renames 1, direct calls 2, direct levers 2, unmatched 0, marked 2
05:41:44   src/ov_SC03_023/ov_SC03_023_jr_801380E0.c: CONSOLIDATED — deleted 3 defs, renamed 0, use renames 1, direct calls 2, direct levers 2, unmatched 0, marked 2
05:41:44   src/ov_SC03_014/ov_SC03_014_jr_801380E0.c: CONSOLIDATED — deleted 3 defs, renamed 0, use renames 1, direct calls 2, direct levers 2, unmatched 0, marked 2
05:41:44   src/ov_SC03_030/ov_SC03_030_jr_801380E0.c: CONSOLIDATED — deleted 3 defs, renamed 0, use renames 1, direct calls 2, direct levers 2, unmatched 0, marked 2
05:41:44   src/ov_SC03_029/ov_SC03_029_jr_801380E0.c: CONSOLIDATED — deleted 3 defs, renamed 0, use renames 1, direct calls 2, direct levers 2, unmatched 0, marked 2
05:41:45   src/ov_SC03_031/ov_SC03_031_jr_801380E0.c: CONSOLIDATED — deleted 3 defs, renamed 0, use renames 1, direct calls 2, direct levers 2, unmatched 0, marked 2
05:41:46   src/ov_SC03_093/ov_SC03_093_jr_801380E0.c: CONSOLIDATED — deleted 3 defs, renamed 0, use renames 1, direct calls 2, direct levers 2, unmatched 0, marked 2
05:41:46   src/ov_SC03_091/ov_SC03_091_jr_801380E0.c: CONSOLIDATED — deleted 3 defs, renamed 0, use renames 1, direct calls 2, direct levers 2, unmatched 0, marked 2
05:41:46   src/ov_SC03_090/ov_SC03_090_jr_801380E0.c: CONSOLIDATED — deleted 3 defs, renamed 0, use renames 1, direct calls 2, direct levers 2, unmatched 0, marked 2
05:41:47   src/ov_SC03_092/ov_SC03_092_jr_801380E0.c: CONSOLIDATED — deleted 3 defs, renamed 0, use renames 1, direct calls 2, direct levers 2, unmatched 0, marked 2
05:41:47   src/ov_SC03_089/ov_SC03_089_jr_801380E0.c: CONSOLIDATED — deleted 3 defs, renamed 0, use renames 1, direct calls 2, direct levers 2, unmatched 0, marked 2
05:41:47   src/ov_SC03_099/ov_SC03_099_jr_801380E0.c: CONSOLIDATED — deleted 3 defs, renamed 0, use renames 1, direct calls 2, direct levers 2, unmatched 0, marked 2
05:41:48   src/ov_SC03_094/ov_SC03_094_jr_801380E0.c: CONSOLIDATED — deleted 3 defs, renamed 0, use renames 1, direct calls 2, direct levers 2, unmatched 0, marked 2
05:41:48   src/ov_SC03_098/ov_SC03_098_jr_801380E0.c: CONSOLIDATED — deleted 3 defs, renamed 0, use renames 1, direct calls 2, direct levers 2, unmatched 0, marked 2
05:41:48   src/ov_SC03_097/ov_SC03_097_jr_801380E0.c: CONSOLIDATED — deleted 3 defs, renamed 0, use renames 1, direct calls 2, direct levers 2, unmatched 0, marked 2
05:41:49   src/ov_SC03_095/ov_SC03_095_jr_801380E0.c: CONSOLIDATED — deleted 3 defs, renamed 0, use renames 1, direct calls 2, direct levers 2, unmatched 0, marked 2
05:41:49   src/ov_SC03_096/ov_SC03_096_jr_801380E0.c: CONSOLIDATED — deleted 3 defs, renamed 0, use renames 1, direct calls 2, direct levers 2, unmatched 0, marked 2
05:41:50   src/ov_SC03_105/ov_SC03_105_jr_801380E0.c: CONSOLIDATED — deleted 3 defs, renamed 0, use renames 1, direct calls 2, direct levers 2, unmatched 0, marked 2
05:41:50   src/ov_SC03_100/ov_SC03_100_jr_801380E0.c: CONSOLIDATED — deleted 3 defs, renamed 0, use renames 1, direct calls 2, direct levers 2, unmatched 0, marked 2
05:41:50   src/ov_SC03_104/ov_SC03_104_jr_801380E0.c: CONSOLIDATED — deleted 3 defs, renamed 0, use renames 1, direct calls 2, direct levers 2, unmatched 0, marked 2
05:41:51   src/ov_SC03_101/ov_SC03_101_jr_801380E0.c: CONSOLIDATED — deleted 3 defs, renamed 0, use renames 1, direct calls 2, direct levers 2, unmatched 0, marked 2
05:41:51   src/ov_SC03_102/ov_SC03_102_jr_801380E0.c: CONSOLIDATED — deleted 3 defs, renamed 0, use renames 1, direct calls 2, direct levers 2, unmatched 0, marked 2
05:41:51   src/ov_SC03_103/ov_SC03_103_jr_801380E0.c: CONSOLIDATED — deleted 3 defs, renamed 0, use renames 1, direct calls 2, direct levers 2, unmatched 0, marked 2
05:41:52   src/ov_SC03_107/ov_SC03_107_jr_801380E0.c: CONSOLIDATED — deleted 3 defs, renamed 0, use renames 1, direct calls 2, direct levers 2, unmatched 0, marked 2
05:41:52   src/ov_SC03_109/ov_SC03_109_jr_801380E0.c: CONSOLIDATED — deleted 3 defs, renamed 0, use renames 1, direct calls 2, direct levers 2, unmatched 0, marked 2
05:41:53   src/ov_SC03_108/ov_SC03_108_jr_801380E0.c: CONSOLIDATED — deleted 3 defs, renamed 0, use renames 1, direct calls 2, direct levers 2, unmatched 0, marked 2
05:41:53   src/ov_SC03_110/ov_SC03_110_jr_801380E0.c: CONSOLIDATED — deleted 3 defs, renamed 0, use renames 1, direct calls 2, direct levers 2, unmatched 0, marked 2
05:41:53   src/ov_SC03_111/ov_SC03_111_jr_801380E0.c: CONSOLIDATED — deleted 3 defs, renamed 0, use renames 1, direct calls 2, direct levers 2, unmatched 0, marked 2
05:41:54   src/ov_SC03_115/ov_SC03_115_jr_801380E0.c: CONSOLIDATED — deleted 3 defs, renamed 0, use renames 1, direct calls 2, direct levers 2, unmatched 0, marked 2
05:41:54   src/ov_SC03_112/ov_SC03_112_jr_801380E0.c: CONSOLIDATED — deleted 3 defs, renamed 0, use renames 1, direct calls 2, direct levers 2, unmatched 0, marked 2
05:41:54   src/ov_SC03_117/ov_SC03_117_jr_8017E6EC.c: CONSOLIDATED — deleted 7 defs, renamed 0, use renames 0, direct calls 0, direct levers 0, unmatched 0, marked 0
05:41:55   src/ov_SC03_116/ov_SC03_116_jr_801380E0.c: CONSOLIDATED — deleted 3 defs, renamed 0, use renames 1, direct calls 2, direct levers 2, unmatched 0, marked 2
05:41:55   src/ov_SC03_113/ov_SC03_113_jr_801380E0.c: CONSOLIDATED — deleted 3 defs, renamed 0, use renames 1, direct calls 2, direct levers 2, unmatched 0, marked 2
05:41:55   src/ov_SC03_114/ov_SC03_114_jr_801380E0.c: CONSOLIDATED — deleted 3 defs, renamed 0, use renames 1, direct calls 2, direct levers 2, unmatched 0, marked 2
05:41:56   src/ov_SC03_117/ov_SC03_117_jr_801380E0.c: CONSOLIDATED — deleted 3 defs, renamed 0, use renames 1, direct calls 2, direct levers 2, unmatched 0, marked 2
05:41:57   src/ov_SC03_125/ov_SC03_125_jr_801380E0.c: CONSOLIDATED — deleted 3 defs, renamed 0, use renames 1, direct calls 2, direct levers 2, unmatched 0, marked 2
05:41:57   src/ov_SC04_002/ov_SC04_002_jr_801380E0.c: CONSOLIDATED — deleted 3 defs, renamed 0, use renames 1, direct calls 2, direct levers 2, unmatched 0, marked 2
05:41:57   src/ov_SC04_003/ov_SC04_003_jr_801380E0.c: CONSOLIDATED — deleted 3 defs, renamed 0, use renames 1, direct calls 2, direct levers 2, unmatched 0, marked 2
05:41:57   src/ov_SC04_004/ov_SC04_004_jr_801380E0.c: CONSOLIDATED — deleted 3 defs, renamed 0, use renames 1, direct calls 2, direct levers 2, unmatched 0, marked 2
05:41:57   src/ov_SC03_121/ov_SC03_121_jr_801380E0.c: CONSOLIDATED — deleted 3 defs, renamed 0, use renames 1, direct calls 2, direct levers 2, unmatched 0, marked 2
05:41:58   src/ov_SC03_124/ov_SC03_124_jr_801380E0.c: CONSOLIDATED — deleted 3 defs, renamed 0, use renames 1, direct calls 2, direct levers 2, unmatched 0, marked 2
05:41:58   src/ov_SC04_000/ov_SC04_000_jr_801380E0.c: CONSOLIDATED — deleted 3 defs, renamed 0, use renames 1, direct calls 2, direct levers 2, unmatched 0, marked 2
05:41:58   src/ov_SC03_118/ov_SC03_118_jr_801380E0.c: CONSOLIDATED — deleted 3 defs, renamed 0, use renames 1, direct calls 2, direct levers 2, unmatched 0, marked 2
05:43:09   src/800.c: CONSOLIDATED — deleted 349 defs, renamed 0, use renames 237, direct calls 29, direct levers 19, unmatched 11, marked 19
05:43:13   src/shared/ov/func_80132784.h: CONSOLIDATED — deleted 0 defs, renamed 0, use renames 0, direct calls 8, direct levers 12, unmatched 0, marked 12
05:43:18   src/shared/ov/func_8012EC04.h: CONSOLIDATED — deleted 0 defs, renamed 0, use renames 0, direct calls 4, direct levers 6, unmatched 0, marked 6
05:43:18 gte_consolidate: batch gte1 — 400 files: 320 consolidated, 0 defs-only, 0 unchanged, 80 refused, 0 no-recipe · definitions deleted 8136 / renamed as lever variants 5 (variant trials: 416 freed, 5 kept) · use renames 930 · direct statements → calls 460 / lever 252 / unmatched 185 · markers 276 · compiles 1151 · final 320/400 identical
05:49:26   src/ov_SC03_090/ov_SC03_090_jr_8017CA80.c: CONSOLIDATED — deleted 38 defs, renamed 0, use renames 0, direct calls 4, direct levers 6, unmatched 0, marked 6
05:49:26   src/md_MAIN_034/md_MAIN_034.c: CONSOLIDATED — deleted 94 defs, renamed 0, use renames 8, direct calls 0, direct levers 0, unmatched 0, marked 0
05:49:28   src/ov_SC07_001/ov_SC07_001_jr_8017BEBC.c: CONSOLIDATED — deleted 67 defs, renamed 0, use renames 30, direct calls 0, direct levers 0, unmatched 1, marked 0
05:49:28   src/ov_SC03_112/ov_SC03_112_jr_8017C294.c: CONSOLIDATED — deleted 50 defs, renamed 0, use renames 0, direct calls 0, direct levers 0, unmatched 1, marked 0
05:49:29   src/ov_SC06_029/ov_SC06_029_jr_8017C954.c: CONSOLIDATED — deleted 74 defs, renamed 0, use renames 4, direct calls 1, direct levers 1, unmatched 1, marked 1
05:49:29   src/ov_SC03_030/ov_SC03_030_jr_8017AE2C.c: CONSOLIDATED — deleted 35 defs, renamed 0, use renames 10, direct calls 5, direct levers 7, unmatched 1, marked 7
05:49:29   src/ov_SC04_007/ov_SC04_007_jr_8017BEBC.c: CONSOLIDATED — deleted 58 defs, renamed 0, use renames 39, direct calls 0, direct levers 0, unmatched 0, marked 0
05:49:30   src/ov_SC04_005/ov_SC04_005_jr_8017BEBC.c: CONSOLIDATED — deleted 58 defs, renamed 0, use renames 39, direct calls 0, direct levers 0, unmatched 0, marked 0
05:49:30   src/ov_SC06_032/ov_SC06_032_jr_80182890.c: CONSOLIDATED — deleted 66 defs, renamed 0, use renames 0, direct calls 2, direct levers 0, unmatched 0, marked 0
05:49:30   src/ov_SC07_002/ov_SC07_002_jr_8017C8D0.c: CONSOLIDATED — deleted 45 defs, renamed 0, use renames 42, direct calls 0, direct levers 0, unmatched 1, marked 0
05:49:31   src/ov_SC05_003/ov_SC05_003_jr_8017BEBC.c: CONSOLIDATED — deleted 44 defs, renamed 0, use renames 0, direct calls 0, direct levers 0, unmatched 1, marked 0
05:49:31   src/ov_SC05_002/ov_SC05_002_jr_8017BEBC.c: CONSOLIDATED — deleted 46 defs, renamed 0, use renames 0, direct calls 0, direct levers 0, unmatched 0, marked 0
05:49:31   src/ov_SC03_113/ov_SC03_113_jr_8017C294.c: CONSOLIDATED — deleted 50 defs, renamed 0, use renames 8, direct calls 0, direct levers 0, unmatched 0, marked 0
05:49:32   src/ov_SC06_018/ov_SC06_018_jr_80187AEC.c: CONSOLIDATED — deleted 43 defs, renamed 0, use renames 0, direct calls 0, direct levers 0, unmatched 0, marked 0
05:49:32   src/ov_SC03_101/ov_SC03_101_jr_8017CA80.c: CONSOLIDATED — deleted 36 defs, renamed 0, use renames 0, direct calls 0, direct levers 0, unmatched 0, marked 0
05:49:32   src/ov_SC03_089/ov_SC03_089_jr_8017CA80.c: CONSOLIDATED — deleted 34 defs, renamed 0, use renames 0, direct calls 4, direct levers 6, unmatched 0, marked 6
05:49:33   src/ov_SC04_002/ov_SC04_002_jr_8017BEBC.c: CONSOLIDATED — deleted 40 defs, renamed 0, use renames 39, direct calls 0, direct levers 0, unmatched 0, marked 0
05:49:33   src/ov_SC03_102/ov_SC03_102_jr_8017BEBC.c: CONSOLIDATED — deleted 37 defs, renamed 0, use renames 1, direct calls 0, direct levers 0, unmatched 0, marked 0
05:49:34   src/ov_SC02_027/ov_SC02_027_jr_8017D898.c: CONSOLIDATED — deleted 34 defs, renamed 0, use renames 3, direct calls 0, direct levers 0, unmatched 0, marked 0
05:49:35   src/ov_SC02_041/ov_SC02_041_jr_8017BEBC.c: CONSOLIDATED — deleted 41 defs, renamed 0, use renames 38, direct calls 0, direct levers 0, unmatched 0, marked 0
05:49:35   src/ov_SC06_032/ov_SC06_032_jr_8017C24C.c: CONSOLIDATED — deleted 19 defs, renamed 0, use renames 6, direct calls 14, direct levers 0, unmatched 2, marked 0
05:49:36   src/ov_SC04_011/ov_SC04_011_jr_8017D494.c: CONSOLIDATED — deleted 46 defs, renamed 0, use renames 11, direct calls 0, direct levers 0, unmatched 0, marked 0
05:49:36   src/ov_SC02_017/ov_SC02_017_jr_8017DF34.c: CONSOLIDATED — deleted 31 defs, renamed 0, use renames 9, direct calls 1, direct levers 2, unmatched 1, marked 2
05:49:37   src/ov_SC04_003/ov_SC04_003_jr_8017BEBC.c: CONSOLIDATED — deleted 34 defs, renamed 0, use renames 0, direct calls 0, direct levers 0, unmatched 0, marked 0
05:49:37   src/ov_SC03_111/ov_SC03_111_jr_8017EC58.c: CONSOLIDATED — deleted 43 defs, renamed 0, use renames 9, direct calls 0, direct levers 0, unmatched 1, marked 0
05:49:37   src/md_SC07_004/md_SC07_004.c: CONSOLIDATED — deleted 33 defs, renamed 0, use renames 28, direct calls 0, direct levers 2, unmatched 0, marked 2
05:49:38   src/ov_SC06_018/ov_SC06_018_jr_8017C24C.c: CONSOLIDATED — deleted 19 defs, renamed 0, use renames 6, direct calls 14, direct levers 0, unmatched 4, marked 0
05:49:38   src/ov_SC06_000/ov_SC06_000_jr_8017AE2C.c: CONSOLIDATED — deleted 55 defs, renamed 0, use renames 13, direct calls 2, direct levers 6, unmatched 1, marked 6
05:49:39   src/ov_SC06_020/ov_SC06_020_jr_8017C24C.c: CONSOLIDATED — deleted 16 defs, renamed 0, use renames 0, direct calls 16, direct levers 0, unmatched 2, marked 0
05:49:39   src/ov_SC07_000/ov_SC07_000_jr_8017BEBC.c: CONSOLIDATED — deleted 31 defs, renamed 0, use renames 1, direct calls 0, direct levers 0, unmatched 0, marked 0
05:49:39   src/ov_SC03_103/ov_SC03_103_jr_8017C294.c: CONSOLIDATED — deleted 34 defs, renamed 0, use renames 0, direct calls 0, direct levers 0, unmatched 0, marked 0
05:49:39   src/ov_SC03_091/ov_SC03_091_jr_8017D898.c: CONSOLIDATED — deleted 30 defs, renamed 0, use renames 0, direct calls 0, direct levers 0, unmatched 0, marked 0
05:49:39   src/ov_SC03_014/ov_SC03_014_jr_8017EB7C.c: CONSOLIDATED — deleted 31 defs, renamed 0, use renames 1, direct calls 0, direct levers 0, unmatched 0, marked 0
05:49:39   src/ov_SC06_024/ov_SC06_024_jr_8017BEBC.c: CONSOLIDATED — deleted 32 defs, renamed 0, use renames 24, direct calls 0, direct levers 0, unmatched 0, marked 0
05:49:39   src/ov_SC03_104/ov_SC03_104_jr_8017CA80.c: CONSOLIDATED — deleted 30 defs, renamed 0, use renames 0, direct calls 0, direct levers 0, unmatched 0, marked 0
05:49:40   src/ov_SC03_104/ov_SC03_104_jr_80182038.c: CONSOLIDATED — deleted 20 defs, renamed 0, use renames 0, direct calls 4, direct levers 6, unmatched 0, marked 6
05:49:40   src/ov_SC03_118/ov_SC03_118_jr_8017FB84.c: CONSOLIDATED — deleted 32 defs, renamed 0, use renames 1, direct calls 0, direct levers 0, unmatched 0, marked 0
05:49:40   src/ov_SC06_010/ov_SC06_010_jr_8017A4AC.c: CONSOLIDATED — deleted 33 defs, renamed 0, use renames 6, direct calls 0, direct levers 0, unmatched 0, marked 0
05:49:41   src/ov_SC01_001/ov_SC01_001_jr_8012ACE0.c: CONSOLIDATED — deleted 27 defs, renamed 0, use renames 0, direct calls 1, direct levers 0, unmatched 1, marked 0
05:49:41   src/ov_SC01_000/ov_SC01_000_jr_8012ACE0.c: CONSOLIDATED — deleted 27 defs, renamed 0, use renames 0, direct calls 1, direct levers 0, unmatched 1, marked 0
05:49:41   src/ov_SC01_004/ov_SC01_004_jr_8012ACE0.c: CONSOLIDATED — deleted 27 defs, renamed 0, use renames 0, direct calls 1, direct levers 0, unmatched 1, marked 0
05:49:41   src/ov_SC01_009/ov_SC01_009_jr_8012ACE0.c: CONSOLIDATED — deleted 27 defs, renamed 0, use renames 0, direct calls 1, direct levers 0, unmatched 1, marked 0
05:49:41   src/ov_SC01_008/ov_SC01_008_jr_8012ACE0.c: CONSOLIDATED — deleted 27 defs, renamed 0, use renames 0, direct calls 1, direct levers 0, unmatched 1, marked 0
05:49:41   src/ov_SC01_074/ov_SC01_074_jr_8012ACE0.c: CONSOLIDATED — deleted 27 defs, renamed 0, use renames 0, direct calls 1, direct levers 0, unmatched 1, marked 0
05:49:41   src/ov_SC01_080/ov_SC01_080_jr_8012ACE0.c: CONSOLIDATED — deleted 27 defs, renamed 0, use renames 0, direct calls 1, direct levers 0, unmatched 1, marked 0
05:49:41   src/ov_SC01_084/ov_SC01_084_jr_8012ACE0.c: CONSOLIDATED — deleted 27 defs, renamed 0, use renames 0, direct calls 1, direct levers 0, unmatched 1, marked 0
05:49:42   src/ov_SC01_005/ov_SC01_005_jr_8012ACE0.c: CONSOLIDATED — deleted 27 defs, renamed 0, use renames 0, direct calls 1, direct levers 0, unmatched 1, marked 0
05:49:42   src/ov_SC02_005/ov_SC02_005_jr_8012ACE0.c: CONSOLIDATED — deleted 27 defs, renamed 0, use renames 0, direct calls 1, direct levers 0, unmatched 1, marked 0
05:49:42   src/ov_SC02_004/ov_SC02_004_jr_8012ACE0.c: CONSOLIDATED — deleted 27 defs, renamed 0, use renames 0, direct calls 1, direct levers 0, unmatched 1, marked 0
05:49:42   src/ov_SC02_011/ov_SC02_011_jr_8012ACE0.c: CONSOLIDATED — deleted 27 defs, renamed 0, use renames 0, direct calls 1, direct levers 0, unmatched 1, marked 0
05:49:42   src/ov_SC02_015/ov_SC02_015_jr_8012ACE0.c: CONSOLIDATED — deleted 27 defs, renamed 0, use renames 0, direct calls 1, direct levers 0, unmatched 1, marked 0
05:49:42   src/ov_SC02_016/ov_SC02_016_jr_8012ACE0.c: CONSOLIDATED — deleted 27 defs, renamed 0, use renames 0, direct calls 1, direct levers 0, unmatched 1, marked 0
05:49:42   src/ov_SC02_017/ov_SC02_017_jr_8012ACE0.c: CONSOLIDATED — deleted 27 defs, renamed 0, use renames 0, direct calls 1, direct levers 0, unmatched 1, marked 0
05:49:42   src/ov_SC02_000/ov_SC02_000_jr_8012ACE0.c: CONSOLIDATED — deleted 27 defs, renamed 0, use renames 0, direct calls 1, direct levers 0, unmatched 1, marked 0
05:49:42   src/ov_SC02_021/ov_SC02_021_jr_8012ACE0.c: CONSOLIDATED — deleted 27 defs, renamed 0, use renames 0, direct calls 1, direct levers 0, unmatched 1, marked 0
05:49:42   src/ov_SC02_026/ov_SC02_026_jr_8012ACE0.c: CONSOLIDATED — deleted 27 defs, renamed 0, use renames 0, direct calls 1, direct levers 0, unmatched 1, marked 0
05:49:42   src/ov_SC02_037/ov_SC02_037.c: CONSOLIDATED — deleted 29 defs, renamed 0, use renames 0, direct calls 0, direct levers 0, unmatched 0, marked 0
05:49:43   src/ov_SC02_027/ov_SC02_027_jr_8012ACE0.c: CONSOLIDATED — deleted 27 defs, renamed 0, use renames 0, direct calls 1, direct levers 0, unmatched 1, marked 0
05:49:43   src/ov_SC02_031/ov_SC02_031_jr_8012ACE0.c: CONSOLIDATED — deleted 27 defs, renamed 0, use renames 0, direct calls 1, direct levers 0, unmatched 1, marked 0
05:49:43   src/ov_SC02_035/ov_SC02_035_jr_8012ACE0.c: CONSOLIDATED — deleted 27 defs, renamed 0, use renames 0, direct calls 1, direct levers 0, unmatched 1, marked 0
05:49:43   src/ov_SC02_039/ov_SC02_039_jr_8012ACE0.c: CONSOLIDATED — deleted 27 defs, renamed 0, use renames 0, direct calls 1, direct levers 0, unmatched 1, marked 0
05:49:43   src/ov_SC02_028/ov_SC02_028_jr_8012ACE0.c: CONSOLIDATED — deleted 27 defs, renamed 0, use renames 0, direct calls 1, direct levers 0, unmatched 1, marked 0
05:49:43   src/ov_SC02_041/ov_SC02_041_jr_8012ACE0.c: CONSOLIDATED — deleted 27 defs, renamed 0, use renames 0, direct calls 1, direct levers 0, unmatched 1, marked 0
05:49:44   src/ov_SC03_010/ov_SC03_010_jr_8012ACE0.c: CONSOLIDATED — deleted 27 defs, renamed 0, use renames 0, direct calls 1, direct levers 0, unmatched 1, marked 0
05:49:44   src/ov_SC03_003/ov_SC03_003_jr_8012ACE0.c: CONSOLIDATED — deleted 27 defs, renamed 0, use renames 0, direct calls 1, direct levers 0, unmatched 1, marked 0
05:49:44   src/ov_SC03_011/ov_SC03_011_jr_8012ACE0.c: CONSOLIDATED — deleted 27 defs, renamed 0, use renames 0, direct calls 1, direct levers 0, unmatched 1, marked 0
05:49:44   src/ov_SC03_006/ov_SC03_006_jr_8012ACE0.c: CONSOLIDATED — deleted 27 defs, renamed 0, use renames 0, direct calls 1, direct levers 0, unmatched 1, marked 0
05:49:44   src/ov_SC03_012/ov_SC03_012_jr_8012ACE0.c: CONSOLIDATED — deleted 27 defs, renamed 0, use renames 0, direct calls 1, direct levers 0, unmatched 1, marked 0
05:49:44   src/ov_SC03_023/ov_SC03_023_jr_8012ACE0.c: CONSOLIDATED — deleted 27 defs, renamed 0, use renames 0, direct calls 1, direct levers 0, unmatched 1, marked 0
05:49:44   src/ov_SC03_007/ov_SC03_007_jr_8012ACE0.c: CONSOLIDATED — deleted 27 defs, renamed 0, use renames 0, direct calls 1, direct levers 0, unmatched 1, marked 0
05:49:44   src/ov_SC03_002/ov_SC03_002_jr_8012ACE0.c: CONSOLIDATED — deleted 27 defs, renamed 0, use renames 0, direct calls 1, direct levers 0, unmatched 1, marked 0
05:49:44   src/ov_SC03_001/ov_SC03_001_jr_8012ACE0.c: CONSOLIDATED — deleted 27 defs, renamed 0, use renames 0, direct calls 1, direct levers 0, unmatched 1, marked 0
05:49:44   src/ov_SC03_013/ov_SC03_013_jr_8012ACE0.c: CONSOLIDATED — deleted 27 defs, renamed 0, use renames 0, direct calls 1, direct levers 0, unmatched 1, marked 0
05:49:45   src/ov_SC03_024/ov_SC03_024_jr_8012ACE0.c: CONSOLIDATED — deleted 27 defs, renamed 0, use renames 0, direct calls 1, direct levers 0, unmatched 1, marked 0
05:49:45   src/ov_SC03_028/ov_SC03_028_jr_8012ACE0.c: CONSOLIDATED — deleted 27 defs, renamed 0, use renames 0, direct calls 1, direct levers 0, unmatched 1, marked 0
05:49:45   src/ov_SC03_014/ov_SC03_014_jr_8012ACE0.c: CONSOLIDATED — deleted 27 defs, renamed 0, use renames 0, direct calls 1, direct levers 0, unmatched 1, marked 0
05:49:45   src/ov_SC03_029/ov_SC03_029_jr_8012ACE0.c: CONSOLIDATED — deleted 27 defs, renamed 0, use renames 0, direct calls 1, direct levers 0, unmatched 1, marked 0
05:49:46   src/ov_SC03_030/ov_SC03_030_jr_8012ACE0.c: CONSOLIDATED — deleted 27 defs, renamed 0, use renames 0, direct calls 1, direct levers 0, unmatched 1, marked 0
05:49:46   src/ov_SC03_091/ov_SC03_091_jr_8012ACE0.c: CONSOLIDATED — deleted 27 defs, renamed 0, use renames 0, direct calls 1, direct levers 0, unmatched 1, marked 0
05:49:47   src/ov_SC03_092/ov_SC03_092_jr_8012ACE0.c: CONSOLIDATED — deleted 27 defs, renamed 0, use renames 0, direct calls 1, direct levers 0, unmatched 1, marked 0
05:49:48   src/ov_SC03_089/ov_SC03_089_jr_8012ACE0.c: CONSOLIDATED — deleted 27 defs, renamed 0, use renames 0, direct calls 1, direct levers 0, unmatched 1, marked 0
05:49:48   src/ov_SC03_031/ov_SC03_031_jr_8012ACE0.c: CONSOLIDATED — deleted 27 defs, renamed 0, use renames 0, direct calls 1, direct levers 0, unmatched 1, marked 0
05:49:48   src/ov_SC03_090/ov_SC03_090_jr_8012ACE0.c: CONSOLIDATED — deleted 27 defs, renamed 0, use renames 0, direct calls 1, direct levers 0, unmatched 1, marked 0
05:49:49   src/ov_SC03_100/ov_SC03_100_jr_8012ACE0.c: CONSOLIDATED — deleted 27 defs, renamed 0, use renames 0, direct calls 1, direct levers 0, unmatched 1, marked 0
05:49:49   src/ov_SC03_093/ov_SC03_093_jr_8012ACE0.c: CONSOLIDATED — deleted 27 defs, renamed 0, use renames 0, direct calls 1, direct levers 0, unmatched 1, marked 0
05:49:49   src/ov_SC03_094/ov_SC03_094_jr_8012ACE0.c: CONSOLIDATED — deleted 27 defs, renamed 0, use renames 0, direct calls 1, direct levers 0, unmatched 1, marked 0
05:49:50   src/ov_SC03_097/ov_SC03_097_jr_8012ACE0.c: CONSOLIDATED — deleted 27 defs, renamed 0, use renames 0, direct calls 1, direct levers 0, unmatched 1, marked 0
05:49:50   src/ov_SC03_103/ov_SC03_103_jr_8012ACE0.c: CONSOLIDATED — deleted 27 defs, renamed 0, use renames 0, direct calls 1, direct levers 0, unmatched 1, marked 0
05:49:51   src/ov_SC03_098/ov_SC03_098_jr_8012ACE0.c: CONSOLIDATED — deleted 27 defs, renamed 0, use renames 0, direct calls 1, direct levers 0, unmatched 1, marked 0
05:49:51   src/ov_SC03_095/ov_SC03_095_jr_8012ACE0.c: CONSOLIDATED — deleted 27 defs, renamed 0, use renames 0, direct calls 1, direct levers 0, unmatched 1, marked 0
05:49:51   src/ov_SC03_096/ov_SC03_096_jr_8012ACE0.c: CONSOLIDATED — deleted 27 defs, renamed 0, use renames 0, direct calls 1, direct levers 0, unmatched 1, marked 0
05:49:51   src/ov_SC03_099/ov_SC03_099_jr_8012ACE0.c: CONSOLIDATED — deleted 27 defs, renamed 0, use renames 0, direct calls 1, direct levers 0, unmatched 1, marked 0
05:49:52   src/ov_SC03_101/ov_SC03_101_jr_8012ACE0.c: CONSOLIDATED — deleted 27 defs, renamed 0, use renames 0, direct calls 1, direct levers 0, unmatched 1, marked 0
05:49:53   src/ov_SC03_107/ov_SC03_107.c: CONSOLIDATED — deleted 29 defs, renamed 0, use renames 0, direct calls 0, direct levers 0, unmatched 0, marked 0
05:49:53   src/ov_SC03_102/ov_SC03_102_jr_8012ACE0.c: CONSOLIDATED — deleted 27 defs, renamed 0, use renames 0, direct calls 1, direct levers 0, unmatched 1, marked 0
05:49:53   src/ov_SC03_111/ov_SC03_111_jr_8012ACE0.c: CONSOLIDATED — deleted 27 defs, renamed 0, use renames 0, direct calls 1, direct levers 0, unmatched 1, marked 0
05:49:54   src/ov_SC03_104/ov_SC03_104_jr_8012ACE0.c: CONSOLIDATED — deleted 27 defs, renamed 0, use renames 0, direct calls 1, direct levers 0, unmatched 1, marked 0
05:49:54   src/ov_SC03_105/ov_SC03_105_jr_8012ACE0.c: CONSOLIDATED — deleted 27 defs, renamed 0, use renames 0, direct calls 1, direct levers 0, unmatched 1, marked 0
05:49:54   src/ov_SC03_113/ov_SC03_113_jr_8012ACE0.c: CONSOLIDATED — deleted 27 defs, renamed 0, use renames 0, direct calls 1, direct levers 0, unmatched 1, marked 0
05:49:54   src/ov_SC03_109/ov_SC03_109_jr_8012ACE0.c: CONSOLIDATED — deleted 27 defs, renamed 0, use renames 0, direct calls 1, direct levers 0, unmatched 1, marked 0
05:49:54   src/ov_SC03_108/ov_SC03_108_jr_8012ACE0.c: CONSOLIDATED — deleted 27 defs, renamed 0, use renames 0, direct calls 1, direct levers 0, unmatched 1, marked 0
05:49:55   src/ov_SC03_110/ov_SC03_110_jr_8012ACE0.c: CONSOLIDATED — deleted 27 defs, renamed 0, use renames 0, direct calls 1, direct levers 0, unmatched 1, marked 0
05:49:56   src/ov_SC03_112/ov_SC03_112_jr_8012ACE0.c: CONSOLIDATED — deleted 27 defs, renamed 0, use renames 0, direct calls 1, direct levers 0, unmatched 1, marked 0
05:49:57   src/ov_SC03_125/ov_SC03_125_jr_8012ACE0.c: CONSOLIDATED — deleted 27 defs, renamed 0, use renames 0, direct calls 1, direct levers 0, unmatched 1, marked 0
05:49:58   src/ov_SC03_114/ov_SC03_114_jr_8012ACE0.c: CONSOLIDATED — deleted 27 defs, renamed 0, use renames 0, direct calls 1, direct levers 0, unmatched 1, marked 0
05:49:58   src/ov_SC03_116/ov_SC03_116_jr_8012ACE0.c: CONSOLIDATED — deleted 27 defs, renamed 0, use renames 0, direct calls 1, direct levers 0, unmatched 1, marked 0
05:49:58   src/ov_SC03_121/ov_SC03_121_jr_8012ACE0.c: CONSOLIDATED — deleted 27 defs, renamed 0, use renames 0, direct calls 1, direct levers 0, unmatched 1, marked 0
05:49:58   src/ov_SC03_118/ov_SC03_118_jr_8012ACE0.c: CONSOLIDATED — deleted 27 defs, renamed 0, use renames 0, direct calls 1, direct levers 0, unmatched 1, marked 0
05:49:58   src/ov_SC03_115/ov_SC03_115_jr_8012ACE0.c: CONSOLIDATED — deleted 27 defs, renamed 0, use renames 0, direct calls 1, direct levers 0, unmatched 1, marked 0
05:49:59   src/ov_SC03_117/ov_SC03_117_jr_8012ACE0.c: CONSOLIDATED — deleted 27 defs, renamed 0, use renames 0, direct calls 1, direct levers 0, unmatched 1, marked 0
05:49:59   src/ov_SC03_124/ov_SC03_124_jr_8012ACE0.c: CONSOLIDATED — deleted 27 defs, renamed 0, use renames 0, direct calls 1, direct levers 0, unmatched 1, marked 0
05:50:00   src/ov_SC04_000/ov_SC04_000_jr_8012ACE0.c: CONSOLIDATED — deleted 27 defs, renamed 0, use renames 0, direct calls 1, direct levers 0, unmatched 1, marked 0
05:50:00   src/ov_SC04_002/ov_SC04_002_jr_8012ACE0.c: CONSOLIDATED — deleted 27 defs, renamed 0, use renames 0, direct calls 1, direct levers 0, unmatched 1, marked 0
05:50:00   src/ov_SC04_003/ov_SC04_003_jr_8012ACE0.c: CONSOLIDATED — deleted 27 defs, renamed 0, use renames 0, direct calls 1, direct levers 0, unmatched 1, marked 0
05:50:00   src/ov_SC04_006/ov_SC04_006_jr_8012ACE0.c: CONSOLIDATED — deleted 27 defs, renamed 0, use renames 0, direct calls 1, direct levers 0, unmatched 1, marked 0
05:50:01   src/ov_SC04_004/ov_SC04_004_jr_8012ACE0.c: CONSOLIDATED — deleted 27 defs, renamed 0, use renames 0, direct calls 1, direct levers 0, unmatched 1, marked 0
05:50:02   src/ov_SC04_008/ov_SC04_008_jr_8012ACE0.c: CONSOLIDATED — deleted 27 defs, renamed 0, use renames 0, direct calls 1, direct levers 0, unmatched 1, marked 0
05:50:03   src/ov_SC04_005/ov_SC04_005_jr_8012ACE0.c: CONSOLIDATED — deleted 27 defs, renamed 0, use renames 0, direct calls 1, direct levers 0, unmatched 1, marked 0
05:50:03   src/ov_SC04_007/ov_SC04_007_jr_8012ACE0.c: CONSOLIDATED — deleted 27 defs, renamed 0, use renames 0, direct calls 1, direct levers 0, unmatched 1, marked 0
05:50:03   src/ov_SC04_009/ov_SC04_009_jr_8012ACE0.c: CONSOLIDATED — deleted 27 defs, renamed 0, use renames 0, direct calls 1, direct levers 0, unmatched 1, marked 0
05:50:03   src/ov_SC04_010/ov_SC04_010_jr_8012ACE0.c: CONSOLIDATED — deleted 27 defs, renamed 0, use renames 0, direct calls 1, direct levers 0, unmatched 1, marked 0
05:50:04   src/ov_SC04_020/ov_SC04_020_jr_8012ACE0.c: CONSOLIDATED — deleted 27 defs, renamed 0, use renames 0, direct calls 1, direct levers 0, unmatched 1, marked 0
05:50:05   src/ov_SC04_011/ov_SC04_011_jr_8012ACE0.c: CONSOLIDATED — deleted 27 defs, renamed 0, use renames 0, direct calls 1, direct levers 0, unmatched 1, marked 0
05:50:05   src/ov_SC04_012/ov_SC04_012_jr_8012ACE0.c: CONSOLIDATED — deleted 27 defs, renamed 0, use renames 0, direct calls 1, direct levers 0, unmatched 1, marked 0
05:50:05   src/ov_SC04_018/ov_SC04_018_jr_8012ACE0.c: CONSOLIDATED — deleted 27 defs, renamed 0, use renames 0, direct calls 1, direct levers 0, unmatched 1, marked 0
05:50:05   src/ov_SC04_015/ov_SC04_015_jr_8012ACE0.c: CONSOLIDATED — deleted 27 defs, renamed 0, use renames 0, direct calls 1, direct levers 0, unmatched 1, marked 0
05:50:05   src/ov_SC04_016/ov_SC04_016_jr_8012ACE0.c: CONSOLIDATED — deleted 27 defs, renamed 0, use renames 0, direct calls 1, direct levers 0, unmatched 1, marked 0
05:50:06   src/ov_SC05_003/ov_SC05_003_jr_8012ACE0.c: CONSOLIDATED — deleted 27 defs, renamed 0, use renames 0, direct calls 1, direct levers 0, unmatched 1, marked 0
05:50:07   src/ov_SC05_000/ov_SC05_000_jr_8012ACE0.c: CONSOLIDATED — deleted 27 defs, renamed 0, use renames 0, direct calls 1, direct levers 0, unmatched 1, marked 0
05:50:08   src/ov_SC05_001/ov_SC05_001_jr_8012ACE0.c: CONSOLIDATED — deleted 27 defs, renamed 0, use renames 0, direct calls 1, direct levers 0, unmatched 1, marked 0
05:50:08   src/ov_SC05_002/ov_SC05_002_jr_8012ACE0.c: CONSOLIDATED — deleted 27 defs, renamed 0, use renames 0, direct calls 1, direct levers 0, unmatched 1, marked 0
05:50:08   src/ov_SC05_004/ov_SC05_004_jr_8012ACE0.c: CONSOLIDATED — deleted 27 defs, renamed 0, use renames 0, direct calls 1, direct levers 0, unmatched 1, marked 0
05:50:08   src/ov_SC05_017/ov_SC05_017_jr_8012ACE0.c: CONSOLIDATED — deleted 27 defs, renamed 0, use renames 0, direct calls 1, direct levers 0, unmatched 1, marked 0
05:50:09   src/ov_SC05_007/ov_SC05_007_jr_8012ACE0.c: CONSOLIDATED — deleted 27 defs, renamed 0, use renames 0, direct calls 1, direct levers 0, unmatched 1, marked 0
05:50:09   src/ov_SC05_008/ov_SC05_008_jr_8012ACE0.c: CONSOLIDATED — deleted 27 defs, renamed 0, use renames 0, direct calls 1, direct levers 0, unmatched 1, marked 0
05:50:09   src/ov_SC05_005/ov_SC05_005_jr_8012ACE0.c: CONSOLIDATED — deleted 27 defs, renamed 0, use renames 0, direct calls 1, direct levers 0, unmatched 1, marked 0
05:50:09   src/ov_SC05_011/ov_SC05_011_jr_8012ACE0.c: CONSOLIDATED — deleted 27 defs, renamed 0, use renames 0, direct calls 1, direct levers 0, unmatched 1, marked 0
05:50:10   src/ov_SC05_006/ov_SC05_006_jr_8012ACE0.c: CONSOLIDATED — deleted 27 defs, renamed 0, use renames 0, direct calls 1, direct levers 0, unmatched 1, marked 0
05:50:10   src/ov_SC05_009/ov_SC05_009_jr_8012ACE0.c: CONSOLIDATED — deleted 27 defs, renamed 0, use renames 0, direct calls 1, direct levers 0, unmatched 1, marked 0
05:50:10   src/ov_SC05_010/ov_SC05_010_jr_8012ACE0.c: CONSOLIDATED — deleted 27 defs, renamed 0, use renames 0, direct calls 1, direct levers 0, unmatched 1, marked 0
05:50:13   src/ov_SC06_000/ov_SC06_000_jr_8012ACE0.c: CONSOLIDATED — deleted 27 defs, renamed 0, use renames 0, direct calls 1, direct levers 0, unmatched 1, marked 0
05:50:13   src/ov_SC06_006/ov_SC06_006_jr_8012ACE0.c: CONSOLIDATED — deleted 27 defs, renamed 0, use renames 0, direct calls 1, direct levers 0, unmatched 1, marked 0
05:50:13   src/ov_SC05_018/ov_SC05_018_jr_8012ACE0.c: CONSOLIDATED — deleted 27 defs, renamed 0, use renames 0, direct calls 1, direct levers 0, unmatched 1, marked 0
05:50:13   src/ov_SC06_016/ov_SC06_016_jr_8012ACE0.c: CONSOLIDATED — deleted 27 defs, renamed 0, use renames 0, direct calls 1, direct levers 0, unmatched 1, marked 0
05:50:14   src/ov_SC06_008/ov_SC06_008_jr_8012ACE0.c: CONSOLIDATED — deleted 27 defs, renamed 0, use renames 0, direct calls 1, direct levers 0, unmatched 1, marked 0
05:50:14   src/ov_SC06_013/ov_SC06_013_jr_8012ACE0.c: CONSOLIDATED — deleted 27 defs, renamed 0, use renames 0, direct calls 1, direct levers 0, unmatched 1, marked 0
05:50:14   src/ov_SC06_010/ov_SC06_010_jr_8012ACE0.c: CONSOLIDATED — deleted 27 defs, renamed 0, use renames 0, direct calls 1, direct levers 0, unmatched 1, marked 0
05:50:14   src/ov_SC06_011/ov_SC06_011_jr_8012ACE0.c: CONSOLIDATED — deleted 27 defs, renamed 0, use renames 0, direct calls 1, direct levers 0, unmatched 1, marked 0
05:50:14   src/ov_SC06_014/ov_SC06_014_jr_8012ACE0.c: CONSOLIDATED — deleted 27 defs, renamed 0, use renames 0, direct calls 1, direct levers 0, unmatched 1, marked 0
05:50:15   src/ov_SC06_015/ov_SC06_015_jr_8012ACE0.c: CONSOLIDATED — deleted 27 defs, renamed 0, use renames 0, direct calls 1, direct levers 0, unmatched 1, marked 0
05:50:15   src/ov_SC06_018/ov_SC06_018_jr_8012ACE0.c: CONSOLIDATED — deleted 27 defs, renamed 0, use renames 0, direct calls 1, direct levers 0, unmatched 1, marked 0
05:50:16   src/ov_SC06_008/ov_SC06_008_jr_8017C294.c: CONSOLIDATED — deleted 27 defs, renamed 1, use renames 12, direct calls 0, direct levers 0, unmatched 0, marked 6
05:50:17   src/ov_SC06_027/ov_SC06_027_jr_8012ACE0.c: CONSOLIDATED — deleted 27 defs, renamed 0, use renames 0, direct calls 1, direct levers 0, unmatched 1, marked 0
05:50:17   src/ov_SC07_000/ov_SC07_000_jr_8012ACE0.c: CONSOLIDATED — deleted 27 defs, renamed 0, use renames 0, direct calls 1, direct levers 0, unmatched 1, marked 0
05:50:17   src/ov_SC06_020/ov_SC06_020_jr_8012ACE0.c: CONSOLIDATED — deleted 27 defs, renamed 0, use renames 0, direct calls 1, direct levers 0, unmatched 1, marked 0
05:50:17   src/ov_SC06_022/ov_SC06_022_jr_8012ACE0.c: CONSOLIDATED — deleted 27 defs, renamed 0, use renames 0, direct calls 1, direct levers 0, unmatched 1, marked 0
05:50:17   src/ov_SC06_030/ov_SC06_030_jr_8012ACE0.c: CONSOLIDATED — deleted 27 defs, renamed 0, use renames 0, direct calls 1, direct levers 0, unmatched 1, marked 0
05:50:18   src/ov_SC06_024/ov_SC06_024_jr_8012ACE0.c: CONSOLIDATED — deleted 27 defs, renamed 0, use renames 0, direct calls 1, direct levers 0, unmatched 1, marked 0
05:50:19   src/ov_SC06_032/ov_SC06_032_jr_8012ACE0.c: CONSOLIDATED — deleted 27 defs, renamed 0, use renames 0, direct calls 1, direct levers 0, unmatched 1, marked 0
05:50:19   src/ov_SC06_029/ov_SC06_029_jr_8012ACE0.c: CONSOLIDATED — deleted 27 defs, renamed 0, use renames 0, direct calls 1, direct levers 0, unmatched 1, marked 0
05:50:19   src/ov_SC06_025/ov_SC06_025_jr_8012ACE0.c: CONSOLIDATED — deleted 27 defs, renamed 0, use renames 0, direct calls 1, direct levers 0, unmatched 1, marked 0
05:50:20   src/ov_SC07_002/ov_SC07_002_jr_8012ACE0.c: CONSOLIDATED — deleted 27 defs, renamed 0, use renames 0, direct calls 1, direct levers 0, unmatched 1, marked 0
05:50:20   src/ov_SC07_008/ov_SC07_008_jr_8012ACE0.c: CONSOLIDATED — deleted 27 defs, renamed 0, use renames 0, direct calls 1, direct levers 0, unmatched 1, marked 0
05:50:21   src/ov_SC07_001/ov_SC07_001_jr_8012ACE0.c: CONSOLIDATED — deleted 27 defs, renamed 0, use renames 0, direct calls 1, direct levers 0, unmatched 1, marked 0
05:50:21   src/ov_SC06_033/ov_SC06_033_jr_8012ACE0.c: CONSOLIDATED — deleted 27 defs, renamed 0, use renames 0, direct calls 1, direct levers 0, unmatched 1, marked 0
05:50:21   src/ov_SC02_016/ov_SC02_016_jr_8017DC70.c: CONSOLIDATED — deleted 23 defs, renamed 0, use renames 1, direct calls 3, direct levers 1, unmatched 0, marked 1
05:50:21   src/ov_SC02_028/ov_SC02_028_jr_8017D898.c: CONSOLIDATED — deleted 24 defs, renamed 0, use renames 0, direct calls 0, direct levers 0, unmatched 0, marked 0
05:50:21   src/ov_SC03_126/ov_SC03_126_jr_8012ACE0.c: CONSOLIDATED — deleted 27 defs, renamed 0, use renames 0, direct calls 0, direct levers 0, unmatched 0, marked 0
05:50:22   src/ov_SC07_009/ov_SC07_009_jr_8012ACE0.c: CONSOLIDATED — deleted 27 defs, renamed 0, use renames 0, direct calls 1, direct levers 0, unmatched 1, marked 0
05:50:23   src/ov_SC02_039/ov_SC02_039_jr_8017BEBC.c: CONSOLIDATED — deleted 22 defs, renamed 0, use renames 0, direct calls 0, direct levers 0, unmatched 1, marked 0
05:50:23   src/ov_SC05_019/ov_SC05_019_jr_8012ACE0.c: CONSOLIDATED — deleted 27 defs, renamed 0, use renames 0, direct calls 0, direct levers 0, unmatched 0, marked 0
05:50:24   src/ov_SC03_097/ov_SC03_097_jr_8017D898.c: CONSOLIDATED — deleted 24 defs, renamed 0, use renames 0, direct calls 0, direct levers 0, unmatched 0, marked 0
05:50:24   src/ov_SC04_021/ov_SC04_021_jr_8012ACE0.c: CONSOLIDATED — deleted 27 defs, renamed 0, use renames 0, direct calls 0, direct levers 0, unmatched 0, marked 0
05:50:25   src/ov_SC04_009/ov_SC04_009_jr_8017BEBC.c: CONSOLIDATED — deleted 22 defs, renamed 0, use renames 0, direct calls 0, direct levers 0, unmatched 0, marked 0
05:50:25   src/ov_SC02_015/ov_SC02_015_jr_8017AE2C.c: CONSOLIDATED — deleted 23 defs, renamed 0, use renames 0, direct calls 0, direct levers 0, unmatched 0, marked 0
05:50:25   src/ov_SC02_021/ov_SC02_021_jr_8017C294.c: CONSOLIDATED — deleted 23 defs, renamed 0, use renames 0, direct calls 0, direct levers 0, unmatched 0, marked 0
05:50:25   src/ov_SC03_108/ov_SC03_108_jr_8017BEBC.c: CONSOLIDATED — deleted 22 defs, renamed 0, use renames 0, direct calls 0, direct levers 0, unmatched 1, marked 0
05:50:26   src/ov_SC03_114/ov_SC03_114_jr_8017BEBC.c: CONSOLIDATED — deleted 24 defs, renamed 0, use renames 0, direct calls 0, direct levers 0, unmatched 0, marked 0
05:50:27   src/ov_SC02_026/ov_SC02_026_jr_8017C180.c: CONSOLIDATED — deleted 18 defs, renamed 0, use renames 0, direct calls 0, direct levers 0, unmatched 4, marked 0
05:50:27   src/ov_SC02_011/ov_SC02_011_jr_8017AE2C.c: CONSOLIDATED — deleted 25 defs, renamed 0, use renames 12, direct calls 0, direct levers 0, unmatched 0, marked 0
05:50:27   src/ov_SC04_006/ov_SC04_006_jr_8017BEBC.c: CONSOLIDATED — deleted 18 defs, renamed 0, use renames 0, direct calls 0, direct levers 0, unmatched 3, marked 0
05:50:27   src/ov_SC06_033/ov_SC06_033_jr_8017C24C.c: CONSOLIDATED — deleted 19 defs, renamed 0, use renames 6, direct calls 0, direct levers 0, unmatched 4, marked 0
05:50:28   src/ov_SC03_031/ov_SC03_031_jr_8017DB5C.c: CONSOLIDATED — deleted 19 defs, renamed 0, use renames 1, direct calls 1, direct levers 2, unmatched 0, marked 2
05:50:28   src/ov_SC01_080/ov_SC01_080_jr_8017AE2C.c: CONSOLIDATED — deleted 21 defs, renamed 0, use renames 1, direct calls 0, direct levers 0, unmatched 0, marked 0
05:50:29   src/ov_SC03_107/ov_SC03_107_jr_801789AC.c: CONSOLIDATED — deleted 28 defs, renamed 0, use renames 8, direct calls 0, direct levers 0, unmatched 0, marked 0
05:50:29   src/ov_SC03_006/ov_SC03_006_jr_8017AE2C.c: CONSOLIDATED — deleted 22 defs, renamed 0, use renames 6, direct calls 0, direct levers 0, unmatched 0, marked 0
05:50:29   src/ov_SC05_001/ov_SC05_001_jr_8017BEBC.c: CONSOLIDATED — deleted 17 defs, renamed 0, use renames 1, direct calls 0, direct levers 0, unmatched 5, marked 0
05:50:30   src/ov_SC03_007/ov_SC03_007_jr_8017AE2C.c: CONSOLIDATED — deleted 22 defs, renamed 0, use renames 4, direct calls 0, direct levers 0, unmatched 0, marked 0
05:50:30   src/ov_SC03_028/ov_SC03_028_jr_8017DF98.c: CONSOLIDATED — deleted 22 defs, renamed 0, use renames 0, direct calls 0, direct levers 0, unmatched 0, marked 0
05:50:30   src/ov_SC06_033/ov_SC06_033_jr_80186574.c: CONSOLIDATED — deleted 22 defs, renamed 0, use renames 0, direct calls 0, direct levers 0, unmatched 0, marked 0
05:50:31   src/ov_SC02_037/ov_SC02_037_jr_8017AE2C.c: CONSOLIDATED — deleted 21 defs, renamed 0, use renames 1, direct calls 0, direct levers 0, unmatched 0, marked 0
05:50:32   src/ov_SC03_095/ov_SC03_095_jr_8017BEBC.c: CONSOLIDATED — deleted 20 defs, renamed 0, use renames 0, direct calls 0, direct levers 0, unmatched 0, marked 0
05:50:32   src/ov_SC02_035/ov_SC02_035_jr_8017BEBC.c: CONSOLIDATED — deleted 20 defs, renamed 0, use renames 0, direct calls 0, direct levers 0, unmatched 0, marked 0
05:50:32   src/ov_SC03_094/ov_SC03_094_jr_8017BEBC.c: CONSOLIDATED — deleted 20 defs, renamed 0, use renames 0, direct calls 0, direct levers 0, unmatched 0, marked 0
05:50:32   src/ov_SC03_093/ov_SC03_093_jr_8017D898.c: CONSOLIDATED — deleted 20 defs, renamed 0, use renames 0, direct calls 0, direct levers 0, unmatched 0, marked 0
05:50:33   src/ov_SC03_096/ov_SC03_096_jr_8017BEBC.c: CONSOLIDATED — deleted 20 defs, renamed 0, use renames 0, direct calls 0, direct levers 0, unmatched 0, marked 0
05:50:34   src/ov_SC03_100/ov_SC03_100_jr_8017D898.c: CONSOLIDATED — deleted 20 defs, renamed 0, use renames 0, direct calls 0, direct levers 0, unmatched 0, marked 0
05:50:34   src/ov_SC03_099/ov_SC03_099_jr_8017BEBC.c: CONSOLIDATED — deleted 20 defs, renamed 0, use renames 0, direct calls 0, direct levers 0, unmatched 0, marked 0
05:50:34   src/ov_SC05_009/ov_SC05_009_jr_8017BEBC.c: CONSOLIDATED — deleted 20 defs, renamed 0, use renames 0, direct calls 0, direct levers 0, unmatched 0, marked 0
05:50:34   src/ov_SC03_098/ov_SC03_098_jr_8017D898.c: CONSOLIDATED — deleted 20 defs, renamed 0, use renames 0, direct calls 0, direct levers 0, unmatched 0, marked 0
05:50:34   src/ov_SC03_109/ov_SC03_109_jr_8017C180.c: CONSOLIDATED — deleted 20 defs, renamed 0, use renames 0, direct calls 0, direct levers 0, unmatched 0, marked 0
05:50:36   src/ov_MAIN_012/ov_MAIN_012.c: CONSOLIDATED — deleted 19 defs, renamed 0, use renames 0, direct calls 0, direct levers 0, unmatched 0, marked 0
05:50:36   src/md_SC07_003/md_SC07_003.c: CONSOLIDATED — deleted 20 defs, renamed 0, use renames 0, direct calls 0, direct levers 0, unmatched 0, marked 0
05:50:37   src/ov_SC07_007/ov_SC07_007.c: CONSOLIDATED — deleted 19 defs, renamed 0, use renames 0, direct calls 0, direct levers 0, unmatched 0, marked 0
05:50:37   src/ov_SC03_105/ov_SC03_105_jr_80181C84.c: CONSOLIDATED — deleted 20 defs, renamed 0, use renames 44, direct calls 0, direct levers 0, unmatched 0, marked 0
05:50:37   src/ov_SC03_010/ov_SC03_010_jr_8017C730.c: CONSOLIDATED — deleted 17 defs, renamed 0, use renames 0, direct calls 0, direct levers 0, unmatched 1, marked 0
05:50:38   src/ov_SC01_077/ov_SC01_077_jr_8012ACE0.c: CONSOLIDATED — deleted 17 defs, renamed 0, use renames 0, direct calls 1, direct levers 0, unmatched 1, marked 0
05:50:39   src/ov_SC05_005/ov_SC05_005_jr_8017D898.c: CONSOLIDATED — deleted 16 defs, renamed 0, use renames 0, direct calls 0, direct levers 0, unmatched 2, marked 0
05:50:39   src/ov_SC07_006/ov_SC07_006.c: CONSOLIDATED — deleted 19 defs, renamed 0, use renames 0, direct calls 0, direct levers 0, unmatched 0, marked 0
05:50:39   src/ov_SC06_011/ov_SC06_011_jr_8017BEBC.c: CONSOLIDATED — deleted 18 defs, renamed 0, use renames 0, direct calls 0, direct levers 0, unmatched 0, marked 0
05:50:39   src/ov_SC04_000/ov_SC04_000_jr_8017BEBC.c: CONSOLIDATED — deleted 19 defs, renamed 0, use renames 1, direct calls 0, direct levers 0, unmatched 0, marked 0
05:50:39   src/ov_SC03_014/ov_SC03_014_jr_8017AE2C.c: CONSOLIDATED — deleted 19 defs, renamed 1, use renames 12, direct calls 0, direct levers 0, unmatched 0, marked 6
05:50:40   src/ov_SC03_092/ov_SC03_092_jr_80181694.c: CONSOLIDATED — deleted 18 defs, renamed 0, use renames 0, direct calls 0, direct levers 0, unmatched 0, marked 0
05:50:40   src/ov_SC03_091/ov_SC03_091_jr_8018326C.c: CONSOLIDATED — deleted 8 defs, renamed 0, use renames 0, direct calls 4, direct levers 6, unmatched 0, marked 6
05:50:40   src/ov_SC03_105/ov_SC03_105_jr_80186DDC.c: CONSOLIDATED — deleted 18 defs, renamed 0, use renames 0, direct calls 0, direct levers 0, unmatched 0, marked 0
05:50:41   src/ov_SC07_010/ov_SC07_010.c: CONSOLIDATED — deleted 19 defs, renamed 0, use renames 0, direct calls 0, direct levers 0, unmatched 0, marked 0
05:50:41   src/ov_SC03_013/ov_SC03_013_jr_8017C730.c: CONSOLIDATED — deleted 17 defs, renamed 0, use renames 0, direct calls 0, direct levers 0, unmatched 0, marked 0
05:50:42   src/ov_SC07_011/ov_SC07_011.c: CONSOLIDATED — deleted 19 defs, renamed 0, use renames 0, direct calls 0, direct levers 0, unmatched 0, marked 0
05:50:42   src/ov_SC01_001/ov_SC01_001_jr_8017BEBC.c: CONSOLIDATED — deleted 16 defs, renamed 0, use renames 0, direct calls 0, direct levers 0, unmatched 0, marked 0
05:50:42   src/ov_SC02_031/ov_SC02_031_jr_8017AE2C.c: CONSOLIDATED — deleted 16 defs, renamed 0, use renames 0, direct calls 1, direct levers 0, unmatched 1, marked 0
05:50:43   src/ov_SC01_008/ov_SC01_008_jr_8017BE9C.c: CONSOLIDATED — deleted 17 defs, renamed 0, use renames 1, direct calls 0, direct levers 0, unmatched 0, marked 0
05:50:43   src/ov_SC06_014/ov_SC06_014_jr_8017BEBC.c: CONSOLIDATED — deleted 16 defs, renamed 0, use renames 0, direct calls 0, direct levers 1, unmatched 0, marked 1
05:50:43   src/ov_SC06_013/ov_SC06_013_jr_8017BEBC.c: CONSOLIDATED — deleted 16 defs, renamed 0, use renames 0, direct calls 0, direct levers 1, unmatched 0, marked 1
05:50:44   src/ov_SC06_015/ov_SC06_015_jr_8017BEBC.c: CONSOLIDATED — deleted 16 defs, renamed 0, use renames 0, direct calls 0, direct levers 1, unmatched 0, marked 1
05:50:44   src/ov_SC01_000/ov_SC01_000_jr_8017BEBC.c: CONSOLIDATED — deleted 16 defs, renamed 0, use renames 0, direct calls 0, direct levers 0, unmatched 0, marked 0
05:50:44   src/ov_SC06_027/ov_SC06_027_jr_8017BEBC.c: CONSOLIDATED — deleted 16 defs, renamed 0, use renames 0, direct calls 0, direct levers 0, unmatched 1, marked 0
05:50:45   src/ov_SC01_084/ov_SC01_084_jr_8017CA80.c: CONSOLIDATED — deleted 16 defs, renamed 0, use renames 0, direct calls 0, direct levers 0, unmatched 0, marked 0
05:50:45   src/ov_SC01_004/ov_SC01_004_jr_8017BE9C.c: CONSOLIDATED — deleted 17 defs, renamed 0, use renames 1, direct calls 0, direct levers 0, unmatched 0, marked 0
05:50:45   src/ov_SC01_005/ov_SC01_005_jr_8017C340.c: CONSOLIDATED — deleted 17 defs, renamed 0, use renames 1, direct calls 0, direct levers 0, unmatched 0, marked 0
05:50:46   src/ov_SC01_009/ov_SC01_009_jr_8017BE9C.c: CONSOLIDATED — deleted 17 defs, renamed 0, use renames 1, direct calls 0, direct levers 0, unmatched 0, marked 0
05:50:46   src/ov_SC03_011/ov_SC03_011_jr_8017C730.c: CONSOLIDATED — deleted 17 defs, renamed 0, use renames 1, direct calls 0, direct levers 0, unmatched 0, marked 0
05:50:46   src/ov_SC01_074/ov_SC01_074_jr_8017BE9C.c: CONSOLIDATED — deleted 17 defs, renamed 0, use renames 1, direct calls 0, direct levers 0, unmatched 0, marked 0
05:50:47   src/ov_SC03_001/ov_SC03_001_jr_8017AE2C.c: CONSOLIDATED — deleted 16 defs, renamed 0, use renames 0, direct calls 0, direct levers 0, unmatched 0, marked 0
05:50:47   src/ov_SC03_002/ov_SC03_002_jr_8017D604.c: CONSOLIDATED — deleted 17 defs, renamed 0, use renames 1, direct calls 0, direct levers 0, unmatched 0, marked 0
05:50:48   src/ov_SC03_003/ov_SC03_003_jr_8017D5C0.c: CONSOLIDATED — deleted 17 defs, renamed 0, use renames 1, direct calls 0, direct levers 0, unmatched 0, marked 0
05:50:48   src/ov_SC03_105/ov_SC03_105_jr_8017C8D0.c: CONSOLIDATED — deleted 16 defs, renamed 0, use renames 0, direct calls 0, direct levers 0, unmatched 0, marked 0
05:50:48   src/ov_SC03_117/ov_SC03_117_jr_8017BEBC.c: CONSOLIDATED — deleted 17 defs, renamed 0, use renames 1, direct calls 0, direct levers 0, unmatched 0, marked 0
05:50:48   src/ov_SC03_024/ov_SC03_024_jr_8017DF84.c: CONSOLIDATED — deleted 17 defs, renamed 0, use renames 1, direct calls 0, direct levers 0, unmatched 0, marked 0
05:50:49   src/ov_SC03_029/ov_SC03_029_jr_8017DC70.c: CONSOLIDATED — deleted 17 defs, renamed 0, use renames 1, direct calls 0, direct levers 0, unmatched 0, marked 0
05:50:50   src/ov_SC03_115/ov_SC03_115_jr_8017BEBC.c: CONSOLIDATED — deleted 17 defs, renamed 0, use renames 1, direct calls 0, direct levers 0, unmatched 0, marked 0
05:50:50   src/ov_SC03_110/ov_SC03_110_jr_8017D898.c: CONSOLIDATED — deleted 16 defs, renamed 0, use renames 0, direct calls 0, direct levers 0, unmatched 0, marked 0
05:50:50   src/ov_SC03_124/ov_SC03_124_jr_8017AE2C.c: CONSOLIDATED — deleted 16 defs, renamed 0, use renames 0, direct calls 0, direct levers 0, unmatched 0, marked 0
05:50:50   src/ov_SC04_012/ov_SC04_012_jr_8017AE2C.c: CONSOLIDATED — deleted 16 defs, renamed 0, use renames 0, direct calls 0, direct levers 0, unmatched 0, marked 0
05:50:50   src/ov_SC03_121/ov_SC03_121_jr_8017BEBC.c: CONSOLIDATED — deleted 16 defs, renamed 0, use renames 0, direct calls 0, direct levers 0, unmatched 0, marked 0
05:50:51   src/ov_SC04_004/ov_SC04_004_jr_8017AE2C.c: CONSOLIDATED — deleted 17 defs, renamed 0, use renames 1, direct calls 0, direct levers 0, unmatched 0, marked 0
05:50:51   src/ov_SC03_126/ov_SC03_126_jr_8017D5C0.c: CONSOLIDATED — deleted 16 defs, renamed 0, use renames 0, direct calls 0, direct levers 0, unmatched 0, marked 0
05:50:52   src/ov_SC03_125/ov_SC03_125_jr_8017D604.c: CONSOLIDATED — deleted 17 defs, renamed 0, use renames 1, direct calls 0, direct levers 0, unmatched 0, marked 0
05:50:52   src/ov_SC04_021/ov_SC04_021_jr_8017D5C0.c: CONSOLIDATED — deleted 16 defs, renamed 0, use renames 0, direct calls 0, direct levers 0, unmatched 0, marked 0
05:50:53   src/ov_SC04_008/ov_SC04_008_jr_8017AE2C.c: CONSOLIDATED — deleted 16 defs, renamed 0, use renames 0, direct calls 0, direct levers 0, unmatched 0, marked 0
05:50:53   src/ov_SC04_010/ov_SC04_010_jr_8017BEBC.c: CONSOLIDATED — deleted 16 defs, renamed 0, use renames 0, direct calls 0, direct levers 0, unmatched 0, marked 0
05:50:53   src/ov_SC04_015/ov_SC04_015_jr_8017AE2C.c: CONSOLIDATED — deleted 17 defs, renamed 0, use renames 1, direct calls 0, direct levers 0, unmatched 0, marked 0
05:50:53   src/ov_SC05_004/ov_SC05_004_jr_8017BEBC.c: CONSOLIDATED — deleted 17 defs, renamed 0, use renames 1, direct calls 0, direct levers 0, unmatched 0, marked 0
05:50:54   src/ov_SC04_016/ov_SC04_016_jr_8017BEBC.c: CONSOLIDATED — deleted 16 defs, renamed 0, use renames 0, direct calls 0, direct levers 0, unmatched 0, marked 0
05:50:54   src/ov_SC05_000/ov_SC05_000_jr_8017BEBC.c: CONSOLIDATED — deleted 17 defs, renamed 0, use renames 1, direct calls 0, direct levers 0, unmatched 0, marked 0
05:50:55   src/ov_SC04_020/ov_SC04_020_jr_8017D604.c: CONSOLIDATED — deleted 17 defs, renamed 0, use renames 1, direct calls 0, direct levers 0, unmatched 0, marked 0
05:50:55   src/ov_SC05_007/ov_SC05_007_jr_8017BEBC.c: CONSOLIDATED — deleted 16 defs, renamed 0, use renames 0, direct calls 0, direct levers 0, unmatched 0, marked 0
05:50:55   src/ov_SC04_018/ov_SC04_018_jr_8017AE2C.c: CONSOLIDATED — deleted 16 defs, renamed 0, use renames 0, direct calls 0, direct levers 0, unmatched 0, marked 0
05:50:55   src/ov_SC06_006/ov_SC06_006_jr_8017BEBC.c: CONSOLIDATED — deleted 16 defs, renamed 0, use renames 0, direct calls 0, direct levers 0, unmatched 0, marked 0
05:50:55   src/ov_SC05_008/ov_SC05_008_jr_8017AE2C.c: CONSOLIDATED — deleted 16 defs, renamed 0, use renames 0, direct calls 0, direct levers 0, unmatched 0, marked 0
05:50:55   src/ov_SC05_018/ov_SC05_018_jr_8017D604.c: CONSOLIDATED — deleted 17 defs, renamed 0, use renames 1, direct calls 0, direct levers 0, unmatched 0, marked 0
05:50:56   src/ov_SC05_006/ov_SC05_006_jr_8017BEBC.c: CONSOLIDATED — deleted 17 defs, renamed 0, use renames 1, direct calls 0, direct levers 0, unmatched 0, marked 0
05:50:56   src/ov_SC05_019/ov_SC05_019_jr_8017D5C0.c: CONSOLIDATED — deleted 16 defs, renamed 0, use renames 0, direct calls 0, direct levers 0, unmatched 0, marked 0
05:50:57   src/ov_SC05_010/ov_SC05_010_jr_8017C8D0.c: CONSOLIDATED — deleted 16 defs, renamed 0, use renames 0, direct calls 0, direct levers 0, unmatched 0, marked 0
05:50:57   src/ov_SC05_017/ov_SC05_017_jr_8017AE2C.c: CONSOLIDATED — deleted 16 defs, renamed 0, use renames 0, direct calls 0, direct levers 0, unmatched 0, marked 0
05:50:57   src/ov_SC05_011/ov_SC05_011_jr_8017BEBC.c: CONSOLIDATED — deleted 16 defs, renamed 0, use renames 0, direct calls 0, direct levers 0, unmatched 0, marked 0
05:50:58   src/ov_SC06_029/ov_SC06_029_jr_801867D0.c: CONSOLIDATED — deleted 17 defs, renamed 0, use renames 2, direct calls 0, direct levers 0, unmatched 0, marked 0
05:50:59   src/ov_SC06_022/ov_SC06_022_jr_8017BEBC.c: CONSOLIDATED — deleted 16 defs, renamed 0, use renames 0, direct calls 0, direct levers 0, unmatched 0, marked 0
05:50:59   src/ov_SC07_006/ov_SC07_006_jr_8017BEBC.c: CONSOLIDATED — deleted 16 defs, renamed 0, use renames 0, direct calls 0, direct levers 0, unmatched 0, marked 0
05:50:59   src/ov_SC06_016/ov_SC06_016_jr_8017C8D0.c: CONSOLIDATED — deleted 16 defs, renamed 0, use renames 0, direct calls 0, direct levers 0, unmatched 0, marked 0
05:50:59   src/ov_SC06_030/ov_SC06_030_jr_8017C8D0.c: CONSOLIDATED — deleted 16 defs, renamed 0, use renames 0, direct calls 0, direct levers 0, unmatched 0, marked 0
05:51:00   src/ov_SC06_025/ov_SC06_025_jr_8017BEBC.c: CONSOLIDATED — deleted 16 defs, renamed 0, use renames 0, direct calls 0, direct levers 0, unmatched 0, marked 0
05:51:00   src/ov_SC07_008/ov_SC07_008_jr_8017BEBC.c: CONSOLIDATED — deleted 16 defs, renamed 0, use renames 0, direct calls 0, direct levers 0, unmatched 0, marked 0
05:51:01   src/ov_SC07_007/ov_SC07_007_jr_8017BEBC.c: CONSOLIDATED — deleted 16 defs, renamed 0, use renames 0, direct calls 0, direct levers 0, unmatched 0, marked 0
05:51:01   src/ov_SC01_077/ov_SC01_077_jr_8017AE2C.c: CONSOLIDATED — deleted 16 defs, renamed 0, use renames 0, direct calls 0, direct levers 0, unmatched 0, marked 0
05:51:01   src/ov_SC02_005/ov_SC02_005_jr_8017CF90.c: CONSOLIDATED — deleted 16 defs, renamed 0, use renames 0, direct calls 0, direct levers 0, unmatched 0, marked 0
05:51:01   src/ov_SC07_009/ov_SC07_009_jr_8017AE2C.c: CONSOLIDATED — deleted 16 defs, renamed 0, use renames 0, direct calls 0, direct levers 0, unmatched 0, marked 0
05:51:02   src/ov_SC07_011/ov_SC07_011_jr_8017BEBC.c: CONSOLIDATED — deleted 16 defs, renamed 0, use renames 0, direct calls 0, direct levers 0, unmatched 0, marked 0
05:51:03   src/ov_SC02_004/ov_SC02_004_jr_8017AE2C.c: CONSOLIDATED — deleted 16 defs, renamed 0, use renames 0, direct calls 0, direct levers 0, unmatched 0, marked 0
05:51:03   src/ov_SC02_000/ov_SC02_000_jr_8017AE2C.c: CONSOLIDATED — deleted 16 defs, renamed 0, use renames 0, direct calls 0, direct levers 0, unmatched 0, marked 0
05:51:03   src/ov_SC03_023/ov_SC03_023_jr_8017AE2C.c: CONSOLIDATED — deleted 16 defs, renamed 0, use renames 0, direct calls 0, direct levers 0, unmatched 0, marked 0
05:51:04   src/ov_SC03_012/ov_SC03_012_jr_8017AE2C.c: CONSOLIDATED — deleted 16 defs, renamed 0, use renames 0, direct calls 0, direct levers 0, unmatched 0, marked 0
05:51:04   src/ov_SC03_003/ov_SC03_003_jr_8017AE2C.c: CONSOLIDATED — deleted 16 defs, renamed 0, use renames 0, direct calls 0, direct levers 0, unmatched 0, marked 0
05:51:04   src/ov_SC04_021/ov_SC04_021_jr_8017AE2C.c: CONSOLIDATED — deleted 16 defs, renamed 0, use renames 0, direct calls 0, direct levers 0, unmatched 0, marked 0
05:51:04   src/ov_SC03_092/ov_SC03_092_jr_8017AE2C.c: CONSOLIDATED — deleted 16 defs, renamed 0, use renames 1, direct calls 0, direct levers 0, unmatched 0, marked 0
05:51:05   src/ov_SC02_011/ov_SC02_011_jr_80183178.c: CONSOLIDATED — deleted 11 defs, renamed 0, use renames 2, direct calls 1, direct levers 3, unmatched 0, marked 3
05:51:05   src/ov_SC03_126/ov_SC03_126_jr_8017AE2C.c: CONSOLIDATED — deleted 16 defs, renamed 0, use renames 0, direct calls 0, direct levers 0, unmatched 0, marked 0
05:51:05   src/ov_SC05_019/ov_SC05_019_jr_8017AE2C.c: CONSOLIDATED — deleted 16 defs, renamed 0, use renames 0, direct calls 0, direct levers 0, unmatched 0, marked 0
05:51:06   src/ov_SC07_010/ov_SC07_010_jr_8017AE2C.c: CONSOLIDATED — deleted 16 defs, renamed 0, use renames 0, direct calls 0, direct levers 0, unmatched 0, marked 0
05:51:06   src/ov_SC06_024/ov_SC06_024_jr_801851E0.c: CONSOLIDATED — deleted 0 defs, renamed 0, use renames 0, direct calls 14, direct levers 0, unmatched 0, marked 0
05:51:06   src/ov_SC02_037/ov_SC02_037_jr_80131340.c: CONSOLIDATED — deleted 12 defs, renamed 0, use renames 0, direct calls 1, direct levers 0, unmatched 1, marked 0
05:51:08   src/ov_MAIN_012/ov_MAIN_012_jr_80131340.c: CONSOLIDATED — deleted 12 defs, renamed 0, use renames 0, direct calls 1, direct levers 0, unmatched 1, marked 0
05:51:08   src/ov_SC03_029/ov_SC03_029_jr_8017FF7C.c: CONSOLIDATED — deleted 14 defs, renamed 0, use renames 4, direct calls 0, direct levers 0, unmatched 0, marked 0
05:51:08   src/ov_SC06_022/ov_SC06_022_jr_80182D08.c: CONSOLIDATED — deleted 0 defs, renamed 0, use renames 0, direct calls 14, direct levers 0, unmatched 0, marked 0
05:51:08   src/ov_SC03_107/ov_SC03_107_jr_80131340.c: CONSOLIDATED — deleted 12 defs, renamed 0, use renames 0, direct calls 1, direct levers 0, unmatched 1, marked 0
05:51:09   src/ov_SC03_014/ov_SC03_014_jr_801848E4.c: CONSOLIDATED — deleted 13 defs, renamed 0, use renames 12, direct calls 0, direct levers 0, unmatched 0, marked 0
05:51:09   src/ov_SC02_011/ov_SC02_011_jr_80188E3C.c: CONSOLIDATED — deleted 12 defs, renamed 0, use renames 8, direct calls 0, direct levers 0, unmatched 1, marked 0
05:51:09   src/ov_SC03_116/ov_SC03_116_jr_8017AE2C.c: CONSOLIDATED — deleted 14 defs, renamed 0, use renames 0, direct calls 0, direct levers 0, unmatched 0, marked 0
05:51:09   src/ov_SC06_006/ov_SC06_006_jr_8017DB90.c: CONSOLIDATED — deleted 13 defs, renamed 0, use renames 0, direct calls 0, direct levers 0, unmatched 0, marked 0
05:51:10   src/ov_SC06_033/ov_SC06_033_jr_801836FC.c: CONSOLIDATED — deleted 0 defs, renamed 0, use renames 0, direct calls 14, direct levers 0, unmatched 0, marked 0
05:51:10   src/ov_SC04_016/ov_SC04_016_jr_8017F03C.c: CONSOLIDATED — deleted 13 defs, renamed 0, use renames 0, direct calls 0, direct levers 0, unmatched 0, marked 0
05:51:11   src/ov_SC06_030/ov_SC06_030_jr_8017F65C.c: CONSOLIDATED — deleted 13 defs, renamed 0, use renames 14, direct calls 0, direct levers 0, unmatched 0, marked 0
05:51:12   src/ov_SC02_005/ov_SC02_005_jr_80185E80.c: CONSOLIDATED — deleted 0 defs, renamed 0, use renames 0, direct calls 6, direct levers 3, unmatched 0, marked 3
05:51:12   src/ov_SC02_000/ov_SC02_000_jr_8018173C.c: CONSOLIDATED — deleted 11 defs, renamed 0, use renames 1, direct calls 0, direct levers 0, unmatched 0, marked 0
05:51:13   src/ov_SC07_011/ov_SC07_011_jr_80131340.c: CONSOLIDATED — deleted 8 defs, renamed 0, use renames 0, direct calls 1, direct levers 0, unmatched 1, marked 0
05:51:13   src/ov_SC07_007/ov_SC07_007_jr_80131340.c: CONSOLIDATED — deleted 8 defs, renamed 0, use renames 0, direct calls 1, direct levers 0, unmatched 1, marked 0
05:51:13   src/ov_SC03_089/ov_SC03_089_jr_80185E50.c: CONSOLIDATED — deleted 8 defs, renamed 0, use renames 0, direct calls 0, direct levers 0, unmatched 0, marked 0
05:51:13   src/ov_SC07_006/ov_SC07_006_jr_80131340.c: CONSOLIDATED — deleted 8 defs, renamed 0, use renames 0, direct calls 1, direct levers 0, unmatched 1, marked 0
05:51:14   src/ov_SC07_010/ov_SC07_010_jr_80131340.c: CONSOLIDATED — deleted 8 defs, renamed 0, use renames 0, direct calls 1, direct levers 0, unmatched 1, marked 0
05:51:14   src/md_MAIN_019/md_MAIN_019.c: CONSOLIDATED — deleted 2 defs, renamed 0, use renames 0, direct calls 3, direct levers 3, unmatched 0, marked 3
05:51:15   src/ov_SC03_024/ov_SC03_024_jr_8017AE2C.c: CONSOLIDATED — deleted 10 defs, renamed 0, use renames 12, direct calls 0, direct levers 0, unmatched 0, marked 0
05:51:15   src/md_MAIN_031/md_MAIN_031.c: CONSOLIDATED — deleted 5 defs, renamed 3, use renames 32, direct calls 0, direct levers 0, unmatched 0, marked 12
05:51:15   src/ov_SC03_090/ov_SC03_090_jr_80188274.c: CONSOLIDATED — deleted 8 defs, renamed 0, use renames 0, direct calls 0, direct levers 0, unmatched 0, marked 0
05:51:16   src/ov_SC03_118/ov_SC03_118_jr_8017AE2C.c: CONSOLIDATED — deleted 10 defs, renamed 0, use renames 12, direct calls 0, direct levers 0, unmatched 0, marked 0
05:51:16   src/ov_SC03_091/ov_SC03_091_jr_8018911C.c: CONSOLIDATED — deleted 8 defs, renamed 0, use renames 0, direct calls 0, direct levers 0, unmatched 0, marked 0
05:51:17   src/ov_SC01_000/ov_SC01_000_jr_801380E0.c: CONSOLIDATED — deleted 3 defs, renamed 0, use renames 1, direct calls 2, direct levers 2, unmatched 0, marked 2
05:51:17   src/ov_SC01_008/ov_SC01_008_jr_801380E0.c: CONSOLIDATED — deleted 3 defs, renamed 0, use renames 1, direct calls 2, direct levers 2, unmatched 0, marked 2
05:51:18   src/ov_SC01_001/ov_SC01_001_jr_801380E0.c: CONSOLIDATED — deleted 3 defs, renamed 0, use renames 1, direct calls 2, direct levers 2, unmatched 0, marked 2
05:51:18   src/ov_MAIN_012/ov_MAIN_012_jr_801380E0.c: CONSOLIDATED — deleted 3 defs, renamed 0, use renames 1, direct calls 2, direct levers 2, unmatched 0, marked 2
05:51:18   src/ov_SC01_004/ov_SC01_004_jr_801380E0.c: CONSOLIDATED — deleted 3 defs, renamed 0, use renames 1, direct calls 2, direct levers 2, unmatched 0, marked 2
05:51:19   src/ov_SC01_077/ov_SC01_077_jr_801380E0.c: CONSOLIDATED — deleted 3 defs, renamed 0, use renames 1, direct calls 2, direct levers 2, unmatched 0, marked 2
05:51:19   src/ov_SC01_074/ov_SC01_074_jr_801380E0.c: CONSOLIDATED — deleted 3 defs, renamed 0, use renames 1, direct calls 2, direct levers 2, unmatched 0, marked 2
05:51:19   src/ov_SC03_117/ov_SC03_117_jr_80181C80.c: CONSOLIDATED — deleted 8 defs, renamed 0, use renames 8, direct calls 0, direct levers 0, unmatched 0, marked 0
05:51:19   src/ov_SC01_009/ov_SC01_009_jr_801380E0.c: CONSOLIDATED — deleted 3 defs, renamed 0, use renames 1, direct calls 2, direct levers 2, unmatched 0, marked 2
05:51:20   src/ov_SC01_005/ov_SC01_005_jr_801380E0.c: CONSOLIDATED — deleted 3 defs, renamed 0, use renames 1, direct calls 2, direct levers 2, unmatched 0, marked 2
05:51:20   src/ov_SC01_080/ov_SC01_080_jr_801380E0.c: CONSOLIDATED — deleted 3 defs, renamed 0, use renames 1, direct calls 2, direct levers 2, unmatched 0, marked 2
05:51:21   src/ov_SC02_021/ov_SC02_021_jr_8017ECFC.c: CONSOLIDATED — deleted 7 defs, renamed 0, use renames 0, direct calls 0, direct levers 0, unmatched 0, marked 0
05:51:21   src/ov_SC01_084/ov_SC01_084_jr_80182A00.c: CONSOLIDATED — deleted 7 defs, renamed 0, use renames 0, direct calls 0, direct levers 0, unmatched 0, marked 0
05:51:21   src/ov_SC02_011/ov_SC02_011_jr_801380E0.c: CONSOLIDATED — deleted 3 defs, renamed 0, use renames 1, direct calls 2, direct levers 2, unmatched 0, marked 2
05:51:22   src/ov_SC01_084/ov_SC01_084_jr_801380E0.c: CONSOLIDATED — deleted 3 defs, renamed 0, use renames 1, direct calls 2, direct levers 2, unmatched 0, marked 2
05:51:22   src/ov_SC02_004/ov_SC02_004_jr_801380E0.c: CONSOLIDATED — deleted 3 defs, renamed 0, use renames 1, direct calls 2, direct levers 2, unmatched 0, marked 2
05:51:23   src/ov_SC02_026/ov_SC02_026_jr_801380E0.c: CONSOLIDATED — deleted 3 defs, renamed 0, use renames 1, direct calls 2, direct levers 2, unmatched 0, marked 2
05:51:23   src/ov_SC02_005/ov_SC02_005_jr_801380E0.c: CONSOLIDATED — deleted 3 defs, renamed 0, use renames 1, direct calls 2, direct levers 2, unmatched 0, marked 2
05:51:23   src/ov_SC02_015/ov_SC02_015_jr_801380E0.c: CONSOLIDATED — deleted 3 defs, renamed 0, use renames 1, direct calls 2, direct levers 2, unmatched 0, marked 2
05:51:23   src/ov_SC02_000/ov_SC02_000_jr_801380E0.c: CONSOLIDATED — deleted 3 defs, renamed 0, use renames 1, direct calls 2, direct levers 2, unmatched 0, marked 2
05:51:23   src/ov_SC02_017/ov_SC02_017_jr_801380E0.c: CONSOLIDATED — deleted 3 defs, renamed 0, use renames 1, direct calls 2, direct levers 2, unmatched 0, marked 2
05:51:24   src/ov_SC02_016/ov_SC02_016_jr_801380E0.c: CONSOLIDATED — deleted 3 defs, renamed 0, use renames 1, direct calls 2, direct levers 2, unmatched 0, marked 2
05:51:24   src/ov_SC02_027/ov_SC02_027_jr_801380E0.c: CONSOLIDATED — deleted 3 defs, renamed 0, use renames 1, direct calls 2, direct levers 2, unmatched 0, marked 2
05:51:24   src/ov_SC02_021/ov_SC02_021_jr_801380E0.c: CONSOLIDATED — deleted 3 defs, renamed 0, use renames 1, direct calls 2, direct levers 2, unmatched 0, marked 2
05:51:25   src/ov_SC02_028/ov_SC02_028_jr_801380E0.c: CONSOLIDATED — deleted 3 defs, renamed 0, use renames 1, direct calls 2, direct levers 2, unmatched 0, marked 2
05:51:26   src/ov_SC02_035/ov_SC02_035_jr_801380E0.c: CONSOLIDATED — deleted 3 defs, renamed 0, use renames 1, direct calls 2, direct levers 2, unmatched 0, marked 2
05:51:26   src/ov_SC02_041/ov_SC02_041_jr_801380E0.c: CONSOLIDATED — deleted 3 defs, renamed 0, use renames 1, direct calls 2, direct levers 2, unmatched 0, marked 2
05:51:27   src/ov_SC02_031/ov_SC02_031_jr_801380E0.c: CONSOLIDATED — deleted 3 defs, renamed 0, use renames 1, direct calls 2, direct levers 2, unmatched 0, marked 2
05:51:28   src/ov_SC03_001/ov_SC03_001_jr_801380E0.c: CONSOLIDATED — deleted 3 defs, renamed 0, use renames 1, direct calls 2, direct levers 2, unmatched 0, marked 2
05:51:28   src/ov_SC02_039/ov_SC02_039_jr_801380E0.c: CONSOLIDATED — deleted 3 defs, renamed 0, use renames 1, direct calls 2, direct levers 2, unmatched 0, marked 2
05:51:28   src/ov_SC02_037/ov_SC02_037_jr_801380E0.c: CONSOLIDATED — deleted 3 defs, renamed 0, use renames 1, direct calls 2, direct levers 2, unmatched 0, marked 2
05:51:28   src/ov_SC03_010/ov_SC03_010_jr_801380E0.c: CONSOLIDATED — deleted 3 defs, renamed 0, use renames 1, direct calls 2, direct levers 2, unmatched 0, marked 2
05:51:28   src/ov_SC03_003/ov_SC03_003_jr_801380E0.c: CONSOLIDATED — deleted 3 defs, renamed 0, use renames 1, direct calls 2, direct levers 2, unmatched 0, marked 2
05:51:28   src/ov_SC03_002/ov_SC03_002_jr_801380E0.c: CONSOLIDATED — deleted 3 defs, renamed 0, use renames 1, direct calls 2, direct levers 2, unmatched 0, marked 2
05:51:29   src/ov_SC03_011/ov_SC03_011_jr_801380E0.c: CONSOLIDATED — deleted 3 defs, renamed 0, use renames 1, direct calls 2, direct levers 2, unmatched 0, marked 2
05:51:29   src/ov_SC03_012/ov_SC03_012_jr_801380E0.c: CONSOLIDATED — deleted 3 defs, renamed 0, use renames 1, direct calls 2, direct levers 2, unmatched 0, marked 2
05:51:29   src/ov_SC03_007/ov_SC03_007_jr_801380E0.c: CONSOLIDATED — deleted 3 defs, renamed 0, use renames 1, direct calls 2, direct levers 2, unmatched 0, marked 2
05:51:29   src/ov_SC03_006/ov_SC03_006_jr_801380E0.c: CONSOLIDATED — deleted 3 defs, renamed 0, use renames 1, direct calls 2, direct levers 2, unmatched 0, marked 2
05:51:30   src/ov_SC03_013/ov_SC03_013_jr_801380E0.c: CONSOLIDATED — deleted 3 defs, renamed 0, use renames 1, direct calls 2, direct levers 2, unmatched 0, marked 2
05:51:30   src/ov_SC03_024/ov_SC03_024_jr_801380E0.c: CONSOLIDATED — deleted 3 defs, renamed 0, use renames 1, direct calls 2, direct levers 2, unmatched 0, marked 2
05:51:31   src/ov_SC03_014/ov_SC03_014_jr_801380E0.c: CONSOLIDATED — deleted 3 defs, renamed 0, use renames 1, direct calls 2, direct levers 2, unmatched 0, marked 2
05:51:31   src/ov_SC03_030/ov_SC03_030_jr_801380E0.c: CONSOLIDATED — deleted 3 defs, renamed 0, use renames 1, direct calls 2, direct levers 2, unmatched 0, marked 2
05:51:31   src/ov_SC03_031/ov_SC03_031_jr_801380E0.c: CONSOLIDATED — deleted 3 defs, renamed 0, use renames 1, direct calls 2, direct levers 2, unmatched 0, marked 2
05:51:31   src/ov_SC03_091/ov_SC03_091_jr_801380E0.c: CONSOLIDATED — deleted 3 defs, renamed 0, use renames 1, direct calls 2, direct levers 2, unmatched 0, marked 2
05:51:32   src/ov_SC03_023/ov_SC03_023_jr_801380E0.c: CONSOLIDATED — deleted 3 defs, renamed 0, use renames 1, direct calls 2, direct levers 2, unmatched 0, marked 2
05:51:32   src/ov_SC03_029/ov_SC03_029_jr_801380E0.c: CONSOLIDATED — deleted 3 defs, renamed 0, use renames 1, direct calls 2, direct levers 2, unmatched 0, marked 2
05:51:33   src/ov_SC03_028/ov_SC03_028_jr_801380E0.c: CONSOLIDATED — deleted 3 defs, renamed 0, use renames 1, direct calls 2, direct levers 2, unmatched 0, marked 2
05:51:33   src/ov_SC03_092/ov_SC03_092_jr_801380E0.c: CONSOLIDATED — deleted 3 defs, renamed 0, use renames 1, direct calls 2, direct levers 2, unmatched 0, marked 2
05:51:33   src/ov_SC03_093/ov_SC03_093_jr_801380E0.c: CONSOLIDATED — deleted 3 defs, renamed 0, use renames 1, direct calls 2, direct levers 2, unmatched 0, marked 2
05:51:33   src/ov_SC03_089/ov_SC03_089_jr_801380E0.c: CONSOLIDATED — deleted 3 defs, renamed 0, use renames 1, direct calls 2, direct levers 2, unmatched 0, marked 2
05:51:34   src/ov_SC03_090/ov_SC03_090_jr_801380E0.c: CONSOLIDATED — deleted 3 defs, renamed 0, use renames 1, direct calls 2, direct levers 2, unmatched 0, marked 2
05:51:35   src/ov_SC03_095/ov_SC03_095_jr_801380E0.c: CONSOLIDATED — deleted 3 defs, renamed 0, use renames 1, direct calls 2, direct levers 2, unmatched 0, marked 2
05:51:35   src/ov_SC03_094/ov_SC03_094_jr_801380E0.c: CONSOLIDATED — deleted 3 defs, renamed 0, use renames 1, direct calls 2, direct levers 2, unmatched 0, marked 2
05:51:36   src/ov_SC03_096/ov_SC03_096_jr_801380E0.c: CONSOLIDATED — deleted 3 defs, renamed 0, use renames 1, direct calls 2, direct levers 2, unmatched 0, marked 2
05:51:36   src/ov_SC03_098/ov_SC03_098_jr_801380E0.c: CONSOLIDATED — deleted 3 defs, renamed 0, use renames 1, direct calls 2, direct levers 2, unmatched 0, marked 2
05:51:36   src/ov_SC03_104/ov_SC03_104_jr_801380E0.c: CONSOLIDATED — deleted 3 defs, renamed 0, use renames 1, direct calls 2, direct levers 2, unmatched 0, marked 2
05:51:36   src/ov_SC03_097/ov_SC03_097_jr_801380E0.c: CONSOLIDATED — deleted 3 defs, renamed 0, use renames 1, direct calls 2, direct levers 2, unmatched 0, marked 2
05:51:36   src/ov_SC03_102/ov_SC03_102_jr_801380E0.c: CONSOLIDATED — deleted 3 defs, renamed 0, use renames 1, direct calls 2, direct levers 2, unmatched 0, marked 2
05:51:37   src/ov_SC03_101/ov_SC03_101_jr_801380E0.c: CONSOLIDATED — deleted 3 defs, renamed 0, use renames 1, direct calls 2, direct levers 2, unmatched 0, marked 2
05:51:37   src/ov_SC03_099/ov_SC03_099_jr_801380E0.c: CONSOLIDATED — deleted 3 defs, renamed 0, use renames 1, direct calls 2, direct levers 2, unmatched 0, marked 2
05:51:37   src/ov_SC03_100/ov_SC03_100_jr_801380E0.c: CONSOLIDATED — deleted 3 defs, renamed 0, use renames 1, direct calls 2, direct levers 2, unmatched 0, marked 2
05:51:38   src/ov_SC03_103/ov_SC03_103_jr_801380E0.c: CONSOLIDATED — deleted 3 defs, renamed 0, use renames 1, direct calls 2, direct levers 2, unmatched 0, marked 2
05:51:40   src/ov_SC03_107/ov_SC03_107_jr_801380E0.c: CONSOLIDATED — deleted 3 defs, renamed 0, use renames 1, direct calls 2, direct levers 2, unmatched 0, marked 2
05:51:40   src/ov_SC03_108/ov_SC03_108_jr_801380E0.c: CONSOLIDATED — deleted 3 defs, renamed 0, use renames 1, direct calls 2, direct levers 2, unmatched 0, marked 2
05:51:41   src/ov_SC03_105/ov_SC03_105_jr_801380E0.c: CONSOLIDATED — deleted 3 defs, renamed 0, use renames 1, direct calls 2, direct levers 2, unmatched 0, marked 2
05:51:41   src/ov_SC03_111/ov_SC03_111_jr_801380E0.c: CONSOLIDATED — deleted 3 defs, renamed 0, use renames 1, direct calls 2, direct levers 2, unmatched 0, marked 2
05:51:41   src/ov_SC03_110/ov_SC03_110_jr_801380E0.c: CONSOLIDATED — deleted 3 defs, renamed 0, use renames 1, direct calls 2, direct levers 2, unmatched 0, marked 2
05:51:41   src/ov_SC03_109/ov_SC03_109_jr_801380E0.c: CONSOLIDATED — deleted 3 defs, renamed 0, use renames 1, direct calls 2, direct levers 2, unmatched 0, marked 2
05:51:41   src/ov_SC03_112/ov_SC03_112_jr_801380E0.c: CONSOLIDATED — deleted 3 defs, renamed 0, use renames 1, direct calls 2, direct levers 2, unmatched 0, marked 2
05:51:42   src/ov_SC03_114/ov_SC03_114_jr_801380E0.c: CONSOLIDATED — deleted 3 defs, renamed 0, use renames 1, direct calls 2, direct levers 2, unmatched 0, marked 2
05:51:42   src/ov_SC03_113/ov_SC03_113_jr_801380E0.c: CONSOLIDATED — deleted 3 defs, renamed 0, use renames 1, direct calls 2, direct levers 2, unmatched 0, marked 2
05:51:42   src/ov_SC03_115/ov_SC03_115_jr_801380E0.c: CONSOLIDATED — deleted 3 defs, renamed 0, use renames 1, direct calls 2, direct levers 2, unmatched 0, marked 2
05:51:43   src/ov_SC03_116/ov_SC03_116_jr_801380E0.c: CONSOLIDATED — deleted 3 defs, renamed 0, use renames 1, direct calls 2, direct levers 2, unmatched 0, marked 2
05:51:43   src/ov_SC03_117/ov_SC03_117_jr_801380E0.c: CONSOLIDATED — deleted 3 defs, renamed 0, use renames 1, direct calls 2, direct levers 2, unmatched 0, marked 2
05:51:44   src/ov_SC03_117/ov_SC03_117_jr_8017E6EC.c: CONSOLIDATED — deleted 7 defs, renamed 0, use renames 0, direct calls 0, direct levers 0, unmatched 0, marked 0
05:51:45   src/ov_SC04_000/ov_SC04_000_jr_801380E0.c: CONSOLIDATED — deleted 3 defs, renamed 0, use renames 1, direct calls 2, direct levers 2, unmatched 0, marked 2
05:51:45   src/ov_SC04_002/ov_SC04_002_jr_801380E0.c: CONSOLIDATED — deleted 3 defs, renamed 0, use renames 1, direct calls 2, direct levers 2, unmatched 0, marked 2
05:51:46   src/ov_SC04_003/ov_SC04_003_jr_801380E0.c: CONSOLIDATED — deleted 3 defs, renamed 0, use renames 1, direct calls 2, direct levers 2, unmatched 0, marked 2
05:51:46   src/ov_SC03_121/ov_SC03_121_jr_801380E0.c: CONSOLIDATED — deleted 3 defs, renamed 0, use renames 1, direct calls 2, direct levers 2, unmatched 0, marked 2
05:51:46   src/ov_SC03_125/ov_SC03_125_jr_801380E0.c: CONSOLIDATED — deleted 3 defs, renamed 0, use renames 1, direct calls 2, direct levers 2, unmatched 0, marked 2
05:51:46   src/ov_SC03_124/ov_SC03_124_jr_801380E0.c: CONSOLIDATED — deleted 3 defs, renamed 0, use renames 1, direct calls 2, direct levers 2, unmatched 0, marked 2
05:51:46   src/ov_SC03_118/ov_SC03_118_jr_801380E0.c: CONSOLIDATED — deleted 3 defs, renamed 0, use renames 1, direct calls 2, direct levers 2, unmatched 0, marked 2
05:51:46   src/ov_SC04_004/ov_SC04_004_jr_801380E0.c: CONSOLIDATED — deleted 3 defs, renamed 0, use renames 1, direct calls 2, direct levers 2, unmatched 0, marked 2
05:53:00   src/800.c: CONSOLIDATED — deleted 349 defs, renamed 0, use renames 237, direct calls 29, direct levers 19, unmatched 11, marked 19
05:53:04   src/shared/ov/func_80132784.h: CONSOLIDATED — deleted 0 defs, renamed 0, use renames 0, direct calls 8, direct levers 12, unmatched 0, marked 12
05:53:09   src/shared/ov/func_8012EC04.h: CONSOLIDATED — deleted 0 defs, renamed 0, use renames 0, direct calls 4, direct levers 6, unmatched 0, marked 6
05:53:09 gte_consolidate: batch gte1 — 400 files: 400 consolidated, 0 defs-only, 0 unchanged, 0 refused, 0 no-recipe · definitions deleted 8056 / renamed as lever variants 5 (variant trials: 416 freed, 5 kept) · header-bound definitions kept 80 · use renames 930 · direct statements → calls 460 / lever 252 / unmatched 185 · markers 276 · compiles 1146 · final 400/400 identical
